2026-01-23 14:56:59 | INFO | [1a832ffad7454eb9b1d20138b1d7cc20] | app.api.v1.api_integration | 获取文档列表: skip=0, limit=100, user=admin
2026-01-23 14:56:59 | INFO | [1a832ffad7454eb9b1d20138b1d7cc20] | app.api.v1.api_integration | 查询到 1 个文档
2026-01-23 14:56:59 | INFO | [275e7c1db5cf4339a4ca739e19724be4] | app.api.v1.api_integration | 获取文档列表: skip=0, limit=100, user=admin
2026-01-23 14:56:59 | INFO | [275e7c1db5cf4339a4ca739e19724be4] | app.api.v1.api_integration | 查询到 1 个文档
2026-01-23 14:58:32 | ERROR | [c56235cba8144dc7b649a882f3fb7906] | app.dependencies | 数据库会话异常: 401: Not authenticated
Traceback (most recent call last):
  File "D:\code\BugSeek\backend\app\dependencies.py", line 19, in get_db
    yield db
  File "C:\Users\81026\AppData\Local\Programs\Python\Python310\lib\site-packages\fastapi\concurrency.py", line 29, in contextmanager_in_threadpool
    yield await run_in_threadpool(cm.__enter__)
  File "C:\Users\81026\AppData\Local\Programs\Python\Python310\lib\site-packages\fastapi\routing.py", line 101, in app
    response = await f(request)
  File "C:\Users\81026\AppData\Local\Programs\Python\Python310\lib\site-packages\fastapi\routing.py", line 345, in app
    solved_result = await solve_dependencies(
  File "C:\Users\81026\AppData\Local\Programs\Python\Python310\lib\site-packages\fastapi\dependencies\utils.py", line 614, in solve_dependencies
    solved_result = await solve_dependencies(
  File "C:\Users\81026\AppData\Local\Programs\Python\Python310\lib\site-packages\fastapi\dependencies\utils.py", line 643, in solve_dependencies
    solved = await call(**solved_result.values)
  File "C:\Users\81026\AppData\Local\Programs\Python\Python310\lib\site-packages\fastapi\security\oauth2.py", line 511, in __call__
    raise self.make_not_authenticated_error()
fastapi.exceptions.HTTPException: 401: Not authenticated
2026-01-23 14:58:32 | ERROR | [f73a05f53a494a68abc68a06f0b5acb1] | app.dependencies | 数据库会话异常: 401: Not authenticated
Traceback (most recent call last):
  File "D:\code\BugSeek\backend\app\dependencies.py", line 19, in get_db
    yield db
  File "C:\Users\81026\AppData\Local\Programs\Python\Python310\lib\site-packages\fastapi\concurrency.py", line 29, in contextmanager_in_threadpool
    yield await run_in_threadpool(cm.__enter__)
  File "C:\Users\81026\AppData\Local\Programs\Python\Python310\lib\site-packages\fastapi\routing.py", line 101, in app
    response = await f(request)
  File "C:\Users\81026\AppData\Local\Programs\Python\Python310\lib\site-packages\fastapi\routing.py", line 345, in app
    solved_result = await solve_dependencies(
  File "C:\Users\81026\AppData\Local\Programs\Python\Python310\lib\site-packages\fastapi\dependencies\utils.py", line 614, in solve_dependencies
    solved_result = await solve_dependencies(
  File "C:\Users\81026\AppData\Local\Programs\Python\Python310\lib\site-packages\fastapi\dependencies\utils.py", line 643, in solve_dependencies
    solved = await call(**solved_result.values)
  File "C:\Users\81026\AppData\Local\Programs\Python\Python310\lib\site-packages\fastapi\security\oauth2.py", line 511, in __call__
    raise self.make_not_authenticated_error()
fastapi.exceptions.HTTPException: 401: Not authenticated
2026-01-23 15:00:55 | INFO | [2b41cbe50fb04505a7ccfa50ec73285d] | app.api.v1.api_integration | 获取文档列表: skip=0, limit=100, user=admin
2026-01-23 15:00:55 | INFO | [2b41cbe50fb04505a7ccfa50ec73285d] | app.api.v1.api_integration | 查询到 1 个文档
2026-01-23 15:00:55 | INFO | [d3a70e0b8bd343f199bab06d85e355d5] | app.api.v1.api_integration | 获取文档列表: skip=0, limit=100, user=admin
2026-01-23 15:00:55 | INFO | [d3a70e0b8bd343f199bab06d85e355d5] | app.api.v1.api_integration | 查询到 1 个文档
2026-01-23 15:00:56 | ERROR | [002ec2c0a5344ef78dc7b2b54a9b669e] | app.dependencies | 数据库会话异常: 401: Not authenticated
Traceback (most recent call last):
  File "D:\code\BugSeek\backend\app\dependencies.py", line 19, in get_db
    yield db
  File "C:\Users\81026\AppData\Local\Programs\Python\Python310\lib\site-packages\fastapi\concurrency.py", line 29, in contextmanager_in_threadpool
    yield await run_in_threadpool(cm.__enter__)
  File "C:\Users\81026\AppData\Local\Programs\Python\Python310\lib\site-packages\fastapi\routing.py", line 101, in app
    response = await f(request)
  File "C:\Users\81026\AppData\Local\Programs\Python\Python310\lib\site-packages\fastapi\routing.py", line 345, in app
    solved_result = await solve_dependencies(
  File "C:\Users\81026\AppData\Local\Programs\Python\Python310\lib\site-packages\fastapi\dependencies\utils.py", line 614, in solve_dependencies
    solved_result = await solve_dependencies(
  File "C:\Users\81026\AppData\Local\Programs\Python\Python310\lib\site-packages\fastapi\dependencies\utils.py", line 643, in solve_dependencies
    solved = await call(**solved_result.values)
  File "C:\Users\81026\AppData\Local\Programs\Python\Python310\lib\site-packages\fastapi\security\oauth2.py", line 511, in __call__
    raise self.make_not_authenticated_error()
fastapi.exceptions.HTTPException: 401: Not authenticated
2026-01-23 15:00:56 | ERROR | [fd7fe67e5c9245f89acce5af948f25f1] | app.dependencies | 数据库会话异常: 401: Not authenticated
Traceback (most recent call last):
  File "D:\code\BugSeek\backend\app\dependencies.py", line 19, in get_db
    yield db
  File "C:\Users\81026\AppData\Local\Programs\Python\Python310\lib\site-packages\fastapi\concurrency.py", line 29, in contextmanager_in_threadpool
    yield await run_in_threadpool(cm.__enter__)
  File "C:\Users\81026\AppData\Local\Programs\Python\Python310\lib\site-packages\fastapi\routing.py", line 101, in app
    response = await f(request)
  File "C:\Users\81026\AppData\Local\Programs\Python\Python310\lib\site-packages\fastapi\routing.py", line 345, in app
    solved_result = await solve_dependencies(
  File "C:\Users\81026\AppData\Local\Programs\Python\Python310\lib\site-packages\fastapi\dependencies\utils.py", line 614, in solve_dependencies
    solved_result = await solve_dependencies(
  File "C:\Users\81026\AppData\Local\Programs\Python\Python310\lib\site-packages\fastapi\dependencies\utils.py", line 643, in solve_dependencies
    solved = await call(**solved_result.values)
  File "C:\Users\81026\AppData\Local\Programs\Python\Python310\lib\site-packages\fastapi\security\oauth2.py", line 511, in __call__
    raise self.make_not_authenticated_error()
fastapi.exceptions.HTTPException: 401: Not authenticated
2026-01-23 15:01:08 | INFO | [0096831649b5480285630a8b2332acaf] | app.api.v1.projects | [0096831649b5480285630a8b2332acaf] 用户 admin 获取项目列表: page=1, page_size=100
2026-01-23 15:01:08 | INFO | [0096831649b5480285630a8b2332acaf] | app.api.v1.projects | [0096831649b5480285630a8b2332acaf] 获取项目列表成功: total=1
2026-01-23 15:01:08 | INFO | [f902a91e60784a11bdab0ca03dfb4f96] | app.api.v1.projects | [f902a91e60784a11bdab0ca03dfb4f96] 用户 admin 获取项目列表: page=1, page_size=100
2026-01-23 15:01:08 | INFO | [f902a91e60784a11bdab0ca03dfb4f96] | app.api.v1.projects | [f902a91e60784a11bdab0ca03dfb4f96] 获取项目列表成功: total=1
2026-01-23 15:01:08 | INFO | [cf2aa0ac170d4980b95297f0ba586456] | app.api.v1.versions | [cf2aa0ac170d4980b95297f0ba586456] 用户 admin 获取版本列表: project_id=1, page=1, page_size=100
2026-01-23 15:01:08 | INFO | [cf2aa0ac170d4980b95297f0ba586456] | app.api.v1.versions | [cf2aa0ac170d4980b95297f0ba586456] 用户 admin 查看版本列表 项目 inventree (id=1) 的版本
2026-01-23 15:01:08 | INFO | [cf2aa0ac170d4980b95297f0ba586456] | app.api.v1.versions | [cf2aa0ac170d4980b95297f0ba586456] 获取版本列表成功: total=2
2026-01-23 15:01:08 | INFO | [277f539f46e742c7b29f7ec467f547aa] | app.api.v1.projects | [277f539f46e742c7b29f7ec467f547aa] 用户 admin 获取项目列表: page=1, page_size=100
2026-01-23 15:01:08 | INFO | [277f539f46e742c7b29f7ec467f547aa] | app.api.v1.projects | [277f539f46e742c7b29f7ec467f547aa] 获取项目列表成功: total=1
2026-01-23 15:01:08 | INFO | [17e8ab16801d4f2dad39a7c8dc6de774] | app.api.v1.versions | [17e8ab16801d4f2dad39a7c8dc6de774] 用户 admin 获取版本列表: project_id=1, page=1, page_size=100
2026-01-23 15:01:08 | INFO | [17e8ab16801d4f2dad39a7c8dc6de774] | app.api.v1.versions | [17e8ab16801d4f2dad39a7c8dc6de774] 用户 admin 查看版本列表 项目 inventree (id=1) 的版本
2026-01-23 15:01:08 | INFO | [17e8ab16801d4f2dad39a7c8dc6de774] | app.api.v1.versions | [17e8ab16801d4f2dad39a7c8dc6de774] 获取版本列表成功: total=2
2026-01-23 15:01:08 | INFO | [d1320d2edb5c405ea6350b40ecf6e941] | app.api.v1.projects | [d1320d2edb5c405ea6350b40ecf6e941] 用户 admin 获取项目列表: page=1, page_size=100
2026-01-23 15:01:08 | INFO | [d1320d2edb5c405ea6350b40ecf6e941] | app.api.v1.projects | [d1320d2edb5c405ea6350b40ecf6e941] 获取项目列表成功: total=1
2026-01-23 15:01:14 | INFO | [360007806d304fbf88603199e1103c6c] | app.api.v1.api_integration | 获取文档列表: skip=0, limit=100, user=admin
2026-01-23 15:01:14 | INFO | [360007806d304fbf88603199e1103c6c] | app.api.v1.api_integration | 查询到 1 个文档
2026-01-23 15:01:14 | INFO | [9c12a4b5fc3f4340ab9bd12502fbbe2b] | app.api.v1.api_integration | 获取文档列表: skip=0, limit=100, user=admin
2026-01-23 15:01:14 | INFO | [9c12a4b5fc3f4340ab9bd12502fbbe2b] | app.api.v1.api_integration | 查询到 1 个文档
2026-01-23 15:01:15 | ERROR | [85e75063799747749bccac0182a95d74] | app.dependencies | 数据库会话异常: 401: Not authenticated
Traceback (most recent call last):
  File "D:\code\BugSeek\backend\app\dependencies.py", line 19, in get_db
    yield db
  File "C:\Users\81026\AppData\Local\Programs\Python\Python310\lib\site-packages\fastapi\concurrency.py", line 29, in contextmanager_in_threadpool
    yield await run_in_threadpool(cm.__enter__)
  File "C:\Users\81026\AppData\Local\Programs\Python\Python310\lib\site-packages\fastapi\routing.py", line 101, in app
    response = await f(request)
  File "C:\Users\81026\AppData\Local\Programs\Python\Python310\lib\site-packages\fastapi\routing.py", line 345, in app
    solved_result = await solve_dependencies(
  File "C:\Users\81026\AppData\Local\Programs\Python\Python310\lib\site-packages\fastapi\dependencies\utils.py", line 614, in solve_dependencies
    solved_result = await solve_dependencies(
  File "C:\Users\81026\AppData\Local\Programs\Python\Python310\lib\site-packages\fastapi\dependencies\utils.py", line 643, in solve_dependencies
    solved = await call(**solved_result.values)
  File "C:\Users\81026\AppData\Local\Programs\Python\Python310\lib\site-packages\fastapi\security\oauth2.py", line 511, in __call__
    raise self.make_not_authenticated_error()
fastapi.exceptions.HTTPException: 401: Not authenticated
2026-01-23 15:01:15 | ERROR | [20a70b7ae3764a6c9993fdf4130014d9] | app.dependencies | 数据库会话异常: 401: Not authenticated
Traceback (most recent call last):
  File "D:\code\BugSeek\backend\app\dependencies.py", line 19, in get_db
    yield db
  File "C:\Users\81026\AppData\Local\Programs\Python\Python310\lib\site-packages\fastapi\concurrency.py", line 29, in contextmanager_in_threadpool
    yield await run_in_threadpool(cm.__enter__)
  File "C:\Users\81026\AppData\Local\Programs\Python\Python310\lib\site-packages\fastapi\routing.py", line 101, in app
    response = await f(request)
  File "C:\Users\81026\AppData\Local\Programs\Python\Python310\lib\site-packages\fastapi\routing.py", line 345, in app
    solved_result = await solve_dependencies(
  File "C:\Users\81026\AppData\Local\Programs\Python\Python310\lib\site-packages\fastapi\dependencies\utils.py", line 614, in solve_dependencies
    solved_result = await solve_dependencies(
  File "C:\Users\81026\AppData\Local\Programs\Python\Python310\lib\site-packages\fastapi\dependencies\utils.py", line 643, in solve_dependencies
    solved = await call(**solved_result.values)
  File "C:\Users\81026\AppData\Local\Programs\Python\Python310\lib\site-packages\fastapi\security\oauth2.py", line 511, in __call__
    raise self.make_not_authenticated_error()
fastapi.exceptions.HTTPException: 401: Not authenticated
2026-01-23 15:01:42 | ERROR | [ad5e27effb4e4bbcb5a2f35b71ec3063] | app.dependencies | 数据库会话异常: 401: Not authenticated
Traceback (most recent call last):
  File "D:\code\BugSeek\backend\app\dependencies.py", line 19, in get_db
    yield db
  File "C:\Users\81026\AppData\Local\Programs\Python\Python310\lib\site-packages\fastapi\concurrency.py", line 29, in contextmanager_in_threadpool
    yield await run_in_threadpool(cm.__enter__)
  File "C:\Users\81026\AppData\Local\Programs\Python\Python310\lib\site-packages\fastapi\routing.py", line 101, in app
    response = await f(request)
  File "C:\Users\81026\AppData\Local\Programs\Python\Python310\lib\site-packages\fastapi\routing.py", line 345, in app
    solved_result = await solve_dependencies(
  File "C:\Users\81026\AppData\Local\Programs\Python\Python310\lib\site-packages\fastapi\dependencies\utils.py", line 614, in solve_dependencies
    solved_result = await solve_dependencies(
  File "C:\Users\81026\AppData\Local\Programs\Python\Python310\lib\site-packages\fastapi\dependencies\utils.py", line 643, in solve_dependencies
    solved = await call(**solved_result.values)
  File "C:\Users\81026\AppData\Local\Programs\Python\Python310\lib\site-packages\fastapi\security\oauth2.py", line 511, in __call__
    raise self.make_not_authenticated_error()
fastapi.exceptions.HTTPException: 401: Not authenticated
2026-01-23 15:03:39 | ERROR | [a7a317c7ddaa45ddbe96e3e338b6aa65] | app.dependencies | 数据库会话异常: 401: Not authenticated
Traceback (most recent call last):
  File "D:\code\BugSeek\backend\app\dependencies.py", line 19, in get_db
    yield db
  File "C:\Users\81026\AppData\Local\Programs\Python\Python310\lib\site-packages\fastapi\concurrency.py", line 29, in contextmanager_in_threadpool
    yield await run_in_threadpool(cm.__enter__)
  File "C:\Users\81026\AppData\Local\Programs\Python\Python310\lib\site-packages\fastapi\routing.py", line 101, in app
    response = await f(request)
  File "C:\Users\81026\AppData\Local\Programs\Python\Python310\lib\site-packages\fastapi\routing.py", line 345, in app
    solved_result = await solve_dependencies(
  File "C:\Users\81026\AppData\Local\Programs\Python\Python310\lib\site-packages\fastapi\dependencies\utils.py", line 614, in solve_dependencies
    solved_result = await solve_dependencies(
  File "C:\Users\81026\AppData\Local\Programs\Python\Python310\lib\site-packages\fastapi\dependencies\utils.py", line 643, in solve_dependencies
    solved = await call(**solved_result.values)
  File "C:\Users\81026\AppData\Local\Programs\Python\Python310\lib\site-packages\fastapi\security\oauth2.py", line 511, in __call__
    raise self.make_not_authenticated_error()
fastapi.exceptions.HTTPException: 401: Not authenticated
2026-01-23 15:11:30 | INFO | [ff16daaef2d14abbb3cbe09f757fa189] | app.api.v1.projects | [ff16daaef2d14abbb3cbe09f757fa189] 用户 admin 获取项目列表: page=1, page_size=100
2026-01-23 15:11:30 | INFO | [ff16daaef2d14abbb3cbe09f757fa189] | app.api.v1.projects | [ff16daaef2d14abbb3cbe09f757fa189] 获取项目列表成功: total=1
2026-01-23 15:11:30 | INFO | [48b682dadec1469388e8c3feedf3fcdb] | app.api.v1.projects | [48b682dadec1469388e8c3feedf3fcdb] 用户 admin 获取项目列表: page=1, page_size=100
2026-01-23 15:11:30 | INFO | [48b682dadec1469388e8c3feedf3fcdb] | app.api.v1.projects | [48b682dadec1469388e8c3feedf3fcdb] 获取项目列表成功: total=1
2026-01-23 15:11:30 | INFO | [b67416585d70466fbc911b3e388d899f] | app.api.v1.versions | [b67416585d70466fbc911b3e388d899f] 用户 admin 获取版本列表: project_id=1, page=1, page_size=100
2026-01-23 15:11:30 | INFO | [b67416585d70466fbc911b3e388d899f] | app.api.v1.versions | [b67416585d70466fbc911b3e388d899f] 用户 admin 查看版本列表 项目 inventree (id=1) 的版本
2026-01-23 15:11:30 | INFO | [b67416585d70466fbc911b3e388d899f] | app.api.v1.versions | [b67416585d70466fbc911b3e388d899f] 获取版本列表成功: total=2
2026-01-23 15:11:30 | INFO | [ff024b5f47d943c4986d614747a1cd72] | app.api.v1.projects | [ff024b5f47d943c4986d614747a1cd72] 用户 admin 获取项目列表: page=1, page_size=100
2026-01-23 15:11:30 | INFO | [ff024b5f47d943c4986d614747a1cd72] | app.api.v1.projects | [ff024b5f47d943c4986d614747a1cd72] 获取项目列表成功: total=1
2026-01-23 15:11:30 | INFO | [447b59da9ac147c48f18ec3df641ed4b] | app.api.v1.versions | [447b59da9ac147c48f18ec3df641ed4b] 用户 admin 获取版本列表: project_id=1, page=1, page_size=100
2026-01-23 15:11:30 | INFO | [447b59da9ac147c48f18ec3df641ed4b] | app.api.v1.versions | [447b59da9ac147c48f18ec3df641ed4b] 用户 admin 查看版本列表 项目 inventree (id=1) 的版本
2026-01-23 15:11:30 | INFO | [447b59da9ac147c48f18ec3df641ed4b] | app.api.v1.versions | [447b59da9ac147c48f18ec3df641ed4b] 获取版本列表成功: total=2
2026-01-23 15:11:30 | INFO | [55eeb175cafe43b89f73432cadbadc29] | app.api.v1.projects | [55eeb175cafe43b89f73432cadbadc29] 用户 admin 获取项目列表: page=1, page_size=100
2026-01-23 15:11:30 | INFO | [55eeb175cafe43b89f73432cadbadc29] | app.api.v1.projects | [55eeb175cafe43b89f73432cadbadc29] 获取项目列表成功: total=1
2026-01-23 15:11:32 | INFO | [fef08e01fae743048769c45cf4b76d47] | app.api.v1.api_integration | 获取文档列表: skip=0, limit=100, user=admin
2026-01-23 15:11:32 | INFO | [fef08e01fae743048769c45cf4b76d47] | app.api.v1.api_integration | 查询到 1 个文档
2026-01-23 15:11:32 | INFO | [344e298a43b646469b1a3125a5538661] | app.api.v1.api_integration | 获取文档列表: skip=0, limit=100, user=admin
2026-01-23 15:11:32 | INFO | [344e298a43b646469b1a3125a5538661] | app.api.v1.api_integration | 查询到 1 个文档
2026-01-23 15:11:57 | INFO | [7999347936434326bfefd4d390c78705] | app.api.v1.projects | [7999347936434326bfefd4d390c78705] 用户 admin 获取项目列表: page=1, page_size=100
2026-01-23 15:11:57 | INFO | [7999347936434326bfefd4d390c78705] | app.api.v1.projects | [7999347936434326bfefd4d390c78705] 获取项目列表成功: total=1
2026-01-23 15:11:57 | INFO | [c6efda1f439e4ba3978d3064698de4b5] | app.api.v1.projects | [c6efda1f439e4ba3978d3064698de4b5] 用户 admin 获取项目列表: page=1, page_size=100
2026-01-23 15:11:57 | INFO | [c6efda1f439e4ba3978d3064698de4b5] | app.api.v1.projects | [c6efda1f439e4ba3978d3064698de4b5] 获取项目列表成功: total=1
2026-01-23 15:11:57 | INFO | [fe13b9933cf04243bca0518168ddfa2e] | app.api.v1.versions | [fe13b9933cf04243bca0518168ddfa2e] 用户 admin 获取版本列表: project_id=1, page=1, page_size=100
2026-01-23 15:11:57 | INFO | [fe13b9933cf04243bca0518168ddfa2e] | app.api.v1.versions | [fe13b9933cf04243bca0518168ddfa2e] 用户 admin 查看版本列表 项目 inventree (id=1) 的版本
2026-01-23 15:11:57 | INFO | [fe13b9933cf04243bca0518168ddfa2e] | app.api.v1.versions | [fe13b9933cf04243bca0518168ddfa2e] 获取版本列表成功: total=2
2026-01-23 15:11:57 | INFO | [de9523e1303e4c6e9b65bb36ddb32994] | app.api.v1.versions | [de9523e1303e4c6e9b65bb36ddb32994] 用户 admin 获取版本列表: project_id=1, page=1, page_size=100
2026-01-23 15:11:57 | INFO | [de9523e1303e4c6e9b65bb36ddb32994] | app.api.v1.versions | [de9523e1303e4c6e9b65bb36ddb32994] 用户 admin 查看版本列表 项目 inventree (id=1) 的版本
2026-01-23 15:11:57 | INFO | [de9523e1303e4c6e9b65bb36ddb32994] | app.api.v1.versions | [de9523e1303e4c6e9b65bb36ddb32994] 获取版本列表成功: total=2
2026-01-23 15:11:57 | INFO | [366105d4317042eb827fc9fc76e98b97] | app.api.v1.projects | [366105d4317042eb827fc9fc76e98b97] 用户 admin 获取项目列表: page=1, page_size=100
2026-01-23 15:11:57 | INFO | [366105d4317042eb827fc9fc76e98b97] | app.api.v1.projects | [366105d4317042eb827fc9fc76e98b97] 获取项目列表成功: total=1
2026-01-23 15:11:58 | INFO | [75eabf943c8a4033a7e5275727fe33e0] | app.api.v1.projects | [75eabf943c8a4033a7e5275727fe33e0] 用户 admin 获取项目列表: page=1, page_size=100
2026-01-23 15:11:58 | INFO | [75eabf943c8a4033a7e5275727fe33e0] | app.api.v1.projects | [75eabf943c8a4033a7e5275727fe33e0] 获取项目列表成功: total=1
2026-01-23 15:12:01 | INFO | [67c21afb98ce494cb1d201a5965e122b] | app.api.v1.projects | [67c21afb98ce494cb1d201a5965e122b] 用户 admin 获取项目列表: page=1, page_size=100
2026-01-23 15:12:01 | INFO | [67c21afb98ce494cb1d201a5965e122b] | app.api.v1.projects | [67c21afb98ce494cb1d201a5965e122b] 获取项目列表成功: total=1
2026-01-23 15:12:01 | INFO | [f46ee96061e74d3690bc4d0568c61bf4] | app.api.v1.versions | [f46ee96061e74d3690bc4d0568c61bf4] 用户 admin 获取版本列表: project_id=1, page=1, page_size=100
2026-01-23 15:12:01 | INFO | [f46ee96061e74d3690bc4d0568c61bf4] | app.api.v1.versions | [f46ee96061e74d3690bc4d0568c61bf4] 用户 admin 查看版本列表 项目 inventree (id=1) 的版本
2026-01-23 15:12:01 | INFO | [f46ee96061e74d3690bc4d0568c61bf4] | app.api.v1.versions | [f46ee96061e74d3690bc4d0568c61bf4] 获取版本列表成功: total=2
2026-01-23 15:12:01 | INFO | [cf5c34faa0634efbbcea8f167401ff92] | app.api.v1.projects | [cf5c34faa0634efbbcea8f167401ff92] 用户 admin 获取项目列表: page=1, page_size=100
2026-01-23 15:12:01 | INFO | [cf5c34faa0634efbbcea8f167401ff92] | app.api.v1.projects | [cf5c34faa0634efbbcea8f167401ff92] 获取项目列表成功: total=1
2026-01-23 15:12:01 | INFO | [d1ad979c2b4843b497126c1fa3ff4082] | app.api.v1.versions | [d1ad979c2b4843b497126c1fa3ff4082] 用户 admin 获取版本列表: project_id=1, page=1, page_size=100
2026-01-23 15:12:01 | INFO | [d1ad979c2b4843b497126c1fa3ff4082] | app.api.v1.versions | [d1ad979c2b4843b497126c1fa3ff4082] 用户 admin 查看版本列表 项目 inventree (id=1) 的版本
2026-01-23 15:12:01 | INFO | [d1ad979c2b4843b497126c1fa3ff4082] | app.api.v1.versions | [d1ad979c2b4843b497126c1fa3ff4082] 获取版本列表成功: total=2
2026-01-23 15:12:01 | INFO | [ecebda04849a4f80b71aa5502df8449a] | app.api.v1.projects | [ecebda04849a4f80b71aa5502df8449a] 用户 admin 获取项目列表: page=1, page_size=100
2026-01-23 15:12:01 | INFO | [ecebda04849a4f80b71aa5502df8449a] | app.api.v1.projects | [ecebda04849a4f80b71aa5502df8449a] 获取项目列表成功: total=1
2026-01-23 15:12:01 | INFO | [be1bb836bf6445c68a89ed02c9677ef1] | app.api.v1.projects | [be1bb836bf6445c68a89ed02c9677ef1] 用户 admin 获取项目列表: page=1, page_size=100
2026-01-23 15:12:01 | INFO | [be1bb836bf6445c68a89ed02c9677ef1] | app.api.v1.projects | [be1bb836bf6445c68a89ed02c9677ef1] 获取项目列表成功: total=1
2026-01-23 15:12:05 | INFO | [535e9ba2eccc4f96b9ff0c6acf64dece] | app.api.v1.api_integration | 获取文档列表: skip=0, limit=100, user=admin
2026-01-23 15:12:05 | INFO | [535e9ba2eccc4f96b9ff0c6acf64dece] | app.api.v1.api_integration | 查询到 1 个文档
2026-01-23 15:12:05 | INFO | [1f5b3ca509694802900abeacb9e7b908] | app.api.v1.api_integration | 获取文档列表: skip=0, limit=100, user=admin
2026-01-23 15:12:05 | INFO | [1f5b3ca509694802900abeacb9e7b908] | app.api.v1.api_integration | 查询到 1 个文档
2026-01-23 15:12:06 | ERROR | [a24b3b2c7163447f93dad3ab79493c22] | app.dependencies | 数据库会话异常: 401: Not authenticated
Traceback (most recent call last):
  File "D:\code\BugSeek\backend\app\dependencies.py", line 19, in get_db
    yield db
  File "C:\Users\81026\AppData\Local\Programs\Python\Python310\lib\site-packages\fastapi\concurrency.py", line 29, in contextmanager_in_threadpool
    yield await run_in_threadpool(cm.__enter__)
  File "C:\Users\81026\AppData\Local\Programs\Python\Python310\lib\site-packages\fastapi\routing.py", line 101, in app
    response = await f(request)
  File "C:\Users\81026\AppData\Local\Programs\Python\Python310\lib\site-packages\fastapi\routing.py", line 345, in app
    solved_result = await solve_dependencies(
  File "C:\Users\81026\AppData\Local\Programs\Python\Python310\lib\site-packages\fastapi\dependencies\utils.py", line 614, in solve_dependencies
    solved_result = await solve_dependencies(
  File "C:\Users\81026\AppData\Local\Programs\Python\Python310\lib\site-packages\fastapi\dependencies\utils.py", line 643, in solve_dependencies
    solved = await call(**solved_result.values)
  File "C:\Users\81026\AppData\Local\Programs\Python\Python310\lib\site-packages\fastapi\security\oauth2.py", line 511, in __call__
    raise self.make_not_authenticated_error()
fastapi.exceptions.HTTPException: 401: Not authenticated
2026-01-23 15:12:06 | ERROR | [511b0842e77a427599e26d34e156532b] | app.dependencies | 数据库会话异常: 401: Not authenticated
Traceback (most recent call last):
  File "D:\code\BugSeek\backend\app\dependencies.py", line 19, in get_db
    yield db
  File "C:\Users\81026\AppData\Local\Programs\Python\Python310\lib\site-packages\fastapi\concurrency.py", line 29, in contextmanager_in_threadpool
    yield await run_in_threadpool(cm.__enter__)
  File "C:\Users\81026\AppData\Local\Programs\Python\Python310\lib\site-packages\fastapi\routing.py", line 101, in app
    response = await f(request)
  File "C:\Users\81026\AppData\Local\Programs\Python\Python310\lib\site-packages\fastapi\routing.py", line 345, in app
    solved_result = await solve_dependencies(
  File "C:\Users\81026\AppData\Local\Programs\Python\Python310\lib\site-packages\fastapi\dependencies\utils.py", line 614, in solve_dependencies
    solved_result = await solve_dependencies(
  File "C:\Users\81026\AppData\Local\Programs\Python\Python310\lib\site-packages\fastapi\dependencies\utils.py", line 643, in solve_dependencies
    solved = await call(**solved_result.values)
  File "C:\Users\81026\AppData\Local\Programs\Python\Python310\lib\site-packages\fastapi\security\oauth2.py", line 511, in __call__
    raise self.make_not_authenticated_error()
fastapi.exceptions.HTTPException: 401: Not authenticated
2026-01-23 15:12:14 | INFO | [d8b2fad2e2494ceb97356d0f2067991b] | app.api.v1.projects | [d8b2fad2e2494ceb97356d0f2067991b] 用户 admin 获取项目列表: page=1, page_size=100
2026-01-23 15:12:14 | INFO | [d8b2fad2e2494ceb97356d0f2067991b] | app.api.v1.projects | [d8b2fad2e2494ceb97356d0f2067991b] 获取项目列表成功: total=1
2026-01-23 15:12:14 | INFO | [80bb919b31d84b4b9b41142ce78f6dd7] | app.api.v1.versions | [80bb919b31d84b4b9b41142ce78f6dd7] 用户 admin 获取版本列表: project_id=1, page=1, page_size=100
2026-01-23 15:12:14 | INFO | [80bb919b31d84b4b9b41142ce78f6dd7] | app.api.v1.versions | [80bb919b31d84b4b9b41142ce78f6dd7] 用户 admin 查看版本列表 项目 inventree (id=1) 的版本
2026-01-23 15:12:14 | INFO | [80bb919b31d84b4b9b41142ce78f6dd7] | app.api.v1.versions | [80bb919b31d84b4b9b41142ce78f6dd7] 获取版本列表成功: total=2
2026-01-23 15:12:14 | INFO | [4688a4ed614f4382b5f2c44466549eca] | app.api.v1.projects | [4688a4ed614f4382b5f2c44466549eca] 用户 admin 获取项目列表: page=1, page_size=100
2026-01-23 15:12:14 | INFO | [4688a4ed614f4382b5f2c44466549eca] | app.api.v1.projects | [4688a4ed614f4382b5f2c44466549eca] 获取项目列表成功: total=1
2026-01-23 15:12:14 | INFO | [61eb113fe73840639ed9620fd750d6b9] | app.api.v1.projects | [61eb113fe73840639ed9620fd750d6b9] 用户 admin 获取项目列表: page=1, page_size=100
2026-01-23 15:12:14 | INFO | [61eb113fe73840639ed9620fd750d6b9] | app.api.v1.projects | [61eb113fe73840639ed9620fd750d6b9] 获取项目列表成功: total=1
2026-01-23 15:12:14 | INFO | [797a627b4db94dc0a5b2a5f34d02b92a] | app.api.v1.projects | [797a627b4db94dc0a5b2a5f34d02b92a] 用户 admin 获取项目列表: page=1, page_size=100
2026-01-23 15:12:14 | INFO | [797a627b4db94dc0a5b2a5f34d02b92a] | app.api.v1.projects | [797a627b4db94dc0a5b2a5f34d02b92a] 获取项目列表成功: total=1
2026-01-23 15:12:15 | INFO | [ec86888442594372821f32a06bc3a775] | app.api.v1.versions | [ec86888442594372821f32a06bc3a775] 用户 admin 获取版本列表: project_id=1, page=1, page_size=100
2026-01-23 15:12:15 | INFO | [ec86888442594372821f32a06bc3a775] | app.api.v1.versions | [ec86888442594372821f32a06bc3a775] 用户 admin 查看版本列表 项目 inventree (id=1) 的版本
2026-01-23 15:12:15 | INFO | [ec86888442594372821f32a06bc3a775] | app.api.v1.versions | [ec86888442594372821f32a06bc3a775] 获取版本列表成功: total=2
2026-01-23 15:13:43 | INFO | [f58b19cd0e5c4937b12d33d525739d44] | app.api.v1.projects | [f58b19cd0e5c4937b12d33d525739d44] 用户 admin 获取项目列表: page=1, page_size=100
2026-01-23 15:13:43 | INFO | [f58b19cd0e5c4937b12d33d525739d44] | app.api.v1.projects | [f58b19cd0e5c4937b12d33d525739d44] 获取项目列表成功: total=1
2026-01-23 15:13:43 | INFO | [621774d522584329aa26adf83bc0df9f] | app.api.v1.versions | [621774d522584329aa26adf83bc0df9f] 用户 admin 获取版本列表: project_id=1, page=1, page_size=100
2026-01-23 15:13:43 | INFO | [621774d522584329aa26adf83bc0df9f] | app.api.v1.versions | [621774d522584329aa26adf83bc0df9f] 用户 admin 查看版本列表 项目 inventree (id=1) 的版本
2026-01-23 15:13:43 | INFO | [621774d522584329aa26adf83bc0df9f] | app.api.v1.versions | [621774d522584329aa26adf83bc0df9f] 获取版本列表成功: total=2
2026-01-23 15:13:43 | INFO | [ce75715283e24d9aae286e0514dfbaaf] | app.api.v1.projects | [ce75715283e24d9aae286e0514dfbaaf] 用户 admin 获取项目列表: page=1, page_size=100
2026-01-23 15:13:43 | INFO | [ce75715283e24d9aae286e0514dfbaaf] | app.api.v1.projects | [ce75715283e24d9aae286e0514dfbaaf] 获取项目列表成功: total=1
2026-01-23 15:13:50 | INFO | [0e2b8c9906e843799d0aacaf33a988e2] | app.api.v1.projects | [0e2b8c9906e843799d0aacaf33a988e2] 用户 admin 获取项目列表: page=1, page_size=100
2026-01-23 15:13:50 | INFO | [0e2b8c9906e843799d0aacaf33a988e2] | app.api.v1.projects | [0e2b8c9906e843799d0aacaf33a988e2] 获取项目列表成功: total=1
2026-01-23 15:13:50 | INFO | [b1043481dc9342629de4ffa12436688a] | app.api.v1.versions | [b1043481dc9342629de4ffa12436688a] 用户 admin 获取版本列表: project_id=1, page=1, page_size=100
2026-01-23 15:13:50 | INFO | [b1043481dc9342629de4ffa12436688a] | app.api.v1.versions | [b1043481dc9342629de4ffa12436688a] 用户 admin 查看版本列表 项目 inventree (id=1) 的版本
2026-01-23 15:13:50 | INFO | [b1043481dc9342629de4ffa12436688a] | app.api.v1.versions | [b1043481dc9342629de4ffa12436688a] 获取版本列表成功: total=2
2026-01-23 15:13:50 | INFO | [af26cb8bb7d040e29865391c49794c63] | app.api.v1.projects | [af26cb8bb7d040e29865391c49794c63] 用户 admin 获取项目列表: page=1, page_size=100
2026-01-23 15:13:50 | INFO | [af26cb8bb7d040e29865391c49794c63] | app.api.v1.projects | [af26cb8bb7d040e29865391c49794c63] 获取项目列表成功: total=1
2026-01-23 15:13:50 | INFO | [83e0d9a704744a2c801165355dd096da] | app.api.v1.versions | [83e0d9a704744a2c801165355dd096da] 用户 admin 获取版本列表: project_id=1, page=1, page_size=100
2026-01-23 15:13:50 | INFO | [83e0d9a704744a2c801165355dd096da] | app.api.v1.versions | [83e0d9a704744a2c801165355dd096da] 用户 admin 查看版本列表 项目 inventree (id=1) 的版本
2026-01-23 15:13:50 | INFO | [83e0d9a704744a2c801165355dd096da] | app.api.v1.versions | [83e0d9a704744a2c801165355dd096da] 获取版本列表成功: total=2
2026-01-23 15:13:50 | INFO | [b5b2e66946f04224a0aaddc978822635] | app.api.v1.projects | [b5b2e66946f04224a0aaddc978822635] 用户 admin 获取项目列表: page=1, page_size=100
2026-01-23 15:13:50 | INFO | [b5b2e66946f04224a0aaddc978822635] | app.api.v1.projects | [b5b2e66946f04224a0aaddc978822635] 获取项目列表成功: total=1
2026-01-23 15:13:50 | INFO | [db4c79010aac4125ab7b98cc4f2a2eb9] | app.api.v1.projects | [db4c79010aac4125ab7b98cc4f2a2eb9] 用户 admin 获取项目列表: page=1, page_size=100
2026-01-23 15:13:50 | INFO | [db4c79010aac4125ab7b98cc4f2a2eb9] | app.api.v1.projects | [db4c79010aac4125ab7b98cc4f2a2eb9] 获取项目列表成功: total=1
2026-01-23 15:14:16 | INFO | [2dabfc6851cc4fc196ab716940dee9aa] | app.api.v1.projects | [2dabfc6851cc4fc196ab716940dee9aa] 用户 admin 获取项目列表: page=1, page_size=100
2026-01-23 15:14:16 | INFO | [2dabfc6851cc4fc196ab716940dee9aa] | app.api.v1.projects | [2dabfc6851cc4fc196ab716940dee9aa] 获取项目列表成功: total=1
2026-01-23 15:14:16 | INFO | [d6f6691d5fed475ca9abafd40e5f173f] | app.api.v1.versions | [d6f6691d5fed475ca9abafd40e5f173f] 用户 admin 获取版本列表: project_id=1, page=1, page_size=100
2026-01-23 15:14:16 | INFO | [d6f6691d5fed475ca9abafd40e5f173f] | app.api.v1.versions | [d6f6691d5fed475ca9abafd40e5f173f] 用户 admin 查看版本列表 项目 inventree (id=1) 的版本
2026-01-23 15:14:16 | INFO | [d6f6691d5fed475ca9abafd40e5f173f] | app.api.v1.versions | [d6f6691d5fed475ca9abafd40e5f173f] 获取版本列表成功: total=2
2026-01-23 15:14:16 | INFO | [9e42e4ef32704abe80f18c4b5b0f0e80] | app.api.v1.projects | [9e42e4ef32704abe80f18c4b5b0f0e80] 用户 admin 获取项目列表: page=1, page_size=100
2026-01-23 15:14:16 | INFO | [9e42e4ef32704abe80f18c4b5b0f0e80] | app.api.v1.projects | [9e42e4ef32704abe80f18c4b5b0f0e80] 获取项目列表成功: total=1
2026-01-23 15:14:16 | INFO | [1c8baba2be6b4d4e9d395dc5a69a5408] | app.api.v1.projects | [1c8baba2be6b4d4e9d395dc5a69a5408] 用户 admin 获取项目列表: page=1, page_size=100
2026-01-23 15:14:16 | INFO | [1c8baba2be6b4d4e9d395dc5a69a5408] | app.api.v1.projects | [1c8baba2be6b4d4e9d395dc5a69a5408] 获取项目列表成功: total=1
2026-01-23 15:14:16 | INFO | [bc8d0cb5a2d84191a88420334027da82] | app.api.v1.versions | [bc8d0cb5a2d84191a88420334027da82] 用户 admin 获取版本列表: project_id=1, page=1, page_size=100
2026-01-23 15:14:16 | INFO | [bc8d0cb5a2d84191a88420334027da82] | app.api.v1.versions | [bc8d0cb5a2d84191a88420334027da82] 用户 admin 查看版本列表 项目 inventree (id=1) 的版本
2026-01-23 15:14:16 | INFO | [bc8d0cb5a2d84191a88420334027da82] | app.api.v1.versions | [bc8d0cb5a2d84191a88420334027da82] 获取版本列表成功: total=2
2026-01-23 15:14:16 | INFO | [f425a20c905045d899d6a0ba5599d9dd] | app.api.v1.projects | [f425a20c905045d899d6a0ba5599d9dd] 用户 admin 获取项目列表: page=1, page_size=100
2026-01-23 15:14:16 | INFO | [f425a20c905045d899d6a0ba5599d9dd] | app.api.v1.projects | [f425a20c905045d899d6a0ba5599d9dd] 获取项目列表成功: total=1
2026-01-23 15:14:22 | INFO | [d3a4caf4d7604ae4adb44eb82ee7a128] | app.api.v1.api_integration | 获取文档列表: skip=0, limit=100, user=admin
2026-01-23 15:14:22 | INFO | [d3a4caf4d7604ae4adb44eb82ee7a128] | app.api.v1.api_integration | 查询到 1 个文档
2026-01-23 15:14:22 | INFO | [794d910892b945959d0e793b696351fa] | app.api.v1.api_integration | 获取文档列表: skip=0, limit=100, user=admin
2026-01-23 15:14:22 | INFO | [794d910892b945959d0e793b696351fa] | app.api.v1.api_integration | 查询到 1 个文档
2026-01-23 15:14:30 | INFO | [d617b6f0ea8e44f68c65d203e913e6b2] | app.api.v1.projects | [d617b6f0ea8e44f68c65d203e913e6b2] 用户 admin 获取项目列表: page=1, page_size=100
2026-01-23 15:14:30 | INFO | [d617b6f0ea8e44f68c65d203e913e6b2] | app.api.v1.projects | [d617b6f0ea8e44f68c65d203e913e6b2] 获取项目列表成功: total=1
2026-01-23 15:14:30 | INFO | [a8e35529911a4956900542f7202990db] | app.api.v1.versions | [a8e35529911a4956900542f7202990db] 用户 admin 获取版本列表: project_id=1, page=1, page_size=100
2026-01-23 15:14:30 | INFO | [a8e35529911a4956900542f7202990db] | app.api.v1.versions | [a8e35529911a4956900542f7202990db] 用户 admin 查看版本列表 项目 inventree (id=1) 的版本
2026-01-23 15:14:30 | INFO | [a8e35529911a4956900542f7202990db] | app.api.v1.versions | [a8e35529911a4956900542f7202990db] 获取版本列表成功: total=2
2026-01-23 15:14:30 | INFO | [53b0c2bfa26b45cf8ba1c6dfb77fe70c] | app.api.v1.projects | [53b0c2bfa26b45cf8ba1c6dfb77fe70c] 用户 admin 获取项目列表: page=1, page_size=100
2026-01-23 15:14:30 | INFO | [53b0c2bfa26b45cf8ba1c6dfb77fe70c] | app.api.v1.projects | [53b0c2bfa26b45cf8ba1c6dfb77fe70c] 获取项目列表成功: total=1
2026-01-23 15:14:30 | INFO | [d84ee745dca5495688471c325f9e600c] | app.api.v1.versions | [d84ee745dca5495688471c325f9e600c] 用户 admin 获取版本列表: project_id=1, page=1, page_size=100
2026-01-23 15:14:30 | INFO | [d84ee745dca5495688471c325f9e600c] | app.api.v1.versions | [d84ee745dca5495688471c325f9e600c] 用户 admin 查看版本列表 项目 inventree (id=1) 的版本
2026-01-23 15:14:30 | INFO | [d84ee745dca5495688471c325f9e600c] | app.api.v1.versions | [d84ee745dca5495688471c325f9e600c] 获取版本列表成功: total=2
2026-01-23 15:14:30 | INFO | [8ce33df51a2e48abaff9e6e092458cea] | app.api.v1.projects | [8ce33df51a2e48abaff9e6e092458cea] 用户 admin 获取项目列表: page=1, page_size=100
2026-01-23 15:14:30 | INFO | [8ce33df51a2e48abaff9e6e092458cea] | app.api.v1.projects | [8ce33df51a2e48abaff9e6e092458cea] 获取项目列表成功: total=1
2026-01-23 15:14:30 | INFO | [2e6dda5b4dc84e6fbd54e13a7eefe304] | app.api.v1.projects | [2e6dda5b4dc84e6fbd54e13a7eefe304] 用户 admin 获取项目列表: page=1, page_size=100
2026-01-23 15:14:30 | INFO | [2e6dda5b4dc84e6fbd54e13a7eefe304] | app.api.v1.projects | [2e6dda5b4dc84e6fbd54e13a7eefe304] 获取项目列表成功: total=1
2026-01-23 15:14:32 | INFO | [bf21dd94abb74600a98a777f64ad7141] | app.api.v1.endpoints | [bf21dd94abb74600a98a777f64ad7141] 查询接口列表: skip=0, limit=100, user=admin
2026-01-23 15:14:32 | INFO | [bf21dd94abb74600a98a777f64ad7141] | app.api.v1.endpoints | [bf21dd94abb74600a98a777f64ad7141] 查询到 100 个接口，total=644
2026-01-23 15:14:32 | ERROR | [bf21dd94abb74600a98a777f64ad7141] | app.dependencies | 数据库会话异常: 1 validation error for EndpointResponse
project_id
  Input should be a valid integer [type=int_type, input_value=None, input_type=NoneType]
    For further information visit https://errors.pydantic.dev/2.12/v/int_type
Traceback (most recent call last):
  File "D:\code\BugSeek\backend\app\dependencies.py", line 19, in get_db
    yield db
  File "C:\Users\81026\AppData\Local\Programs\Python\Python310\lib\site-packages\fastapi\concurrency.py", line 29, in contextmanager_in_threadpool
    yield await run_in_threadpool(cm.__enter__)
  File "C:\Users\81026\AppData\Local\Programs\Python\Python310\lib\site-packages\fastapi\routing.py", line 101, in app
    response = await f(request)
  File "C:\Users\81026\AppData\Local\Programs\Python\Python310\lib\site-packages\fastapi\routing.py", line 355, in app
    raw_response = await run_endpoint_function(
  File "C:\Users\81026\AppData\Local\Programs\Python\Python310\lib\site-packages\fastapi\routing.py", line 243, in run_endpoint_function
    return await dependant.call(**values)
  File "D:\code\BugSeek\backend\app\api\v1\endpoints.py", line 207, in get_endpoints
    "endpoints": [EndpointResponse.from_orm(ep).model_dump() for ep in endpoints],
  File "D:\code\BugSeek\backend\app\api\v1\endpoints.py", line 207, in <listcomp>
    "endpoints": [EndpointResponse.from_orm(ep).model_dump() for ep in endpoints],
  File "D:\code\BugSeek\backend\app\api\v1\endpoints.py", line 72, in from_orm
    return cls(
  File "C:\Users\81026\AppData\Local\Programs\Python\Python310\lib\site-packages\pydantic\main.py", line 250, in __init__
    validated_self = self.__pydantic_validator__.validate_python(data, self_instance=self)
pydantic_core._pydantic_core.ValidationError: 1 validation error for EndpointResponse
project_id
  Input should be a valid integer [type=int_type, input_value=None, input_type=NoneType]
    For further information visit https://errors.pydantic.dev/2.12/v/int_type
2026-01-23 15:14:32 | INFO | [7d2d9f263e2d4ebba0378c096c50f401] | app.api.v1.endpoints | [7d2d9f263e2d4ebba0378c096c50f401] 查询接口列表: skip=0, limit=100, user=admin
2026-01-23 15:14:32 | INFO | [7d2d9f263e2d4ebba0378c096c50f401] | app.api.v1.endpoints | [7d2d9f263e2d4ebba0378c096c50f401] 查询到 100 个接口，total=644
2026-01-23 15:14:32 | ERROR | [7d2d9f263e2d4ebba0378c096c50f401] | app.dependencies | 数据库会话异常: 1 validation error for EndpointResponse
project_id
  Input should be a valid integer [type=int_type, input_value=None, input_type=NoneType]
    For further information visit https://errors.pydantic.dev/2.12/v/int_type
Traceback (most recent call last):
  File "D:\code\BugSeek\backend\app\dependencies.py", line 19, in get_db
    yield db
  File "C:\Users\81026\AppData\Local\Programs\Python\Python310\lib\site-packages\fastapi\concurrency.py", line 29, in contextmanager_in_threadpool
    yield await run_in_threadpool(cm.__enter__)
  File "C:\Users\81026\AppData\Local\Programs\Python\Python310\lib\site-packages\fastapi\routing.py", line 101, in app
    response = await f(request)
  File "C:\Users\81026\AppData\Local\Programs\Python\Python310\lib\site-packages\fastapi\routing.py", line 355, in app
    raw_response = await run_endpoint_function(
  File "C:\Users\81026\AppData\Local\Programs\Python\Python310\lib\site-packages\fastapi\routing.py", line 243, in run_endpoint_function
    return await dependant.call(**values)
  File "D:\code\BugSeek\backend\app\api\v1\endpoints.py", line 207, in get_endpoints
    "endpoints": [EndpointResponse.from_orm(ep).model_dump() for ep in endpoints],
  File "D:\code\BugSeek\backend\app\api\v1\endpoints.py", line 207, in <listcomp>
    "endpoints": [EndpointResponse.from_orm(ep).model_dump() for ep in endpoints],
  File "D:\code\BugSeek\backend\app\api\v1\endpoints.py", line 72, in from_orm
    return cls(
  File "C:\Users\81026\AppData\Local\Programs\Python\Python310\lib\site-packages\pydantic\main.py", line 250, in __init__
    validated_self = self.__pydantic_validator__.validate_python(data, self_instance=self)
pydantic_core._pydantic_core.ValidationError: 1 validation error for EndpointResponse
project_id
  Input should be a valid integer [type=int_type, input_value=None, input_type=NoneType]
    For further information visit https://errors.pydantic.dev/2.12/v/int_type
2026-01-23 15:14:32 | ERROR | [bf21dd94abb74600a98a777f64ad7141] | app.main | 未捕获的异常: 1 validation error for EndpointResponse
project_id
  Input should be a valid integer [type=int_type, input_value=None, input_type=NoneType]
    For further information visit https://errors.pydantic.dev/2.12/v/int_type | 路径: /api/v1/api-integration/endpoints | 方法: GET
Traceback (most recent call last):
  File "C:\Users\81026\AppData\Local\Programs\Python\Python310\lib\site-packages\starlette\middleware\errors.py", line 164, in __call__
    await self.app(scope, receive, _send)
  File "C:\Users\81026\AppData\Local\Programs\Python\Python310\lib\site-packages\starlette\middleware\cors.py", line 85, in __call__
    await self.app(scope, receive, send)
  File "C:\Users\81026\AppData\Local\Programs\Python\Python310\lib\site-packages\starlette\middleware\base.py", line 191, in __call__
    with recv_stream, send_stream, collapse_excgroups():
  File "C:\Users\81026\AppData\Local\Programs\Python\Python310\lib\contextlib.py", line 153, in __exit__
    self.gen.throw(typ, value, traceback)
  File "C:\Users\81026\AppData\Local\Programs\Python\Python310\lib\site-packages\starlette\_utils.py", line 85, in collapse_excgroups
    raise exc
  File "C:\Users\81026\AppData\Local\Programs\Python\Python310\lib\site-packages\starlette\middleware\base.py", line 193, in __call__
    response = await self.dispatch_func(request, call_next)
  File "D:\code\BugSeek\backend\app\main.py", line 29, in trace_id_middleware
    response = await call_next(request)
  File "C:\Users\81026\AppData\Local\Programs\Python\Python310\lib\site-packages\starlette\middleware\base.py", line 168, in call_next
    raise app_exc from app_exc.__cause__ or app_exc.__context__
  File "C:\Users\81026\AppData\Local\Programs\Python\Python310\lib\site-packages\starlette\middleware\base.py", line 144, in coro
    await self.app(scope, receive_or_disconnect, send_no_error)
  File "C:\Users\81026\AppData\Local\Programs\Python\Python310\lib\site-packages\starlette\middleware\exceptions.py", line 63, in __call__
    await wrap_app_handling_exceptions(self.app, conn)(scope, receive, send)
  File "C:\Users\81026\AppData\Local\Programs\Python\Python310\lib\site-packages\starlette\_exception_handler.py", line 53, in wrapped_app
    raise exc
  File "C:\Users\81026\AppData\Local\Programs\Python\Python310\lib\site-packages\starlette\_exception_handler.py", line 42, in wrapped_app
    await app(scope, receive, sender)
  File "C:\Users\81026\AppData\Local\Programs\Python\Python310\lib\site-packages\fastapi\middleware\asyncexitstack.py", line 18, in __call__
    await self.app(scope, receive, send)
  File "C:\Users\81026\AppData\Local\Programs\Python\Python310\lib\site-packages\starlette\routing.py", line 716, in __call__
    await self.middleware_stack(scope, receive, send)
  File "C:\Users\81026\AppData\Local\Programs\Python\Python310\lib\site-packages\starlette\routing.py", line 736, in app
    await route.handle(scope, receive, send)
  File "C:\Users\81026\AppData\Local\Programs\Python\Python310\lib\site-packages\starlette\routing.py", line 290, in handle
    await self.app(scope, receive, send)
  File "C:\Users\81026\AppData\Local\Programs\Python\Python310\lib\site-packages\fastapi\routing.py", line 115, in app
    await wrap_app_handling_exceptions(app, request)(scope, receive, send)
  File "C:\Users\81026\AppData\Local\Programs\Python\Python310\lib\site-packages\starlette\_exception_handler.py", line 53, in wrapped_app
    raise exc
  File "C:\Users\81026\AppData\Local\Programs\Python\Python310\lib\site-packages\starlette\_exception_handler.py", line 42, in wrapped_app
    await app(scope, receive, sender)
  File "C:\Users\81026\AppData\Local\Programs\Python\Python310\lib\site-packages\fastapi\routing.py", line 101, in app
    response = await f(request)
  File "C:\Users\81026\AppData\Local\Programs\Python\Python310\lib\site-packages\fastapi\routing.py", line 355, in app
    raw_response = await run_endpoint_function(
  File "C:\Users\81026\AppData\Local\Programs\Python\Python310\lib\site-packages\fastapi\routing.py", line 243, in run_endpoint_function
    return await dependant.call(**values)
  File "D:\code\BugSeek\backend\app\api\v1\endpoints.py", line 207, in get_endpoints
    "endpoints": [EndpointResponse.from_orm(ep).model_dump() for ep in endpoints],
  File "D:\code\BugSeek\backend\app\api\v1\endpoints.py", line 207, in <listcomp>
    "endpoints": [EndpointResponse.from_orm(ep).model_dump() for ep in endpoints],
  File "D:\code\BugSeek\backend\app\api\v1\endpoints.py", line 72, in from_orm
    return cls(
  File "C:\Users\81026\AppData\Local\Programs\Python\Python310\lib\site-packages\pydantic\main.py", line 250, in __init__
    validated_self = self.__pydantic_validator__.validate_python(data, self_instance=self)
pydantic_core._pydantic_core.ValidationError: 1 validation error for EndpointResponse
project_id
  Input should be a valid integer [type=int_type, input_value=None, input_type=NoneType]
    For further information visit https://errors.pydantic.dev/2.12/v/int_type
2026-01-23 15:14:32 | ERROR | [7d2d9f263e2d4ebba0378c096c50f401] | app.main | 未捕获的异常: 1 validation error for EndpointResponse
project_id
  Input should be a valid integer [type=int_type, input_value=None, input_type=NoneType]
    For further information visit https://errors.pydantic.dev/2.12/v/int_type | 路径: /api/v1/api-integration/endpoints | 方法: GET
Traceback (most recent call last):
  File "C:\Users\81026\AppData\Local\Programs\Python\Python310\lib\site-packages\starlette\middleware\errors.py", line 164, in __call__
    await self.app(scope, receive, _send)
  File "C:\Users\81026\AppData\Local\Programs\Python\Python310\lib\site-packages\starlette\middleware\cors.py", line 85, in __call__
    await self.app(scope, receive, send)
  File "C:\Users\81026\AppData\Local\Programs\Python\Python310\lib\site-packages\starlette\middleware\base.py", line 191, in __call__
    with recv_stream, send_stream, collapse_excgroups():
  File "C:\Users\81026\AppData\Local\Programs\Python\Python310\lib\contextlib.py", line 153, in __exit__
    self.gen.throw(typ, value, traceback)
  File "C:\Users\81026\AppData\Local\Programs\Python\Python310\lib\site-packages\starlette\_utils.py", line 85, in collapse_excgroups
    raise exc
  File "C:\Users\81026\AppData\Local\Programs\Python\Python310\lib\site-packages\starlette\middleware\base.py", line 193, in __call__
    response = await self.dispatch_func(request, call_next)
  File "D:\code\BugSeek\backend\app\main.py", line 29, in trace_id_middleware
    response = await call_next(request)
  File "C:\Users\81026\AppData\Local\Programs\Python\Python310\lib\site-packages\starlette\middleware\base.py", line 168, in call_next
    raise app_exc from app_exc.__cause__ or app_exc.__context__
  File "C:\Users\81026\AppData\Local\Programs\Python\Python310\lib\site-packages\starlette\middleware\base.py", line 144, in coro
    await self.app(scope, receive_or_disconnect, send_no_error)
  File "C:\Users\81026\AppData\Local\Programs\Python\Python310\lib\site-packages\starlette\middleware\exceptions.py", line 63, in __call__
    await wrap_app_handling_exceptions(self.app, conn)(scope, receive, send)
  File "C:\Users\81026\AppData\Local\Programs\Python\Python310\lib\site-packages\starlette\_exception_handler.py", line 53, in wrapped_app
    raise exc
  File "C:\Users\81026\AppData\Local\Programs\Python\Python310\lib\site-packages\starlette\_exception_handler.py", line 42, in wrapped_app
    await app(scope, receive, sender)
  File "C:\Users\81026\AppData\Local\Programs\Python\Python310\lib\site-packages\fastapi\middleware\asyncexitstack.py", line 18, in __call__
    await self.app(scope, receive, send)
  File "C:\Users\81026\AppData\Local\Programs\Python\Python310\lib\site-packages\starlette\routing.py", line 716, in __call__
    await self.middleware_stack(scope, receive, send)
  File "C:\Users\81026\AppData\Local\Programs\Python\Python310\lib\site-packages\starlette\routing.py", line 736, in app
    await route.handle(scope, receive, send)
  File "C:\Users\81026\AppData\Local\Programs\Python\Python310\lib\site-packages\starlette\routing.py", line 290, in handle
    await self.app(scope, receive, send)
  File "C:\Users\81026\AppData\Local\Programs\Python\Python310\lib\site-packages\fastapi\routing.py", line 115, in app
    await wrap_app_handling_exceptions(app, request)(scope, receive, send)
  File "C:\Users\81026\AppData\Local\Programs\Python\Python310\lib\site-packages\starlette\_exception_handler.py", line 53, in wrapped_app
    raise exc
  File "C:\Users\81026\AppData\Local\Programs\Python\Python310\lib\site-packages\starlette\_exception_handler.py", line 42, in wrapped_app
    await app(scope, receive, sender)
  File "C:\Users\81026\AppData\Local\Programs\Python\Python310\lib\site-packages\fastapi\routing.py", line 101, in app
    response = await f(request)
  File "C:\Users\81026\AppData\Local\Programs\Python\Python310\lib\site-packages\fastapi\routing.py", line 355, in app
    raw_response = await run_endpoint_function(
  File "C:\Users\81026\AppData\Local\Programs\Python\Python310\lib\site-packages\fastapi\routing.py", line 243, in run_endpoint_function
    return await dependant.call(**values)
  File "D:\code\BugSeek\backend\app\api\v1\endpoints.py", line 207, in get_endpoints
    "endpoints": [EndpointResponse.from_orm(ep).model_dump() for ep in endpoints],
  File "D:\code\BugSeek\backend\app\api\v1\endpoints.py", line 207, in <listcomp>
    "endpoints": [EndpointResponse.from_orm(ep).model_dump() for ep in endpoints],
  File "D:\code\BugSeek\backend\app\api\v1\endpoints.py", line 72, in from_orm
    return cls(
  File "C:\Users\81026\AppData\Local\Programs\Python\Python310\lib\site-packages\pydantic\main.py", line 250, in __init__
    validated_self = self.__pydantic_validator__.validate_python(data, self_instance=self)
pydantic_core._pydantic_core.ValidationError: 1 validation error for EndpointResponse
project_id
  Input should be a valid integer [type=int_type, input_value=None, input_type=NoneType]
    For further information visit https://errors.pydantic.dev/2.12/v/int_type
2026-01-23 15:14:35 | INFO | [70a97bd25ff24b85bf4d665b65e6387f] | app.api.v1.endpoints | [70a97bd25ff24b85bf4d665b65e6387f] 查询接口列表: skip=0, limit=100, user=admin
2026-01-23 15:14:35 | INFO | [70a97bd25ff24b85bf4d665b65e6387f] | app.api.v1.endpoints | [70a97bd25ff24b85bf4d665b65e6387f] 查询到 100 个接口，total=644
2026-01-23 15:14:35 | INFO | [5b18bb453bce4726929fde0eeca096f5] | app.api.v1.endpoints | [5b18bb453bce4726929fde0eeca096f5] 查询接口列表: skip=0, limit=100, user=admin
2026-01-23 15:14:35 | INFO | [5b18bb453bce4726929fde0eeca096f5] | app.api.v1.endpoints | [5b18bb453bce4726929fde0eeca096f5] 查询到 100 个接口，total=644
2026-01-23 15:14:35 | ERROR | [70a97bd25ff24b85bf4d665b65e6387f] | app.dependencies | 数据库会话异常: 1 validation error for EndpointResponse
project_id
  Input should be a valid integer [type=int_type, input_value=None, input_type=NoneType]
    For further information visit https://errors.pydantic.dev/2.12/v/int_type
Traceback (most recent call last):
  File "D:\code\BugSeek\backend\app\dependencies.py", line 19, in get_db
    yield db
  File "C:\Users\81026\AppData\Local\Programs\Python\Python310\lib\site-packages\fastapi\concurrency.py", line 29, in contextmanager_in_threadpool
    yield await run_in_threadpool(cm.__enter__)
  File "C:\Users\81026\AppData\Local\Programs\Python\Python310\lib\site-packages\fastapi\routing.py", line 101, in app
    response = await f(request)
  File "C:\Users\81026\AppData\Local\Programs\Python\Python310\lib\site-packages\fastapi\routing.py", line 355, in app
    raw_response = await run_endpoint_function(
  File "C:\Users\81026\AppData\Local\Programs\Python\Python310\lib\site-packages\fastapi\routing.py", line 243, in run_endpoint_function
    return await dependant.call(**values)
  File "D:\code\BugSeek\backend\app\api\v1\endpoints.py", line 207, in get_endpoints
    "endpoints": [EndpointResponse.from_orm(ep).model_dump() for ep in endpoints],
  File "D:\code\BugSeek\backend\app\api\v1\endpoints.py", line 207, in <listcomp>
    "endpoints": [EndpointResponse.from_orm(ep).model_dump() for ep in endpoints],
  File "D:\code\BugSeek\backend\app\api\v1\endpoints.py", line 72, in from_orm
    return cls(
  File "C:\Users\81026\AppData\Local\Programs\Python\Python310\lib\site-packages\pydantic\main.py", line 250, in __init__
    validated_self = self.__pydantic_validator__.validate_python(data, self_instance=self)
pydantic_core._pydantic_core.ValidationError: 1 validation error for EndpointResponse
project_id
  Input should be a valid integer [type=int_type, input_value=None, input_type=NoneType]
    For further information visit https://errors.pydantic.dev/2.12/v/int_type
2026-01-23 15:14:35 | ERROR | [5b18bb453bce4726929fde0eeca096f5] | app.dependencies | 数据库会话异常: 1 validation error for EndpointResponse
project_id
  Input should be a valid integer [type=int_type, input_value=None, input_type=NoneType]
    For further information visit https://errors.pydantic.dev/2.12/v/int_type
Traceback (most recent call last):
  File "D:\code\BugSeek\backend\app\dependencies.py", line 19, in get_db
    yield db
  File "C:\Users\81026\AppData\Local\Programs\Python\Python310\lib\site-packages\fastapi\concurrency.py", line 29, in contextmanager_in_threadpool
    yield await run_in_threadpool(cm.__enter__)
  File "C:\Users\81026\AppData\Local\Programs\Python\Python310\lib\site-packages\fastapi\routing.py", line 101, in app
    response = await f(request)
  File "C:\Users\81026\AppData\Local\Programs\Python\Python310\lib\site-packages\fastapi\routing.py", line 355, in app
    raw_response = await run_endpoint_function(
  File "C:\Users\81026\AppData\Local\Programs\Python\Python310\lib\site-packages\fastapi\routing.py", line 243, in run_endpoint_function
    return await dependant.call(**values)
  File "D:\code\BugSeek\backend\app\api\v1\endpoints.py", line 207, in get_endpoints
    "endpoints": [EndpointResponse.from_orm(ep).model_dump() for ep in endpoints],
  File "D:\code\BugSeek\backend\app\api\v1\endpoints.py", line 207, in <listcomp>
    "endpoints": [EndpointResponse.from_orm(ep).model_dump() for ep in endpoints],
  File "D:\code\BugSeek\backend\app\api\v1\endpoints.py", line 72, in from_orm
    return cls(
  File "C:\Users\81026\AppData\Local\Programs\Python\Python310\lib\site-packages\pydantic\main.py", line 250, in __init__
    validated_self = self.__pydantic_validator__.validate_python(data, self_instance=self)
pydantic_core._pydantic_core.ValidationError: 1 validation error for EndpointResponse
project_id
  Input should be a valid integer [type=int_type, input_value=None, input_type=NoneType]
    For further information visit https://errors.pydantic.dev/2.12/v/int_type
2026-01-23 15:14:35 | ERROR | [70a97bd25ff24b85bf4d665b65e6387f] | app.main | 未捕获的异常: 1 validation error for EndpointResponse
project_id
  Input should be a valid integer [type=int_type, input_value=None, input_type=NoneType]
    For further information visit https://errors.pydantic.dev/2.12/v/int_type | 路径: /api/v1/api-integration/endpoints | 方法: GET
Traceback (most recent call last):
  File "C:\Users\81026\AppData\Local\Programs\Python\Python310\lib\site-packages\starlette\middleware\errors.py", line 164, in __call__
    await self.app(scope, receive, _send)
  File "C:\Users\81026\AppData\Local\Programs\Python\Python310\lib\site-packages\starlette\middleware\cors.py", line 85, in __call__
    await self.app(scope, receive, send)
  File "C:\Users\81026\AppData\Local\Programs\Python\Python310\lib\site-packages\starlette\middleware\base.py", line 191, in __call__
    with recv_stream, send_stream, collapse_excgroups():
  File "C:\Users\81026\AppData\Local\Programs\Python\Python310\lib\contextlib.py", line 153, in __exit__
    self.gen.throw(typ, value, traceback)
  File "C:\Users\81026\AppData\Local\Programs\Python\Python310\lib\site-packages\starlette\_utils.py", line 85, in collapse_excgroups
    raise exc
  File "C:\Users\81026\AppData\Local\Programs\Python\Python310\lib\site-packages\starlette\middleware\base.py", line 193, in __call__
    response = await self.dispatch_func(request, call_next)
  File "D:\code\BugSeek\backend\app\main.py", line 29, in trace_id_middleware
    response = await call_next(request)
  File "C:\Users\81026\AppData\Local\Programs\Python\Python310\lib\site-packages\starlette\middleware\base.py", line 168, in call_next
    raise app_exc from app_exc.__cause__ or app_exc.__context__
  File "C:\Users\81026\AppData\Local\Programs\Python\Python310\lib\site-packages\starlette\middleware\base.py", line 144, in coro
    await self.app(scope, receive_or_disconnect, send_no_error)
  File "C:\Users\81026\AppData\Local\Programs\Python\Python310\lib\site-packages\starlette\middleware\exceptions.py", line 63, in __call__
    await wrap_app_handling_exceptions(self.app, conn)(scope, receive, send)
  File "C:\Users\81026\AppData\Local\Programs\Python\Python310\lib\site-packages\starlette\_exception_handler.py", line 53, in wrapped_app
    raise exc
  File "C:\Users\81026\AppData\Local\Programs\Python\Python310\lib\site-packages\starlette\_exception_handler.py", line 42, in wrapped_app
    await app(scope, receive, sender)
  File "C:\Users\81026\AppData\Local\Programs\Python\Python310\lib\site-packages\fastapi\middleware\asyncexitstack.py", line 18, in __call__
    await self.app(scope, receive, send)
  File "C:\Users\81026\AppData\Local\Programs\Python\Python310\lib\site-packages\starlette\routing.py", line 716, in __call__
    await self.middleware_stack(scope, receive, send)
  File "C:\Users\81026\AppData\Local\Programs\Python\Python310\lib\site-packages\starlette\routing.py", line 736, in app
    await route.handle(scope, receive, send)
  File "C:\Users\81026\AppData\Local\Programs\Python\Python310\lib\site-packages\starlette\routing.py", line 290, in handle
    await self.app(scope, receive, send)
  File "C:\Users\81026\AppData\Local\Programs\Python\Python310\lib\site-packages\fastapi\routing.py", line 115, in app
    await wrap_app_handling_exceptions(app, request)(scope, receive, send)
  File "C:\Users\81026\AppData\Local\Programs\Python\Python310\lib\site-packages\starlette\_exception_handler.py", line 53, in wrapped_app
    raise exc
  File "C:\Users\81026\AppData\Local\Programs\Python\Python310\lib\site-packages\starlette\_exception_handler.py", line 42, in wrapped_app
    await app(scope, receive, sender)
  File "C:\Users\81026\AppData\Local\Programs\Python\Python310\lib\site-packages\fastapi\routing.py", line 101, in app
    response = await f(request)
  File "C:\Users\81026\AppData\Local\Programs\Python\Python310\lib\site-packages\fastapi\routing.py", line 355, in app
    raw_response = await run_endpoint_function(
  File "C:\Users\81026\AppData\Local\Programs\Python\Python310\lib\site-packages\fastapi\routing.py", line 243, in run_endpoint_function
    return await dependant.call(**values)
  File "D:\code\BugSeek\backend\app\api\v1\endpoints.py", line 207, in get_endpoints
    "endpoints": [EndpointResponse.from_orm(ep).model_dump() for ep in endpoints],
  File "D:\code\BugSeek\backend\app\api\v1\endpoints.py", line 207, in <listcomp>
    "endpoints": [EndpointResponse.from_orm(ep).model_dump() for ep in endpoints],
  File "D:\code\BugSeek\backend\app\api\v1\endpoints.py", line 72, in from_orm
    return cls(
  File "C:\Users\81026\AppData\Local\Programs\Python\Python310\lib\site-packages\pydantic\main.py", line 250, in __init__
    validated_self = self.__pydantic_validator__.validate_python(data, self_instance=self)
pydantic_core._pydantic_core.ValidationError: 1 validation error for EndpointResponse
project_id
  Input should be a valid integer [type=int_type, input_value=None, input_type=NoneType]
    For further information visit https://errors.pydantic.dev/2.12/v/int_type
2026-01-23 15:14:35 | ERROR | [5b18bb453bce4726929fde0eeca096f5] | app.main | 未捕获的异常: 1 validation error for EndpointResponse
project_id
  Input should be a valid integer [type=int_type, input_value=None, input_type=NoneType]
    For further information visit https://errors.pydantic.dev/2.12/v/int_type | 路径: /api/v1/api-integration/endpoints | 方法: GET
Traceback (most recent call last):
  File "C:\Users\81026\AppData\Local\Programs\Python\Python310\lib\site-packages\starlette\middleware\errors.py", line 164, in __call__
    await self.app(scope, receive, _send)
  File "C:\Users\81026\AppData\Local\Programs\Python\Python310\lib\site-packages\starlette\middleware\cors.py", line 85, in __call__
    await self.app(scope, receive, send)
  File "C:\Users\81026\AppData\Local\Programs\Python\Python310\lib\site-packages\starlette\middleware\base.py", line 191, in __call__
    with recv_stream, send_stream, collapse_excgroups():
  File "C:\Users\81026\AppData\Local\Programs\Python\Python310\lib\contextlib.py", line 153, in __exit__
    self.gen.throw(typ, value, traceback)
  File "C:\Users\81026\AppData\Local\Programs\Python\Python310\lib\site-packages\starlette\_utils.py", line 85, in collapse_excgroups
    raise exc
  File "C:\Users\81026\AppData\Local\Programs\Python\Python310\lib\site-packages\starlette\middleware\base.py", line 193, in __call__
    response = await self.dispatch_func(request, call_next)
  File "D:\code\BugSeek\backend\app\main.py", line 29, in trace_id_middleware
    response = await call_next(request)
  File "C:\Users\81026\AppData\Local\Programs\Python\Python310\lib\site-packages\starlette\middleware\base.py", line 168, in call_next
    raise app_exc from app_exc.__cause__ or app_exc.__context__
  File "C:\Users\81026\AppData\Local\Programs\Python\Python310\lib\site-packages\starlette\middleware\base.py", line 144, in coro
    await self.app(scope, receive_or_disconnect, send_no_error)
  File "C:\Users\81026\AppData\Local\Programs\Python\Python310\lib\site-packages\starlette\middleware\exceptions.py", line 63, in __call__
    await wrap_app_handling_exceptions(self.app, conn)(scope, receive, send)
  File "C:\Users\81026\AppData\Local\Programs\Python\Python310\lib\site-packages\starlette\_exception_handler.py", line 53, in wrapped_app
    raise exc
  File "C:\Users\81026\AppData\Local\Programs\Python\Python310\lib\site-packages\starlette\_exception_handler.py", line 42, in wrapped_app
    await app(scope, receive, sender)
  File "C:\Users\81026\AppData\Local\Programs\Python\Python310\lib\site-packages\fastapi\middleware\asyncexitstack.py", line 18, in __call__
    await self.app(scope, receive, send)
  File "C:\Users\81026\AppData\Local\Programs\Python\Python310\lib\site-packages\starlette\routing.py", line 716, in __call__
    await self.middleware_stack(scope, receive, send)
  File "C:\Users\81026\AppData\Local\Programs\Python\Python310\lib\site-packages\starlette\routing.py", line 736, in app
    await route.handle(scope, receive, send)
  File "C:\Users\81026\AppData\Local\Programs\Python\Python310\lib\site-packages\starlette\routing.py", line 290, in handle
    await self.app(scope, receive, send)
  File "C:\Users\81026\AppData\Local\Programs\Python\Python310\lib\site-packages\fastapi\routing.py", line 115, in app
    await wrap_app_handling_exceptions(app, request)(scope, receive, send)
  File "C:\Users\81026\AppData\Local\Programs\Python\Python310\lib\site-packages\starlette\_exception_handler.py", line 53, in wrapped_app
    raise exc
  File "C:\Users\81026\AppData\Local\Programs\Python\Python310\lib\site-packages\starlette\_exception_handler.py", line 42, in wrapped_app
    await app(scope, receive, sender)
  File "C:\Users\81026\AppData\Local\Programs\Python\Python310\lib\site-packages\fastapi\routing.py", line 101, in app
    response = await f(request)
  File "C:\Users\81026\AppData\Local\Programs\Python\Python310\lib\site-packages\fastapi\routing.py", line 355, in app
    raw_response = await run_endpoint_function(
  File "C:\Users\81026\AppData\Local\Programs\Python\Python310\lib\site-packages\fastapi\routing.py", line 243, in run_endpoint_function
    return await dependant.call(**values)
  File "D:\code\BugSeek\backend\app\api\v1\endpoints.py", line 207, in get_endpoints
    "endpoints": [EndpointResponse.from_orm(ep).model_dump() for ep in endpoints],
  File "D:\code\BugSeek\backend\app\api\v1\endpoints.py", line 207, in <listcomp>
    "endpoints": [EndpointResponse.from_orm(ep).model_dump() for ep in endpoints],
  File "D:\code\BugSeek\backend\app\api\v1\endpoints.py", line 72, in from_orm
    return cls(
  File "C:\Users\81026\AppData\Local\Programs\Python\Python310\lib\site-packages\pydantic\main.py", line 250, in __init__
    validated_self = self.__pydantic_validator__.validate_python(data, self_instance=self)
pydantic_core._pydantic_core.ValidationError: 1 validation error for EndpointResponse
project_id
  Input should be a valid integer [type=int_type, input_value=None, input_type=NoneType]
    For further information visit https://errors.pydantic.dev/2.12/v/int_type
2026-01-23 15:14:36 | INFO | [3dd9225b31144c589324ed73821a40be] | app.api.v1.endpoints | [3dd9225b31144c589324ed73821a40be] 查询接口列表: skip=0, limit=100, user=admin
2026-01-23 15:14:36 | INFO | [3dd9225b31144c589324ed73821a40be] | app.api.v1.endpoints | [3dd9225b31144c589324ed73821a40be] 查询到 100 个接口，total=644
2026-01-23 15:14:36 | ERROR | [3dd9225b31144c589324ed73821a40be] | app.dependencies | 数据库会话异常: 1 validation error for EndpointResponse
project_id
  Input should be a valid integer [type=int_type, input_value=None, input_type=NoneType]
    For further information visit https://errors.pydantic.dev/2.12/v/int_type
Traceback (most recent call last):
  File "D:\code\BugSeek\backend\app\dependencies.py", line 19, in get_db
    yield db
  File "C:\Users\81026\AppData\Local\Programs\Python\Python310\lib\site-packages\fastapi\concurrency.py", line 29, in contextmanager_in_threadpool
    yield await run_in_threadpool(cm.__enter__)
  File "C:\Users\81026\AppData\Local\Programs\Python\Python310\lib\site-packages\fastapi\routing.py", line 101, in app
    response = await f(request)
  File "C:\Users\81026\AppData\Local\Programs\Python\Python310\lib\site-packages\fastapi\routing.py", line 355, in app
    raw_response = await run_endpoint_function(
  File "C:\Users\81026\AppData\Local\Programs\Python\Python310\lib\site-packages\fastapi\routing.py", line 243, in run_endpoint_function
    return await dependant.call(**values)
  File "D:\code\BugSeek\backend\app\api\v1\endpoints.py", line 207, in get_endpoints
    "endpoints": [EndpointResponse.from_orm(ep).model_dump() for ep in endpoints],
  File "D:\code\BugSeek\backend\app\api\v1\endpoints.py", line 207, in <listcomp>
    "endpoints": [EndpointResponse.from_orm(ep).model_dump() for ep in endpoints],
  File "D:\code\BugSeek\backend\app\api\v1\endpoints.py", line 72, in from_orm
    return cls(
  File "C:\Users\81026\AppData\Local\Programs\Python\Python310\lib\site-packages\pydantic\main.py", line 250, in __init__
    validated_self = self.__pydantic_validator__.validate_python(data, self_instance=self)
pydantic_core._pydantic_core.ValidationError: 1 validation error for EndpointResponse
project_id
  Input should be a valid integer [type=int_type, input_value=None, input_type=NoneType]
    For further information visit https://errors.pydantic.dev/2.12/v/int_type
2026-01-23 15:14:36 | INFO | [045d6e1fffd6433ab97ce77e9db29b6d] | app.api.v1.endpoints | [045d6e1fffd6433ab97ce77e9db29b6d] 查询接口列表: skip=0, limit=100, user=admin
2026-01-23 15:14:36 | INFO | [045d6e1fffd6433ab97ce77e9db29b6d] | app.api.v1.endpoints | [045d6e1fffd6433ab97ce77e9db29b6d] 查询到 100 个接口，total=644
2026-01-23 15:14:36 | ERROR | [3dd9225b31144c589324ed73821a40be] | app.main | 未捕获的异常: 1 validation error for EndpointResponse
project_id
  Input should be a valid integer [type=int_type, input_value=None, input_type=NoneType]
    For further information visit https://errors.pydantic.dev/2.12/v/int_type | 路径: /api/v1/api-integration/endpoints | 方法: GET
Traceback (most recent call last):
  File "C:\Users\81026\AppData\Local\Programs\Python\Python310\lib\site-packages\starlette\middleware\errors.py", line 164, in __call__
    await self.app(scope, receive, _send)
  File "C:\Users\81026\AppData\Local\Programs\Python\Python310\lib\site-packages\starlette\middleware\cors.py", line 85, in __call__
    await self.app(scope, receive, send)
  File "C:\Users\81026\AppData\Local\Programs\Python\Python310\lib\site-packages\starlette\middleware\base.py", line 191, in __call__
    with recv_stream, send_stream, collapse_excgroups():
  File "C:\Users\81026\AppData\Local\Programs\Python\Python310\lib\contextlib.py", line 153, in __exit__
    self.gen.throw(typ, value, traceback)
  File "C:\Users\81026\AppData\Local\Programs\Python\Python310\lib\site-packages\starlette\_utils.py", line 85, in collapse_excgroups
    raise exc
  File "C:\Users\81026\AppData\Local\Programs\Python\Python310\lib\site-packages\starlette\middleware\base.py", line 193, in __call__
    response = await self.dispatch_func(request, call_next)
  File "D:\code\BugSeek\backend\app\main.py", line 29, in trace_id_middleware
    response = await call_next(request)
  File "C:\Users\81026\AppData\Local\Programs\Python\Python310\lib\site-packages\starlette\middleware\base.py", line 168, in call_next
    raise app_exc from app_exc.__cause__ or app_exc.__context__
  File "C:\Users\81026\AppData\Local\Programs\Python\Python310\lib\site-packages\starlette\middleware\base.py", line 144, in coro
    await self.app(scope, receive_or_disconnect, send_no_error)
  File "C:\Users\81026\AppData\Local\Programs\Python\Python310\lib\site-packages\starlette\middleware\exceptions.py", line 63, in __call__
    await wrap_app_handling_exceptions(self.app, conn)(scope, receive, send)
  File "C:\Users\81026\AppData\Local\Programs\Python\Python310\lib\site-packages\starlette\_exception_handler.py", line 53, in wrapped_app
    raise exc
  File "C:\Users\81026\AppData\Local\Programs\Python\Python310\lib\site-packages\starlette\_exception_handler.py", line 42, in wrapped_app
    await app(scope, receive, sender)
  File "C:\Users\81026\AppData\Local\Programs\Python\Python310\lib\site-packages\fastapi\middleware\asyncexitstack.py", line 18, in __call__
    await self.app(scope, receive, send)
  File "C:\Users\81026\AppData\Local\Programs\Python\Python310\lib\site-packages\starlette\routing.py", line 716, in __call__
    await self.middleware_stack(scope, receive, send)
  File "C:\Users\81026\AppData\Local\Programs\Python\Python310\lib\site-packages\starlette\routing.py", line 736, in app
    await route.handle(scope, receive, send)
  File "C:\Users\81026\AppData\Local\Programs\Python\Python310\lib\site-packages\starlette\routing.py", line 290, in handle
    await self.app(scope, receive, send)
  File "C:\Users\81026\AppData\Local\Programs\Python\Python310\lib\site-packages\fastapi\routing.py", line 115, in app
    await wrap_app_handling_exceptions(app, request)(scope, receive, send)
  File "C:\Users\81026\AppData\Local\Programs\Python\Python310\lib\site-packages\starlette\_exception_handler.py", line 53, in wrapped_app
    raise exc
  File "C:\Users\81026\AppData\Local\Programs\Python\Python310\lib\site-packages\starlette\_exception_handler.py", line 42, in wrapped_app
    await app(scope, receive, sender)
  File "C:\Users\81026\AppData\Local\Programs\Python\Python310\lib\site-packages\fastapi\routing.py", line 101, in app
    response = await f(request)
  File "C:\Users\81026\AppData\Local\Programs\Python\Python310\lib\site-packages\fastapi\routing.py", line 355, in app
    raw_response = await run_endpoint_function(
  File "C:\Users\81026\AppData\Local\Programs\Python\Python310\lib\site-packages\fastapi\routing.py", line 243, in run_endpoint_function
    return await dependant.call(**values)
  File "D:\code\BugSeek\backend\app\api\v1\endpoints.py", line 207, in get_endpoints
    "endpoints": [EndpointResponse.from_orm(ep).model_dump() for ep in endpoints],
  File "D:\code\BugSeek\backend\app\api\v1\endpoints.py", line 207, in <listcomp>
    "endpoints": [EndpointResponse.from_orm(ep).model_dump() for ep in endpoints],
  File "D:\code\BugSeek\backend\app\api\v1\endpoints.py", line 72, in from_orm
    return cls(
  File "C:\Users\81026\AppData\Local\Programs\Python\Python310\lib\site-packages\pydantic\main.py", line 250, in __init__
    validated_self = self.__pydantic_validator__.validate_python(data, self_instance=self)
pydantic_core._pydantic_core.ValidationError: 1 validation error for EndpointResponse
project_id
  Input should be a valid integer [type=int_type, input_value=None, input_type=NoneType]
    For further information visit https://errors.pydantic.dev/2.12/v/int_type
2026-01-23 15:14:36 | ERROR | [045d6e1fffd6433ab97ce77e9db29b6d] | app.dependencies | 数据库会话异常: 1 validation error for EndpointResponse
project_id
  Input should be a valid integer [type=int_type, input_value=None, input_type=NoneType]
    For further information visit https://errors.pydantic.dev/2.12/v/int_type
Traceback (most recent call last):
  File "D:\code\BugSeek\backend\app\dependencies.py", line 19, in get_db
    yield db
  File "C:\Users\81026\AppData\Local\Programs\Python\Python310\lib\site-packages\fastapi\concurrency.py", line 29, in contextmanager_in_threadpool
    yield await run_in_threadpool(cm.__enter__)
  File "C:\Users\81026\AppData\Local\Programs\Python\Python310\lib\site-packages\fastapi\routing.py", line 101, in app
    response = await f(request)
  File "C:\Users\81026\AppData\Local\Programs\Python\Python310\lib\site-packages\fastapi\routing.py", line 355, in app
    raw_response = await run_endpoint_function(
  File "C:\Users\81026\AppData\Local\Programs\Python\Python310\lib\site-packages\fastapi\routing.py", line 243, in run_endpoint_function
    return await dependant.call(**values)
  File "D:\code\BugSeek\backend\app\api\v1\endpoints.py", line 207, in get_endpoints
    "endpoints": [EndpointResponse.from_orm(ep).model_dump() for ep in endpoints],
  File "D:\code\BugSeek\backend\app\api\v1\endpoints.py", line 207, in <listcomp>
    "endpoints": [EndpointResponse.from_orm(ep).model_dump() for ep in endpoints],
  File "D:\code\BugSeek\backend\app\api\v1\endpoints.py", line 72, in from_orm
    return cls(
  File "C:\Users\81026\AppData\Local\Programs\Python\Python310\lib\site-packages\pydantic\main.py", line 250, in __init__
    validated_self = self.__pydantic_validator__.validate_python(data, self_instance=self)
pydantic_core._pydantic_core.ValidationError: 1 validation error for EndpointResponse
project_id
  Input should be a valid integer [type=int_type, input_value=None, input_type=NoneType]
    For further information visit https://errors.pydantic.dev/2.12/v/int_type
2026-01-23 15:14:36 | ERROR | [045d6e1fffd6433ab97ce77e9db29b6d] | app.main | 未捕获的异常: 1 validation error for EndpointResponse
project_id
  Input should be a valid integer [type=int_type, input_value=None, input_type=NoneType]
    For further information visit https://errors.pydantic.dev/2.12/v/int_type | 路径: /api/v1/api-integration/endpoints | 方法: GET
Traceback (most recent call last):
  File "C:\Users\81026\AppData\Local\Programs\Python\Python310\lib\site-packages\starlette\middleware\errors.py", line 164, in __call__
    await self.app(scope, receive, _send)
  File "C:\Users\81026\AppData\Local\Programs\Python\Python310\lib\site-packages\starlette\middleware\cors.py", line 85, in __call__
    await self.app(scope, receive, send)
  File "C:\Users\81026\AppData\Local\Programs\Python\Python310\lib\site-packages\starlette\middleware\base.py", line 191, in __call__
    with recv_stream, send_stream, collapse_excgroups():
  File "C:\Users\81026\AppData\Local\Programs\Python\Python310\lib\contextlib.py", line 153, in __exit__
    self.gen.throw(typ, value, traceback)
  File "C:\Users\81026\AppData\Local\Programs\Python\Python310\lib\site-packages\starlette\_utils.py", line 85, in collapse_excgroups
    raise exc
  File "C:\Users\81026\AppData\Local\Programs\Python\Python310\lib\site-packages\starlette\middleware\base.py", line 193, in __call__
    response = await self.dispatch_func(request, call_next)
  File "D:\code\BugSeek\backend\app\main.py", line 29, in trace_id_middleware
    response = await call_next(request)
  File "C:\Users\81026\AppData\Local\Programs\Python\Python310\lib\site-packages\starlette\middleware\base.py", line 168, in call_next
    raise app_exc from app_exc.__cause__ or app_exc.__context__
  File "C:\Users\81026\AppData\Local\Programs\Python\Python310\lib\site-packages\starlette\middleware\base.py", line 144, in coro
    await self.app(scope, receive_or_disconnect, send_no_error)
  File "C:\Users\81026\AppData\Local\Programs\Python\Python310\lib\site-packages\starlette\middleware\exceptions.py", line 63, in __call__
    await wrap_app_handling_exceptions(self.app, conn)(scope, receive, send)
  File "C:\Users\81026\AppData\Local\Programs\Python\Python310\lib\site-packages\starlette\_exception_handler.py", line 53, in wrapped_app
    raise exc
  File "C:\Users\81026\AppData\Local\Programs\Python\Python310\lib\site-packages\starlette\_exception_handler.py", line 42, in wrapped_app
    await app(scope, receive, sender)
  File "C:\Users\81026\AppData\Local\Programs\Python\Python310\lib\site-packages\fastapi\middleware\asyncexitstack.py", line 18, in __call__
    await self.app(scope, receive, send)
  File "C:\Users\81026\AppData\Local\Programs\Python\Python310\lib\site-packages\starlette\routing.py", line 716, in __call__
    await self.middleware_stack(scope, receive, send)
  File "C:\Users\81026\AppData\Local\Programs\Python\Python310\lib\site-packages\starlette\routing.py", line 736, in app
    await route.handle(scope, receive, send)
  File "C:\Users\81026\AppData\Local\Programs\Python\Python310\lib\site-packages\starlette\routing.py", line 290, in handle
    await self.app(scope, receive, send)
  File "C:\Users\81026\AppData\Local\Programs\Python\Python310\lib\site-packages\fastapi\routing.py", line 115, in app
    await wrap_app_handling_exceptions(app, request)(scope, receive, send)
  File "C:\Users\81026\AppData\Local\Programs\Python\Python310\lib\site-packages\starlette\_exception_handler.py", line 53, in wrapped_app
    raise exc
  File "C:\Users\81026\AppData\Local\Programs\Python\Python310\lib\site-packages\starlette\_exception_handler.py", line 42, in wrapped_app
    await app(scope, receive, sender)
  File "C:\Users\81026\AppData\Local\Programs\Python\Python310\lib\site-packages\fastapi\routing.py", line 101, in app
    response = await f(request)
  File "C:\Users\81026\AppData\Local\Programs\Python\Python310\lib\site-packages\fastapi\routing.py", line 355, in app
    raw_response = await run_endpoint_function(
  File "C:\Users\81026\AppData\Local\Programs\Python\Python310\lib\site-packages\fastapi\routing.py", line 243, in run_endpoint_function
    return await dependant.call(**values)
  File "D:\code\BugSeek\backend\app\api\v1\endpoints.py", line 207, in get_endpoints
    "endpoints": [EndpointResponse.from_orm(ep).model_dump() for ep in endpoints],
  File "D:\code\BugSeek\backend\app\api\v1\endpoints.py", line 207, in <listcomp>
    "endpoints": [EndpointResponse.from_orm(ep).model_dump() for ep in endpoints],
  File "D:\code\BugSeek\backend\app\api\v1\endpoints.py", line 72, in from_orm
    return cls(
  File "C:\Users\81026\AppData\Local\Programs\Python\Python310\lib\site-packages\pydantic\main.py", line 250, in __init__
    validated_self = self.__pydantic_validator__.validate_python(data, self_instance=self)
pydantic_core._pydantic_core.ValidationError: 1 validation error for EndpointResponse
project_id
  Input should be a valid integer [type=int_type, input_value=None, input_type=NoneType]
    For further information visit https://errors.pydantic.dev/2.12/v/int_type
2026-01-23 15:14:36 | INFO | [c20d2d9c4c4841299101e809166fc140] | app.api.v1.api_integration | 获取文档列表: skip=0, limit=100, user=admin
2026-01-23 15:14:36 | INFO | [c20d2d9c4c4841299101e809166fc140] | app.api.v1.api_integration | 查询到 1 个文档
2026-01-23 15:14:36 | INFO | [4e2fbeab0f6a40e6a565716acb5b1d67] | app.api.v1.api_integration | 获取文档列表: skip=0, limit=100, user=admin
2026-01-23 15:14:36 | INFO | [4e2fbeab0f6a40e6a565716acb5b1d67] | app.api.v1.api_integration | 查询到 1 个文档
2026-01-23 15:14:37 | INFO | [d466f70034db473faee800b1869f2698] | app.api.v1.endpoints | [d466f70034db473faee800b1869f2698] 查询接口列表: skip=0, limit=100, user=admin
2026-01-23 15:14:37 | INFO | [d466f70034db473faee800b1869f2698] | app.api.v1.endpoints | [d466f70034db473faee800b1869f2698] 查询到 100 个接口，total=644
2026-01-23 15:14:37 | ERROR | [d466f70034db473faee800b1869f2698] | app.dependencies | 数据库会话异常: 1 validation error for EndpointResponse
project_id
  Input should be a valid integer [type=int_type, input_value=None, input_type=NoneType]
    For further information visit https://errors.pydantic.dev/2.12/v/int_type
Traceback (most recent call last):
  File "D:\code\BugSeek\backend\app\dependencies.py", line 19, in get_db
    yield db
  File "C:\Users\81026\AppData\Local\Programs\Python\Python310\lib\site-packages\fastapi\concurrency.py", line 29, in contextmanager_in_threadpool
    yield await run_in_threadpool(cm.__enter__)
  File "C:\Users\81026\AppData\Local\Programs\Python\Python310\lib\site-packages\fastapi\routing.py", line 101, in app
    response = await f(request)
  File "C:\Users\81026\AppData\Local\Programs\Python\Python310\lib\site-packages\fastapi\routing.py", line 355, in app
    raw_response = await run_endpoint_function(
  File "C:\Users\81026\AppData\Local\Programs\Python\Python310\lib\site-packages\fastapi\routing.py", line 243, in run_endpoint_function
    return await dependant.call(**values)
  File "D:\code\BugSeek\backend\app\api\v1\endpoints.py", line 207, in get_endpoints
    "endpoints": [EndpointResponse.from_orm(ep).model_dump() for ep in endpoints],
  File "D:\code\BugSeek\backend\app\api\v1\endpoints.py", line 207, in <listcomp>
    "endpoints": [EndpointResponse.from_orm(ep).model_dump() for ep in endpoints],
  File "D:\code\BugSeek\backend\app\api\v1\endpoints.py", line 72, in from_orm
    return cls(
  File "C:\Users\81026\AppData\Local\Programs\Python\Python310\lib\site-packages\pydantic\main.py", line 250, in __init__
    validated_self = self.__pydantic_validator__.validate_python(data, self_instance=self)
pydantic_core._pydantic_core.ValidationError: 1 validation error for EndpointResponse
project_id
  Input should be a valid integer [type=int_type, input_value=None, input_type=NoneType]
    For further information visit https://errors.pydantic.dev/2.12/v/int_type
2026-01-23 15:14:37 | INFO | [34a99ef901024ba79efc69845575fe5f] | app.api.v1.endpoints | [34a99ef901024ba79efc69845575fe5f] 查询接口列表: skip=0, limit=100, user=admin
2026-01-23 15:14:37 | INFO | [34a99ef901024ba79efc69845575fe5f] | app.api.v1.endpoints | [34a99ef901024ba79efc69845575fe5f] 查询到 100 个接口，total=644
2026-01-23 15:14:37 | ERROR | [d466f70034db473faee800b1869f2698] | app.main | 未捕获的异常: 1 validation error for EndpointResponse
project_id
  Input should be a valid integer [type=int_type, input_value=None, input_type=NoneType]
    For further information visit https://errors.pydantic.dev/2.12/v/int_type | 路径: /api/v1/api-integration/endpoints | 方法: GET
Traceback (most recent call last):
  File "C:\Users\81026\AppData\Local\Programs\Python\Python310\lib\site-packages\starlette\middleware\errors.py", line 164, in __call__
    await self.app(scope, receive, _send)
  File "C:\Users\81026\AppData\Local\Programs\Python\Python310\lib\site-packages\starlette\middleware\cors.py", line 85, in __call__
    await self.app(scope, receive, send)
  File "C:\Users\81026\AppData\Local\Programs\Python\Python310\lib\site-packages\starlette\middleware\base.py", line 191, in __call__
    with recv_stream, send_stream, collapse_excgroups():
  File "C:\Users\81026\AppData\Local\Programs\Python\Python310\lib\contextlib.py", line 153, in __exit__
    self.gen.throw(typ, value, traceback)
  File "C:\Users\81026\AppData\Local\Programs\Python\Python310\lib\site-packages\starlette\_utils.py", line 85, in collapse_excgroups
    raise exc
  File "C:\Users\81026\AppData\Local\Programs\Python\Python310\lib\site-packages\starlette\middleware\base.py", line 193, in __call__
    response = await self.dispatch_func(request, call_next)
  File "D:\code\BugSeek\backend\app\main.py", line 29, in trace_id_middleware
    response = await call_next(request)
  File "C:\Users\81026\AppData\Local\Programs\Python\Python310\lib\site-packages\starlette\middleware\base.py", line 168, in call_next
    raise app_exc from app_exc.__cause__ or app_exc.__context__
  File "C:\Users\81026\AppData\Local\Programs\Python\Python310\lib\site-packages\starlette\middleware\base.py", line 144, in coro
    await self.app(scope, receive_or_disconnect, send_no_error)
  File "C:\Users\81026\AppData\Local\Programs\Python\Python310\lib\site-packages\starlette\middleware\exceptions.py", line 63, in __call__
    await wrap_app_handling_exceptions(self.app, conn)(scope, receive, send)
  File "C:\Users\81026\AppData\Local\Programs\Python\Python310\lib\site-packages\starlette\_exception_handler.py", line 53, in wrapped_app
    raise exc
  File "C:\Users\81026\AppData\Local\Programs\Python\Python310\lib\site-packages\starlette\_exception_handler.py", line 42, in wrapped_app
    await app(scope, receive, sender)
  File "C:\Users\81026\AppData\Local\Programs\Python\Python310\lib\site-packages\fastapi\middleware\asyncexitstack.py", line 18, in __call__
    await self.app(scope, receive, send)
  File "C:\Users\81026\AppData\Local\Programs\Python\Python310\lib\site-packages\starlette\routing.py", line 716, in __call__
    await self.middleware_stack(scope, receive, send)
  File "C:\Users\81026\AppData\Local\Programs\Python\Python310\lib\site-packages\starlette\routing.py", line 736, in app
    await route.handle(scope, receive, send)
  File "C:\Users\81026\AppData\Local\Programs\Python\Python310\lib\site-packages\starlette\routing.py", line 290, in handle
    await self.app(scope, receive, send)
  File "C:\Users\81026\AppData\Local\Programs\Python\Python310\lib\site-packages\fastapi\routing.py", line 115, in app
    await wrap_app_handling_exceptions(app, request)(scope, receive, send)
  File "C:\Users\81026\AppData\Local\Programs\Python\Python310\lib\site-packages\starlette\_exception_handler.py", line 53, in wrapped_app
    raise exc
  File "C:\Users\81026\AppData\Local\Programs\Python\Python310\lib\site-packages\starlette\_exception_handler.py", line 42, in wrapped_app
    await app(scope, receive, sender)
  File "C:\Users\81026\AppData\Local\Programs\Python\Python310\lib\site-packages\fastapi\routing.py", line 101, in app
    response = await f(request)
  File "C:\Users\81026\AppData\Local\Programs\Python\Python310\lib\site-packages\fastapi\routing.py", line 355, in app
    raw_response = await run_endpoint_function(
  File "C:\Users\81026\AppData\Local\Programs\Python\Python310\lib\site-packages\fastapi\routing.py", line 243, in run_endpoint_function
    return await dependant.call(**values)
  File "D:\code\BugSeek\backend\app\api\v1\endpoints.py", line 207, in get_endpoints
    "endpoints": [EndpointResponse.from_orm(ep).model_dump() for ep in endpoints],
  File "D:\code\BugSeek\backend\app\api\v1\endpoints.py", line 207, in <listcomp>
    "endpoints": [EndpointResponse.from_orm(ep).model_dump() for ep in endpoints],
  File "D:\code\BugSeek\backend\app\api\v1\endpoints.py", line 72, in from_orm
    return cls(
  File "C:\Users\81026\AppData\Local\Programs\Python\Python310\lib\site-packages\pydantic\main.py", line 250, in __init__
    validated_self = self.__pydantic_validator__.validate_python(data, self_instance=self)
pydantic_core._pydantic_core.ValidationError: 1 validation error for EndpointResponse
project_id
  Input should be a valid integer [type=int_type, input_value=None, input_type=NoneType]
    For further information visit https://errors.pydantic.dev/2.12/v/int_type
2026-01-23 15:14:37 | ERROR | [34a99ef901024ba79efc69845575fe5f] | app.dependencies | 数据库会话异常: 1 validation error for EndpointResponse
project_id
  Input should be a valid integer [type=int_type, input_value=None, input_type=NoneType]
    For further information visit https://errors.pydantic.dev/2.12/v/int_type
Traceback (most recent call last):
  File "D:\code\BugSeek\backend\app\dependencies.py", line 19, in get_db
    yield db
  File "C:\Users\81026\AppData\Local\Programs\Python\Python310\lib\site-packages\fastapi\concurrency.py", line 29, in contextmanager_in_threadpool
    yield await run_in_threadpool(cm.__enter__)
  File "C:\Users\81026\AppData\Local\Programs\Python\Python310\lib\site-packages\fastapi\routing.py", line 101, in app
    response = await f(request)
  File "C:\Users\81026\AppData\Local\Programs\Python\Python310\lib\site-packages\fastapi\routing.py", line 355, in app
    raw_response = await run_endpoint_function(
  File "C:\Users\81026\AppData\Local\Programs\Python\Python310\lib\site-packages\fastapi\routing.py", line 243, in run_endpoint_function
    return await dependant.call(**values)
  File "D:\code\BugSeek\backend\app\api\v1\endpoints.py", line 207, in get_endpoints
    "endpoints": [EndpointResponse.from_orm(ep).model_dump() for ep in endpoints],
  File "D:\code\BugSeek\backend\app\api\v1\endpoints.py", line 207, in <listcomp>
    "endpoints": [EndpointResponse.from_orm(ep).model_dump() for ep in endpoints],
  File "D:\code\BugSeek\backend\app\api\v1\endpoints.py", line 72, in from_orm
    return cls(
  File "C:\Users\81026\AppData\Local\Programs\Python\Python310\lib\site-packages\pydantic\main.py", line 250, in __init__
    validated_self = self.__pydantic_validator__.validate_python(data, self_instance=self)
pydantic_core._pydantic_core.ValidationError: 1 validation error for EndpointResponse
project_id
  Input should be a valid integer [type=int_type, input_value=None, input_type=NoneType]
    For further information visit https://errors.pydantic.dev/2.12/v/int_type
2026-01-23 15:14:37 | ERROR | [34a99ef901024ba79efc69845575fe5f] | app.main | 未捕获的异常: 1 validation error for EndpointResponse
project_id
  Input should be a valid integer [type=int_type, input_value=None, input_type=NoneType]
    For further information visit https://errors.pydantic.dev/2.12/v/int_type | 路径: /api/v1/api-integration/endpoints | 方法: GET
Traceback (most recent call last):
  File "C:\Users\81026\AppData\Local\Programs\Python\Python310\lib\site-packages\starlette\middleware\errors.py", line 164, in __call__
    await self.app(scope, receive, _send)
  File "C:\Users\81026\AppData\Local\Programs\Python\Python310\lib\site-packages\starlette\middleware\cors.py", line 85, in __call__
    await self.app(scope, receive, send)
  File "C:\Users\81026\AppData\Local\Programs\Python\Python310\lib\site-packages\starlette\middleware\base.py", line 191, in __call__
    with recv_stream, send_stream, collapse_excgroups():
  File "C:\Users\81026\AppData\Local\Programs\Python\Python310\lib\contextlib.py", line 153, in __exit__
    self.gen.throw(typ, value, traceback)
  File "C:\Users\81026\AppData\Local\Programs\Python\Python310\lib\site-packages\starlette\_utils.py", line 85, in collapse_excgroups
    raise exc
  File "C:\Users\81026\AppData\Local\Programs\Python\Python310\lib\site-packages\starlette\middleware\base.py", line 193, in __call__
    response = await self.dispatch_func(request, call_next)
  File "D:\code\BugSeek\backend\app\main.py", line 29, in trace_id_middleware
    response = await call_next(request)
  File "C:\Users\81026\AppData\Local\Programs\Python\Python310\lib\site-packages\starlette\middleware\base.py", line 168, in call_next
    raise app_exc from app_exc.__cause__ or app_exc.__context__
  File "C:\Users\81026\AppData\Local\Programs\Python\Python310\lib\site-packages\starlette\middleware\base.py", line 144, in coro
    await self.app(scope, receive_or_disconnect, send_no_error)
  File "C:\Users\81026\AppData\Local\Programs\Python\Python310\lib\site-packages\starlette\middleware\exceptions.py", line 63, in __call__
    await wrap_app_handling_exceptions(self.app, conn)(scope, receive, send)
  File "C:\Users\81026\AppData\Local\Programs\Python\Python310\lib\site-packages\starlette\_exception_handler.py", line 53, in wrapped_app
    raise exc
  File "C:\Users\81026\AppData\Local\Programs\Python\Python310\lib\site-packages\starlette\_exception_handler.py", line 42, in wrapped_app
    await app(scope, receive, sender)
  File "C:\Users\81026\AppData\Local\Programs\Python\Python310\lib\site-packages\fastapi\middleware\asyncexitstack.py", line 18, in __call__
    await self.app(scope, receive, send)
  File "C:\Users\81026\AppData\Local\Programs\Python\Python310\lib\site-packages\starlette\routing.py", line 716, in __call__
    await self.middleware_stack(scope, receive, send)
  File "C:\Users\81026\AppData\Local\Programs\Python\Python310\lib\site-packages\starlette\routing.py", line 736, in app
    await route.handle(scope, receive, send)
  File "C:\Users\81026\AppData\Local\Programs\Python\Python310\lib\site-packages\starlette\routing.py", line 290, in handle
    await self.app(scope, receive, send)
  File "C:\Users\81026\AppData\Local\Programs\Python\Python310\lib\site-packages\fastapi\routing.py", line 115, in app
    await wrap_app_handling_exceptions(app, request)(scope, receive, send)
  File "C:\Users\81026\AppData\Local\Programs\Python\Python310\lib\site-packages\starlette\_exception_handler.py", line 53, in wrapped_app
    raise exc
  File "C:\Users\81026\AppData\Local\Programs\Python\Python310\lib\site-packages\starlette\_exception_handler.py", line 42, in wrapped_app
    await app(scope, receive, sender)
  File "C:\Users\81026\AppData\Local\Programs\Python\Python310\lib\site-packages\fastapi\routing.py", line 101, in app
    response = await f(request)
  File "C:\Users\81026\AppData\Local\Programs\Python\Python310\lib\site-packages\fastapi\routing.py", line 355, in app
    raw_response = await run_endpoint_function(
  File "C:\Users\81026\AppData\Local\Programs\Python\Python310\lib\site-packages\fastapi\routing.py", line 243, in run_endpoint_function
    return await dependant.call(**values)
  File "D:\code\BugSeek\backend\app\api\v1\endpoints.py", line 207, in get_endpoints
    "endpoints": [EndpointResponse.from_orm(ep).model_dump() for ep in endpoints],
  File "D:\code\BugSeek\backend\app\api\v1\endpoints.py", line 207, in <listcomp>
    "endpoints": [EndpointResponse.from_orm(ep).model_dump() for ep in endpoints],
  File "D:\code\BugSeek\backend\app\api\v1\endpoints.py", line 72, in from_orm
    return cls(
  File "C:\Users\81026\AppData\Local\Programs\Python\Python310\lib\site-packages\pydantic\main.py", line 250, in __init__
    validated_self = self.__pydantic_validator__.validate_python(data, self_instance=self)
pydantic_core._pydantic_core.ValidationError: 1 validation error for EndpointResponse
project_id
  Input should be a valid integer [type=int_type, input_value=None, input_type=NoneType]
    For further information visit https://errors.pydantic.dev/2.12/v/int_type
2026-01-23 15:14:44 | INFO | [2ed0f467e9364288bc572c8e7d5dd782] | app.api.v1.projects | [2ed0f467e9364288bc572c8e7d5dd782] 用户 admin 获取项目列表: page=1, page_size=100
2026-01-23 15:14:44 | INFO | [2ed0f467e9364288bc572c8e7d5dd782] | app.api.v1.projects | [2ed0f467e9364288bc572c8e7d5dd782] 获取项目列表成功: total=1
2026-01-23 15:14:44 | INFO | [617f3cdc62e94f01913afef3df3ec170] | app.api.v1.projects | [617f3cdc62e94f01913afef3df3ec170] 用户 admin 获取项目列表: page=1, page_size=100
2026-01-23 15:14:44 | INFO | [617f3cdc62e94f01913afef3df3ec170] | app.api.v1.projects | [617f3cdc62e94f01913afef3df3ec170] 获取项目列表成功: total=1
2026-01-23 15:14:44 | INFO | [97c9da0e992245c4872bad30b2a14991] | app.api.v1.versions | [97c9da0e992245c4872bad30b2a14991] 用户 admin 获取版本列表: project_id=1, page=1, page_size=100
2026-01-23 15:14:44 | INFO | [97c9da0e992245c4872bad30b2a14991] | app.api.v1.versions | [97c9da0e992245c4872bad30b2a14991] 用户 admin 查看版本列表 项目 inventree (id=1) 的版本
2026-01-23 15:14:44 | INFO | [97c9da0e992245c4872bad30b2a14991] | app.api.v1.versions | [97c9da0e992245c4872bad30b2a14991] 获取版本列表成功: total=2
2026-01-23 15:14:44 | INFO | [fdb7e809dbe44ae9a479eace3c54de28] | app.api.v1.projects | [fdb7e809dbe44ae9a479eace3c54de28] 用户 admin 获取项目列表: page=1, page_size=100
2026-01-23 15:14:44 | INFO | [fdb7e809dbe44ae9a479eace3c54de28] | app.api.v1.projects | [fdb7e809dbe44ae9a479eace3c54de28] 获取项目列表成功: total=1
2026-01-23 15:14:44 | INFO | [4982c6b94c7c451e8f7bbef23a773a46] | app.api.v1.versions | [4982c6b94c7c451e8f7bbef23a773a46] 用户 admin 获取版本列表: project_id=1, page=1, page_size=100
2026-01-23 15:14:44 | INFO | [4982c6b94c7c451e8f7bbef23a773a46] | app.api.v1.versions | [4982c6b94c7c451e8f7bbef23a773a46] 用户 admin 查看版本列表 项目 inventree (id=1) 的版本
2026-01-23 15:14:44 | INFO | [4982c6b94c7c451e8f7bbef23a773a46] | app.api.v1.versions | [4982c6b94c7c451e8f7bbef23a773a46] 获取版本列表成功: total=2
2026-01-23 15:14:44 | INFO | [f0c1d6c035bc47b987fd76eed5bb0836] | app.api.v1.projects | [f0c1d6c035bc47b987fd76eed5bb0836] 用户 admin 获取项目列表: page=1, page_size=100
2026-01-23 15:14:44 | INFO | [f0c1d6c035bc47b987fd76eed5bb0836] | app.api.v1.projects | [f0c1d6c035bc47b987fd76eed5bb0836] 获取项目列表成功: total=1
2026-01-23 15:14:52 | INFO | [eba67172fd0b48c4a3d6e3fb4babb40a] | app.api.v1.endpoints | [eba67172fd0b48c4a3d6e3fb4babb40a] 查询接口列表: skip=0, limit=100, user=admin
2026-01-23 15:14:52 | INFO | [eba67172fd0b48c4a3d6e3fb4babb40a] | app.api.v1.endpoints | [eba67172fd0b48c4a3d6e3fb4babb40a] 查询到 100 个接口，total=644
2026-01-23 15:14:52 | ERROR | [eba67172fd0b48c4a3d6e3fb4babb40a] | app.dependencies | 数据库会话异常: 1 validation error for EndpointResponse
project_id
  Input should be a valid integer [type=int_type, input_value=None, input_type=NoneType]
    For further information visit https://errors.pydantic.dev/2.12/v/int_type
Traceback (most recent call last):
  File "D:\code\BugSeek\backend\app\dependencies.py", line 19, in get_db
    yield db
  File "C:\Users\81026\AppData\Local\Programs\Python\Python310\lib\site-packages\fastapi\concurrency.py", line 29, in contextmanager_in_threadpool
    yield await run_in_threadpool(cm.__enter__)
  File "C:\Users\81026\AppData\Local\Programs\Python\Python310\lib\site-packages\fastapi\routing.py", line 101, in app
    response = await f(request)
  File "C:\Users\81026\AppData\Local\Programs\Python\Python310\lib\site-packages\fastapi\routing.py", line 355, in app
    raw_response = await run_endpoint_function(
  File "C:\Users\81026\AppData\Local\Programs\Python\Python310\lib\site-packages\fastapi\routing.py", line 243, in run_endpoint_function
    return await dependant.call(**values)
  File "D:\code\BugSeek\backend\app\api\v1\endpoints.py", line 207, in get_endpoints
    "endpoints": [EndpointResponse.from_orm(ep).model_dump() for ep in endpoints],
  File "D:\code\BugSeek\backend\app\api\v1\endpoints.py", line 207, in <listcomp>
    "endpoints": [EndpointResponse.from_orm(ep).model_dump() for ep in endpoints],
  File "D:\code\BugSeek\backend\app\api\v1\endpoints.py", line 72, in from_orm
    return cls(
  File "C:\Users\81026\AppData\Local\Programs\Python\Python310\lib\site-packages\pydantic\main.py", line 250, in __init__
    validated_self = self.__pydantic_validator__.validate_python(data, self_instance=self)
pydantic_core._pydantic_core.ValidationError: 1 validation error for EndpointResponse
project_id
  Input should be a valid integer [type=int_type, input_value=None, input_type=NoneType]
    For further information visit https://errors.pydantic.dev/2.12/v/int_type
2026-01-23 15:14:52 | INFO | [2fb8ffd9651b41c486f131f289ef50b2] | app.api.v1.endpoints | [2fb8ffd9651b41c486f131f289ef50b2] 查询接口列表: skip=0, limit=100, user=admin
2026-01-23 15:14:52 | INFO | [2fb8ffd9651b41c486f131f289ef50b2] | app.api.v1.endpoints | [2fb8ffd9651b41c486f131f289ef50b2] 查询到 100 个接口，total=644
2026-01-23 15:14:52 | ERROR | [2fb8ffd9651b41c486f131f289ef50b2] | app.dependencies | 数据库会话异常: 1 validation error for EndpointResponse
project_id
  Input should be a valid integer [type=int_type, input_value=None, input_type=NoneType]
    For further information visit https://errors.pydantic.dev/2.12/v/int_type
Traceback (most recent call last):
  File "D:\code\BugSeek\backend\app\dependencies.py", line 19, in get_db
    yield db
  File "C:\Users\81026\AppData\Local\Programs\Python\Python310\lib\site-packages\fastapi\concurrency.py", line 29, in contextmanager_in_threadpool
    yield await run_in_threadpool(cm.__enter__)
  File "C:\Users\81026\AppData\Local\Programs\Python\Python310\lib\site-packages\fastapi\routing.py", line 101, in app
    response = await f(request)
  File "C:\Users\81026\AppData\Local\Programs\Python\Python310\lib\site-packages\fastapi\routing.py", line 355, in app
    raw_response = await run_endpoint_function(
  File "C:\Users\81026\AppData\Local\Programs\Python\Python310\lib\site-packages\fastapi\routing.py", line 243, in run_endpoint_function
    return await dependant.call(**values)
  File "D:\code\BugSeek\backend\app\api\v1\endpoints.py", line 207, in get_endpoints
    "endpoints": [EndpointResponse.from_orm(ep).model_dump() for ep in endpoints],
  File "D:\code\BugSeek\backend\app\api\v1\endpoints.py", line 207, in <listcomp>
    "endpoints": [EndpointResponse.from_orm(ep).model_dump() for ep in endpoints],
  File "D:\code\BugSeek\backend\app\api\v1\endpoints.py", line 72, in from_orm
    return cls(
  File "C:\Users\81026\AppData\Local\Programs\Python\Python310\lib\site-packages\pydantic\main.py", line 250, in __init__
    validated_self = self.__pydantic_validator__.validate_python(data, self_instance=self)
pydantic_core._pydantic_core.ValidationError: 1 validation error for EndpointResponse
project_id
  Input should be a valid integer [type=int_type, input_value=None, input_type=NoneType]
    For further information visit https://errors.pydantic.dev/2.12/v/int_type
2026-01-23 15:14:52 | ERROR | [eba67172fd0b48c4a3d6e3fb4babb40a] | app.main | 未捕获的异常: 1 validation error for EndpointResponse
project_id
  Input should be a valid integer [type=int_type, input_value=None, input_type=NoneType]
    For further information visit https://errors.pydantic.dev/2.12/v/int_type | 路径: /api/v1/api-integration/endpoints | 方法: GET
Traceback (most recent call last):
  File "C:\Users\81026\AppData\Local\Programs\Python\Python310\lib\site-packages\starlette\middleware\errors.py", line 164, in __call__
    await self.app(scope, receive, _send)
  File "C:\Users\81026\AppData\Local\Programs\Python\Python310\lib\site-packages\starlette\middleware\cors.py", line 85, in __call__
    await self.app(scope, receive, send)
  File "C:\Users\81026\AppData\Local\Programs\Python\Python310\lib\site-packages\starlette\middleware\base.py", line 191, in __call__
    with recv_stream, send_stream, collapse_excgroups():
  File "C:\Users\81026\AppData\Local\Programs\Python\Python310\lib\contextlib.py", line 153, in __exit__
    self.gen.throw(typ, value, traceback)
  File "C:\Users\81026\AppData\Local\Programs\Python\Python310\lib\site-packages\starlette\_utils.py", line 85, in collapse_excgroups
    raise exc
  File "C:\Users\81026\AppData\Local\Programs\Python\Python310\lib\site-packages\starlette\middleware\base.py", line 193, in __call__
    response = await self.dispatch_func(request, call_next)
  File "D:\code\BugSeek\backend\app\main.py", line 29, in trace_id_middleware
    response = await call_next(request)
  File "C:\Users\81026\AppData\Local\Programs\Python\Python310\lib\site-packages\starlette\middleware\base.py", line 168, in call_next
    raise app_exc from app_exc.__cause__ or app_exc.__context__
  File "C:\Users\81026\AppData\Local\Programs\Python\Python310\lib\site-packages\starlette\middleware\base.py", line 144, in coro
    await self.app(scope, receive_or_disconnect, send_no_error)
  File "C:\Users\81026\AppData\Local\Programs\Python\Python310\lib\site-packages\starlette\middleware\exceptions.py", line 63, in __call__
    await wrap_app_handling_exceptions(self.app, conn)(scope, receive, send)
  File "C:\Users\81026\AppData\Local\Programs\Python\Python310\lib\site-packages\starlette\_exception_handler.py", line 53, in wrapped_app
    raise exc
  File "C:\Users\81026\AppData\Local\Programs\Python\Python310\lib\site-packages\starlette\_exception_handler.py", line 42, in wrapped_app
    await app(scope, receive, sender)
  File "C:\Users\81026\AppData\Local\Programs\Python\Python310\lib\site-packages\fastapi\middleware\asyncexitstack.py", line 18, in __call__
    await self.app(scope, receive, send)
  File "C:\Users\81026\AppData\Local\Programs\Python\Python310\lib\site-packages\starlette\routing.py", line 716, in __call__
    await self.middleware_stack(scope, receive, send)
  File "C:\Users\81026\AppData\Local\Programs\Python\Python310\lib\site-packages\starlette\routing.py", line 736, in app
    await route.handle(scope, receive, send)
  File "C:\Users\81026\AppData\Local\Programs\Python\Python310\lib\site-packages\starlette\routing.py", line 290, in handle
    await self.app(scope, receive, send)
  File "C:\Users\81026\AppData\Local\Programs\Python\Python310\lib\site-packages\fastapi\routing.py", line 115, in app
    await wrap_app_handling_exceptions(app, request)(scope, receive, send)
  File "C:\Users\81026\AppData\Local\Programs\Python\Python310\lib\site-packages\starlette\_exception_handler.py", line 53, in wrapped_app
    raise exc
  File "C:\Users\81026\AppData\Local\Programs\Python\Python310\lib\site-packages\starlette\_exception_handler.py", line 42, in wrapped_app
    await app(scope, receive, sender)
  File "C:\Users\81026\AppData\Local\Programs\Python\Python310\lib\site-packages\fastapi\routing.py", line 101, in app
    response = await f(request)
  File "C:\Users\81026\AppData\Local\Programs\Python\Python310\lib\site-packages\fastapi\routing.py", line 355, in app
    raw_response = await run_endpoint_function(
  File "C:\Users\81026\AppData\Local\Programs\Python\Python310\lib\site-packages\fastapi\routing.py", line 243, in run_endpoint_function
    return await dependant.call(**values)
  File "D:\code\BugSeek\backend\app\api\v1\endpoints.py", line 207, in get_endpoints
    "endpoints": [EndpointResponse.from_orm(ep).model_dump() for ep in endpoints],
  File "D:\code\BugSeek\backend\app\api\v1\endpoints.py", line 207, in <listcomp>
    "endpoints": [EndpointResponse.from_orm(ep).model_dump() for ep in endpoints],
  File "D:\code\BugSeek\backend\app\api\v1\endpoints.py", line 72, in from_orm
    return cls(
  File "C:\Users\81026\AppData\Local\Programs\Python\Python310\lib\site-packages\pydantic\main.py", line 250, in __init__
    validated_self = self.__pydantic_validator__.validate_python(data, self_instance=self)
pydantic_core._pydantic_core.ValidationError: 1 validation error for EndpointResponse
project_id
  Input should be a valid integer [type=int_type, input_value=None, input_type=NoneType]
    For further information visit https://errors.pydantic.dev/2.12/v/int_type
2026-01-23 15:14:52 | ERROR | [2fb8ffd9651b41c486f131f289ef50b2] | app.main | 未捕获的异常: 1 validation error for EndpointResponse
project_id
  Input should be a valid integer [type=int_type, input_value=None, input_type=NoneType]
    For further information visit https://errors.pydantic.dev/2.12/v/int_type | 路径: /api/v1/api-integration/endpoints | 方法: GET
Traceback (most recent call last):
  File "C:\Users\81026\AppData\Local\Programs\Python\Python310\lib\site-packages\starlette\middleware\errors.py", line 164, in __call__
    await self.app(scope, receive, _send)
  File "C:\Users\81026\AppData\Local\Programs\Python\Python310\lib\site-packages\starlette\middleware\cors.py", line 85, in __call__
    await self.app(scope, receive, send)
  File "C:\Users\81026\AppData\Local\Programs\Python\Python310\lib\site-packages\starlette\middleware\base.py", line 191, in __call__
    with recv_stream, send_stream, collapse_excgroups():
  File "C:\Users\81026\AppData\Local\Programs\Python\Python310\lib\contextlib.py", line 153, in __exit__
    self.gen.throw(typ, value, traceback)
  File "C:\Users\81026\AppData\Local\Programs\Python\Python310\lib\site-packages\starlette\_utils.py", line 85, in collapse_excgroups
    raise exc
  File "C:\Users\81026\AppData\Local\Programs\Python\Python310\lib\site-packages\starlette\middleware\base.py", line 193, in __call__
    response = await self.dispatch_func(request, call_next)
  File "D:\code\BugSeek\backend\app\main.py", line 29, in trace_id_middleware
    response = await call_next(request)
  File "C:\Users\81026\AppData\Local\Programs\Python\Python310\lib\site-packages\starlette\middleware\base.py", line 168, in call_next
    raise app_exc from app_exc.__cause__ or app_exc.__context__
  File "C:\Users\81026\AppData\Local\Programs\Python\Python310\lib\site-packages\starlette\middleware\base.py", line 144, in coro
    await self.app(scope, receive_or_disconnect, send_no_error)
  File "C:\Users\81026\AppData\Local\Programs\Python\Python310\lib\site-packages\starlette\middleware\exceptions.py", line 63, in __call__
    await wrap_app_handling_exceptions(self.app, conn)(scope, receive, send)
  File "C:\Users\81026\AppData\Local\Programs\Python\Python310\lib\site-packages\starlette\_exception_handler.py", line 53, in wrapped_app
    raise exc
  File "C:\Users\81026\AppData\Local\Programs\Python\Python310\lib\site-packages\starlette\_exception_handler.py", line 42, in wrapped_app
    await app(scope, receive, sender)
  File "C:\Users\81026\AppData\Local\Programs\Python\Python310\lib\site-packages\fastapi\middleware\asyncexitstack.py", line 18, in __call__
    await self.app(scope, receive, send)
  File "C:\Users\81026\AppData\Local\Programs\Python\Python310\lib\site-packages\starlette\routing.py", line 716, in __call__
    await self.middleware_stack(scope, receive, send)
  File "C:\Users\81026\AppData\Local\Programs\Python\Python310\lib\site-packages\starlette\routing.py", line 736, in app
    await route.handle(scope, receive, send)
  File "C:\Users\81026\AppData\Local\Programs\Python\Python310\lib\site-packages\starlette\routing.py", line 290, in handle
    await self.app(scope, receive, send)
  File "C:\Users\81026\AppData\Local\Programs\Python\Python310\lib\site-packages\fastapi\routing.py", line 115, in app
    await wrap_app_handling_exceptions(app, request)(scope, receive, send)
  File "C:\Users\81026\AppData\Local\Programs\Python\Python310\lib\site-packages\starlette\_exception_handler.py", line 53, in wrapped_app
    raise exc
  File "C:\Users\81026\AppData\Local\Programs\Python\Python310\lib\site-packages\starlette\_exception_handler.py", line 42, in wrapped_app
    await app(scope, receive, sender)
  File "C:\Users\81026\AppData\Local\Programs\Python\Python310\lib\site-packages\fastapi\routing.py", line 101, in app
    response = await f(request)
  File "C:\Users\81026\AppData\Local\Programs\Python\Python310\lib\site-packages\fastapi\routing.py", line 355, in app
    raw_response = await run_endpoint_function(
  File "C:\Users\81026\AppData\Local\Programs\Python\Python310\lib\site-packages\fastapi\routing.py", line 243, in run_endpoint_function
    return await dependant.call(**values)
  File "D:\code\BugSeek\backend\app\api\v1\endpoints.py", line 207, in get_endpoints
    "endpoints": [EndpointResponse.from_orm(ep).model_dump() for ep in endpoints],
  File "D:\code\BugSeek\backend\app\api\v1\endpoints.py", line 207, in <listcomp>
    "endpoints": [EndpointResponse.from_orm(ep).model_dump() for ep in endpoints],
  File "D:\code\BugSeek\backend\app\api\v1\endpoints.py", line 72, in from_orm
    return cls(
  File "C:\Users\81026\AppData\Local\Programs\Python\Python310\lib\site-packages\pydantic\main.py", line 250, in __init__
    validated_self = self.__pydantic_validator__.validate_python(data, self_instance=self)
pydantic_core._pydantic_core.ValidationError: 1 validation error for EndpointResponse
project_id
  Input should be a valid integer [type=int_type, input_value=None, input_type=NoneType]
    For further information visit https://errors.pydantic.dev/2.12/v/int_type
2026-01-23 15:14:54 | INFO | [a1993fac9c4b40e4aae05032739eb25a] | app.api.v1.api_integration | 获取文档列表: skip=0, limit=100, user=admin
2026-01-23 15:14:54 | INFO | [a1993fac9c4b40e4aae05032739eb25a] | app.api.v1.api_integration | 查询到 1 个文档
2026-01-23 15:14:54 | INFO | [543d0a89a02c43b88f9a7213993ea1cd] | app.api.v1.api_integration | 获取文档列表: skip=0, limit=100, user=admin
2026-01-23 15:14:54 | INFO | [543d0a89a02c43b88f9a7213993ea1cd] | app.api.v1.api_integration | 查询到 1 个文档
2026-01-23 15:15:21 | INFO | [5f9827d6b1de4d83a60ce5972f3c9832] | app.api.v1.auth | 用户登录请求: username=admin
2026-01-23 15:15:21 | INFO | [5f9827d6b1de4d83a60ce5972f3c9832] | app.api.v1.auth | 用户登录成功: user_id=1, username=admin
2026-01-23 15:15:21 | INFO | [51e4303d8b2e41759356bf5d33bf5c7c] | app.api.v1.projects | [51e4303d8b2e41759356bf5d33bf5c7c] 用户 admin 获取项目列表: page=1, page_size=100
2026-01-23 15:15:21 | INFO | [51e4303d8b2e41759356bf5d33bf5c7c] | app.api.v1.projects | [51e4303d8b2e41759356bf5d33bf5c7c] 获取项目列表成功: total=1
2026-01-23 15:15:21 | INFO | [5af0822fee8e433cbe42125ff261bab8] | app.api.v1.versions | [5af0822fee8e433cbe42125ff261bab8] 用户 admin 获取版本列表: project_id=1, page=1, page_size=100
2026-01-23 15:15:21 | INFO | [5af0822fee8e433cbe42125ff261bab8] | app.api.v1.versions | [5af0822fee8e433cbe42125ff261bab8] 用户 admin 查看版本列表 项目 inventree (id=1) 的版本
2026-01-23 15:15:21 | INFO | [5af0822fee8e433cbe42125ff261bab8] | app.api.v1.versions | [5af0822fee8e433cbe42125ff261bab8] 获取版本列表成功: total=2
2026-01-23 15:15:21 | INFO | [903e87c75103410a8936fd9169c853e4] | app.api.v1.versions | [903e87c75103410a8936fd9169c853e4] 用户 admin 获取版本列表: project_id=1, page=1, page_size=100
2026-01-23 15:15:21 | INFO | [903e87c75103410a8936fd9169c853e4] | app.api.v1.versions | [903e87c75103410a8936fd9169c853e4] 用户 admin 查看版本列表 项目 inventree (id=1) 的版本
2026-01-23 15:15:21 | INFO | [903e87c75103410a8936fd9169c853e4] | app.api.v1.versions | [903e87c75103410a8936fd9169c853e4] 获取版本列表成功: total=2
2026-01-23 15:15:21 | INFO | [b0b06ed279694e1e9651b7e7dc7fd234] | app.api.v1.projects | [b0b06ed279694e1e9651b7e7dc7fd234] 用户 admin 获取项目列表: page=1, page_size=100
2026-01-23 15:15:21 | INFO | [b0b06ed279694e1e9651b7e7dc7fd234] | app.api.v1.projects | [b0b06ed279694e1e9651b7e7dc7fd234] 获取项目列表成功: total=1
2026-01-23 15:15:21 | INFO | [8a57028c7b7d4a4fbfdbf166c89f9fdc] | app.api.v1.projects | [8a57028c7b7d4a4fbfdbf166c89f9fdc] 用户 admin 获取项目列表: page=1, page_size=100
2026-01-23 15:15:21 | INFO | [8a57028c7b7d4a4fbfdbf166c89f9fdc] | app.api.v1.projects | [8a57028c7b7d4a4fbfdbf166c89f9fdc] 获取项目列表成功: total=1
2026-01-23 15:15:21 | INFO | [4a4eb9a9fbe04fd19bd8e049b2cc0cfb] | app.api.v1.projects | [4a4eb9a9fbe04fd19bd8e049b2cc0cfb] 用户 admin 获取项目列表: page=1, page_size=100
2026-01-23 15:15:21 | INFO | [4a4eb9a9fbe04fd19bd8e049b2cc0cfb] | app.api.v1.projects | [4a4eb9a9fbe04fd19bd8e049b2cc0cfb] 获取项目列表成功: total=1
2026-01-23 15:15:29 | INFO | [dd18f86cdece46d298d5a9b714993ada] | app.api.v1.api_integration | 获取文档列表: skip=0, limit=100, user=admin
2026-01-23 15:15:29 | INFO | [dd18f86cdece46d298d5a9b714993ada] | app.api.v1.api_integration | 查询到 1 个文档
2026-01-23 15:15:29 | INFO | [495eaba49c9d4c51a6f820dc9a2fa474] | app.api.v1.api_integration | 获取文档列表: skip=0, limit=100, user=admin
2026-01-23 15:15:29 | INFO | [495eaba49c9d4c51a6f820dc9a2fa474] | app.api.v1.api_integration | 查询到 1 个文档
2026-01-23 15:15:37 | INFO | [a200ea1e2a374c4d8de76dddc1767773] | app.api.v1.projects | [a200ea1e2a374c4d8de76dddc1767773] 用户 admin 获取项目列表: page=1, page_size=100
2026-01-23 15:15:37 | INFO | [a200ea1e2a374c4d8de76dddc1767773] | app.api.v1.projects | [a200ea1e2a374c4d8de76dddc1767773] 获取项目列表成功: total=1
2026-01-23 15:15:37 | INFO | [526a693c26cd4de2b3ce985e92dcd8ca] | app.api.v1.projects | [526a693c26cd4de2b3ce985e92dcd8ca] 用户 admin 获取项目列表: page=1, page_size=100
2026-01-23 15:15:37 | INFO | [526a693c26cd4de2b3ce985e92dcd8ca] | app.api.v1.projects | [526a693c26cd4de2b3ce985e92dcd8ca] 获取项目列表成功: total=1
2026-01-23 15:15:37 | INFO | [93bc1e661b48472584b14079925af286] | app.api.v1.versions | [93bc1e661b48472584b14079925af286] 用户 admin 获取版本列表: project_id=1, page=1, page_size=100
2026-01-23 15:15:37 | INFO | [93bc1e661b48472584b14079925af286] | app.api.v1.versions | [93bc1e661b48472584b14079925af286] 用户 admin 查看版本列表 项目 inventree (id=1) 的版本
2026-01-23 15:15:37 | INFO | [93bc1e661b48472584b14079925af286] | app.api.v1.versions | [93bc1e661b48472584b14079925af286] 获取版本列表成功: total=2
2026-01-23 15:15:37 | INFO | [e05325052b214e6cb734fd0ec211c140] | app.api.v1.versions | [e05325052b214e6cb734fd0ec211c140] 用户 admin 获取版本列表: project_id=1, page=1, page_size=100
2026-01-23 15:15:37 | INFO | [e05325052b214e6cb734fd0ec211c140] | app.api.v1.versions | [e05325052b214e6cb734fd0ec211c140] 用户 admin 查看版本列表 项目 inventree (id=1) 的版本
2026-01-23 15:15:37 | INFO | [e05325052b214e6cb734fd0ec211c140] | app.api.v1.versions | [e05325052b214e6cb734fd0ec211c140] 获取版本列表成功: total=2
2026-01-23 15:15:37 | INFO | [4fb2c3e396334ce2b5bd8befad21d31f] | app.api.v1.projects | [4fb2c3e396334ce2b5bd8befad21d31f] 用户 admin 获取项目列表: page=1, page_size=100
2026-01-23 15:15:37 | INFO | [4fb2c3e396334ce2b5bd8befad21d31f] | app.api.v1.projects | [4fb2c3e396334ce2b5bd8befad21d31f] 获取项目列表成功: total=1
2026-01-23 15:15:37 | INFO | [16041598651b42f4942701583fb289e2] | app.api.v1.projects | [16041598651b42f4942701583fb289e2] 用户 admin 获取项目列表: page=1, page_size=100
2026-01-23 15:15:37 | INFO | [16041598651b42f4942701583fb289e2] | app.api.v1.projects | [16041598651b42f4942701583fb289e2] 获取项目列表成功: total=1
2026-01-23 15:16:14 | INFO | [aec8660e52fb4a3ab2cd75dbe3ef336a] | app.api.v1.api_integration | 获取文档列表: skip=0, limit=100, user=admin
2026-01-23 15:16:14 | INFO | [aec8660e52fb4a3ab2cd75dbe3ef336a] | app.api.v1.api_integration | 查询到 1 个文档
2026-01-23 15:16:14 | INFO | [de4d7b31a8e947049e5258e286e75b4b] | app.api.v1.api_integration | 获取文档列表: skip=0, limit=100, user=admin
2026-01-23 15:16:14 | INFO | [de4d7b31a8e947049e5258e286e75b4b] | app.api.v1.api_integration | 查询到 1 个文档
2026-01-23 15:16:59 | INFO | [bbdc564d6f8e4332a04f36cdf6d11b92] | app.api.v1.projects | [bbdc564d6f8e4332a04f36cdf6d11b92] 用户 admin 获取项目列表: page=1, page_size=100
2026-01-23 15:16:59 | INFO | [bbdc564d6f8e4332a04f36cdf6d11b92] | app.api.v1.projects | [bbdc564d6f8e4332a04f36cdf6d11b92] 获取项目列表成功: total=1
2026-01-23 15:16:59 | INFO | [fb3520683baf42f0b42c2dce38c93c5e] | app.api.v1.api_integration | 获取文档列表: skip=0, limit=100, user=admin
2026-01-23 15:16:59 | INFO | [fb3520683baf42f0b42c2dce38c93c5e] | app.api.v1.api_integration | 查询到 1 个文档
2026-01-23 15:16:59 | INFO | [7d88fa23438c40e384e1c827a6722ed1] | app.api.v1.projects | [7d88fa23438c40e384e1c827a6722ed1] 用户 admin 获取项目列表: page=1, page_size=100
2026-01-23 15:16:59 | INFO | [7d88fa23438c40e384e1c827a6722ed1] | app.api.v1.projects | [7d88fa23438c40e384e1c827a6722ed1] 获取项目列表成功: total=1
2026-01-23 15:16:59 | INFO | [c78ee3dbed8342919448e1e1fe243b6d] | app.api.v1.versions | [c78ee3dbed8342919448e1e1fe243b6d] 用户 admin 获取版本列表: project_id=1, page=1, page_size=100
2026-01-23 15:16:59 | INFO | [c78ee3dbed8342919448e1e1fe243b6d] | app.api.v1.versions | [c78ee3dbed8342919448e1e1fe243b6d] 用户 admin 查看版本列表 项目 inventree (id=1) 的版本
2026-01-23 15:16:59 | INFO | [c78ee3dbed8342919448e1e1fe243b6d] | app.api.v1.versions | [c78ee3dbed8342919448e1e1fe243b6d] 获取版本列表成功: total=2
2026-01-23 15:16:59 | INFO | [d4a99c61947f486c847793eb01448ec7] | app.api.v1.api_integration | 获取文档列表: skip=0, limit=100, user=admin
2026-01-23 15:16:59 | INFO | [d4a99c61947f486c847793eb01448ec7] | app.api.v1.api_integration | 查询到 1 个文档
2026-01-23 15:16:59 | INFO | [fd6c2c9a1bd2415182b08909424b8a19] | app.api.v1.projects | [fd6c2c9a1bd2415182b08909424b8a19] 用户 admin 获取项目列表: page=1, page_size=100
2026-01-23 15:16:59 | INFO | [fd6c2c9a1bd2415182b08909424b8a19] | app.api.v1.projects | [fd6c2c9a1bd2415182b08909424b8a19] 获取项目列表成功: total=1
2026-01-23 15:16:59 | INFO | [3a4f3ab296e54b54938f55a00f24c811] | app.api.v1.versions | [3a4f3ab296e54b54938f55a00f24c811] 用户 admin 获取版本列表: project_id=1, page=1, page_size=100
2026-01-23 15:16:59 | INFO | [3a4f3ab296e54b54938f55a00f24c811] | app.api.v1.versions | [3a4f3ab296e54b54938f55a00f24c811] 用户 admin 查看版本列表 项目 inventree (id=1) 的版本
2026-01-23 15:16:59 | INFO | [3a4f3ab296e54b54938f55a00f24c811] | app.api.v1.versions | [3a4f3ab296e54b54938f55a00f24c811] 获取版本列表成功: total=2
2026-01-23 15:16:59 | INFO | [a3c11a8fc3c24439a55d949483ca3b3b] | app.api.v1.projects | [a3c11a8fc3c24439a55d949483ca3b3b] 用户 admin 获取项目列表: page=1, page_size=100
2026-01-23 15:16:59 | INFO | [a3c11a8fc3c24439a55d949483ca3b3b] | app.api.v1.projects | [a3c11a8fc3c24439a55d949483ca3b3b] 获取项目列表成功: total=1
2026-01-23 15:17:18 | INFO | [7b43466115404658a04f8eb17a546dd1] | app.api.v1.projects | [7b43466115404658a04f8eb17a546dd1] 用户 admin 获取项目列表: page=1, page_size=100
2026-01-23 15:17:18 | INFO | [7b43466115404658a04f8eb17a546dd1] | app.api.v1.projects | [7b43466115404658a04f8eb17a546dd1] 获取项目列表成功: total=1
2026-01-23 15:17:18 | INFO | [728dd7c4c2ae41e4b498a017487570bd] | app.api.v1.versions | [728dd7c4c2ae41e4b498a017487570bd] 用户 admin 获取版本列表: project_id=1, page=1, page_size=100
2026-01-23 15:17:18 | INFO | [728dd7c4c2ae41e4b498a017487570bd] | app.api.v1.versions | [728dd7c4c2ae41e4b498a017487570bd] 用户 admin 查看版本列表 项目 inventree (id=1) 的版本
2026-01-23 15:17:18 | INFO | [728dd7c4c2ae41e4b498a017487570bd] | app.api.v1.versions | [728dd7c4c2ae41e4b498a017487570bd] 获取版本列表成功: total=2
2026-01-23 15:17:18 | INFO | [2646f4c069b4484293bd9404a12c6da4] | app.api.v1.projects | [2646f4c069b4484293bd9404a12c6da4] 用户 admin 获取项目列表: page=1, page_size=100
2026-01-23 15:17:18 | INFO | [2646f4c069b4484293bd9404a12c6da4] | app.api.v1.projects | [2646f4c069b4484293bd9404a12c6da4] 获取项目列表成功: total=1
2026-01-23 15:17:18 | INFO | [758fe75fbd884d6589ae57398795c024] | app.api.v1.api_integration | 获取文档列表: skip=0, limit=100, user=admin
2026-01-23 15:17:18 | INFO | [758fe75fbd884d6589ae57398795c024] | app.api.v1.api_integration | 查询到 1 个文档
2026-01-23 15:17:18 | INFO | [9fb045a5ec3e495cad44927d044a7a20] | app.api.v1.projects | [9fb045a5ec3e495cad44927d044a7a20] 用户 admin 获取项目列表: page=1, page_size=100
2026-01-23 15:17:18 | INFO | [9fb045a5ec3e495cad44927d044a7a20] | app.api.v1.projects | [9fb045a5ec3e495cad44927d044a7a20] 获取项目列表成功: total=1
2026-01-23 15:17:18 | INFO | [c09df0b6fb9c4955b90e4f18caff2d61] | app.api.v1.api_integration | 获取文档列表: skip=0, limit=100, user=admin
2026-01-23 15:17:18 | INFO | [c09df0b6fb9c4955b90e4f18caff2d61] | app.api.v1.api_integration | 查询到 1 个文档
2026-01-23 15:17:18 | INFO | [f6a31be8343f4d8dba44f6b1bbc01bb3] | app.api.v1.versions | [f6a31be8343f4d8dba44f6b1bbc01bb3] 用户 admin 获取版本列表: project_id=1, page=1, page_size=100
2026-01-23 15:17:18 | INFO | [f6a31be8343f4d8dba44f6b1bbc01bb3] | app.api.v1.versions | [f6a31be8343f4d8dba44f6b1bbc01bb3] 用户 admin 查看版本列表 项目 inventree (id=1) 的版本
2026-01-23 15:17:18 | INFO | [f6a31be8343f4d8dba44f6b1bbc01bb3] | app.api.v1.versions | [f6a31be8343f4d8dba44f6b1bbc01bb3] 获取版本列表成功: total=2
2026-01-23 15:17:18 | INFO | [cc64c852380444cc9de995da779194da] | app.api.v1.projects | [cc64c852380444cc9de995da779194da] 用户 admin 获取项目列表: page=1, page_size=100
2026-01-23 15:17:18 | INFO | [cc64c852380444cc9de995da779194da] | app.api.v1.projects | [cc64c852380444cc9de995da779194da] 获取项目列表成功: total=1
2026-01-23 15:18:11 | INFO | [191797acf9914457816e9e7eae828f3e] | app.api.v1.projects | [191797acf9914457816e9e7eae828f3e] 用户 admin 获取项目列表: page=1, page_size=100
2026-01-23 15:18:11 | INFO | [191797acf9914457816e9e7eae828f3e] | app.api.v1.projects | [191797acf9914457816e9e7eae828f3e] 获取项目列表成功: total=1
2026-01-23 15:18:11 | INFO | [6df87fcf3e3a40de81b3a18407aef724] | app.api.v1.api_integration | 获取文档列表: skip=0, limit=100, user=admin
2026-01-23 15:18:12 | INFO | [6df87fcf3e3a40de81b3a18407aef724] | app.api.v1.api_integration | 查询到 1 个文档
2026-01-23 15:18:12 | INFO | [0d4c38d659644962970903217740c352] | app.api.v1.projects | [0d4c38d659644962970903217740c352] 用户 admin 获取项目列表: page=1, page_size=100
2026-01-23 15:18:12 | INFO | [0d4c38d659644962970903217740c352] | app.api.v1.projects | [0d4c38d659644962970903217740c352] 获取项目列表成功: total=1
2026-01-23 15:18:12 | INFO | [451a158e889a422682af0257a5b9f6b0] | app.api.v1.projects | [451a158e889a422682af0257a5b9f6b0] 用户 admin 获取项目列表: page=1, page_size=100
2026-01-23 15:18:12 | INFO | [451a158e889a422682af0257a5b9f6b0] | app.api.v1.projects | [451a158e889a422682af0257a5b9f6b0] 获取项目列表成功: total=1
2026-01-23 15:18:12 | INFO | [39ffc20762dd4e18994b111ad03e60cd] | app.api.v1.versions | [39ffc20762dd4e18994b111ad03e60cd] 用户 admin 获取版本列表: project_id=1, page=1, page_size=100
2026-01-23 15:18:12 | INFO | [39ffc20762dd4e18994b111ad03e60cd] | app.api.v1.versions | [39ffc20762dd4e18994b111ad03e60cd] 用户 admin 查看版本列表 项目 inventree (id=1) 的版本
2026-01-23 15:18:12 | INFO | [39ffc20762dd4e18994b111ad03e60cd] | app.api.v1.versions | [39ffc20762dd4e18994b111ad03e60cd] 获取版本列表成功: total=2
2026-01-23 15:18:12 | INFO | [3b53c3898d684a64a6177f338da2eb6e] | app.api.v1.api_integration | 获取文档列表: skip=0, limit=100, user=admin
2026-01-23 15:18:12 | INFO | [3b53c3898d684a64a6177f338da2eb6e] | app.api.v1.api_integration | 查询到 1 个文档
2026-01-23 15:18:12 | INFO | [b180f3f1632c4c96b7d00835b380486f] | app.api.v1.versions | [b180f3f1632c4c96b7d00835b380486f] 用户 admin 获取版本列表: project_id=1, page=1, page_size=100
2026-01-23 15:18:12 | INFO | [b180f3f1632c4c96b7d00835b380486f] | app.api.v1.versions | [b180f3f1632c4c96b7d00835b380486f] 用户 admin 查看版本列表 项目 inventree (id=1) 的版本
2026-01-23 15:18:12 | INFO | [b180f3f1632c4c96b7d00835b380486f] | app.api.v1.versions | [b180f3f1632c4c96b7d00835b380486f] 获取版本列表成功: total=2
2026-01-23 15:18:12 | INFO | [e689db38a129441fbac5ff60cb54b677] | app.api.v1.projects | [e689db38a129441fbac5ff60cb54b677] 用户 admin 获取项目列表: page=1, page_size=100
2026-01-23 15:18:12 | INFO | [e689db38a129441fbac5ff60cb54b677] | app.api.v1.projects | [e689db38a129441fbac5ff60cb54b677] 获取项目列表成功: total=1
2026-01-23 15:18:19 | INFO | [2e728c69542f4d00b613b2254d9486fd] | app.api.v1.projects | [2e728c69542f4d00b613b2254d9486fd] 用户 admin 获取项目列表: page=1, page_size=100
2026-01-23 15:18:19 | INFO | [2e728c69542f4d00b613b2254d9486fd] | app.api.v1.projects | [2e728c69542f4d00b613b2254d9486fd] 获取项目列表成功: total=1
2026-01-23 15:18:19 | INFO | [31dda4352d3c45aeb985049434641ded] | app.api.v1.versions | [31dda4352d3c45aeb985049434641ded] 用户 admin 获取版本列表: project_id=1, page=1, page_size=100
2026-01-23 15:18:19 | INFO | [31dda4352d3c45aeb985049434641ded] | app.api.v1.versions | [31dda4352d3c45aeb985049434641ded] 用户 admin 查看版本列表 项目 inventree (id=1) 的版本
2026-01-23 15:18:19 | INFO | [31dda4352d3c45aeb985049434641ded] | app.api.v1.versions | [31dda4352d3c45aeb985049434641ded] 获取版本列表成功: total=2
2026-01-23 15:18:19 | INFO | [91a5375ea7de4c31ba1f8770550ece08] | app.api.v1.projects | [91a5375ea7de4c31ba1f8770550ece08] 用户 admin 获取项目列表: page=1, page_size=100
2026-01-23 15:18:19 | INFO | [91a5375ea7de4c31ba1f8770550ece08] | app.api.v1.projects | [91a5375ea7de4c31ba1f8770550ece08] 获取项目列表成功: total=1
2026-01-23 15:18:19 | INFO | [9175ac8be023484aa1903354629ab7a0] | app.api.v1.versions | [9175ac8be023484aa1903354629ab7a0] 用户 admin 获取版本列表: project_id=1, page=1, page_size=100
2026-01-23 15:18:19 | INFO | [9175ac8be023484aa1903354629ab7a0] | app.api.v1.versions | [9175ac8be023484aa1903354629ab7a0] 用户 admin 查看版本列表 项目 inventree (id=1) 的版本
2026-01-23 15:18:19 | INFO | [9175ac8be023484aa1903354629ab7a0] | app.api.v1.versions | [9175ac8be023484aa1903354629ab7a0] 获取版本列表成功: total=2
2026-01-23 15:18:19 | INFO | [ca7bc8ba9d2f422a8226c26ed7291f63] | app.api.v1.projects | [ca7bc8ba9d2f422a8226c26ed7291f63] 用户 admin 获取项目列表: page=1, page_size=100
2026-01-23 15:18:19 | INFO | [ca7bc8ba9d2f422a8226c26ed7291f63] | app.api.v1.projects | [ca7bc8ba9d2f422a8226c26ed7291f63] 获取项目列表成功: total=1
2026-01-23 15:18:19 | INFO | [f85e020638d242e882344c4cd87fdcc2] | app.api.v1.projects | [f85e020638d242e882344c4cd87fdcc2] 用户 admin 获取项目列表: page=1, page_size=100
2026-01-23 15:18:19 | INFO | [f85e020638d242e882344c4cd87fdcc2] | app.api.v1.projects | [f85e020638d242e882344c4cd87fdcc2] 获取项目列表成功: total=1
2026-01-23 15:18:22 | INFO | [67231cba69ef4f34b79cfc796b19b5ec] | app.api.v1.projects | [67231cba69ef4f34b79cfc796b19b5ec] 用户 admin 获取项目列表: page=1, page_size=100
2026-01-23 15:18:22 | INFO | [67231cba69ef4f34b79cfc796b19b5ec] | app.api.v1.projects | [67231cba69ef4f34b79cfc796b19b5ec] 获取项目列表成功: total=1
2026-01-23 15:18:22 | INFO | [df0e4a54b6c0430c82b57c83df14bfa2] | app.api.v1.versions | [df0e4a54b6c0430c82b57c83df14bfa2] 用户 admin 获取版本列表: project_id=1, page=1, page_size=100
2026-01-23 15:18:22 | INFO | [df0e4a54b6c0430c82b57c83df14bfa2] | app.api.v1.versions | [df0e4a54b6c0430c82b57c83df14bfa2] 用户 admin 查看版本列表 项目 inventree (id=1) 的版本
2026-01-23 15:18:22 | INFO | [df0e4a54b6c0430c82b57c83df14bfa2] | app.api.v1.versions | [df0e4a54b6c0430c82b57c83df14bfa2] 获取版本列表成功: total=2
2026-01-23 15:18:22 | INFO | [803b5c5ff00b4ba098c4fd0e8675f35f] | app.api.v1.projects | [803b5c5ff00b4ba098c4fd0e8675f35f] 用户 admin 获取项目列表: page=1, page_size=100
2026-01-23 15:18:22 | INFO | [803b5c5ff00b4ba098c4fd0e8675f35f] | app.api.v1.projects | [803b5c5ff00b4ba098c4fd0e8675f35f] 获取项目列表成功: total=1
2026-01-23 15:18:22 | INFO | [9f28eac9a65f4ad08c5462ceaed191b6] | app.api.v1.projects | [9f28eac9a65f4ad08c5462ceaed191b6] 用户 admin 获取项目列表: page=1, page_size=100
2026-01-23 15:18:22 | INFO | [9f28eac9a65f4ad08c5462ceaed191b6] | app.api.v1.projects | [9f28eac9a65f4ad08c5462ceaed191b6] 获取项目列表成功: total=1
2026-01-23 15:18:22 | INFO | [197f184877f643d68f4c95a7a5d5575d] | app.api.v1.projects | [197f184877f643d68f4c95a7a5d5575d] 用户 admin 获取项目列表: page=1, page_size=100
2026-01-23 15:18:22 | INFO | [197f184877f643d68f4c95a7a5d5575d] | app.api.v1.projects | [197f184877f643d68f4c95a7a5d5575d] 获取项目列表成功: total=1
2026-01-23 15:18:22 | INFO | [42987d62e0bb4db090b4d4387a616fe5] | app.api.v1.versions | [42987d62e0bb4db090b4d4387a616fe5] 用户 admin 获取版本列表: project_id=1, page=1, page_size=100
2026-01-23 15:18:22 | INFO | [42987d62e0bb4db090b4d4387a616fe5] | app.api.v1.versions | [42987d62e0bb4db090b4d4387a616fe5] 用户 admin 查看版本列表 项目 inventree (id=1) 的版本
2026-01-23 15:18:22 | INFO | [42987d62e0bb4db090b4d4387a616fe5] | app.api.v1.versions | [42987d62e0bb4db090b4d4387a616fe5] 获取版本列表成功: total=2
2026-01-23 15:18:25 | INFO | [986fd271f60140b49e55a10a616217ce] | app.api.v1.api_integration | 获取文档列表: skip=0, limit=100, user=admin
2026-01-23 15:18:25 | INFO | [986fd271f60140b49e55a10a616217ce] | app.api.v1.api_integration | 查询到 1 个文档
2026-01-23 15:18:25 | INFO | [879f2a9c954a4fb89279aa97b4a0a168] | app.api.v1.api_integration | 获取文档列表: skip=0, limit=100, user=admin
2026-01-23 15:18:25 | INFO | [879f2a9c954a4fb89279aa97b4a0a168] | app.api.v1.api_integration | 查询到 1 个文档
2026-01-23 15:18:27 | INFO | [3e6c0ede2d1145fe9c15eedff544c4c5] | app.api.v1.projects | [3e6c0ede2d1145fe9c15eedff544c4c5] 用户 admin 获取项目列表: page=1, page_size=100
2026-01-23 15:18:27 | INFO | [3e6c0ede2d1145fe9c15eedff544c4c5] | app.api.v1.projects | [3e6c0ede2d1145fe9c15eedff544c4c5] 获取项目列表成功: total=1
2026-01-23 15:18:27 | INFO | [236e37d52c354782a27ec757609dd63c] | app.api.v1.api_integration | 获取文档列表: skip=0, limit=100, user=admin
2026-01-23 15:18:27 | INFO | [236e37d52c354782a27ec757609dd63c] | app.api.v1.api_integration | 查询到 1 个文档
2026-01-23 15:18:27 | INFO | [0594f49af5fa4322b791f1806796c960] | app.api.v1.projects | [0594f49af5fa4322b791f1806796c960] 用户 admin 获取项目列表: page=1, page_size=100
2026-01-23 15:18:27 | INFO | [0594f49af5fa4322b791f1806796c960] | app.api.v1.projects | [0594f49af5fa4322b791f1806796c960] 获取项目列表成功: total=1
2026-01-23 15:18:27 | INFO | [bdba1e3d828146dfba0b9bec9da2d033] | app.api.v1.versions | [bdba1e3d828146dfba0b9bec9da2d033] 用户 admin 获取版本列表: project_id=1, page=1, page_size=100
2026-01-23 15:18:27 | INFO | [bdba1e3d828146dfba0b9bec9da2d033] | app.api.v1.versions | [bdba1e3d828146dfba0b9bec9da2d033] 用户 admin 查看版本列表 项目 inventree (id=1) 的版本
2026-01-23 15:18:27 | INFO | [bdba1e3d828146dfba0b9bec9da2d033] | app.api.v1.versions | [bdba1e3d828146dfba0b9bec9da2d033] 获取版本列表成功: total=2
2026-01-23 15:18:27 | INFO | [d759dd6758a1424aacd7b4eec61bcf20] | app.api.v1.api_integration | 获取文档列表: skip=0, limit=100, user=admin
2026-01-23 15:18:27 | INFO | [d759dd6758a1424aacd7b4eec61bcf20] | app.api.v1.api_integration | 查询到 1 个文档
2026-01-23 15:18:27 | INFO | [4fb8d8428da441ce908c5529d1c7f272] | app.api.v1.projects | [4fb8d8428da441ce908c5529d1c7f272] 用户 admin 获取项目列表: page=1, page_size=100
2026-01-23 15:18:27 | INFO | [4fb8d8428da441ce908c5529d1c7f272] | app.api.v1.projects | [4fb8d8428da441ce908c5529d1c7f272] 获取项目列表成功: total=1
2026-01-23 15:18:27 | INFO | [f855196a34df4d2f810a54487b2a02e4] | app.api.v1.versions | [f855196a34df4d2f810a54487b2a02e4] 用户 admin 获取版本列表: project_id=1, page=1, page_size=100
2026-01-23 15:18:27 | INFO | [f855196a34df4d2f810a54487b2a02e4] | app.api.v1.versions | [f855196a34df4d2f810a54487b2a02e4] 用户 admin 查看版本列表 项目 inventree (id=1) 的版本
2026-01-23 15:18:27 | INFO | [f855196a34df4d2f810a54487b2a02e4] | app.api.v1.versions | [f855196a34df4d2f810a54487b2a02e4] 获取版本列表成功: total=2
2026-01-23 15:18:27 | INFO | [65cdd124c56243fda94723972cb2fb8e] | app.api.v1.projects | [65cdd124c56243fda94723972cb2fb8e] 用户 admin 获取项目列表: page=1, page_size=100
2026-01-23 15:18:27 | INFO | [65cdd124c56243fda94723972cb2fb8e] | app.api.v1.projects | [65cdd124c56243fda94723972cb2fb8e] 获取项目列表成功: total=1
2026-01-23 15:18:29 | INFO | [74a081e9f6784722872b26b7f3d5a8d1] | app.api.v1.endpoints | [74a081e9f6784722872b26b7f3d5a8d1] 查询接口列表: skip=0, limit=100, user=admin
2026-01-23 15:18:29 | INFO | [74a081e9f6784722872b26b7f3d5a8d1] | app.api.v1.endpoints | [74a081e9f6784722872b26b7f3d5a8d1] 查询到 100 个接口，total=644
2026-01-23 15:18:29 | INFO | [1e7ab5850af94c67b8a4465e3b15cc43] | app.api.v1.endpoints | [1e7ab5850af94c67b8a4465e3b15cc43] 查询接口列表: skip=0, limit=100, user=admin
2026-01-23 15:18:29 | INFO | [1e7ab5850af94c67b8a4465e3b15cc43] | app.api.v1.endpoints | [1e7ab5850af94c67b8a4465e3b15cc43] 查询到 100 个接口，total=644
2026-01-23 15:18:29 | ERROR | [1e7ab5850af94c67b8a4465e3b15cc43] | app.dependencies | 数据库会话异常: 1 validation error for EndpointResponse
project_id
  Input should be a valid integer [type=int_type, input_value=None, input_type=NoneType]
    For further information visit https://errors.pydantic.dev/2.12/v/int_type
Traceback (most recent call last):
  File "D:\code\BugSeek\backend\app\dependencies.py", line 19, in get_db
    yield db
  File "C:\Users\81026\AppData\Local\Programs\Python\Python310\lib\site-packages\fastapi\concurrency.py", line 29, in contextmanager_in_threadpool
    yield await run_in_threadpool(cm.__enter__)
  File "C:\Users\81026\AppData\Local\Programs\Python\Python310\lib\site-packages\fastapi\routing.py", line 101, in app
    response = await f(request)
  File "C:\Users\81026\AppData\Local\Programs\Python\Python310\lib\site-packages\fastapi\routing.py", line 355, in app
    raw_response = await run_endpoint_function(
  File "C:\Users\81026\AppData\Local\Programs\Python\Python310\lib\site-packages\fastapi\routing.py", line 243, in run_endpoint_function
    return await dependant.call(**values)
  File "D:\code\BugSeek\backend\app\api\v1\endpoints.py", line 207, in get_endpoints
    "endpoints": [EndpointResponse.from_orm(ep).model_dump() for ep in endpoints],
  File "D:\code\BugSeek\backend\app\api\v1\endpoints.py", line 207, in <listcomp>
    "endpoints": [EndpointResponse.from_orm(ep).model_dump() for ep in endpoints],
  File "D:\code\BugSeek\backend\app\api\v1\endpoints.py", line 72, in from_orm
    return cls(
  File "C:\Users\81026\AppData\Local\Programs\Python\Python310\lib\site-packages\pydantic\main.py", line 250, in __init__
    validated_self = self.__pydantic_validator__.validate_python(data, self_instance=self)
pydantic_core._pydantic_core.ValidationError: 1 validation error for EndpointResponse
project_id
  Input should be a valid integer [type=int_type, input_value=None, input_type=NoneType]
    For further information visit https://errors.pydantic.dev/2.12/v/int_type
2026-01-23 15:18:29 | ERROR | [74a081e9f6784722872b26b7f3d5a8d1] | app.dependencies | 数据库会话异常: 1 validation error for EndpointResponse
project_id
  Input should be a valid integer [type=int_type, input_value=None, input_type=NoneType]
    For further information visit https://errors.pydantic.dev/2.12/v/int_type
Traceback (most recent call last):
  File "D:\code\BugSeek\backend\app\dependencies.py", line 19, in get_db
    yield db
  File "C:\Users\81026\AppData\Local\Programs\Python\Python310\lib\site-packages\fastapi\concurrency.py", line 29, in contextmanager_in_threadpool
    yield await run_in_threadpool(cm.__enter__)
  File "C:\Users\81026\AppData\Local\Programs\Python\Python310\lib\site-packages\fastapi\routing.py", line 101, in app
    response = await f(request)
  File "C:\Users\81026\AppData\Local\Programs\Python\Python310\lib\site-packages\fastapi\routing.py", line 355, in app
    raw_response = await run_endpoint_function(
  File "C:\Users\81026\AppData\Local\Programs\Python\Python310\lib\site-packages\fastapi\routing.py", line 243, in run_endpoint_function
    return await dependant.call(**values)
  File "D:\code\BugSeek\backend\app\api\v1\endpoints.py", line 207, in get_endpoints
    "endpoints": [EndpointResponse.from_orm(ep).model_dump() for ep in endpoints],
  File "D:\code\BugSeek\backend\app\api\v1\endpoints.py", line 207, in <listcomp>
    "endpoints": [EndpointResponse.from_orm(ep).model_dump() for ep in endpoints],
  File "D:\code\BugSeek\backend\app\api\v1\endpoints.py", line 72, in from_orm
    return cls(
  File "C:\Users\81026\AppData\Local\Programs\Python\Python310\lib\site-packages\pydantic\main.py", line 250, in __init__
    validated_self = self.__pydantic_validator__.validate_python(data, self_instance=self)
pydantic_core._pydantic_core.ValidationError: 1 validation error for EndpointResponse
project_id
  Input should be a valid integer [type=int_type, input_value=None, input_type=NoneType]
    For further information visit https://errors.pydantic.dev/2.12/v/int_type
2026-01-23 15:18:29 | ERROR | [1e7ab5850af94c67b8a4465e3b15cc43] | app.main | 未捕获的异常: 1 validation error for EndpointResponse
project_id
  Input should be a valid integer [type=int_type, input_value=None, input_type=NoneType]
    For further information visit https://errors.pydantic.dev/2.12/v/int_type | 路径: /api/v1/api-integration/endpoints | 方法: GET
Traceback (most recent call last):
  File "C:\Users\81026\AppData\Local\Programs\Python\Python310\lib\site-packages\starlette\middleware\errors.py", line 164, in __call__
    await self.app(scope, receive, _send)
  File "C:\Users\81026\AppData\Local\Programs\Python\Python310\lib\site-packages\starlette\middleware\cors.py", line 85, in __call__
    await self.app(scope, receive, send)
  File "C:\Users\81026\AppData\Local\Programs\Python\Python310\lib\site-packages\starlette\middleware\base.py", line 191, in __call__
    with recv_stream, send_stream, collapse_excgroups():
  File "C:\Users\81026\AppData\Local\Programs\Python\Python310\lib\contextlib.py", line 153, in __exit__
    self.gen.throw(typ, value, traceback)
  File "C:\Users\81026\AppData\Local\Programs\Python\Python310\lib\site-packages\starlette\_utils.py", line 85, in collapse_excgroups
    raise exc
  File "C:\Users\81026\AppData\Local\Programs\Python\Python310\lib\site-packages\starlette\middleware\base.py", line 193, in __call__
    response = await self.dispatch_func(request, call_next)
  File "D:\code\BugSeek\backend\app\main.py", line 29, in trace_id_middleware
    response = await call_next(request)
  File "C:\Users\81026\AppData\Local\Programs\Python\Python310\lib\site-packages\starlette\middleware\base.py", line 168, in call_next
    raise app_exc from app_exc.__cause__ or app_exc.__context__
  File "C:\Users\81026\AppData\Local\Programs\Python\Python310\lib\site-packages\starlette\middleware\base.py", line 144, in coro
    await self.app(scope, receive_or_disconnect, send_no_error)
  File "C:\Users\81026\AppData\Local\Programs\Python\Python310\lib\site-packages\starlette\middleware\exceptions.py", line 63, in __call__
    await wrap_app_handling_exceptions(self.app, conn)(scope, receive, send)
  File "C:\Users\81026\AppData\Local\Programs\Python\Python310\lib\site-packages\starlette\_exception_handler.py", line 53, in wrapped_app
    raise exc
  File "C:\Users\81026\AppData\Local\Programs\Python\Python310\lib\site-packages\starlette\_exception_handler.py", line 42, in wrapped_app
    await app(scope, receive, sender)
  File "C:\Users\81026\AppData\Local\Programs\Python\Python310\lib\site-packages\fastapi\middleware\asyncexitstack.py", line 18, in __call__
    await self.app(scope, receive, send)
  File "C:\Users\81026\AppData\Local\Programs\Python\Python310\lib\site-packages\starlette\routing.py", line 716, in __call__
    await self.middleware_stack(scope, receive, send)
  File "C:\Users\81026\AppData\Local\Programs\Python\Python310\lib\site-packages\starlette\routing.py", line 736, in app
    await route.handle(scope, receive, send)
  File "C:\Users\81026\AppData\Local\Programs\Python\Python310\lib\site-packages\starlette\routing.py", line 290, in handle
    await self.app(scope, receive, send)
  File "C:\Users\81026\AppData\Local\Programs\Python\Python310\lib\site-packages\fastapi\routing.py", line 115, in app
    await wrap_app_handling_exceptions(app, request)(scope, receive, send)
  File "C:\Users\81026\AppData\Local\Programs\Python\Python310\lib\site-packages\starlette\_exception_handler.py", line 53, in wrapped_app
    raise exc
  File "C:\Users\81026\AppData\Local\Programs\Python\Python310\lib\site-packages\starlette\_exception_handler.py", line 42, in wrapped_app
    await app(scope, receive, sender)
  File "C:\Users\81026\AppData\Local\Programs\Python\Python310\lib\site-packages\fastapi\routing.py", line 101, in app
    response = await f(request)
  File "C:\Users\81026\AppData\Local\Programs\Python\Python310\lib\site-packages\fastapi\routing.py", line 355, in app
    raw_response = await run_endpoint_function(
  File "C:\Users\81026\AppData\Local\Programs\Python\Python310\lib\site-packages\fastapi\routing.py", line 243, in run_endpoint_function
    return await dependant.call(**values)
  File "D:\code\BugSeek\backend\app\api\v1\endpoints.py", line 207, in get_endpoints
    "endpoints": [EndpointResponse.from_orm(ep).model_dump() for ep in endpoints],
  File "D:\code\BugSeek\backend\app\api\v1\endpoints.py", line 207, in <listcomp>
    "endpoints": [EndpointResponse.from_orm(ep).model_dump() for ep in endpoints],
  File "D:\code\BugSeek\backend\app\api\v1\endpoints.py", line 72, in from_orm
    return cls(
  File "C:\Users\81026\AppData\Local\Programs\Python\Python310\lib\site-packages\pydantic\main.py", line 250, in __init__
    validated_self = self.__pydantic_validator__.validate_python(data, self_instance=self)
pydantic_core._pydantic_core.ValidationError: 1 validation error for EndpointResponse
project_id
  Input should be a valid integer [type=int_type, input_value=None, input_type=NoneType]
    For further information visit https://errors.pydantic.dev/2.12/v/int_type
2026-01-23 15:18:29 | ERROR | [74a081e9f6784722872b26b7f3d5a8d1] | app.main | 未捕获的异常: 1 validation error for EndpointResponse
project_id
  Input should be a valid integer [type=int_type, input_value=None, input_type=NoneType]
    For further information visit https://errors.pydantic.dev/2.12/v/int_type | 路径: /api/v1/api-integration/endpoints | 方法: GET
Traceback (most recent call last):
  File "C:\Users\81026\AppData\Local\Programs\Python\Python310\lib\site-packages\starlette\middleware\errors.py", line 164, in __call__
    await self.app(scope, receive, _send)
  File "C:\Users\81026\AppData\Local\Programs\Python\Python310\lib\site-packages\starlette\middleware\cors.py", line 85, in __call__
    await self.app(scope, receive, send)
  File "C:\Users\81026\AppData\Local\Programs\Python\Python310\lib\site-packages\starlette\middleware\base.py", line 191, in __call__
    with recv_stream, send_stream, collapse_excgroups():
  File "C:\Users\81026\AppData\Local\Programs\Python\Python310\lib\contextlib.py", line 153, in __exit__
    self.gen.throw(typ, value, traceback)
  File "C:\Users\81026\AppData\Local\Programs\Python\Python310\lib\site-packages\starlette\_utils.py", line 85, in collapse_excgroups
    raise exc
  File "C:\Users\81026\AppData\Local\Programs\Python\Python310\lib\site-packages\starlette\middleware\base.py", line 193, in __call__
    response = await self.dispatch_func(request, call_next)
  File "D:\code\BugSeek\backend\app\main.py", line 29, in trace_id_middleware
    response = await call_next(request)
  File "C:\Users\81026\AppData\Local\Programs\Python\Python310\lib\site-packages\starlette\middleware\base.py", line 168, in call_next
    raise app_exc from app_exc.__cause__ or app_exc.__context__
  File "C:\Users\81026\AppData\Local\Programs\Python\Python310\lib\site-packages\starlette\middleware\base.py", line 144, in coro
    await self.app(scope, receive_or_disconnect, send_no_error)
  File "C:\Users\81026\AppData\Local\Programs\Python\Python310\lib\site-packages\starlette\middleware\exceptions.py", line 63, in __call__
    await wrap_app_handling_exceptions(self.app, conn)(scope, receive, send)
  File "C:\Users\81026\AppData\Local\Programs\Python\Python310\lib\site-packages\starlette\_exception_handler.py", line 53, in wrapped_app
    raise exc
  File "C:\Users\81026\AppData\Local\Programs\Python\Python310\lib\site-packages\starlette\_exception_handler.py", line 42, in wrapped_app
    await app(scope, receive, sender)
  File "C:\Users\81026\AppData\Local\Programs\Python\Python310\lib\site-packages\fastapi\middleware\asyncexitstack.py", line 18, in __call__
    await self.app(scope, receive, send)
  File "C:\Users\81026\AppData\Local\Programs\Python\Python310\lib\site-packages\starlette\routing.py", line 716, in __call__
    await self.middleware_stack(scope, receive, send)
  File "C:\Users\81026\AppData\Local\Programs\Python\Python310\lib\site-packages\starlette\routing.py", line 736, in app
    await route.handle(scope, receive, send)
  File "C:\Users\81026\AppData\Local\Programs\Python\Python310\lib\site-packages\starlette\routing.py", line 290, in handle
    await self.app(scope, receive, send)
  File "C:\Users\81026\AppData\Local\Programs\Python\Python310\lib\site-packages\fastapi\routing.py", line 115, in app
    await wrap_app_handling_exceptions(app, request)(scope, receive, send)
  File "C:\Users\81026\AppData\Local\Programs\Python\Python310\lib\site-packages\starlette\_exception_handler.py", line 53, in wrapped_app
    raise exc
  File "C:\Users\81026\AppData\Local\Programs\Python\Python310\lib\site-packages\starlette\_exception_handler.py", line 42, in wrapped_app
    await app(scope, receive, sender)
  File "C:\Users\81026\AppData\Local\Programs\Python\Python310\lib\site-packages\fastapi\routing.py", line 101, in app
    response = await f(request)
  File "C:\Users\81026\AppData\Local\Programs\Python\Python310\lib\site-packages\fastapi\routing.py", line 355, in app
    raw_response = await run_endpoint_function(
  File "C:\Users\81026\AppData\Local\Programs\Python\Python310\lib\site-packages\fastapi\routing.py", line 243, in run_endpoint_function
    return await dependant.call(**values)
  File "D:\code\BugSeek\backend\app\api\v1\endpoints.py", line 207, in get_endpoints
    "endpoints": [EndpointResponse.from_orm(ep).model_dump() for ep in endpoints],
  File "D:\code\BugSeek\backend\app\api\v1\endpoints.py", line 207, in <listcomp>
    "endpoints": [EndpointResponse.from_orm(ep).model_dump() for ep in endpoints],
  File "D:\code\BugSeek\backend\app\api\v1\endpoints.py", line 72, in from_orm
    return cls(
  File "C:\Users\81026\AppData\Local\Programs\Python\Python310\lib\site-packages\pydantic\main.py", line 250, in __init__
    validated_self = self.__pydantic_validator__.validate_python(data, self_instance=self)
pydantic_core._pydantic_core.ValidationError: 1 validation error for EndpointResponse
project_id
  Input should be a valid integer [type=int_type, input_value=None, input_type=NoneType]
    For further information visit https://errors.pydantic.dev/2.12/v/int_type
2026-01-23 15:18:30 | INFO | [f4baa8b1bccb4b0cb5fc6452ec38747c] | app.api.v1.endpoints | [f4baa8b1bccb4b0cb5fc6452ec38747c] 查询接口列表: skip=0, limit=100, user=admin
2026-01-23 15:18:30 | INFO | [f4baa8b1bccb4b0cb5fc6452ec38747c] | app.api.v1.endpoints | [f4baa8b1bccb4b0cb5fc6452ec38747c] 查询到 100 个接口，total=644
2026-01-23 15:18:30 | ERROR | [f4baa8b1bccb4b0cb5fc6452ec38747c] | app.dependencies | 数据库会话异常: 1 validation error for EndpointResponse
project_id
  Input should be a valid integer [type=int_type, input_value=None, input_type=NoneType]
    For further information visit https://errors.pydantic.dev/2.12/v/int_type
Traceback (most recent call last):
  File "D:\code\BugSeek\backend\app\dependencies.py", line 19, in get_db
    yield db
  File "C:\Users\81026\AppData\Local\Programs\Python\Python310\lib\site-packages\fastapi\concurrency.py", line 29, in contextmanager_in_threadpool
    yield await run_in_threadpool(cm.__enter__)
  File "C:\Users\81026\AppData\Local\Programs\Python\Python310\lib\site-packages\fastapi\routing.py", line 101, in app
    response = await f(request)
  File "C:\Users\81026\AppData\Local\Programs\Python\Python310\lib\site-packages\fastapi\routing.py", line 355, in app
    raw_response = await run_endpoint_function(
  File "C:\Users\81026\AppData\Local\Programs\Python\Python310\lib\site-packages\fastapi\routing.py", line 243, in run_endpoint_function
    return await dependant.call(**values)
  File "D:\code\BugSeek\backend\app\api\v1\endpoints.py", line 207, in get_endpoints
    "endpoints": [EndpointResponse.from_orm(ep).model_dump() for ep in endpoints],
  File "D:\code\BugSeek\backend\app\api\v1\endpoints.py", line 207, in <listcomp>
    "endpoints": [EndpointResponse.from_orm(ep).model_dump() for ep in endpoints],
  File "D:\code\BugSeek\backend\app\api\v1\endpoints.py", line 72, in from_orm
    return cls(
  File "C:\Users\81026\AppData\Local\Programs\Python\Python310\lib\site-packages\pydantic\main.py", line 250, in __init__
    validated_self = self.__pydantic_validator__.validate_python(data, self_instance=self)
pydantic_core._pydantic_core.ValidationError: 1 validation error for EndpointResponse
project_id
  Input should be a valid integer [type=int_type, input_value=None, input_type=NoneType]
    For further information visit https://errors.pydantic.dev/2.12/v/int_type
2026-01-23 15:18:30 | INFO | [8b2ac34cfcb94c4abbdd02446428206b] | app.api.v1.endpoints | [8b2ac34cfcb94c4abbdd02446428206b] 查询接口列表: skip=0, limit=100, user=admin
2026-01-23 15:18:30 | INFO | [8b2ac34cfcb94c4abbdd02446428206b] | app.api.v1.endpoints | [8b2ac34cfcb94c4abbdd02446428206b] 查询到 100 个接口，total=644
2026-01-23 15:18:30 | ERROR | [f4baa8b1bccb4b0cb5fc6452ec38747c] | app.main | 未捕获的异常: 1 validation error for EndpointResponse
project_id
  Input should be a valid integer [type=int_type, input_value=None, input_type=NoneType]
    For further information visit https://errors.pydantic.dev/2.12/v/int_type | 路径: /api/v1/api-integration/endpoints | 方法: GET
Traceback (most recent call last):
  File "C:\Users\81026\AppData\Local\Programs\Python\Python310\lib\site-packages\starlette\middleware\errors.py", line 164, in __call__
    await self.app(scope, receive, _send)
  File "C:\Users\81026\AppData\Local\Programs\Python\Python310\lib\site-packages\starlette\middleware\cors.py", line 85, in __call__
    await self.app(scope, receive, send)
  File "C:\Users\81026\AppData\Local\Programs\Python\Python310\lib\site-packages\starlette\middleware\base.py", line 191, in __call__
    with recv_stream, send_stream, collapse_excgroups():
  File "C:\Users\81026\AppData\Local\Programs\Python\Python310\lib\contextlib.py", line 153, in __exit__
    self.gen.throw(typ, value, traceback)
  File "C:\Users\81026\AppData\Local\Programs\Python\Python310\lib\site-packages\starlette\_utils.py", line 85, in collapse_excgroups
    raise exc
  File "C:\Users\81026\AppData\Local\Programs\Python\Python310\lib\site-packages\starlette\middleware\base.py", line 193, in __call__
    response = await self.dispatch_func(request, call_next)
  File "D:\code\BugSeek\backend\app\main.py", line 29, in trace_id_middleware
    response = await call_next(request)
  File "C:\Users\81026\AppData\Local\Programs\Python\Python310\lib\site-packages\starlette\middleware\base.py", line 168, in call_next
    raise app_exc from app_exc.__cause__ or app_exc.__context__
  File "C:\Users\81026\AppData\Local\Programs\Python\Python310\lib\site-packages\starlette\middleware\base.py", line 144, in coro
    await self.app(scope, receive_or_disconnect, send_no_error)
  File "C:\Users\81026\AppData\Local\Programs\Python\Python310\lib\site-packages\starlette\middleware\exceptions.py", line 63, in __call__
    await wrap_app_handling_exceptions(self.app, conn)(scope, receive, send)
  File "C:\Users\81026\AppData\Local\Programs\Python\Python310\lib\site-packages\starlette\_exception_handler.py", line 53, in wrapped_app
    raise exc
  File "C:\Users\81026\AppData\Local\Programs\Python\Python310\lib\site-packages\starlette\_exception_handler.py", line 42, in wrapped_app
    await app(scope, receive, sender)
  File "C:\Users\81026\AppData\Local\Programs\Python\Python310\lib\site-packages\fastapi\middleware\asyncexitstack.py", line 18, in __call__
    await self.app(scope, receive, send)
  File "C:\Users\81026\AppData\Local\Programs\Python\Python310\lib\site-packages\starlette\routing.py", line 716, in __call__
    await self.middleware_stack(scope, receive, send)
  File "C:\Users\81026\AppData\Local\Programs\Python\Python310\lib\site-packages\starlette\routing.py", line 736, in app
    await route.handle(scope, receive, send)
  File "C:\Users\81026\AppData\Local\Programs\Python\Python310\lib\site-packages\starlette\routing.py", line 290, in handle
    await self.app(scope, receive, send)
  File "C:\Users\81026\AppData\Local\Programs\Python\Python310\lib\site-packages\fastapi\routing.py", line 115, in app
    await wrap_app_handling_exceptions(app, request)(scope, receive, send)
  File "C:\Users\81026\AppData\Local\Programs\Python\Python310\lib\site-packages\starlette\_exception_handler.py", line 53, in wrapped_app
    raise exc
  File "C:\Users\81026\AppData\Local\Programs\Python\Python310\lib\site-packages\starlette\_exception_handler.py", line 42, in wrapped_app
    await app(scope, receive, sender)
  File "C:\Users\81026\AppData\Local\Programs\Python\Python310\lib\site-packages\fastapi\routing.py", line 101, in app
    response = await f(request)
  File "C:\Users\81026\AppData\Local\Programs\Python\Python310\lib\site-packages\fastapi\routing.py", line 355, in app
    raw_response = await run_endpoint_function(
  File "C:\Users\81026\AppData\Local\Programs\Python\Python310\lib\site-packages\fastapi\routing.py", line 243, in run_endpoint_function
    return await dependant.call(**values)
  File "D:\code\BugSeek\backend\app\api\v1\endpoints.py", line 207, in get_endpoints
    "endpoints": [EndpointResponse.from_orm(ep).model_dump() for ep in endpoints],
  File "D:\code\BugSeek\backend\app\api\v1\endpoints.py", line 207, in <listcomp>
    "endpoints": [EndpointResponse.from_orm(ep).model_dump() for ep in endpoints],
  File "D:\code\BugSeek\backend\app\api\v1\endpoints.py", line 72, in from_orm
    return cls(
  File "C:\Users\81026\AppData\Local\Programs\Python\Python310\lib\site-packages\pydantic\main.py", line 250, in __init__
    validated_self = self.__pydantic_validator__.validate_python(data, self_instance=self)
pydantic_core._pydantic_core.ValidationError: 1 validation error for EndpointResponse
project_id
  Input should be a valid integer [type=int_type, input_value=None, input_type=NoneType]
    For further information visit https://errors.pydantic.dev/2.12/v/int_type
2026-01-23 15:18:30 | ERROR | [8b2ac34cfcb94c4abbdd02446428206b] | app.dependencies | 数据库会话异常: 1 validation error for EndpointResponse
project_id
  Input should be a valid integer [type=int_type, input_value=None, input_type=NoneType]
    For further information visit https://errors.pydantic.dev/2.12/v/int_type
Traceback (most recent call last):
  File "D:\code\BugSeek\backend\app\dependencies.py", line 19, in get_db
    yield db
  File "C:\Users\81026\AppData\Local\Programs\Python\Python310\lib\site-packages\fastapi\concurrency.py", line 29, in contextmanager_in_threadpool
    yield await run_in_threadpool(cm.__enter__)
  File "C:\Users\81026\AppData\Local\Programs\Python\Python310\lib\site-packages\fastapi\routing.py", line 101, in app
    response = await f(request)
  File "C:\Users\81026\AppData\Local\Programs\Python\Python310\lib\site-packages\fastapi\routing.py", line 355, in app
    raw_response = await run_endpoint_function(
  File "C:\Users\81026\AppData\Local\Programs\Python\Python310\lib\site-packages\fastapi\routing.py", line 243, in run_endpoint_function
    return await dependant.call(**values)
  File "D:\code\BugSeek\backend\app\api\v1\endpoints.py", line 207, in get_endpoints
    "endpoints": [EndpointResponse.from_orm(ep).model_dump() for ep in endpoints],
  File "D:\code\BugSeek\backend\app\api\v1\endpoints.py", line 207, in <listcomp>
    "endpoints": [EndpointResponse.from_orm(ep).model_dump() for ep in endpoints],
  File "D:\code\BugSeek\backend\app\api\v1\endpoints.py", line 72, in from_orm
    return cls(
  File "C:\Users\81026\AppData\Local\Programs\Python\Python310\lib\site-packages\pydantic\main.py", line 250, in __init__
    validated_self = self.__pydantic_validator__.validate_python(data, self_instance=self)
pydantic_core._pydantic_core.ValidationError: 1 validation error for EndpointResponse
project_id
  Input should be a valid integer [type=int_type, input_value=None, input_type=NoneType]
    For further information visit https://errors.pydantic.dev/2.12/v/int_type
2026-01-23 15:18:30 | ERROR | [8b2ac34cfcb94c4abbdd02446428206b] | app.main | 未捕获的异常: 1 validation error for EndpointResponse
project_id
  Input should be a valid integer [type=int_type, input_value=None, input_type=NoneType]
    For further information visit https://errors.pydantic.dev/2.12/v/int_type | 路径: /api/v1/api-integration/endpoints | 方法: GET
Traceback (most recent call last):
  File "C:\Users\81026\AppData\Local\Programs\Python\Python310\lib\site-packages\starlette\middleware\errors.py", line 164, in __call__
    await self.app(scope, receive, _send)
  File "C:\Users\81026\AppData\Local\Programs\Python\Python310\lib\site-packages\starlette\middleware\cors.py", line 85, in __call__
    await self.app(scope, receive, send)
  File "C:\Users\81026\AppData\Local\Programs\Python\Python310\lib\site-packages\starlette\middleware\base.py", line 191, in __call__
    with recv_stream, send_stream, collapse_excgroups():
  File "C:\Users\81026\AppData\Local\Programs\Python\Python310\lib\contextlib.py", line 153, in __exit__
    self.gen.throw(typ, value, traceback)
  File "C:\Users\81026\AppData\Local\Programs\Python\Python310\lib\site-packages\starlette\_utils.py", line 85, in collapse_excgroups
    raise exc
  File "C:\Users\81026\AppData\Local\Programs\Python\Python310\lib\site-packages\starlette\middleware\base.py", line 193, in __call__
    response = await self.dispatch_func(request, call_next)
  File "D:\code\BugSeek\backend\app\main.py", line 29, in trace_id_middleware
    response = await call_next(request)
  File "C:\Users\81026\AppData\Local\Programs\Python\Python310\lib\site-packages\starlette\middleware\base.py", line 168, in call_next
    raise app_exc from app_exc.__cause__ or app_exc.__context__
  File "C:\Users\81026\AppData\Local\Programs\Python\Python310\lib\site-packages\starlette\middleware\base.py", line 144, in coro
    await self.app(scope, receive_or_disconnect, send_no_error)
  File "C:\Users\81026\AppData\Local\Programs\Python\Python310\lib\site-packages\starlette\middleware\exceptions.py", line 63, in __call__
    await wrap_app_handling_exceptions(self.app, conn)(scope, receive, send)
  File "C:\Users\81026\AppData\Local\Programs\Python\Python310\lib\site-packages\starlette\_exception_handler.py", line 53, in wrapped_app
    raise exc
  File "C:\Users\81026\AppData\Local\Programs\Python\Python310\lib\site-packages\starlette\_exception_handler.py", line 42, in wrapped_app
    await app(scope, receive, sender)
  File "C:\Users\81026\AppData\Local\Programs\Python\Python310\lib\site-packages\fastapi\middleware\asyncexitstack.py", line 18, in __call__
    await self.app(scope, receive, send)
  File "C:\Users\81026\AppData\Local\Programs\Python\Python310\lib\site-packages\starlette\routing.py", line 716, in __call__
    await self.middleware_stack(scope, receive, send)
  File "C:\Users\81026\AppData\Local\Programs\Python\Python310\lib\site-packages\starlette\routing.py", line 736, in app
    await route.handle(scope, receive, send)
  File "C:\Users\81026\AppData\Local\Programs\Python\Python310\lib\site-packages\starlette\routing.py", line 290, in handle
    await self.app(scope, receive, send)
  File "C:\Users\81026\AppData\Local\Programs\Python\Python310\lib\site-packages\fastapi\routing.py", line 115, in app
    await wrap_app_handling_exceptions(app, request)(scope, receive, send)
  File "C:\Users\81026\AppData\Local\Programs\Python\Python310\lib\site-packages\starlette\_exception_handler.py", line 53, in wrapped_app
    raise exc
  File "C:\Users\81026\AppData\Local\Programs\Python\Python310\lib\site-packages\starlette\_exception_handler.py", line 42, in wrapped_app
    await app(scope, receive, sender)
  File "C:\Users\81026\AppData\Local\Programs\Python\Python310\lib\site-packages\fastapi\routing.py", line 101, in app
    response = await f(request)
  File "C:\Users\81026\AppData\Local\Programs\Python\Python310\lib\site-packages\fastapi\routing.py", line 355, in app
    raw_response = await run_endpoint_function(
  File "C:\Users\81026\AppData\Local\Programs\Python\Python310\lib\site-packages\fastapi\routing.py", line 243, in run_endpoint_function
    return await dependant.call(**values)
  File "D:\code\BugSeek\backend\app\api\v1\endpoints.py", line 207, in get_endpoints
    "endpoints": [EndpointResponse.from_orm(ep).model_dump() for ep in endpoints],
  File "D:\code\BugSeek\backend\app\api\v1\endpoints.py", line 207, in <listcomp>
    "endpoints": [EndpointResponse.from_orm(ep).model_dump() for ep in endpoints],
  File "D:\code\BugSeek\backend\app\api\v1\endpoints.py", line 72, in from_orm
    return cls(
  File "C:\Users\81026\AppData\Local\Programs\Python\Python310\lib\site-packages\pydantic\main.py", line 250, in __init__
    validated_self = self.__pydantic_validator__.validate_python(data, self_instance=self)
pydantic_core._pydantic_core.ValidationError: 1 validation error for EndpointResponse
project_id
  Input should be a valid integer [type=int_type, input_value=None, input_type=NoneType]
    For further information visit https://errors.pydantic.dev/2.12/v/int_type
2026-01-23 15:18:30 | INFO | [d36ac7da92cc40bf8d605365981dc9d1] | app.api.v1.projects | [d36ac7da92cc40bf8d605365981dc9d1] 用户 admin 获取项目列表: page=1, page_size=100
2026-01-23 15:18:30 | INFO | [d36ac7da92cc40bf8d605365981dc9d1] | app.api.v1.projects | [d36ac7da92cc40bf8d605365981dc9d1] 获取项目列表成功: total=1
2026-01-23 15:18:30 | INFO | [4ecb75001b7f40e5bc4bc0172fa34784] | app.api.v1.projects | [4ecb75001b7f40e5bc4bc0172fa34784] 用户 admin 获取项目列表: page=1, page_size=100
2026-01-23 15:18:30 | INFO | [4ecb75001b7f40e5bc4bc0172fa34784] | app.api.v1.projects | [4ecb75001b7f40e5bc4bc0172fa34784] 获取项目列表成功: total=1
2026-01-23 15:18:30 | INFO | [94ca84075ae346349d6f933387fbd1ad] | app.api.v1.versions | [94ca84075ae346349d6f933387fbd1ad] 用户 admin 获取版本列表: project_id=1, page=1, page_size=100
2026-01-23 15:18:30 | INFO | [94ca84075ae346349d6f933387fbd1ad] | app.api.v1.versions | [94ca84075ae346349d6f933387fbd1ad] 用户 admin 查看版本列表 项目 inventree (id=1) 的版本
2026-01-23 15:18:30 | INFO | [94ca84075ae346349d6f933387fbd1ad] | app.api.v1.versions | [94ca84075ae346349d6f933387fbd1ad] 获取版本列表成功: total=2
2026-01-23 15:18:30 | INFO | [9e58ac0a08c74c7485e1e0b5cca3c500] | app.api.v1.projects | [9e58ac0a08c74c7485e1e0b5cca3c500] 用户 admin 获取项目列表: page=1, page_size=100
2026-01-23 15:18:31 | INFO | [9e58ac0a08c74c7485e1e0b5cca3c500] | app.api.v1.projects | [9e58ac0a08c74c7485e1e0b5cca3c500] 获取项目列表成功: total=1
2026-01-23 15:18:31 | INFO | [d47310f74d624b5c8fab4f78ab46af0f] | app.api.v1.projects | [d47310f74d624b5c8fab4f78ab46af0f] 用户 admin 获取项目列表: page=1, page_size=100
2026-01-23 15:18:31 | INFO | [d47310f74d624b5c8fab4f78ab46af0f] | app.api.v1.projects | [d47310f74d624b5c8fab4f78ab46af0f] 获取项目列表成功: total=1
2026-01-23 15:18:31 | INFO | [dfc25c8937a94af4873b9b9527548de4] | app.api.v1.versions | [dfc25c8937a94af4873b9b9527548de4] 用户 admin 获取版本列表: project_id=1, page=1, page_size=100
2026-01-23 15:18:31 | INFO | [dfc25c8937a94af4873b9b9527548de4] | app.api.v1.versions | [dfc25c8937a94af4873b9b9527548de4] 用户 admin 查看版本列表 项目 inventree (id=1) 的版本
2026-01-23 15:18:31 | INFO | [dfc25c8937a94af4873b9b9527548de4] | app.api.v1.versions | [dfc25c8937a94af4873b9b9527548de4] 获取版本列表成功: total=2
2026-01-23 15:18:31 | INFO | [883ed82d816143be9ee930e79d1f09bb] | app.api.v1.api_integration | 获取文档列表: skip=0, limit=100, user=admin
2026-01-23 15:18:31 | INFO | [883ed82d816143be9ee930e79d1f09bb] | app.api.v1.api_integration | 查询到 1 个文档
2026-01-23 15:18:31 | INFO | [ae1fc37149c44f849552dbb7d72516ed] | app.api.v1.api_integration | 获取文档列表: skip=0, limit=100, user=admin
2026-01-23 15:18:31 | INFO | [ae1fc37149c44f849552dbb7d72516ed] | app.api.v1.api_integration | 查询到 1 个文档
2026-01-23 15:18:32 | INFO | [8a93f443684e4eb8914e992f21960bbe] | app.api.v1.projects | [8a93f443684e4eb8914e992f21960bbe] 用户 admin 获取项目列表: page=1, page_size=100
2026-01-23 15:18:32 | INFO | [8a93f443684e4eb8914e992f21960bbe] | app.api.v1.projects | [8a93f443684e4eb8914e992f21960bbe] 获取项目列表成功: total=1
2026-01-23 15:18:32 | INFO | [7c752b7d4442405085e6fdaee352a6f7] | app.api.v1.versions | [7c752b7d4442405085e6fdaee352a6f7] 用户 admin 获取版本列表: project_id=1, page=1, page_size=100
2026-01-23 15:18:32 | INFO | [7c752b7d4442405085e6fdaee352a6f7] | app.api.v1.versions | [7c752b7d4442405085e6fdaee352a6f7] 用户 admin 查看版本列表 项目 inventree (id=1) 的版本
2026-01-23 15:18:32 | INFO | [7c752b7d4442405085e6fdaee352a6f7] | app.api.v1.versions | [7c752b7d4442405085e6fdaee352a6f7] 获取版本列表成功: total=2
2026-01-23 15:18:32 | INFO | [7f7d1f6eceab433c96a7cf67596c7805] | app.api.v1.api_integration | 获取文档列表: skip=0, limit=100, user=admin
2026-01-23 15:18:32 | INFO | [7f7d1f6eceab433c96a7cf67596c7805] | app.api.v1.api_integration | 查询到 1 个文档
2026-01-23 15:18:32 | INFO | [04846a26f6bc4b5097a218281344eaed] | app.api.v1.projects | [04846a26f6bc4b5097a218281344eaed] 用户 admin 获取项目列表: page=1, page_size=100
2026-01-23 15:18:32 | INFO | [04846a26f6bc4b5097a218281344eaed] | app.api.v1.projects | [04846a26f6bc4b5097a218281344eaed] 获取项目列表成功: total=1
2026-01-23 15:18:32 | INFO | [acf20d617e174f5aa5b78965e18a8a99] | app.api.v1.projects | [acf20d617e174f5aa5b78965e18a8a99] 用户 admin 获取项目列表: page=1, page_size=100
2026-01-23 15:18:32 | INFO | [acf20d617e174f5aa5b78965e18a8a99] | app.api.v1.projects | [acf20d617e174f5aa5b78965e18a8a99] 获取项目列表成功: total=1
2026-01-23 15:18:33 | INFO | [18d900f0e73e441da08a68705c8b48cd] | app.api.v1.api_integration | 获取文档列表: skip=0, limit=100, user=admin
2026-01-23 15:18:33 | INFO | [18d900f0e73e441da08a68705c8b48cd] | app.api.v1.api_integration | 查询到 1 个文档
2026-01-23 15:18:33 | INFO | [30ee5c1c1f08405897387292ec993b4f] | app.api.v1.versions | [30ee5c1c1f08405897387292ec993b4f] 用户 admin 获取版本列表: project_id=1, page=1, page_size=100
2026-01-23 15:18:33 | INFO | [30ee5c1c1f08405897387292ec993b4f] | app.api.v1.versions | [30ee5c1c1f08405897387292ec993b4f] 用户 admin 查看版本列表 项目 inventree (id=1) 的版本
2026-01-23 15:18:33 | INFO | [30ee5c1c1f08405897387292ec993b4f] | app.api.v1.versions | [30ee5c1c1f08405897387292ec993b4f] 获取版本列表成功: total=2
2026-01-23 15:18:33 | INFO | [9f2f90c0f72a45b49996bf40e6f07f17] | app.api.v1.projects | [9f2f90c0f72a45b49996bf40e6f07f17] 用户 admin 获取项目列表: page=1, page_size=100
2026-01-23 15:18:33 | INFO | [9f2f90c0f72a45b49996bf40e6f07f17] | app.api.v1.projects | [9f2f90c0f72a45b49996bf40e6f07f17] 获取项目列表成功: total=1
2026-01-23 15:48:14 | INFO | [55f15985bd8d4c8fab24047903a9ddb7] | app.api.v1.projects | [55f15985bd8d4c8fab24047903a9ddb7] 用户 admin 获取项目列表: page=1, page_size=100
2026-01-23 15:48:14 | INFO | [55f15985bd8d4c8fab24047903a9ddb7] | app.api.v1.projects | [55f15985bd8d4c8fab24047903a9ddb7] 获取项目列表成功: total=1
2026-01-23 15:48:14 | INFO | [8cecb02ee83d4405a186fd3519e8ef5e] | app.api.v1.projects | [8cecb02ee83d4405a186fd3519e8ef5e] 用户 admin 获取项目列表: page=1, page_size=100
2026-01-23 15:48:14 | INFO | [8cecb02ee83d4405a186fd3519e8ef5e] | app.api.v1.projects | [8cecb02ee83d4405a186fd3519e8ef5e] 获取项目列表成功: total=1
2026-01-23 15:48:14 | INFO | [191c69e2869a424a9fd74b4553c2daf1] | app.api.v1.api_integration | 获取文档列表: skip=0, limit=100, user=admin
2026-01-23 15:48:14 | INFO | [191c69e2869a424a9fd74b4553c2daf1] | app.api.v1.api_integration | 查询到 1 个文档
2026-01-23 15:48:14 | INFO | [5e3407c4703b4b0a9d1fc45e7f963e86] | app.api.v1.projects | [5e3407c4703b4b0a9d1fc45e7f963e86] 用户 admin 获取项目列表: page=1, page_size=100
2026-01-23 15:48:14 | INFO | [5e3407c4703b4b0a9d1fc45e7f963e86] | app.api.v1.projects | [5e3407c4703b4b0a9d1fc45e7f963e86] 获取项目列表成功: total=1
2026-01-23 15:48:14 | INFO | [a6d10b0d2d414673a3da54aadb777c4e] | app.api.v1.versions | [a6d10b0d2d414673a3da54aadb777c4e] 用户 admin 获取版本列表: project_id=1, page=1, page_size=100
2026-01-23 15:48:14 | INFO | [a6d10b0d2d414673a3da54aadb777c4e] | app.api.v1.versions | [a6d10b0d2d414673a3da54aadb777c4e] 用户 admin 查看版本列表 项目 inventree (id=1) 的版本
2026-01-23 15:48:14 | INFO | [a6d10b0d2d414673a3da54aadb777c4e] | app.api.v1.versions | [a6d10b0d2d414673a3da54aadb777c4e] 获取版本列表成功: total=2
2026-01-23 15:48:14 | INFO | [5e88240f73ee40a38c20f8808fda031b] | app.api.v1.api_integration | 获取文档列表: skip=0, limit=100, user=admin
2026-01-23 15:48:14 | INFO | [5e88240f73ee40a38c20f8808fda031b] | app.api.v1.api_integration | 查询到 1 个文档
2026-01-23 15:48:14 | INFO | [e5cd2a11c0d84e6da3726073bdb4c30e] | app.api.v1.versions | [e5cd2a11c0d84e6da3726073bdb4c30e] 用户 admin 获取版本列表: project_id=1, page=1, page_size=100
2026-01-23 15:48:14 | INFO | [e5cd2a11c0d84e6da3726073bdb4c30e] | app.api.v1.versions | [e5cd2a11c0d84e6da3726073bdb4c30e] 用户 admin 查看版本列表 项目 inventree (id=1) 的版本
2026-01-23 15:48:14 | INFO | [e5cd2a11c0d84e6da3726073bdb4c30e] | app.api.v1.versions | [e5cd2a11c0d84e6da3726073bdb4c30e] 获取版本列表成功: total=2
2026-01-23 15:48:14 | INFO | [dee31ca2503e4799b09299039db1127d] | app.api.v1.projects | [dee31ca2503e4799b09299039db1127d] 用户 admin 获取项目列表: page=1, page_size=100
2026-01-23 15:48:14 | INFO | [dee31ca2503e4799b09299039db1127d] | app.api.v1.projects | [dee31ca2503e4799b09299039db1127d] 获取项目列表成功: total=1
2026-01-23 15:48:22 | INFO | [f6d470445f9d4078bbe4094e68c7a9b6] | app.api.v1.projects | [f6d470445f9d4078bbe4094e68c7a9b6] 用户 admin 获取项目列表: page=1, page_size=100
2026-01-23 15:48:22 | INFO | [f6d470445f9d4078bbe4094e68c7a9b6] | app.api.v1.projects | [f6d470445f9d4078bbe4094e68c7a9b6] 获取项目列表成功: total=1
2026-01-23 15:48:22 | INFO | [49a26f3f43a240e4a4562506f4b810ad] | app.api.v1.projects | [49a26f3f43a240e4a4562506f4b810ad] 用户 admin 获取项目列表: page=1, page_size=100
2026-01-23 15:48:22 | INFO | [49a26f3f43a240e4a4562506f4b810ad] | app.api.v1.projects | [49a26f3f43a240e4a4562506f4b810ad] 获取项目列表成功: total=1
2026-01-23 15:48:22 | INFO | [adfaa6773eba4eb5b4bf3ccf2b5a14ae] | app.api.v1.api_integration | 获取文档列表: skip=0, limit=100, user=admin
2026-01-23 15:48:22 | INFO | [adfaa6773eba4eb5b4bf3ccf2b5a14ae] | app.api.v1.api_integration | 查询到 1 个文档
2026-01-23 15:48:22 | INFO | [ad0c8b53351e4237926a836bf5b0a6bd] | app.api.v1.projects | [ad0c8b53351e4237926a836bf5b0a6bd] 用户 admin 获取项目列表: page=1, page_size=100
2026-01-23 15:48:22 | INFO | [ad0c8b53351e4237926a836bf5b0a6bd] | app.api.v1.projects | [ad0c8b53351e4237926a836bf5b0a6bd] 获取项目列表成功: total=1
2026-01-23 15:48:22 | INFO | [0a6e1aaa8a8644c5a03bb295ac2650eb] | app.api.v1.versions | [0a6e1aaa8a8644c5a03bb295ac2650eb] 用户 admin 获取版本列表: project_id=1, page=1, page_size=100
2026-01-23 15:48:22 | INFO | [0a6e1aaa8a8644c5a03bb295ac2650eb] | app.api.v1.versions | [0a6e1aaa8a8644c5a03bb295ac2650eb] 用户 admin 查看版本列表 项目 inventree (id=1) 的版本
2026-01-23 15:48:22 | INFO | [0a6e1aaa8a8644c5a03bb295ac2650eb] | app.api.v1.versions | [0a6e1aaa8a8644c5a03bb295ac2650eb] 获取版本列表成功: total=2
2026-01-23 15:48:22 | INFO | [35653c60cc4847b78d02363ef04ab279] | app.api.v1.api_integration | 获取文档列表: skip=0, limit=100, user=admin
2026-01-23 15:48:22 | INFO | [35653c60cc4847b78d02363ef04ab279] | app.api.v1.api_integration | 查询到 1 个文档
2026-01-23 15:48:22 | INFO | [7745558a8e9c4e768fb3643cc82127fe] | app.api.v1.versions | [7745558a8e9c4e768fb3643cc82127fe] 用户 admin 获取版本列表: project_id=1, page=1, page_size=100
2026-01-23 15:48:22 | INFO | [7745558a8e9c4e768fb3643cc82127fe] | app.api.v1.versions | [7745558a8e9c4e768fb3643cc82127fe] 用户 admin 查看版本列表 项目 inventree (id=1) 的版本
2026-01-23 15:48:22 | INFO | [7745558a8e9c4e768fb3643cc82127fe] | app.api.v1.versions | [7745558a8e9c4e768fb3643cc82127fe] 获取版本列表成功: total=2
2026-01-23 15:48:22 | INFO | [ea309b8111cd439f890e3e8d025eb585] | app.api.v1.projects | [ea309b8111cd439f890e3e8d025eb585] 用户 admin 获取项目列表: page=1, page_size=100
2026-01-23 15:48:22 | INFO | [ea309b8111cd439f890e3e8d025eb585] | app.api.v1.projects | [ea309b8111cd439f890e3e8d025eb585] 获取项目列表成功: total=1
2026-01-23 15:48:24 | INFO | [45bed0f9fc124bbbb2c1aa706dbf8d35] | app.api.v1.projects | [45bed0f9fc124bbbb2c1aa706dbf8d35] 用户 admin 获取项目列表: page=1, page_size=100
2026-01-23 15:48:24 | INFO | [45bed0f9fc124bbbb2c1aa706dbf8d35] | app.api.v1.projects | [45bed0f9fc124bbbb2c1aa706dbf8d35] 获取项目列表成功: total=1
2026-01-23 15:48:24 | INFO | [3900dd2e07b74d1bb1a86bbdd1c28368] | app.api.v1.projects | [3900dd2e07b74d1bb1a86bbdd1c28368] 用户 admin 获取项目列表: page=1, page_size=100
2026-01-23 15:48:24 | INFO | [3900dd2e07b74d1bb1a86bbdd1c28368] | app.api.v1.projects | [3900dd2e07b74d1bb1a86bbdd1c28368] 获取项目列表成功: total=1
2026-01-23 15:48:24 | INFO | [330dcb9ce145491f8748845e8142be0e] | app.api.v1.api_integration | 获取文档列表: skip=0, limit=100, user=admin
2026-01-23 15:48:24 | INFO | [330dcb9ce145491f8748845e8142be0e] | app.api.v1.api_integration | 查询到 1 个文档
2026-01-23 15:48:24 | INFO | [29d09bdc3ce84238b7ab7d505aa246a2] | app.api.v1.projects | [29d09bdc3ce84238b7ab7d505aa246a2] 用户 admin 获取项目列表: page=1, page_size=100
2026-01-23 15:48:24 | INFO | [29d09bdc3ce84238b7ab7d505aa246a2] | app.api.v1.projects | [29d09bdc3ce84238b7ab7d505aa246a2] 获取项目列表成功: total=1
2026-01-23 15:48:24 | INFO | [03537960766c491f88ea658576acfba6] | app.api.v1.versions | [03537960766c491f88ea658576acfba6] 用户 admin 获取版本列表: project_id=1, page=1, page_size=100
2026-01-23 15:48:24 | INFO | [03537960766c491f88ea658576acfba6] | app.api.v1.versions | [03537960766c491f88ea658576acfba6] 用户 admin 查看版本列表 项目 inventree (id=1) 的版本
2026-01-23 15:48:24 | INFO | [03537960766c491f88ea658576acfba6] | app.api.v1.versions | [03537960766c491f88ea658576acfba6] 获取版本列表成功: total=2
2026-01-23 15:48:24 | INFO | [d0942d79abbe46679673a5a87671dd96] | app.api.v1.api_integration | 获取文档列表: skip=0, limit=100, user=admin
2026-01-23 15:48:24 | INFO | [d0942d79abbe46679673a5a87671dd96] | app.api.v1.api_integration | 查询到 1 个文档
2026-01-23 15:48:24 | INFO | [31d8796b11c94fc58ee297b7ffc859dd] | app.api.v1.versions | [31d8796b11c94fc58ee297b7ffc859dd] 用户 admin 获取版本列表: project_id=1, page=1, page_size=100
2026-01-23 15:48:24 | INFO | [31d8796b11c94fc58ee297b7ffc859dd] | app.api.v1.versions | [31d8796b11c94fc58ee297b7ffc859dd] 用户 admin 查看版本列表 项目 inventree (id=1) 的版本
2026-01-23 15:48:24 | INFO | [31d8796b11c94fc58ee297b7ffc859dd] | app.api.v1.versions | [31d8796b11c94fc58ee297b7ffc859dd] 获取版本列表成功: total=2
2026-01-23 15:48:24 | INFO | [d3f785cfc1944ffe9dc2b7b67399a3d0] | app.api.v1.projects | [d3f785cfc1944ffe9dc2b7b67399a3d0] 用户 admin 获取项目列表: page=1, page_size=100
2026-01-23 15:48:24 | INFO | [d3f785cfc1944ffe9dc2b7b67399a3d0] | app.api.v1.projects | [d3f785cfc1944ffe9dc2b7b67399a3d0] 获取项目列表成功: total=1
2026-01-23 15:48:29 | INFO | [f02b4f33d98240a38c142a85d4ea8e09] | app.api.v1.projects | [f02b4f33d98240a38c142a85d4ea8e09] 用户 admin 获取项目列表: page=1, page_size=10
2026-01-23 15:48:29 | INFO | [f02b4f33d98240a38c142a85d4ea8e09] | app.api.v1.projects | [f02b4f33d98240a38c142a85d4ea8e09] 获取项目列表成功: total=1
2026-01-23 15:48:29 | INFO | [83ebf20fa5be42939a40408b9ed44d01] | app.api.v1.projects | [83ebf20fa5be42939a40408b9ed44d01] 用户 admin 获取项目列表: page=1, page_size=10
2026-01-23 15:48:29 | INFO | [83ebf20fa5be42939a40408b9ed44d01] | app.api.v1.projects | [83ebf20fa5be42939a40408b9ed44d01] 获取项目列表成功: total=1
2026-01-23 15:48:31 | INFO | [d7957fbb93a04141af1744f19b7b6fc3] | app.api.v1.projects | [d7957fbb93a04141af1744f19b7b6fc3] 用户 admin 获取项目详情: project_id=1
2026-01-23 15:48:31 | INFO | [d7957fbb93a04141af1744f19b7b6fc3] | app.api.v1.projects | [d7957fbb93a04141af1744f19b7b6fc3] 用户 admin 查看 项目 inventree (id=1)
2026-01-23 15:48:31 | INFO | [d7957fbb93a04141af1744f19b7b6fc3] | app.api.v1.projects | [d7957fbb93a04141af1744f19b7b6fc3] 获取项目详情成功: project_id=1
2026-01-23 15:48:31 | INFO | [dc20effc560b4c2fa6bed77488c8d679] | app.api.v1.versions | [dc20effc560b4c2fa6bed77488c8d679] 用户 admin 获取版本列表: project_id=1, page=1, page_size=10
2026-01-23 15:48:31 | INFO | [dc20effc560b4c2fa6bed77488c8d679] | app.api.v1.versions | [dc20effc560b4c2fa6bed77488c8d679] 用户 admin 查看版本列表 项目 inventree (id=1) 的版本
2026-01-23 15:48:31 | INFO | [dc20effc560b4c2fa6bed77488c8d679] | app.api.v1.versions | [dc20effc560b4c2fa6bed77488c8d679] 获取版本列表成功: total=2
2026-01-23 15:48:31 | INFO | [40d1311c86e04d5dbf4341909ac4b9eb] | app.api.v1.versions | [40d1311c86e04d5dbf4341909ac4b9eb] 用户 admin 获取版本列表: project_id=1, page=1, page_size=10
2026-01-23 15:48:31 | INFO | [40d1311c86e04d5dbf4341909ac4b9eb] | app.api.v1.versions | [40d1311c86e04d5dbf4341909ac4b9eb] 用户 admin 查看版本列表 项目 inventree (id=1) 的版本
2026-01-23 15:48:31 | INFO | [40d1311c86e04d5dbf4341909ac4b9eb] | app.api.v1.versions | [40d1311c86e04d5dbf4341909ac4b9eb] 获取版本列表成功: total=2
2026-01-23 15:48:31 | INFO | [f87f1f9767364cdab6b4c857a462e892] | app.api.v1.projects | [f87f1f9767364cdab6b4c857a462e892] 用户 admin 获取项目详情: project_id=1
2026-01-23 15:48:31 | INFO | [f87f1f9767364cdab6b4c857a462e892] | app.api.v1.projects | [f87f1f9767364cdab6b4c857a462e892] 用户 admin 查看 项目 inventree (id=1)
2026-01-23 15:48:31 | INFO | [f87f1f9767364cdab6b4c857a462e892] | app.api.v1.projects | [f87f1f9767364cdab6b4c857a462e892] 获取项目详情成功: project_id=1
2026-01-23 15:48:31 | INFO | [7416bc45f2a348da9f451eda3aedc937] | app.api.v1.projects | [7416bc45f2a348da9f451eda3aedc937] 用户 admin 获取项目列表: page=1, page_size=10
2026-01-23 15:48:31 | INFO | [7416bc45f2a348da9f451eda3aedc937] | app.api.v1.projects | [7416bc45f2a348da9f451eda3aedc937] 获取项目列表成功: total=1
2026-01-23 15:48:31 | INFO | [eacc577beada4d80a2f273195e5ed818] | app.api.v1.projects | [eacc577beada4d80a2f273195e5ed818] 用户 admin 获取项目列表: page=1, page_size=10
2026-01-23 15:48:31 | INFO | [eacc577beada4d80a2f273195e5ed818] | app.api.v1.projects | [eacc577beada4d80a2f273195e5ed818] 获取项目列表成功: total=1
2026-01-23 15:48:43 | INFO | [ccf4dca7f1aa4abba7e453fca5719c5d] | app.api.v1.projects | [ccf4dca7f1aa4abba7e453fca5719c5d] 用户 admin 获取项目列表: page=1, page_size=100
2026-01-23 15:48:43 | INFO | [ccf4dca7f1aa4abba7e453fca5719c5d] | app.api.v1.projects | [ccf4dca7f1aa4abba7e453fca5719c5d] 获取项目列表成功: total=1
2026-01-23 15:48:43 | INFO | [dfd95c2c5fa54a41be2545470fa75615] | app.api.v1.projects | [dfd95c2c5fa54a41be2545470fa75615] 用户 admin 获取项目列表: page=1, page_size=10
2026-01-23 15:48:43 | INFO | [dfd95c2c5fa54a41be2545470fa75615] | app.api.v1.projects | [dfd95c2c5fa54a41be2545470fa75615] 获取项目列表成功: total=1
2026-01-23 15:48:43 | INFO | [8742067141274648b4c6bfd66d26d50f] | app.api.v1.projects | [8742067141274648b4c6bfd66d26d50f] 用户 admin 获取项目列表: page=1, page_size=10
2026-01-23 15:48:43 | INFO | [8742067141274648b4c6bfd66d26d50f] | app.api.v1.projects | [8742067141274648b4c6bfd66d26d50f] 获取项目列表成功: total=1
2026-01-23 15:48:43 | INFO | [cf979f1b3eaa4b63924506ba264f238d] | app.api.v1.projects | [cf979f1b3eaa4b63924506ba264f238d] 用户 admin 获取项目列表: page=1, page_size=100
2026-01-23 15:48:43 | INFO | [cf979f1b3eaa4b63924506ba264f238d] | app.api.v1.projects | [cf979f1b3eaa4b63924506ba264f238d] 获取项目列表成功: total=1
2026-01-23 15:48:43 | INFO | [a6300b34a16f45d2a14227a939a8d123] | app.api.v1.versions | [a6300b34a16f45d2a14227a939a8d123] 用户 admin 获取版本列表: project_id=1, page=1, page_size=100
2026-01-23 15:48:43 | INFO | [a6300b34a16f45d2a14227a939a8d123] | app.api.v1.versions | [a6300b34a16f45d2a14227a939a8d123] 用户 admin 查看版本列表 项目 inventree (id=1) 的版本
2026-01-23 15:48:43 | INFO | [a6300b34a16f45d2a14227a939a8d123] | app.api.v1.versions | [a6300b34a16f45d2a14227a939a8d123] 获取版本列表成功: total=2
2026-01-23 15:48:43 | INFO | [e31c8c9ed4024c79b669273c2cb73c9d] | app.api.v1.projects | [e31c8c9ed4024c79b669273c2cb73c9d] 用户 admin 获取项目列表: page=1, page_size=100
2026-01-23 15:48:43 | INFO | [e31c8c9ed4024c79b669273c2cb73c9d] | app.api.v1.projects | [e31c8c9ed4024c79b669273c2cb73c9d] 获取项目列表成功: total=1
2026-01-23 15:48:43 | INFO | [6512697f15494eac9507f4c7021fad41] | app.api.v1.projects | [6512697f15494eac9507f4c7021fad41] 用户 admin 获取项目列表: page=1, page_size=100
2026-01-23 15:48:43 | INFO | [6512697f15494eac9507f4c7021fad41] | app.api.v1.projects | [6512697f15494eac9507f4c7021fad41] 获取项目列表成功: total=1
2026-01-23 15:48:43 | INFO | [9881dcc981094b8d84a8d3d497e872a5] | app.api.v1.versions | [9881dcc981094b8d84a8d3d497e872a5] 用户 admin 获取版本列表: project_id=1, page=1, page_size=100
2026-01-23 15:48:43 | INFO | [9881dcc981094b8d84a8d3d497e872a5] | app.api.v1.versions | [9881dcc981094b8d84a8d3d497e872a5] 用户 admin 查看版本列表 项目 inventree (id=1) 的版本
2026-01-23 15:48:43 | INFO | [9881dcc981094b8d84a8d3d497e872a5] | app.api.v1.versions | [9881dcc981094b8d84a8d3d497e872a5] 获取版本列表成功: total=2
2026-01-23 15:48:47 | INFO | [402c3ea3be554dc59734fc79165db6ea] | app.api.v1.projects | [402c3ea3be554dc59734fc79165db6ea] 用户 admin 获取项目列表: page=1, page_size=100
2026-01-23 15:48:47 | INFO | [402c3ea3be554dc59734fc79165db6ea] | app.api.v1.projects | [402c3ea3be554dc59734fc79165db6ea] 获取项目列表成功: total=1
2026-01-23 15:48:47 | INFO | [e7771a5ee235489c87112b53b6c3cd17] | app.api.v1.versions | [e7771a5ee235489c87112b53b6c3cd17] 用户 admin 获取版本列表: project_id=1, page=1, page_size=100
2026-01-23 15:48:47 | INFO | [e7771a5ee235489c87112b53b6c3cd17] | app.api.v1.versions | [e7771a5ee235489c87112b53b6c3cd17] 用户 admin 查看版本列表 项目 inventree (id=1) 的版本
2026-01-23 15:48:47 | INFO | [e7771a5ee235489c87112b53b6c3cd17] | app.api.v1.versions | [e7771a5ee235489c87112b53b6c3cd17] 获取版本列表成功: total=2
2026-01-23 15:48:47 | INFO | [fe7cf6f087564c08894911fb71f93663] | app.api.v1.projects | [fe7cf6f087564c08894911fb71f93663] 用户 admin 获取项目列表: page=1, page_size=10
2026-01-23 15:48:47 | INFO | [fe7cf6f087564c08894911fb71f93663] | app.api.v1.projects | [fe7cf6f087564c08894911fb71f93663] 获取项目列表成功: total=1
2026-01-23 15:48:47 | INFO | [00da132b522f4691a5556b7705a54017] | app.api.v1.projects | [00da132b522f4691a5556b7705a54017] 用户 admin 获取项目列表: page=1, page_size=100
2026-01-23 15:48:47 | INFO | [00da132b522f4691a5556b7705a54017] | app.api.v1.projects | [00da132b522f4691a5556b7705a54017] 获取项目列表成功: total=1
2026-01-23 15:48:47 | INFO | [fc2709907c864f77a79ae503af0367d9] | app.api.v1.projects | [fc2709907c864f77a79ae503af0367d9] 用户 admin 获取项目列表: page=1, page_size=100
2026-01-23 15:48:47 | INFO | [fc2709907c864f77a79ae503af0367d9] | app.api.v1.projects | [fc2709907c864f77a79ae503af0367d9] 获取项目列表成功: total=1
2026-01-23 15:48:47 | INFO | [32a72aebc0bb4e72bdf80b04eef6947a] | app.api.v1.projects | [32a72aebc0bb4e72bdf80b04eef6947a] 用户 admin 获取项目列表: page=1, page_size=10
2026-01-23 15:48:47 | INFO | [32a72aebc0bb4e72bdf80b04eef6947a] | app.api.v1.projects | [32a72aebc0bb4e72bdf80b04eef6947a] 获取项目列表成功: total=1
2026-01-23 15:48:47 | INFO | [3be00c291fc14931b06bd34c05da2931] | app.api.v1.versions | [3be00c291fc14931b06bd34c05da2931] 用户 admin 获取版本列表: project_id=1, page=1, page_size=100
2026-01-23 15:48:47 | INFO | [3be00c291fc14931b06bd34c05da2931] | app.api.v1.versions | [3be00c291fc14931b06bd34c05da2931] 用户 admin 查看版本列表 项目 inventree (id=1) 的版本
2026-01-23 15:48:47 | INFO | [3be00c291fc14931b06bd34c05da2931] | app.api.v1.versions | [3be00c291fc14931b06bd34c05da2931] 获取版本列表成功: total=2
2026-01-23 15:48:47 | INFO | [c0ec41533cf447788e1a8ac08481d661] | app.api.v1.projects | [c0ec41533cf447788e1a8ac08481d661] 用户 admin 获取项目列表: page=1, page_size=100
2026-01-23 15:48:47 | INFO | [c0ec41533cf447788e1a8ac08481d661] | app.api.v1.projects | [c0ec41533cf447788e1a8ac08481d661] 获取项目列表成功: total=1
2026-01-23 15:48:51 | INFO | [61af833850434964804c3c50a8edea30] | app.api.v1.api_integration | 获取文档列表: skip=0, limit=100, user=admin
2026-01-23 15:48:51 | INFO | [61af833850434964804c3c50a8edea30] | app.api.v1.api_integration | 查询到 1 个文档
2026-01-23 15:48:51 | INFO | [4428cc8b13aa4da591b91b55ea75c0c2] | app.api.v1.api_integration | 获取文档列表: skip=0, limit=100, user=admin
2026-01-23 15:48:51 | INFO | [4428cc8b13aa4da591b91b55ea75c0c2] | app.api.v1.api_integration | 查询到 1 个文档
2026-01-23 15:48:57 | INFO | [91b1f4115c5b4166b456efab1b90ea22] | app.api.v1.versions | [91b1f4115c5b4166b456efab1b90ea22] 用户 admin 获取版本列表: project_id=1, page=1, page_size=100
2026-01-23 15:48:57 | INFO | [91b1f4115c5b4166b456efab1b90ea22] | app.api.v1.versions | [91b1f4115c5b4166b456efab1b90ea22] 用户 admin 查看版本列表 项目 inventree (id=1) 的版本
2026-01-23 15:48:57 | INFO | [91b1f4115c5b4166b456efab1b90ea22] | app.api.v1.versions | [91b1f4115c5b4166b456efab1b90ea22] 获取版本列表成功: total=2
2026-01-23 15:52:22 | INFO | [8ee5ff132ec34838a52cb8f6aa1a9bdb] | app.api.v1.api_integration | 获取文档列表: skip=0, limit=100, user=admin
2026-01-23 15:52:22 | INFO | [8ee5ff132ec34838a52cb8f6aa1a9bdb] | app.api.v1.api_integration | 查询到 0 个文档
2026-01-23 15:52:29 | INFO | [d1c4abbe73364383944b3447825f1412] | app.api.v1.projects | [d1c4abbe73364383944b3447825f1412] 用户 admin 获取项目列表: page=1, page_size=100
2026-01-23 15:52:29 | INFO | [d1c4abbe73364383944b3447825f1412] | app.api.v1.projects | [d1c4abbe73364383944b3447825f1412] 获取项目列表成功: total=1
2026-01-23 15:52:29 | INFO | [42e5f996b00e4ee0ac80817c1bd3f3e1] | app.api.v1.projects | [42e5f996b00e4ee0ac80817c1bd3f3e1] 用户 admin 获取项目列表: page=1, page_size=100
2026-01-23 15:52:29 | INFO | [42e5f996b00e4ee0ac80817c1bd3f3e1] | app.api.v1.projects | [42e5f996b00e4ee0ac80817c1bd3f3e1] 获取项目列表成功: total=1
2026-01-23 15:52:29 | INFO | [8126bdafe27f4c6d863fae39fce5cb76] | app.api.v1.versions | [8126bdafe27f4c6d863fae39fce5cb76] 用户 admin 获取版本列表: project_id=1, page=1, page_size=100
2026-01-23 15:52:29 | INFO | [8126bdafe27f4c6d863fae39fce5cb76] | app.api.v1.versions | [8126bdafe27f4c6d863fae39fce5cb76] 用户 admin 查看版本列表 项目 inventree (id=1) 的版本
2026-01-23 15:52:29 | INFO | [8126bdafe27f4c6d863fae39fce5cb76] | app.api.v1.versions | [8126bdafe27f4c6d863fae39fce5cb76] 获取版本列表成功: total=2
2026-01-23 15:52:30 | INFO | [66f5523ed1894e1ca2d925981114d1e2] | app.api.v1.versions | [66f5523ed1894e1ca2d925981114d1e2] 用户 admin 获取版本列表: project_id=1, page=1, page_size=100
2026-01-23 15:52:30 | INFO | [66f5523ed1894e1ca2d925981114d1e2] | app.api.v1.versions | [66f5523ed1894e1ca2d925981114d1e2] 用户 admin 查看版本列表 项目 inventree (id=1) 的版本
2026-01-23 15:52:30 | INFO | [66f5523ed1894e1ca2d925981114d1e2] | app.api.v1.versions | [66f5523ed1894e1ca2d925981114d1e2] 获取版本列表成功: total=2
2026-01-23 15:52:30 | INFO | [5d281f1f0f6f46f7a16e45719c3c31dd] | app.api.v1.projects | [5d281f1f0f6f46f7a16e45719c3c31dd] 用户 admin 获取项目列表: page=1, page_size=100
2026-01-23 15:52:30 | INFO | [5d281f1f0f6f46f7a16e45719c3c31dd] | app.api.v1.projects | [5d281f1f0f6f46f7a16e45719c3c31dd] 获取项目列表成功: total=1
2026-01-23 15:52:30 | INFO | [612b4c10334b4278996949470517ca2d] | app.api.v1.projects | [612b4c10334b4278996949470517ca2d] 用户 admin 获取项目列表: page=1, page_size=100
2026-01-23 15:52:30 | INFO | [612b4c10334b4278996949470517ca2d] | app.api.v1.projects | [612b4c10334b4278996949470517ca2d] 获取项目列表成功: total=1
2026-01-23 15:52:31 | INFO | [4cc6e21d711b40be89cfccdc784c5c1b] | app.api.v1.projects | [4cc6e21d711b40be89cfccdc784c5c1b] 用户 admin 获取项目列表: page=1, page_size=10
2026-01-23 15:52:31 | INFO | [4cc6e21d711b40be89cfccdc784c5c1b] | app.api.v1.projects | [4cc6e21d711b40be89cfccdc784c5c1b] 获取项目列表成功: total=1
2026-01-23 15:52:31 | INFO | [416130927d5245fbb6bf127233b186e1] | app.api.v1.projects | [416130927d5245fbb6bf127233b186e1] 用户 admin 获取项目列表: page=1, page_size=10
2026-01-23 15:52:31 | INFO | [416130927d5245fbb6bf127233b186e1] | app.api.v1.projects | [416130927d5245fbb6bf127233b186e1] 获取项目列表成功: total=1
2026-01-23 15:52:32 | INFO | [3b6397b86cc14f3c998b37b4ea5afc63] | app.api.v1.projects | [3b6397b86cc14f3c998b37b4ea5afc63] 用户 admin 获取项目详情: project_id=1
2026-01-23 15:52:32 | INFO | [3b6397b86cc14f3c998b37b4ea5afc63] | app.api.v1.projects | [3b6397b86cc14f3c998b37b4ea5afc63] 用户 admin 查看 项目 inventree (id=1)
2026-01-23 15:52:32 | INFO | [3b6397b86cc14f3c998b37b4ea5afc63] | app.api.v1.projects | [3b6397b86cc14f3c998b37b4ea5afc63] 获取项目详情成功: project_id=1
2026-01-23 15:52:32 | INFO | [c32572fecedf45deb1eaea16b4ebed13] | app.api.v1.versions | [c32572fecedf45deb1eaea16b4ebed13] 用户 admin 获取版本列表: project_id=1, page=1, page_size=10
2026-01-23 15:52:32 | INFO | [c32572fecedf45deb1eaea16b4ebed13] | app.api.v1.versions | [c32572fecedf45deb1eaea16b4ebed13] 用户 admin 查看版本列表 项目 inventree (id=1) 的版本
2026-01-23 15:52:32 | INFO | [c32572fecedf45deb1eaea16b4ebed13] | app.api.v1.versions | [c32572fecedf45deb1eaea16b4ebed13] 获取版本列表成功: total=2
2026-01-23 15:52:32 | INFO | [c29311c3d31948b89647c4239eb1c28d] | app.api.v1.projects | [c29311c3d31948b89647c4239eb1c28d] 用户 admin 获取项目详情: project_id=1
2026-01-23 15:52:32 | INFO | [c29311c3d31948b89647c4239eb1c28d] | app.api.v1.projects | [c29311c3d31948b89647c4239eb1c28d] 用户 admin 查看 项目 inventree (id=1)
2026-01-23 15:52:32 | INFO | [c29311c3d31948b89647c4239eb1c28d] | app.api.v1.projects | [c29311c3d31948b89647c4239eb1c28d] 获取项目详情成功: project_id=1
2026-01-23 15:52:32 | INFO | [d265580005da4d218a3c6b0e1bea6cb8] | app.api.v1.versions | [d265580005da4d218a3c6b0e1bea6cb8] 用户 admin 获取版本列表: project_id=1, page=1, page_size=10
2026-01-23 15:52:32 | INFO | [d265580005da4d218a3c6b0e1bea6cb8] | app.api.v1.versions | [d265580005da4d218a3c6b0e1bea6cb8] 用户 admin 查看版本列表 项目 inventree (id=1) 的版本
2026-01-23 15:52:32 | INFO | [d265580005da4d218a3c6b0e1bea6cb8] | app.api.v1.versions | [d265580005da4d218a3c6b0e1bea6cb8] 获取版本列表成功: total=2
2026-01-23 15:52:35 | INFO | [0ada93b2ba9242e8aa77524c63eddb0d] | app.api.v1.versions | [0ada93b2ba9242e8aa77524c63eddb0d] 用户 admin 删除版本: project_id=1, version_id=1
2026-01-23 15:52:35 | INFO | [0ada93b2ba9242e8aa77524c63eddb0d] | app.api.v1.versions | [0ada93b2ba9242e8aa77524c63eddb0d] 用户 admin 删除版本 项目 inventree (id=1) 的版本
2026-01-23 15:52:35 | INFO | [0ada93b2ba9242e8aa77524c63eddb0d] | app.api.v1.versions | [0ada93b2ba9242e8aa77524c63eddb0d] 版本删除成功: version_id=1
2026-01-23 15:52:35 | INFO | [9a800abaee8b491e872057a9fccbb246] | app.api.v1.versions | [9a800abaee8b491e872057a9fccbb246] 用户 admin 获取版本列表: project_id=1, page=1, page_size=10
2026-01-23 15:52:35 | INFO | [9a800abaee8b491e872057a9fccbb246] | app.api.v1.versions | [9a800abaee8b491e872057a9fccbb246] 用户 admin 查看版本列表 项目 inventree (id=1) 的版本
2026-01-23 15:52:35 | INFO | [9a800abaee8b491e872057a9fccbb246] | app.api.v1.versions | [9a800abaee8b491e872057a9fccbb246] 获取版本列表成功: total=1
2026-01-23 15:52:38 | INFO | [cd1efadbfef244cda7b68243a8ea6079] | app.api.v1.versions | [cd1efadbfef244cda7b68243a8ea6079] 用户 admin 删除版本: project_id=1, version_id=2
2026-01-23 15:52:38 | INFO | [cd1efadbfef244cda7b68243a8ea6079] | app.api.v1.versions | [cd1efadbfef244cda7b68243a8ea6079] 用户 admin 删除版本 项目 inventree (id=1) 的版本
2026-01-23 15:52:38 | INFO | [cd1efadbfef244cda7b68243a8ea6079] | app.api.v1.versions | [cd1efadbfef244cda7b68243a8ea6079] 版本删除成功: version_id=2
2026-01-23 15:52:38 | INFO | [975c124c0da749b9a95c5f29a92a703b] | app.api.v1.versions | [975c124c0da749b9a95c5f29a92a703b] 用户 admin 获取版本列表: project_id=1, page=1, page_size=10
2026-01-23 15:52:38 | INFO | [975c124c0da749b9a95c5f29a92a703b] | app.api.v1.versions | [975c124c0da749b9a95c5f29a92a703b] 用户 admin 查看版本列表 项目 inventree (id=1) 的版本
2026-01-23 15:52:38 | INFO | [975c124c0da749b9a95c5f29a92a703b] | app.api.v1.versions | [975c124c0da749b9a95c5f29a92a703b] 获取版本列表成功: total=0
2026-01-23 15:52:39 | INFO | [dcd8c4efa2b84e8dabd7cbae0cc78dc9] | app.api.v1.projects | [dcd8c4efa2b84e8dabd7cbae0cc78dc9] 用户 admin 获取项目列表: page=1, page_size=10
2026-01-23 15:52:39 | INFO | [dcd8c4efa2b84e8dabd7cbae0cc78dc9] | app.api.v1.projects | [dcd8c4efa2b84e8dabd7cbae0cc78dc9] 获取项目列表成功: total=1
2026-01-23 15:52:39 | INFO | [7eb7228b1b174634b114f164f784999c] | app.api.v1.projects | [7eb7228b1b174634b114f164f784999c] 用户 admin 获取项目列表: page=1, page_size=10
2026-01-23 15:52:39 | INFO | [7eb7228b1b174634b114f164f784999c] | app.api.v1.projects | [7eb7228b1b174634b114f164f784999c] 获取项目列表成功: total=1
2026-01-23 15:52:42 | INFO | [20b296c6f4f844b98d0f615bcfb0c123] | app.api.v1.projects | [20b296c6f4f844b98d0f615bcfb0c123] 用户 admin 获取项目列表: page=1, page_size=100
2026-01-23 15:52:42 | INFO | [20b296c6f4f844b98d0f615bcfb0c123] | app.api.v1.projects | [20b296c6f4f844b98d0f615bcfb0c123] 获取项目列表成功: total=1
2026-01-23 15:52:42 | INFO | [a61a21ac3d614bf4a2be4f0665e59244] | app.api.v1.versions | [a61a21ac3d614bf4a2be4f0665e59244] 用户 admin 获取版本列表: project_id=1, page=1, page_size=100
2026-01-23 15:52:42 | INFO | [a61a21ac3d614bf4a2be4f0665e59244] | app.api.v1.versions | [a61a21ac3d614bf4a2be4f0665e59244] 用户 admin 查看版本列表 项目 inventree (id=1) 的版本
2026-01-23 15:52:42 | INFO | [a61a21ac3d614bf4a2be4f0665e59244] | app.api.v1.versions | [a61a21ac3d614bf4a2be4f0665e59244] 获取版本列表成功: total=0
2026-01-23 15:52:42 | INFO | [a68ca098eea44f87be7a6d2b2481ff1b] | app.api.v1.projects | [a68ca098eea44f87be7a6d2b2481ff1b] 用户 admin 获取项目列表: page=1, page_size=100
2026-01-23 15:52:42 | INFO | [a68ca098eea44f87be7a6d2b2481ff1b] | app.api.v1.projects | [a68ca098eea44f87be7a6d2b2481ff1b] 获取项目列表成功: total=1
2026-01-23 15:52:42 | INFO | [c02bc112ac4443018ed6ad1c96741223] | app.api.v1.projects | [c02bc112ac4443018ed6ad1c96741223] 用户 admin 获取项目列表: page=1, page_size=10
2026-01-23 15:52:42 | INFO | [c02bc112ac4443018ed6ad1c96741223] | app.api.v1.projects | [c02bc112ac4443018ed6ad1c96741223] 获取项目列表成功: total=1
2026-01-23 15:52:42 | INFO | [fc7c751238be4e979aedfcebc1ba34aa] | app.api.v1.projects | [fc7c751238be4e979aedfcebc1ba34aa] 用户 admin 获取项目列表: page=1, page_size=100
2026-01-23 15:52:42 | INFO | [fc7c751238be4e979aedfcebc1ba34aa] | app.api.v1.projects | [fc7c751238be4e979aedfcebc1ba34aa] 获取项目列表成功: total=1
2026-01-23 15:52:42 | INFO | [d047ae7ad3824991a3dfec42cdeaaf69] | app.api.v1.projects | [d047ae7ad3824991a3dfec42cdeaaf69] 用户 admin 获取项目列表: page=1, page_size=10
2026-01-23 15:52:42 | INFO | [d047ae7ad3824991a3dfec42cdeaaf69] | app.api.v1.projects | [d047ae7ad3824991a3dfec42cdeaaf69] 获取项目列表成功: total=1
2026-01-23 15:52:42 | INFO | [7daae7781f834691a50674b62f9ad3ab] | app.api.v1.versions | [7daae7781f834691a50674b62f9ad3ab] 用户 admin 获取版本列表: project_id=1, page=1, page_size=100
2026-01-23 15:52:42 | INFO | [7daae7781f834691a50674b62f9ad3ab] | app.api.v1.versions | [7daae7781f834691a50674b62f9ad3ab] 用户 admin 查看版本列表 项目 inventree (id=1) 的版本
2026-01-23 15:52:42 | INFO | [7daae7781f834691a50674b62f9ad3ab] | app.api.v1.versions | [7daae7781f834691a50674b62f9ad3ab] 获取版本列表成功: total=0
2026-01-23 15:52:42 | INFO | [d5589e8e043946dcb6e2fe5a01583c6f] | app.api.v1.projects | [d5589e8e043946dcb6e2fe5a01583c6f] 用户 admin 获取项目列表: page=1, page_size=100
2026-01-23 15:52:42 | INFO | [d5589e8e043946dcb6e2fe5a01583c6f] | app.api.v1.projects | [d5589e8e043946dcb6e2fe5a01583c6f] 获取项目列表成功: total=1
2026-01-23 15:52:44 | INFO | [d4dd5028abcb4765a8cc66c786390d5e] | app.api.v1.projects | [d4dd5028abcb4765a8cc66c786390d5e] 用户 admin 获取项目详情: project_id=1
2026-01-23 15:52:44 | INFO | [d4dd5028abcb4765a8cc66c786390d5e] | app.api.v1.projects | [d4dd5028abcb4765a8cc66c786390d5e] 用户 admin 查看 项目 inventree (id=1)
2026-01-23 15:52:44 | INFO | [d4dd5028abcb4765a8cc66c786390d5e] | app.api.v1.projects | [d4dd5028abcb4765a8cc66c786390d5e] 获取项目详情成功: project_id=1
2026-01-23 15:52:44 | INFO | [95c288bc713e4cac92ba5ce547b8e8d0] | app.api.v1.versions | [95c288bc713e4cac92ba5ce547b8e8d0] 用户 admin 获取版本列表: project_id=1, page=1, page_size=10
2026-01-23 15:52:44 | INFO | [95c288bc713e4cac92ba5ce547b8e8d0] | app.api.v1.versions | [95c288bc713e4cac92ba5ce547b8e8d0] 用户 admin 查看版本列表 项目 inventree (id=1) 的版本
2026-01-23 15:52:44 | INFO | [95c288bc713e4cac92ba5ce547b8e8d0] | app.api.v1.versions | [95c288bc713e4cac92ba5ce547b8e8d0] 获取版本列表成功: total=0
2026-01-23 15:52:44 | INFO | [c22b29b3a15744b298c9673ad89f057d] | app.api.v1.projects | [c22b29b3a15744b298c9673ad89f057d] 用户 admin 获取项目详情: project_id=1
2026-01-23 15:52:44 | INFO | [c22b29b3a15744b298c9673ad89f057d] | app.api.v1.projects | [c22b29b3a15744b298c9673ad89f057d] 用户 admin 查看 项目 inventree (id=1)
2026-01-23 15:52:44 | INFO | [c22b29b3a15744b298c9673ad89f057d] | app.api.v1.projects | [c22b29b3a15744b298c9673ad89f057d] 获取项目详情成功: project_id=1
2026-01-23 15:52:44 | INFO | [10ec2ee410524d6a97865b0bc0c35d97] | app.api.v1.versions | [10ec2ee410524d6a97865b0bc0c35d97] 用户 admin 获取版本列表: project_id=1, page=1, page_size=10
2026-01-23 15:52:44 | INFO | [10ec2ee410524d6a97865b0bc0c35d97] | app.api.v1.versions | [10ec2ee410524d6a97865b0bc0c35d97] 用户 admin 查看版本列表 项目 inventree (id=1) 的版本
2026-01-23 15:52:44 | INFO | [10ec2ee410524d6a97865b0bc0c35d97] | app.api.v1.versions | [10ec2ee410524d6a97865b0bc0c35d97] 获取版本列表成功: total=0
2026-01-23 15:52:46 | INFO | [ea463db0855245f1b6297efa6e67eb5b] | app.api.v1.projects | [ea463db0855245f1b6297efa6e67eb5b] 用户 admin 获取项目列表: page=1, page_size=10
2026-01-23 15:52:46 | INFO | [ea463db0855245f1b6297efa6e67eb5b] | app.api.v1.projects | [ea463db0855245f1b6297efa6e67eb5b] 获取项目列表成功: total=1
2026-01-23 15:52:46 | INFO | [41aab52e42da4c7db444841c84862906] | app.api.v1.projects | [41aab52e42da4c7db444841c84862906] 用户 admin 获取项目列表: page=1, page_size=10
2026-01-23 15:52:46 | INFO | [41aab52e42da4c7db444841c84862906] | app.api.v1.projects | [41aab52e42da4c7db444841c84862906] 获取项目列表成功: total=1
2026-01-23 15:52:59 | INFO | [71d44970ae7b4c14bcf967a7636c6a2b] | app.api.v1.projects | [71d44970ae7b4c14bcf967a7636c6a2b] 用户 admin 创建项目请求: TEST
2026-01-23 15:52:59 | INFO | [71d44970ae7b4c14bcf967a7636c6a2b] | app.api.v1.projects | [71d44970ae7b4c14bcf967a7636c6a2b] 项目创建成功: project_id=2
2026-01-23 15:52:59 | INFO | [664b27e066484fc9b99dbaa0ee075d0d] | app.api.v1.projects | [664b27e066484fc9b99dbaa0ee075d0d] 用户 admin 获取项目列表: page=1, page_size=10
2026-01-23 15:52:59 | INFO | [664b27e066484fc9b99dbaa0ee075d0d] | app.api.v1.projects | [664b27e066484fc9b99dbaa0ee075d0d] 获取项目列表成功: total=2
2026-01-23 15:53:00 | INFO | [694460d1e9ae41e1b1dd470e0ff26840] | app.api.v1.projects | [694460d1e9ae41e1b1dd470e0ff26840] 用户 admin 获取项目详情: project_id=1
2026-01-23 15:53:00 | INFO | [694460d1e9ae41e1b1dd470e0ff26840] | app.api.v1.projects | [694460d1e9ae41e1b1dd470e0ff26840] 用户 admin 查看 项目 inventree (id=1)
2026-01-23 15:53:00 | INFO | [694460d1e9ae41e1b1dd470e0ff26840] | app.api.v1.projects | [694460d1e9ae41e1b1dd470e0ff26840] 获取项目详情成功: project_id=1
2026-01-23 15:53:00 | INFO | [b3216634cbc54a1b892ef3142503e32b] | app.api.v1.versions | [b3216634cbc54a1b892ef3142503e32b] 用户 admin 获取版本列表: project_id=1, page=1, page_size=10
2026-01-23 15:53:00 | INFO | [b3216634cbc54a1b892ef3142503e32b] | app.api.v1.versions | [b3216634cbc54a1b892ef3142503e32b] 用户 admin 查看版本列表 项目 inventree (id=1) 的版本
2026-01-23 15:53:00 | INFO | [b3216634cbc54a1b892ef3142503e32b] | app.api.v1.versions | [b3216634cbc54a1b892ef3142503e32b] 获取版本列表成功: total=0
2026-01-23 15:53:00 | INFO | [fa851cac6c264cb5809bc8b38f4cfafd] | app.api.v1.versions | [fa851cac6c264cb5809bc8b38f4cfafd] 用户 admin 获取版本列表: project_id=1, page=1, page_size=10
2026-01-23 15:53:00 | INFO | [fa851cac6c264cb5809bc8b38f4cfafd] | app.api.v1.versions | [fa851cac6c264cb5809bc8b38f4cfafd] 用户 admin 查看版本列表 项目 inventree (id=1) 的版本
2026-01-23 15:53:00 | INFO | [fa851cac6c264cb5809bc8b38f4cfafd] | app.api.v1.versions | [fa851cac6c264cb5809bc8b38f4cfafd] 获取版本列表成功: total=0
2026-01-23 15:53:00 | INFO | [c80affc7758a44d0ae947aa0161f62c5] | app.api.v1.projects | [c80affc7758a44d0ae947aa0161f62c5] 用户 admin 获取项目详情: project_id=1
2026-01-23 15:53:00 | INFO | [c80affc7758a44d0ae947aa0161f62c5] | app.api.v1.projects | [c80affc7758a44d0ae947aa0161f62c5] 用户 admin 查看 项目 inventree (id=1)
2026-01-23 15:53:00 | INFO | [c80affc7758a44d0ae947aa0161f62c5] | app.api.v1.projects | [c80affc7758a44d0ae947aa0161f62c5] 获取项目详情成功: project_id=1
2026-01-23 15:53:03 | INFO | [d154afc29391400696d80079b2817380] | app.api.v1.projects | [d154afc29391400696d80079b2817380] 用户 admin 获取项目列表: page=1, page_size=10
2026-01-23 15:53:03 | INFO | [d154afc29391400696d80079b2817380] | app.api.v1.projects | [d154afc29391400696d80079b2817380] 获取项目列表成功: total=2
2026-01-23 15:53:03 | INFO | [e2d2334b32054a1098aa1564b4ef4ed9] | app.api.v1.projects | [e2d2334b32054a1098aa1564b4ef4ed9] 用户 admin 获取项目列表: page=1, page_size=10
2026-01-23 15:53:03 | INFO | [e2d2334b32054a1098aa1564b4ef4ed9] | app.api.v1.projects | [e2d2334b32054a1098aa1564b4ef4ed9] 获取项目列表成功: total=2
2026-01-23 15:53:05 | INFO | [1ec857448ec044b7b30efea24890fb47] | app.api.v1.projects | [1ec857448ec044b7b30efea24890fb47] 用户 admin 获取项目详情: project_id=1
2026-01-23 15:53:05 | INFO | [1ec857448ec044b7b30efea24890fb47] | app.api.v1.projects | [1ec857448ec044b7b30efea24890fb47] 用户 admin 查看 项目 inventree (id=1)
2026-01-23 15:53:05 | INFO | [1ec857448ec044b7b30efea24890fb47] | app.api.v1.projects | [1ec857448ec044b7b30efea24890fb47] 获取项目详情成功: project_id=1
2026-01-23 15:53:05 | INFO | [ed2717fe963a49e197ae649f77a3f0e1] | app.api.v1.versions | [ed2717fe963a49e197ae649f77a3f0e1] 用户 admin 获取版本列表: project_id=1, page=1, page_size=10
2026-01-23 15:53:05 | INFO | [ed2717fe963a49e197ae649f77a3f0e1] | app.api.v1.versions | [ed2717fe963a49e197ae649f77a3f0e1] 用户 admin 查看版本列表 项目 inventree (id=1) 的版本
2026-01-23 15:53:05 | INFO | [ed2717fe963a49e197ae649f77a3f0e1] | app.api.v1.versions | [ed2717fe963a49e197ae649f77a3f0e1] 获取版本列表成功: total=0
2026-01-23 15:53:05 | INFO | [cfbfbaf8e8f04f52ab0f433cb80605c4] | app.api.v1.projects | [cfbfbaf8e8f04f52ab0f433cb80605c4] 用户 admin 获取项目详情: project_id=1
2026-01-23 15:53:05 | INFO | [cfbfbaf8e8f04f52ab0f433cb80605c4] | app.api.v1.projects | [cfbfbaf8e8f04f52ab0f433cb80605c4] 用户 admin 查看 项目 inventree (id=1)
2026-01-23 15:53:05 | INFO | [cfbfbaf8e8f04f52ab0f433cb80605c4] | app.api.v1.projects | [cfbfbaf8e8f04f52ab0f433cb80605c4] 获取项目详情成功: project_id=1
2026-01-23 15:53:05 | INFO | [afd57b2cf055405da00a16ef7dab76f9] | app.api.v1.versions | [afd57b2cf055405da00a16ef7dab76f9] 用户 admin 获取版本列表: project_id=1, page=1, page_size=10
2026-01-23 15:53:05 | INFO | [afd57b2cf055405da00a16ef7dab76f9] | app.api.v1.versions | [afd57b2cf055405da00a16ef7dab76f9] 用户 admin 查看版本列表 项目 inventree (id=1) 的版本
2026-01-23 15:53:05 | INFO | [afd57b2cf055405da00a16ef7dab76f9] | app.api.v1.versions | [afd57b2cf055405da00a16ef7dab76f9] 获取版本列表成功: total=0
2026-01-23 15:53:09 | INFO | [8ae88e75a54a40969b345d6123173a37] | app.api.v1.projects | [8ae88e75a54a40969b345d6123173a37] 用户 admin 获取项目列表: page=1, page_size=100
2026-01-23 15:53:09 | INFO | [8ae88e75a54a40969b345d6123173a37] | app.api.v1.projects | [8ae88e75a54a40969b345d6123173a37] 获取项目列表成功: total=2
2026-01-23 15:53:09 | INFO | [8b8422ec012349ed8bd7819b9ae425ee] | app.api.v1.projects | [8b8422ec012349ed8bd7819b9ae425ee] 用户 admin 获取项目详情: project_id=1
2026-01-23 15:53:09 | INFO | [8b8422ec012349ed8bd7819b9ae425ee] | app.api.v1.projects | [8b8422ec012349ed8bd7819b9ae425ee] 用户 admin 查看 项目 inventree (id=1)
2026-01-23 15:53:09 | INFO | [8b8422ec012349ed8bd7819b9ae425ee] | app.api.v1.projects | [8b8422ec012349ed8bd7819b9ae425ee] 获取项目详情成功: project_id=1
2026-01-23 15:53:09 | INFO | [2995a0b8394d43ff99527966b555db44] | app.api.v1.projects | [2995a0b8394d43ff99527966b555db44] 用户 admin 获取项目详情: project_id=1
2026-01-23 15:53:09 | INFO | [2995a0b8394d43ff99527966b555db44] | app.api.v1.projects | [2995a0b8394d43ff99527966b555db44] 用户 admin 查看 项目 inventree (id=1)
2026-01-23 15:53:09 | INFO | [2995a0b8394d43ff99527966b555db44] | app.api.v1.projects | [2995a0b8394d43ff99527966b555db44] 获取项目详情成功: project_id=1
2026-01-23 15:53:09 | INFO | [9753c90fd537440fb473c9c177d601cf] | app.api.v1.projects | [9753c90fd537440fb473c9c177d601cf] 用户 admin 获取项目列表: page=1, page_size=100
2026-01-23 15:53:09 | INFO | [9753c90fd537440fb473c9c177d601cf] | app.api.v1.projects | [9753c90fd537440fb473c9c177d601cf] 获取项目列表成功: total=2
2026-01-23 15:53:09 | INFO | [09ac96db95074d8889179384b44340b2] | app.api.v1.versions | [09ac96db95074d8889179384b44340b2] 用户 admin 获取版本列表: project_id=1, page=1, page_size=100
2026-01-23 15:53:09 | INFO | [09ac96db95074d8889179384b44340b2] | app.api.v1.versions | [09ac96db95074d8889179384b44340b2] 用户 admin 查看版本列表 项目 inventree (id=1) 的版本
2026-01-23 15:53:09 | INFO | [09ac96db95074d8889179384b44340b2] | app.api.v1.versions | [09ac96db95074d8889179384b44340b2] 获取版本列表成功: total=0
2026-01-23 15:53:09 | INFO | [bc7e1bde2d1d44e38b1b4645a71daa9d] | app.api.v1.versions | [bc7e1bde2d1d44e38b1b4645a71daa9d] 用户 admin 获取版本列表: project_id=1, page=1, page_size=10
2026-01-23 15:53:09 | INFO | [bc7e1bde2d1d44e38b1b4645a71daa9d] | app.api.v1.versions | [bc7e1bde2d1d44e38b1b4645a71daa9d] 用户 admin 查看版本列表 项目 inventree (id=1) 的版本
2026-01-23 15:53:09 | INFO | [bc7e1bde2d1d44e38b1b4645a71daa9d] | app.api.v1.versions | [bc7e1bde2d1d44e38b1b4645a71daa9d] 获取版本列表成功: total=0
2026-01-23 15:53:09 | INFO | [b543c814f7714c06a93bc1d3a89094b0] | app.api.v1.projects | [b543c814f7714c06a93bc1d3a89094b0] 用户 admin 获取项目列表: page=1, page_size=100
2026-01-23 15:53:09 | INFO | [b543c814f7714c06a93bc1d3a89094b0] | app.api.v1.projects | [b543c814f7714c06a93bc1d3a89094b0] 获取项目列表成功: total=2
2026-01-23 15:53:09 | INFO | [c14f85d9051f41169ae026ef4ccc0272] | app.api.v1.versions | [c14f85d9051f41169ae026ef4ccc0272] 用户 admin 获取版本列表: project_id=1, page=1, page_size=10
2026-01-23 15:53:09 | INFO | [c14f85d9051f41169ae026ef4ccc0272] | app.api.v1.versions | [c14f85d9051f41169ae026ef4ccc0272] 用户 admin 查看版本列表 项目 inventree (id=1) 的版本
2026-01-23 15:53:09 | INFO | [c14f85d9051f41169ae026ef4ccc0272] | app.api.v1.versions | [c14f85d9051f41169ae026ef4ccc0272] 获取版本列表成功: total=0
2026-01-23 15:53:09 | INFO | [0c0e0872e8644a9bb2a9c92834fc7e23] | app.api.v1.versions | [0c0e0872e8644a9bb2a9c92834fc7e23] 用户 admin 获取版本列表: project_id=1, page=1, page_size=100
2026-01-23 15:53:09 | INFO | [0c0e0872e8644a9bb2a9c92834fc7e23] | app.api.v1.versions | [0c0e0872e8644a9bb2a9c92834fc7e23] 用户 admin 查看版本列表 项目 inventree (id=1) 的版本
2026-01-23 15:53:09 | INFO | [0c0e0872e8644a9bb2a9c92834fc7e23] | app.api.v1.versions | [0c0e0872e8644a9bb2a9c92834fc7e23] 获取版本列表成功: total=0
2026-01-23 15:53:09 | INFO | [3b5adcbe42dc4eed9f45f366c96e7d6b] | app.api.v1.projects | [3b5adcbe42dc4eed9f45f366c96e7d6b] 用户 admin 获取项目列表: page=1, page_size=100
2026-01-23 15:53:09 | INFO | [3b5adcbe42dc4eed9f45f366c96e7d6b] | app.api.v1.projects | [3b5adcbe42dc4eed9f45f366c96e7d6b] 获取项目列表成功: total=2
2026-01-23 15:53:10 | INFO | [3f11a5f282a344c3bacaf35b098fca9a] | app.api.v1.versions | [3f11a5f282a344c3bacaf35b098fca9a] 用户 admin 获取版本列表: project_id=2, page=1, page_size=100
2026-01-23 15:53:10 | INFO | [3f11a5f282a344c3bacaf35b098fca9a] | app.api.v1.versions | [3f11a5f282a344c3bacaf35b098fca9a] 用户 admin 查看版本列表 项目 TEST (id=2) 的版本
2026-01-23 15:53:10 | INFO | [3f11a5f282a344c3bacaf35b098fca9a] | app.api.v1.versions | [3f11a5f282a344c3bacaf35b098fca9a] 获取版本列表成功: total=0
2026-01-23 15:53:12 | INFO | [58f8d51af8c1482fa0bd6a6a6ddf85d0] | app.api.v1.projects | [58f8d51af8c1482fa0bd6a6a6ddf85d0] 用户 admin 获取项目详情: project_id=2
2026-01-23 15:53:12 | INFO | [58f8d51af8c1482fa0bd6a6a6ddf85d0] | app.api.v1.projects | [58f8d51af8c1482fa0bd6a6a6ddf85d0] 用户 admin 查看 项目 TEST (id=2)
2026-01-23 15:53:12 | INFO | [58f8d51af8c1482fa0bd6a6a6ddf85d0] | app.api.v1.projects | [58f8d51af8c1482fa0bd6a6a6ddf85d0] 获取项目详情成功: project_id=2
2026-01-23 15:53:12 | INFO | [cf33a458fa02469bbda5906076f9d555] | app.api.v1.versions | [cf33a458fa02469bbda5906076f9d555] 用户 admin 获取版本列表: project_id=2, page=1, page_size=10
2026-01-23 15:53:12 | INFO | [cf33a458fa02469bbda5906076f9d555] | app.api.v1.versions | [cf33a458fa02469bbda5906076f9d555] 用户 admin 查看版本列表 项目 TEST (id=2) 的版本
2026-01-23 15:53:12 | INFO | [cf33a458fa02469bbda5906076f9d555] | app.api.v1.versions | [cf33a458fa02469bbda5906076f9d555] 获取版本列表成功: total=0
2026-01-23 15:53:14 | INFO | [8a035d5e3f9540e1bfc27de41e9a1cc1] | app.api.v1.versions | [8a035d5e3f9540e1bfc27de41e9a1cc1] 用户 admin 获取版本列表: project_id=2, page=1, page_size=100
2026-01-23 15:53:14 | INFO | [8a035d5e3f9540e1bfc27de41e9a1cc1] | app.api.v1.versions | [8a035d5e3f9540e1bfc27de41e9a1cc1] 用户 admin 查看版本列表 项目 TEST (id=2) 的版本
2026-01-23 15:53:14 | INFO | [8a035d5e3f9540e1bfc27de41e9a1cc1] | app.api.v1.versions | [8a035d5e3f9540e1bfc27de41e9a1cc1] 获取版本列表成功: total=0
2026-01-23 15:53:19 | INFO | [9768858d067e49de9837903813b81f8e] | app.api.v1.versions | [9768858d067e49de9837903813b81f8e] 用户 admin 创建版本请求: project_id=2, version_number=V1.0
2026-01-23 15:53:19 | INFO | [9768858d067e49de9837903813b81f8e] | app.api.v1.versions | [9768858d067e49de9837903813b81f8e] 用户 admin 创建版本 项目 TEST (id=2) 的版本
2026-01-23 15:53:19 | INFO | [9768858d067e49de9837903813b81f8e] | app.api.v1.versions | [9768858d067e49de9837903813b81f8e] 版本创建成功: version_id=3
2026-01-23 15:53:19 | INFO | [9efa15b983e6495094b465b737bb705b] | app.api.v1.versions | [9efa15b983e6495094b465b737bb705b] 用户 admin 获取版本列表: project_id=2, page=1, page_size=10
2026-01-23 15:53:19 | INFO | [9efa15b983e6495094b465b737bb705b] | app.api.v1.versions | [9efa15b983e6495094b465b737bb705b] 用户 admin 查看版本列表 项目 TEST (id=2) 的版本
2026-01-23 15:53:19 | INFO | [9efa15b983e6495094b465b737bb705b] | app.api.v1.versions | [9efa15b983e6495094b465b737bb705b] 获取版本列表成功: total=1
2026-01-23 15:53:21 | INFO | [2bd9dc0ff2114f95b961eefe576ae625] | app.api.v1.projects | [2bd9dc0ff2114f95b961eefe576ae625] 用户 admin 获取项目列表: page=1, page_size=10
2026-01-23 15:53:21 | INFO | [2bd9dc0ff2114f95b961eefe576ae625] | app.api.v1.projects | [2bd9dc0ff2114f95b961eefe576ae625] 获取项目列表成功: total=2
2026-01-23 15:53:21 | INFO | [f7aead0a77f8477ca623d66797fe4f11] | app.api.v1.projects | [f7aead0a77f8477ca623d66797fe4f11] 用户 admin 获取项目列表: page=1, page_size=10
2026-01-23 15:53:21 | INFO | [f7aead0a77f8477ca623d66797fe4f11] | app.api.v1.projects | [f7aead0a77f8477ca623d66797fe4f11] 获取项目列表成功: total=2
2026-01-23 15:53:23 | INFO | [077356b4833646aaa61a74fc910d60ac] | app.api.v1.projects | [077356b4833646aaa61a74fc910d60ac] 用户 admin 获取项目详情: project_id=2
2026-01-23 15:53:23 | INFO | [077356b4833646aaa61a74fc910d60ac] | app.api.v1.projects | [077356b4833646aaa61a74fc910d60ac] 用户 admin 查看 项目 TEST (id=2)
2026-01-23 15:53:23 | INFO | [077356b4833646aaa61a74fc910d60ac] | app.api.v1.projects | [077356b4833646aaa61a74fc910d60ac] 获取项目详情成功: project_id=2
2026-01-23 15:53:23 | INFO | [45f93b3f0e504af6b9a95155059be350] | app.api.v1.projects | [45f93b3f0e504af6b9a95155059be350] 用户 admin 获取项目详情: project_id=2
2026-01-23 15:53:23 | INFO | [45f93b3f0e504af6b9a95155059be350] | app.api.v1.projects | [45f93b3f0e504af6b9a95155059be350] 用户 admin 查看 项目 TEST (id=2)
2026-01-23 15:53:23 | INFO | [45f93b3f0e504af6b9a95155059be350] | app.api.v1.projects | [45f93b3f0e504af6b9a95155059be350] 获取项目详情成功: project_id=2
2026-01-23 15:53:23 | INFO | [616520fc079941358194af8dee22c452] | app.api.v1.versions | [616520fc079941358194af8dee22c452] 用户 admin 获取版本列表: project_id=2, page=1, page_size=10
2026-01-23 15:53:23 | INFO | [616520fc079941358194af8dee22c452] | app.api.v1.versions | [616520fc079941358194af8dee22c452] 用户 admin 查看版本列表 项目 TEST (id=2) 的版本
2026-01-23 15:53:23 | INFO | [616520fc079941358194af8dee22c452] | app.api.v1.versions | [616520fc079941358194af8dee22c452] 获取版本列表成功: total=1
2026-01-23 15:53:23 | INFO | [f332af302e83491d8c60f97d09322854] | app.api.v1.versions | [f332af302e83491d8c60f97d09322854] 用户 admin 获取版本列表: project_id=2, page=1, page_size=10
2026-01-23 15:53:23 | INFO | [f332af302e83491d8c60f97d09322854] | app.api.v1.versions | [f332af302e83491d8c60f97d09322854] 用户 admin 查看版本列表 项目 TEST (id=2) 的版本
2026-01-23 15:53:23 | INFO | [f332af302e83491d8c60f97d09322854] | app.api.v1.versions | [f332af302e83491d8c60f97d09322854] 获取版本列表成功: total=1
2026-01-23 15:53:24 | INFO | [0eb2c1c1b4264c7291afd91ba5e467e7] | app.api.v1.versions | [0eb2c1c1b4264c7291afd91ba5e467e7] 用户 admin 获取版本列表: project_id=1, page=1, page_size=100
2026-01-23 15:53:24 | INFO | [0eb2c1c1b4264c7291afd91ba5e467e7] | app.api.v1.versions | [0eb2c1c1b4264c7291afd91ba5e467e7] 用户 admin 查看版本列表 项目 inventree (id=1) 的版本
2026-01-23 15:53:24 | INFO | [0eb2c1c1b4264c7291afd91ba5e467e7] | app.api.v1.versions | [0eb2c1c1b4264c7291afd91ba5e467e7] 获取版本列表成功: total=0
2026-01-23 15:53:26 | INFO | [61afd6b9574a428aaa9cd7c50ac91f9d] | app.api.v1.versions | [61afd6b9574a428aaa9cd7c50ac91f9d] 用户 admin 获取版本列表: project_id=1, page=1, page_size=10
2026-01-23 15:53:26 | INFO | [61afd6b9574a428aaa9cd7c50ac91f9d] | app.api.v1.versions | [61afd6b9574a428aaa9cd7c50ac91f9d] 用户 admin 查看版本列表 项目 inventree (id=1) 的版本
2026-01-23 15:53:26 | INFO | [61afd6b9574a428aaa9cd7c50ac91f9d] | app.api.v1.versions | [61afd6b9574a428aaa9cd7c50ac91f9d] 获取版本列表成功: total=0
2026-01-23 15:53:26 | INFO | [beab1ca176a44dd9b57ad86b38a4f6a1] | app.api.v1.projects | [beab1ca176a44dd9b57ad86b38a4f6a1] 用户 admin 获取项目详情: project_id=1
2026-01-23 15:53:26 | INFO | [beab1ca176a44dd9b57ad86b38a4f6a1] | app.api.v1.projects | [beab1ca176a44dd9b57ad86b38a4f6a1] 用户 admin 查看 项目 inventree (id=1)
2026-01-23 15:53:26 | INFO | [beab1ca176a44dd9b57ad86b38a4f6a1] | app.api.v1.projects | [beab1ca176a44dd9b57ad86b38a4f6a1] 获取项目详情成功: project_id=1
2026-01-23 15:53:27 | INFO | [abb80cd027f14f198861b904b4b761bd] | app.api.v1.versions | [abb80cd027f14f198861b904b4b761bd] 用户 admin 获取版本列表: project_id=1, page=1, page_size=100
2026-01-23 15:53:27 | INFO | [abb80cd027f14f198861b904b4b761bd] | app.api.v1.versions | [abb80cd027f14f198861b904b4b761bd] 用户 admin 查看版本列表 项目 inventree (id=1) 的版本
2026-01-23 15:53:27 | INFO | [abb80cd027f14f198861b904b4b761bd] | app.api.v1.versions | [abb80cd027f14f198861b904b4b761bd] 获取版本列表成功: total=0
2026-01-23 15:53:31 | INFO | [d694d9e797e44f8498308558e814b9cb] | app.api.v1.versions | [d694d9e797e44f8498308558e814b9cb] 用户 admin 创建版本请求: project_id=1, version_number=V1.0
2026-01-23 15:53:31 | INFO | [d694d9e797e44f8498308558e814b9cb] | app.api.v1.versions | [d694d9e797e44f8498308558e814b9cb] 用户 admin 创建版本 项目 inventree (id=1) 的版本
2026-01-23 15:53:31 | INFO | [d694d9e797e44f8498308558e814b9cb] | app.api.v1.versions | [d694d9e797e44f8498308558e814b9cb] 版本创建成功: version_id=4
2026-01-23 15:53:31 | INFO | [a4c90dc710be405c997bea665ff8e60b] | app.api.v1.versions | [a4c90dc710be405c997bea665ff8e60b] 用户 admin 获取版本列表: project_id=1, page=1, page_size=10
2026-01-23 15:53:31 | INFO | [a4c90dc710be405c997bea665ff8e60b] | app.api.v1.versions | [a4c90dc710be405c997bea665ff8e60b] 用户 admin 查看版本列表 项目 inventree (id=1) 的版本
2026-01-23 15:53:31 | INFO | [a4c90dc710be405c997bea665ff8e60b] | app.api.v1.versions | [a4c90dc710be405c997bea665ff8e60b] 获取版本列表成功: total=1
2026-01-23 15:53:32 | INFO | [317b8e1778cd4a4a8b8ddbb371ee3d70] | app.api.v1.versions | [317b8e1778cd4a4a8b8ddbb371ee3d70] 用户 admin 获取版本列表: project_id=1, page=1, page_size=100
2026-01-23 15:53:32 | INFO | [317b8e1778cd4a4a8b8ddbb371ee3d70] | app.api.v1.versions | [317b8e1778cd4a4a8b8ddbb371ee3d70] 用户 admin 查看版本列表 项目 inventree (id=1) 的版本
2026-01-23 15:53:32 | INFO | [317b8e1778cd4a4a8b8ddbb371ee3d70] | app.api.v1.versions | [317b8e1778cd4a4a8b8ddbb371ee3d70] 获取版本列表成功: total=1
2026-01-23 15:53:36 | INFO | [7f419f3f29094ab7af5bdb6dbfd0a022] | app.api.v1.versions | [7f419f3f29094ab7af5bdb6dbfd0a022] 用户 admin 创建版本请求: project_id=1, version_number=V2.0
2026-01-23 15:53:36 | INFO | [7f419f3f29094ab7af5bdb6dbfd0a022] | app.api.v1.versions | [7f419f3f29094ab7af5bdb6dbfd0a022] 用户 admin 创建版本 项目 inventree (id=1) 的版本
2026-01-23 15:53:36 | INFO | [7f419f3f29094ab7af5bdb6dbfd0a022] | app.api.v1.versions | [7f419f3f29094ab7af5bdb6dbfd0a022] 版本创建成功: version_id=5
2026-01-23 15:53:36 | INFO | [0fb1d92e91474126b0f3ed366b0293a2] | app.api.v1.versions | [0fb1d92e91474126b0f3ed366b0293a2] 用户 admin 获取版本列表: project_id=1, page=1, page_size=10
2026-01-23 15:53:36 | INFO | [0fb1d92e91474126b0f3ed366b0293a2] | app.api.v1.versions | [0fb1d92e91474126b0f3ed366b0293a2] 用户 admin 查看版本列表 项目 inventree (id=1) 的版本
2026-01-23 15:53:36 | INFO | [0fb1d92e91474126b0f3ed366b0293a2] | app.api.v1.versions | [0fb1d92e91474126b0f3ed366b0293a2] 获取版本列表成功: total=2
2026-01-23 15:53:41 | INFO | [692dd4ef5d3040aea2c7e84a89ab051b] | app.api.v1.projects | [692dd4ef5d3040aea2c7e84a89ab051b] 用户 admin 获取项目列表: page=1, page_size=100
2026-01-23 15:53:41 | INFO | [692dd4ef5d3040aea2c7e84a89ab051b] | app.api.v1.projects | [692dd4ef5d3040aea2c7e84a89ab051b] 获取项目列表成功: total=2
2026-01-23 15:53:41 | INFO | [71d6a22d2a3a489eafee7bf8f7784422] | app.api.v1.projects | [71d6a22d2a3a489eafee7bf8f7784422] 用户 admin 获取项目详情: project_id=1
2026-01-23 15:53:41 | INFO | [71d6a22d2a3a489eafee7bf8f7784422] | app.api.v1.projects | [71d6a22d2a3a489eafee7bf8f7784422] 用户 admin 查看 项目 inventree (id=1)
2026-01-23 15:53:41 | INFO | [71d6a22d2a3a489eafee7bf8f7784422] | app.api.v1.projects | [71d6a22d2a3a489eafee7bf8f7784422] 获取项目详情成功: project_id=1
2026-01-23 15:53:41 | INFO | [3a08b454a8aa4499af5f0b3f3ffbd170] | app.api.v1.versions | [3a08b454a8aa4499af5f0b3f3ffbd170] 用户 admin 获取版本列表: project_id=1, page=1, page_size=10
2026-01-23 15:53:41 | INFO | [3a08b454a8aa4499af5f0b3f3ffbd170] | app.api.v1.versions | [3a08b454a8aa4499af5f0b3f3ffbd170] 用户 admin 查看版本列表 项目 inventree (id=1) 的版本
2026-01-23 15:53:41 | INFO | [3a08b454a8aa4499af5f0b3f3ffbd170] | app.api.v1.versions | [3a08b454a8aa4499af5f0b3f3ffbd170] 获取版本列表成功: total=2
2026-01-23 15:53:41 | INFO | [6281db54fb134ef9abca6538b15140b8] | app.api.v1.projects | [6281db54fb134ef9abca6538b15140b8] 用户 admin 获取项目列表: page=1, page_size=100
2026-01-23 15:53:41 | INFO | [6281db54fb134ef9abca6538b15140b8] | app.api.v1.projects | [6281db54fb134ef9abca6538b15140b8] 获取项目列表成功: total=2
2026-01-23 15:53:41 | INFO | [3105530ad865481f83b8ae645ddb5b4c] | app.api.v1.versions | [3105530ad865481f83b8ae645ddb5b4c] 用户 admin 获取版本列表: project_id=1, page=1, page_size=100
2026-01-23 15:53:41 | INFO | [3105530ad865481f83b8ae645ddb5b4c] | app.api.v1.versions | [3105530ad865481f83b8ae645ddb5b4c] 用户 admin 查看版本列表 项目 inventree (id=1) 的版本
2026-01-23 15:53:41 | INFO | [3105530ad865481f83b8ae645ddb5b4c] | app.api.v1.versions | [3105530ad865481f83b8ae645ddb5b4c] 获取版本列表成功: total=2
2026-01-23 15:53:41 | INFO | [777d11eaf8ac48f694d5a90844810782] | app.api.v1.projects | [777d11eaf8ac48f694d5a90844810782] 用户 admin 获取项目详情: project_id=1
2026-01-23 15:53:41 | INFO | [777d11eaf8ac48f694d5a90844810782] | app.api.v1.projects | [777d11eaf8ac48f694d5a90844810782] 用户 admin 查看 项目 inventree (id=1)
2026-01-23 15:53:41 | INFO | [777d11eaf8ac48f694d5a90844810782] | app.api.v1.projects | [777d11eaf8ac48f694d5a90844810782] 获取项目详情成功: project_id=1
2026-01-23 15:53:41 | INFO | [b0f5004dbc764809bc6c44187606bd5d] | app.api.v1.versions | [b0f5004dbc764809bc6c44187606bd5d] 用户 admin 获取版本列表: project_id=1, page=1, page_size=10
2026-01-23 15:53:41 | INFO | [b0f5004dbc764809bc6c44187606bd5d] | app.api.v1.versions | [b0f5004dbc764809bc6c44187606bd5d] 用户 admin 查看版本列表 项目 inventree (id=1) 的版本
2026-01-23 15:53:41 | INFO | [b0f5004dbc764809bc6c44187606bd5d] | app.api.v1.versions | [b0f5004dbc764809bc6c44187606bd5d] 获取版本列表成功: total=2
2026-01-23 15:53:41 | INFO | [aed1671286ea4aa2a3e59a8b213ae845] | app.api.v1.projects | [aed1671286ea4aa2a3e59a8b213ae845] 用户 admin 获取项目列表: page=1, page_size=100
2026-01-23 15:53:41 | INFO | [aed1671286ea4aa2a3e59a8b213ae845] | app.api.v1.projects | [aed1671286ea4aa2a3e59a8b213ae845] 获取项目列表成功: total=2
2026-01-23 15:53:41 | INFO | [3d92ab11603a4905806d588c2e2a9053] | app.api.v1.versions | [3d92ab11603a4905806d588c2e2a9053] 用户 admin 获取版本列表: project_id=1, page=1, page_size=100
2026-01-23 15:53:41 | INFO | [3d92ab11603a4905806d588c2e2a9053] | app.api.v1.versions | [3d92ab11603a4905806d588c2e2a9053] 用户 admin 查看版本列表 项目 inventree (id=1) 的版本
2026-01-23 15:53:41 | INFO | [3d92ab11603a4905806d588c2e2a9053] | app.api.v1.versions | [3d92ab11603a4905806d588c2e2a9053] 获取版本列表成功: total=2
2026-01-23 15:53:41 | INFO | [ebff8399eca04907a6436774beeff67e] | app.api.v1.projects | [ebff8399eca04907a6436774beeff67e] 用户 admin 获取项目列表: page=1, page_size=100
2026-01-23 15:53:41 | INFO | [ebff8399eca04907a6436774beeff67e] | app.api.v1.projects | [ebff8399eca04907a6436774beeff67e] 获取项目列表成功: total=2
2026-01-23 15:53:47 | INFO | [4a0129b80c5b4cf9bc53068c76d61e6b] | app.api.v1.api_integration | 获取文档列表: skip=0, limit=100, user=admin
2026-01-23 15:53:47 | INFO | [4a0129b80c5b4cf9bc53068c76d61e6b] | app.api.v1.api_integration | 查询到 0 个文档
2026-01-23 15:53:47 | INFO | [033648a2b37b4c06a6aaeca736381f60] | app.api.v1.api_integration | 获取文档列表: skip=0, limit=100, user=admin
2026-01-23 15:53:47 | INFO | [033648a2b37b4c06a6aaeca736381f60] | app.api.v1.api_integration | 查询到 0 个文档
2026-01-23 15:54:11 | INFO | [b104454197ff44379872f7bc3097a0a6] | app.parsers.base | 创建解析器: type=swagger, source_url=None
2026-01-23 15:54:15 | INFO | [b104454197ff44379872f7bc3097a0a6] | app.parsers.swagger | Swagger/OpenAPI 文档解析成功: title=InvenTree API, version=3.0.3, endpoints=644
2026-01-23 15:54:16 | INFO | [911f0dd25d8442968618628d1beea4a9] | app.api.v1.api_integration | 获取文档列表: skip=0, limit=100, user=admin
2026-01-23 15:54:16 | INFO | [911f0dd25d8442968618628d1beea4a9] | app.api.v1.api_integration | 查询到 1 个文档
2026-01-23 15:54:27 | INFO | [4d23c11e4fdc4299ad671e36c55b2585] | app.api.v1.projects | [4d23c11e4fdc4299ad671e36c55b2585] 用户 admin 获取项目列表: page=1, page_size=100
2026-01-23 15:54:27 | INFO | [4d23c11e4fdc4299ad671e36c55b2585] | app.api.v1.projects | [4d23c11e4fdc4299ad671e36c55b2585] 获取项目列表成功: total=2
2026-01-23 15:54:27 | INFO | [a3de42bea85047a2b1ec334827f9f669] | app.api.v1.versions | [a3de42bea85047a2b1ec334827f9f669] 用户 admin 获取版本列表: project_id=1, page=1, page_size=100
2026-01-23 15:54:27 | INFO | [a3de42bea85047a2b1ec334827f9f669] | app.api.v1.versions | [a3de42bea85047a2b1ec334827f9f669] 用户 admin 查看版本列表 项目 inventree (id=1) 的版本
2026-01-23 15:54:27 | INFO | [a3de42bea85047a2b1ec334827f9f669] | app.api.v1.versions | [a3de42bea85047a2b1ec334827f9f669] 获取版本列表成功: total=2
2026-01-23 15:54:27 | INFO | [764364eef1a442e4b8041da0c745fe51] | app.api.v1.projects | [764364eef1a442e4b8041da0c745fe51] 用户 admin 获取项目列表: page=1, page_size=100
2026-01-23 15:54:27 | INFO | [764364eef1a442e4b8041da0c745fe51] | app.api.v1.projects | [764364eef1a442e4b8041da0c745fe51] 获取项目列表成功: total=2
2026-01-23 15:54:27 | INFO | [79502a65025a439393fe5b3e7234d814] | app.api.v1.versions | [79502a65025a439393fe5b3e7234d814] 用户 admin 获取版本列表: project_id=1, page=1, page_size=100
2026-01-23 15:54:27 | INFO | [79502a65025a439393fe5b3e7234d814] | app.api.v1.versions | [79502a65025a439393fe5b3e7234d814] 用户 admin 查看版本列表 项目 inventree (id=1) 的版本
2026-01-23 15:54:27 | INFO | [79502a65025a439393fe5b3e7234d814] | app.api.v1.versions | [79502a65025a439393fe5b3e7234d814] 获取版本列表成功: total=2
2026-01-23 15:54:27 | INFO | [b18045f65fde45d8848cfa86cf27ea54] | app.api.v1.projects | [b18045f65fde45d8848cfa86cf27ea54] 用户 admin 获取项目列表: page=1, page_size=100
2026-01-23 15:54:27 | INFO | [b18045f65fde45d8848cfa86cf27ea54] | app.api.v1.projects | [b18045f65fde45d8848cfa86cf27ea54] 获取项目列表成功: total=2
2026-01-23 15:54:27 | INFO | [5a6d113c448242108fb680e3ac52d304] | app.api.v1.projects | [5a6d113c448242108fb680e3ac52d304] 用户 admin 获取项目列表: page=1, page_size=100
2026-01-23 15:54:27 | INFO | [5a6d113c448242108fb680e3ac52d304] | app.api.v1.projects | [5a6d113c448242108fb680e3ac52d304] 获取项目列表成功: total=2
2026-01-23 15:54:31 | INFO | [631807e9606444ddbb2c91d6e6d9dd12] | app.api.v1.api_integration | 获取文档列表: skip=0, limit=100, user=admin
2026-01-23 15:54:31 | INFO | [631807e9606444ddbb2c91d6e6d9dd12] | app.api.v1.api_integration | 查询到 1 个文档
2026-01-23 15:54:31 | INFO | [57475309bf234f0083cb2bec6233254e] | app.api.v1.api_integration | 获取文档列表: skip=0, limit=100, user=admin
2026-01-23 15:54:31 | INFO | [57475309bf234f0083cb2bec6233254e] | app.api.v1.api_integration | 查询到 1 个文档
2026-01-23 15:54:38 | INFO | [2065efe68f0c41ceba6e5c62ecfeb894] | app.api.v1.api_integration | 获取文档列表: skip=0, limit=100, user=admin
2026-01-23 15:54:39 | INFO | [2065efe68f0c41ceba6e5c62ecfeb894] | app.api.v1.api_integration | 查询到 1 个文档
2026-01-23 15:54:42 | INFO | [cec2d0a04ef24e988d06fdfd0387e3e0] | app.api.v1.projects | [cec2d0a04ef24e988d06fdfd0387e3e0] 用户 admin 获取项目列表: page=1, page_size=100
2026-01-23 15:54:42 | INFO | [cec2d0a04ef24e988d06fdfd0387e3e0] | app.api.v1.projects | [cec2d0a04ef24e988d06fdfd0387e3e0] 获取项目列表成功: total=2
2026-01-23 15:54:42 | INFO | [335014af25c344b9a837a957b0642c40] | app.api.v1.api_integration | 获取文档列表: skip=0, limit=100, user=admin
2026-01-23 15:54:42 | INFO | [335014af25c344b9a837a957b0642c40] | app.api.v1.api_integration | 查询到 1 个文档
2026-01-23 15:54:42 | INFO | [41ecd772e6784092b3c8aab26a57912a] | app.api.v1.api_integration | 获取文档列表: skip=0, limit=100, user=admin
2026-01-23 15:54:42 | INFO | [41ecd772e6784092b3c8aab26a57912a] | app.api.v1.api_integration | 查询到 1 个文档
2026-01-23 15:54:42 | INFO | [cbbc364982194c30a8d86c24b05d33fd] | app.api.v1.versions | [cbbc364982194c30a8d86c24b05d33fd] 用户 admin 获取版本列表: project_id=1, page=1, page_size=100
2026-01-23 15:54:42 | INFO | [cbbc364982194c30a8d86c24b05d33fd] | app.api.v1.versions | [cbbc364982194c30a8d86c24b05d33fd] 用户 admin 查看版本列表 项目 inventree (id=1) 的版本
2026-01-23 15:54:42 | INFO | [cbbc364982194c30a8d86c24b05d33fd] | app.api.v1.versions | [cbbc364982194c30a8d86c24b05d33fd] 获取版本列表成功: total=2
2026-01-23 15:54:42 | INFO | [6fb3d775442248cc89dad49aad3664fa] | app.api.v1.projects | [6fb3d775442248cc89dad49aad3664fa] 用户 admin 获取项目列表: page=1, page_size=100
2026-01-23 15:54:42 | INFO | [6fb3d775442248cc89dad49aad3664fa] | app.api.v1.projects | [6fb3d775442248cc89dad49aad3664fa] 获取项目列表成功: total=2
2026-01-23 15:54:42 | INFO | [dd3710027296435a8143f371c3b34eb1] | app.api.v1.projects | [dd3710027296435a8143f371c3b34eb1] 用户 admin 获取项目列表: page=1, page_size=100
2026-01-23 15:54:42 | INFO | [dd3710027296435a8143f371c3b34eb1] | app.api.v1.projects | [dd3710027296435a8143f371c3b34eb1] 获取项目列表成功: total=2
2026-01-23 15:54:42 | INFO | [5047f7dc42fa49568773094d06025503] | app.api.v1.versions | [5047f7dc42fa49568773094d06025503] 用户 admin 获取版本列表: project_id=1, page=1, page_size=100
2026-01-23 15:54:42 | INFO | [5047f7dc42fa49568773094d06025503] | app.api.v1.versions | [5047f7dc42fa49568773094d06025503] 用户 admin 查看版本列表 项目 inventree (id=1) 的版本
2026-01-23 15:54:42 | INFO | [5047f7dc42fa49568773094d06025503] | app.api.v1.versions | [5047f7dc42fa49568773094d06025503] 获取版本列表成功: total=2
2026-01-23 15:54:42 | INFO | [362bf9fbcdf843d78103750783ab243f] | app.api.v1.projects | [362bf9fbcdf843d78103750783ab243f] 用户 admin 获取项目列表: page=1, page_size=100
2026-01-23 15:54:42 | INFO | [362bf9fbcdf843d78103750783ab243f] | app.api.v1.projects | [362bf9fbcdf843d78103750783ab243f] 获取项目列表成功: total=2
2026-01-23 15:54:52 | INFO | [17651df0607f4878b648c8db081d9a4c] | app.api.v1.api_integration | 获取文档列表: skip=0, limit=100, user=admin
2026-01-23 15:54:52 | INFO | [17651df0607f4878b648c8db081d9a4c] | app.api.v1.api_integration | 查询到 1 个文档
2026-01-23 15:55:32 | INFO | [b3d1dd92c8bd4548a519c62a8516738e] | app.api.v1.projects | [b3d1dd92c8bd4548a519c62a8516738e] 用户 admin 获取项目列表: page=1, page_size=100
2026-01-23 15:55:32 | INFO | [b3d1dd92c8bd4548a519c62a8516738e] | app.api.v1.projects | [b3d1dd92c8bd4548a519c62a8516738e] 获取项目列表成功: total=2
2026-01-23 15:55:32 | INFO | [91b775d5277443a5ae5434de08433029] | app.api.v1.projects | [91b775d5277443a5ae5434de08433029] 用户 admin 获取项目列表: page=1, page_size=100
2026-01-23 15:55:32 | INFO | [91b775d5277443a5ae5434de08433029] | app.api.v1.projects | [91b775d5277443a5ae5434de08433029] 获取项目列表成功: total=2
2026-01-23 15:55:32 | INFO | [067382aa9bf9414d9be8ed7c5763046a] | app.api.v1.versions | [067382aa9bf9414d9be8ed7c5763046a] 用户 admin 获取版本列表: project_id=1, page=1, page_size=100
2026-01-23 15:55:32 | INFO | [067382aa9bf9414d9be8ed7c5763046a] | app.api.v1.versions | [067382aa9bf9414d9be8ed7c5763046a] 用户 admin 查看版本列表 项目 inventree (id=1) 的版本
2026-01-23 15:55:32 | INFO | [067382aa9bf9414d9be8ed7c5763046a] | app.api.v1.versions | [067382aa9bf9414d9be8ed7c5763046a] 获取版本列表成功: total=2
2026-01-23 15:55:32 | INFO | [e53e673b3063473888ba769b8073b236] | app.api.v1.projects | [e53e673b3063473888ba769b8073b236] 用户 admin 获取项目列表: page=1, page_size=100
2026-01-23 15:55:32 | INFO | [e53e673b3063473888ba769b8073b236] | app.api.v1.projects | [e53e673b3063473888ba769b8073b236] 获取项目列表成功: total=2
2026-01-23 15:55:32 | INFO | [de37a44e97dd4ad2932cdb72368b9472] | app.api.v1.api_integration | 获取文档列表: skip=0, limit=100, user=admin
2026-01-23 15:55:32 | INFO | [de37a44e97dd4ad2932cdb72368b9472] | app.api.v1.api_integration | 查询到 1 个文档
2026-01-23 15:55:32 | INFO | [6bd38100544d4497aea96701c02810d2] | app.api.v1.api_integration | 获取文档列表: skip=0, limit=100, user=admin
2026-01-23 15:55:32 | INFO | [6bd38100544d4497aea96701c02810d2] | app.api.v1.api_integration | 查询到 1 个文档
2026-01-23 15:55:32 | INFO | [a09184bd3c0f472781c8d6bc935c4a9b] | app.api.v1.versions | [a09184bd3c0f472781c8d6bc935c4a9b] 用户 admin 获取版本列表: project_id=1, page=1, page_size=100
2026-01-23 15:55:32 | INFO | [a09184bd3c0f472781c8d6bc935c4a9b] | app.api.v1.versions | [a09184bd3c0f472781c8d6bc935c4a9b] 用户 admin 查看版本列表 项目 inventree (id=1) 的版本
2026-01-23 15:55:32 | INFO | [a09184bd3c0f472781c8d6bc935c4a9b] | app.api.v1.versions | [a09184bd3c0f472781c8d6bc935c4a9b] 获取版本列表成功: total=2
2026-01-23 15:55:32 | INFO | [3dea9c2fc41e4c1ebf716779455e7dbc] | app.api.v1.projects | [3dea9c2fc41e4c1ebf716779455e7dbc] 用户 admin 获取项目列表: page=1, page_size=100
2026-01-23 15:55:32 | INFO | [3dea9c2fc41e4c1ebf716779455e7dbc] | app.api.v1.projects | [3dea9c2fc41e4c1ebf716779455e7dbc] 获取项目列表成功: total=2
2026-01-23 15:59:53 | INFO | [d1698d03d659475faa747f80fd1ccb75] | app.api.v1.api_integration | 获取文档列表: skip=0, limit=100, user=admin
2026-01-23 15:59:53 | INFO | [d1698d03d659475faa747f80fd1ccb75] | app.api.v1.api_integration | 查询到 1 个文档
2026-01-23 16:00:02 | INFO | [f94e25f780f74649ab149191cb73051b] | app.api.v1.api_integration | 获取文档列表: skip=0, limit=100, user=admin
2026-01-23 16:00:02 | INFO | [f94e25f780f74649ab149191cb73051b] | app.api.v1.api_integration | 查询到 1 个文档
2026-01-23 16:01:51 | ERROR | [2870804d9421486db633a1732ce2ff2c] | app.dependencies | 数据库会话异常: 401: 无法验证凭据
Traceback (most recent call last):
  File "D:\code\BugSeek\backend\app\dependencies.py", line 19, in get_db
    yield db
  File "C:\Users\81026\AppData\Local\Programs\Python\Python310\lib\site-packages\fastapi\concurrency.py", line 29, in contextmanager_in_threadpool
    yield await run_in_threadpool(cm.__enter__)
  File "C:\Users\81026\AppData\Local\Programs\Python\Python310\lib\site-packages\fastapi\routing.py", line 101, in app
    response = await f(request)
  File "C:\Users\81026\AppData\Local\Programs\Python\Python310\lib\site-packages\fastapi\routing.py", line 345, in app
    solved_result = await solve_dependencies(
  File "C:\Users\81026\AppData\Local\Programs\Python\Python310\lib\site-packages\fastapi\dependencies\utils.py", line 643, in solve_dependencies
    solved = await call(**solved_result.values)
  File "D:\code\BugSeek\backend\app\api\v1\deps.py", line 33, in get_current_user
    raise credentials_exception
fastapi.exceptions.HTTPException: 401: 无法验证凭据
2026-01-23 16:01:51 | ERROR | [347c9cbdb2cd402f994854b70b9b7b70] | app.dependencies | 数据库会话异常: 401: 无法验证凭据
Traceback (most recent call last):
  File "D:\code\BugSeek\backend\app\dependencies.py", line 19, in get_db
    yield db
  File "C:\Users\81026\AppData\Local\Programs\Python\Python310\lib\site-packages\fastapi\concurrency.py", line 29, in contextmanager_in_threadpool
    yield await run_in_threadpool(cm.__enter__)
  File "C:\Users\81026\AppData\Local\Programs\Python\Python310\lib\site-packages\fastapi\routing.py", line 101, in app
    response = await f(request)
  File "C:\Users\81026\AppData\Local\Programs\Python\Python310\lib\site-packages\fastapi\routing.py", line 345, in app
    solved_result = await solve_dependencies(
  File "C:\Users\81026\AppData\Local\Programs\Python\Python310\lib\site-packages\fastapi\dependencies\utils.py", line 643, in solve_dependencies
    solved = await call(**solved_result.values)
  File "D:\code\BugSeek\backend\app\api\v1\deps.py", line 33, in get_current_user
    raise credentials_exception
fastapi.exceptions.HTTPException: 401: 无法验证凭据
2026-01-23 16:01:51 | ERROR | [0ff8245f2fc44ea0bf1a358b0284bc01] | app.dependencies | 数据库会话异常: 401: 无法验证凭据
Traceback (most recent call last):
  File "D:\code\BugSeek\backend\app\dependencies.py", line 19, in get_db
    yield db
  File "C:\Users\81026\AppData\Local\Programs\Python\Python310\lib\site-packages\fastapi\concurrency.py", line 29, in contextmanager_in_threadpool
    yield await run_in_threadpool(cm.__enter__)
  File "C:\Users\81026\AppData\Local\Programs\Python\Python310\lib\site-packages\fastapi\routing.py", line 101, in app
    response = await f(request)
  File "C:\Users\81026\AppData\Local\Programs\Python\Python310\lib\site-packages\fastapi\routing.py", line 345, in app
    solved_result = await solve_dependencies(
  File "C:\Users\81026\AppData\Local\Programs\Python\Python310\lib\site-packages\fastapi\dependencies\utils.py", line 643, in solve_dependencies
    solved = await call(**solved_result.values)
  File "D:\code\BugSeek\backend\app\api\v1\deps.py", line 33, in get_current_user
    raise credentials_exception
fastapi.exceptions.HTTPException: 401: 无法验证凭据
2026-01-23 16:01:51 | ERROR | [c1b2b89c578244949b17686fbd681618] | app.dependencies | 数据库会话异常: 401: 无法验证凭据
Traceback (most recent call last):
  File "D:\code\BugSeek\backend\app\dependencies.py", line 19, in get_db
    yield db
  File "C:\Users\81026\AppData\Local\Programs\Python\Python310\lib\site-packages\fastapi\concurrency.py", line 29, in contextmanager_in_threadpool
    yield await run_in_threadpool(cm.__enter__)
  File "C:\Users\81026\AppData\Local\Programs\Python\Python310\lib\site-packages\fastapi\routing.py", line 101, in app
    response = await f(request)
  File "C:\Users\81026\AppData\Local\Programs\Python\Python310\lib\site-packages\fastapi\routing.py", line 345, in app
    solved_result = await solve_dependencies(
  File "C:\Users\81026\AppData\Local\Programs\Python\Python310\lib\site-packages\fastapi\dependencies\utils.py", line 643, in solve_dependencies
    solved = await call(**solved_result.values)
  File "D:\code\BugSeek\backend\app\api\v1\deps.py", line 33, in get_current_user
    raise credentials_exception
fastapi.exceptions.HTTPException: 401: 无法验证凭据
2026-01-23 16:01:51 | ERROR | [a664c465af934efb9aee1ac059dd1cbf] | app.dependencies | 数据库会话异常: 401: 无法验证凭据
Traceback (most recent call last):
  File "D:\code\BugSeek\backend\app\dependencies.py", line 19, in get_db
    yield db
  File "C:\Users\81026\AppData\Local\Programs\Python\Python310\lib\site-packages\fastapi\concurrency.py", line 29, in contextmanager_in_threadpool
    yield await run_in_threadpool(cm.__enter__)
  File "C:\Users\81026\AppData\Local\Programs\Python\Python310\lib\site-packages\fastapi\routing.py", line 101, in app
    response = await f(request)
  File "C:\Users\81026\AppData\Local\Programs\Python\Python310\lib\site-packages\fastapi\routing.py", line 345, in app
    solved_result = await solve_dependencies(
  File "C:\Users\81026\AppData\Local\Programs\Python\Python310\lib\site-packages\fastapi\dependencies\utils.py", line 643, in solve_dependencies
    solved = await call(**solved_result.values)
  File "D:\code\BugSeek\backend\app\api\v1\deps.py", line 33, in get_current_user
    raise credentials_exception
fastapi.exceptions.HTTPException: 401: 无法验证凭据
2026-01-23 16:01:51 | ERROR | [c07667a9cc6748f48d6ae39171fe3804] | app.dependencies | 数据库会话异常: 401: 无法验证凭据
Traceback (most recent call last):
  File "D:\code\BugSeek\backend\app\dependencies.py", line 19, in get_db
    yield db
  File "C:\Users\81026\AppData\Local\Programs\Python\Python310\lib\site-packages\fastapi\concurrency.py", line 29, in contextmanager_in_threadpool
    yield await run_in_threadpool(cm.__enter__)
  File "C:\Users\81026\AppData\Local\Programs\Python\Python310\lib\site-packages\fastapi\routing.py", line 101, in app
    response = await f(request)
  File "C:\Users\81026\AppData\Local\Programs\Python\Python310\lib\site-packages\fastapi\routing.py", line 345, in app
    solved_result = await solve_dependencies(
  File "C:\Users\81026\AppData\Local\Programs\Python\Python310\lib\site-packages\fastapi\dependencies\utils.py", line 643, in solve_dependencies
    solved = await call(**solved_result.values)
  File "D:\code\BugSeek\backend\app\api\v1\deps.py", line 33, in get_current_user
    raise credentials_exception
fastapi.exceptions.HTTPException: 401: 无法验证凭据
2026-01-23 16:01:51 | ERROR | [44bde825fcae413290389efe32956e77] | app.dependencies | 数据库会话异常: 401: 无法验证凭据
Traceback (most recent call last):
  File "D:\code\BugSeek\backend\app\dependencies.py", line 19, in get_db
    yield db
  File "C:\Users\81026\AppData\Local\Programs\Python\Python310\lib\site-packages\fastapi\concurrency.py", line 29, in contextmanager_in_threadpool
    yield await run_in_threadpool(cm.__enter__)
  File "C:\Users\81026\AppData\Local\Programs\Python\Python310\lib\site-packages\fastapi\routing.py", line 101, in app
    response = await f(request)
  File "C:\Users\81026\AppData\Local\Programs\Python\Python310\lib\site-packages\fastapi\routing.py", line 345, in app
    solved_result = await solve_dependencies(
  File "C:\Users\81026\AppData\Local\Programs\Python\Python310\lib\site-packages\fastapi\dependencies\utils.py", line 643, in solve_dependencies
    solved = await call(**solved_result.values)
  File "D:\code\BugSeek\backend\app\api\v1\deps.py", line 33, in get_current_user
    raise credentials_exception
fastapi.exceptions.HTTPException: 401: 无法验证凭据
2026-01-23 16:01:51 | ERROR | [4d92430c8bbb4b858001536f9e1f1a15] | app.dependencies | 数据库会话异常: 401: 无法验证凭据
Traceback (most recent call last):
  File "D:\code\BugSeek\backend\app\dependencies.py", line 19, in get_db
    yield db
  File "C:\Users\81026\AppData\Local\Programs\Python\Python310\lib\site-packages\fastapi\concurrency.py", line 29, in contextmanager_in_threadpool
    yield await run_in_threadpool(cm.__enter__)
  File "C:\Users\81026\AppData\Local\Programs\Python\Python310\lib\site-packages\fastapi\routing.py", line 101, in app
    response = await f(request)
  File "C:\Users\81026\AppData\Local\Programs\Python\Python310\lib\site-packages\fastapi\routing.py", line 345, in app
    solved_result = await solve_dependencies(
  File "C:\Users\81026\AppData\Local\Programs\Python\Python310\lib\site-packages\fastapi\dependencies\utils.py", line 643, in solve_dependencies
    solved = await call(**solved_result.values)
  File "D:\code\BugSeek\backend\app\api\v1\deps.py", line 33, in get_current_user
    raise credentials_exception
fastapi.exceptions.HTTPException: 401: 无法验证凭据
2026-01-23 16:01:53 | INFO | [0edbad734f984a13aea1c8e08b6167cf] | app.api.v1.auth | 用户登录请求: username=admin
2026-01-23 16:01:53 | WARNING | [0edbad734f984a13aea1c8e08b6167cf] | app.api.v1.auth | 登录失败: 用户名或密码错误 - admin
2026-01-23 16:01:53 | ERROR | [0edbad734f984a13aea1c8e08b6167cf] | app.dependencies | 数据库会话异常: 401: 用户名或密码错误
Traceback (most recent call last):
  File "D:\code\BugSeek\backend\app\dependencies.py", line 19, in get_db
    yield db
  File "C:\Users\81026\AppData\Local\Programs\Python\Python310\lib\site-packages\fastapi\concurrency.py", line 29, in contextmanager_in_threadpool
    yield await run_in_threadpool(cm.__enter__)
  File "C:\Users\81026\AppData\Local\Programs\Python\Python310\lib\site-packages\fastapi\routing.py", line 101, in app
    response = await f(request)
  File "C:\Users\81026\AppData\Local\Programs\Python\Python310\lib\site-packages\fastapi\routing.py", line 355, in app
    raw_response = await run_endpoint_function(
  File "C:\Users\81026\AppData\Local\Programs\Python\Python310\lib\site-packages\fastapi\routing.py", line 243, in run_endpoint_function
    return await dependant.call(**values)
  File "D:\code\BugSeek\backend\app\api\v1\auth.py", line 136, in login
    raise HTTPException(
fastapi.exceptions.HTTPException: 401: 用户名或密码错误
2026-01-23 16:02:18 | INFO | [594d8627e2224a049cf04399cda630fa] | app.api.v1.auth | 用户注册请求: username=admin, email=admin@admin.com
2026-01-23 16:02:18 | INFO | [594d8627e2224a049cf04399cda630fa] | app.api.v1.auth | 用户注册成功: user_id=1, username=admin
2026-01-23 16:02:24 | INFO | [66b119169a8f4775ad5d509487d65ebd] | app.api.v1.auth | 用户登录请求: username=admin
2026-01-23 16:02:25 | INFO | [66b119169a8f4775ad5d509487d65ebd] | app.api.v1.auth | 用户登录成功: user_id=1, username=admin
2026-01-23 16:02:25 | INFO | [9b99fcd6f5db475b876c752fc9533731] | app.api.v1.projects | [9b99fcd6f5db475b876c752fc9533731] 用户 admin 获取项目列表: page=1, page_size=100
2026-01-23 16:02:25 | INFO | [9b99fcd6f5db475b876c752fc9533731] | app.api.v1.projects | [9b99fcd6f5db475b876c752fc9533731] 获取项目列表成功: total=0
2026-01-23 16:02:25 | INFO | [232d5bb9ad3544128eb6d008b311283b] | app.api.v1.versions | [232d5bb9ad3544128eb6d008b311283b] 用户 admin 获取版本列表: project_id=1, page=1, page_size=100
2026-01-23 16:02:25 | ERROR | [232d5bb9ad3544128eb6d008b311283b] | app.api.v1.versions | [232d5bb9ad3544128eb6d008b311283b] 获取版本列表失败: 'NoneType' object has no attribute 'HTTP_404_NOT_FOUND'
2026-01-23 16:02:25 | INFO | [5c9a2ee4351e4fdc90bcf7eb466392a1] | app.api.v1.projects | [5c9a2ee4351e4fdc90bcf7eb466392a1] 用户 admin 获取项目列表: page=1, page_size=100
2026-01-23 16:02:25 | INFO | [5c9a2ee4351e4fdc90bcf7eb466392a1] | app.api.v1.projects | [5c9a2ee4351e4fdc90bcf7eb466392a1] 获取项目列表成功: total=0
2026-01-23 16:02:25 | INFO | [116355a152024398b3ba0e8b0a38edf8] | app.api.v1.versions | [116355a152024398b3ba0e8b0a38edf8] 用户 admin 获取版本列表: project_id=1, page=1, page_size=100
2026-01-23 16:02:25 | ERROR | [116355a152024398b3ba0e8b0a38edf8] | app.api.v1.versions | [116355a152024398b3ba0e8b0a38edf8] 获取版本列表失败: 'NoneType' object has no attribute 'HTTP_404_NOT_FOUND'
2026-01-23 16:02:25 | INFO | [256dff6863bd4cc4ac524544f417ebd8] | app.api.v1.projects | [256dff6863bd4cc4ac524544f417ebd8] 用户 admin 获取项目列表: page=1, page_size=100
2026-01-23 16:02:25 | INFO | [256dff6863bd4cc4ac524544f417ebd8] | app.api.v1.projects | [256dff6863bd4cc4ac524544f417ebd8] 获取项目列表成功: total=0
2026-01-23 16:02:25 | INFO | [62203c1676a648c5a0ceb0d301a1721c] | app.api.v1.projects | [62203c1676a648c5a0ceb0d301a1721c] 用户 admin 获取项目列表: page=1, page_size=100
2026-01-23 16:02:25 | INFO | [62203c1676a648c5a0ceb0d301a1721c] | app.api.v1.projects | [62203c1676a648c5a0ceb0d301a1721c] 获取项目列表成功: total=0
2026-01-23 16:02:25 | ERROR | [232d5bb9ad3544128eb6d008b311283b] | app.dependencies | 数据库会话异常: 'NoneType' object has no attribute 'HTTP_500_INTERNAL_SERVER_ERROR'
Traceback (most recent call last):
  File "D:\code\BugSeek\backend\app\api\v1\versions.py", line 258, in get_versions
    status_code=status.HTTP_404_NOT_FOUND,
AttributeError: 'NoneType' object has no attribute 'HTTP_404_NOT_FOUND'

During handling of the above exception, another exception occurred:

Traceback (most recent call last):
  File "D:\code\BugSeek\backend\app\dependencies.py", line 19, in get_db
    yield db
  File "C:\Users\81026\AppData\Local\Programs\Python\Python310\lib\site-packages\fastapi\concurrency.py", line 29, in contextmanager_in_threadpool
    yield await run_in_threadpool(cm.__enter__)
  File "C:\Users\81026\AppData\Local\Programs\Python\Python310\lib\site-packages\fastapi\routing.py", line 101, in app
    response = await f(request)
  File "C:\Users\81026\AppData\Local\Programs\Python\Python310\lib\site-packages\fastapi\routing.py", line 355, in app
    raw_response = await run_endpoint_function(
  File "C:\Users\81026\AppData\Local\Programs\Python\Python310\lib\site-packages\fastapi\routing.py", line 243, in run_endpoint_function
    return await dependant.call(**values)
  File "D:\code\BugSeek\backend\app\api\v1\versions.py", line 297, in get_versions
    status_code=status.HTTP_500_INTERNAL_SERVER_ERROR,
AttributeError: 'NoneType' object has no attribute 'HTTP_500_INTERNAL_SERVER_ERROR'
2026-01-23 16:02:25 | ERROR | [116355a152024398b3ba0e8b0a38edf8] | app.dependencies | 数据库会话异常: 'NoneType' object has no attribute 'HTTP_500_INTERNAL_SERVER_ERROR'
Traceback (most recent call last):
  File "D:\code\BugSeek\backend\app\api\v1\versions.py", line 258, in get_versions
    status_code=status.HTTP_404_NOT_FOUND,
AttributeError: 'NoneType' object has no attribute 'HTTP_404_NOT_FOUND'

During handling of the above exception, another exception occurred:

Traceback (most recent call last):
  File "D:\code\BugSeek\backend\app\dependencies.py", line 19, in get_db
    yield db
  File "C:\Users\81026\AppData\Local\Programs\Python\Python310\lib\site-packages\fastapi\concurrency.py", line 29, in contextmanager_in_threadpool
    yield await run_in_threadpool(cm.__enter__)
  File "C:\Users\81026\AppData\Local\Programs\Python\Python310\lib\site-packages\fastapi\routing.py", line 101, in app
    response = await f(request)
  File "C:\Users\81026\AppData\Local\Programs\Python\Python310\lib\site-packages\fastapi\routing.py", line 355, in app
    raw_response = await run_endpoint_function(
  File "C:\Users\81026\AppData\Local\Programs\Python\Python310\lib\site-packages\fastapi\routing.py", line 243, in run_endpoint_function
    return await dependant.call(**values)
  File "D:\code\BugSeek\backend\app\api\v1\versions.py", line 297, in get_versions
    status_code=status.HTTP_500_INTERNAL_SERVER_ERROR,
AttributeError: 'NoneType' object has no attribute 'HTTP_500_INTERNAL_SERVER_ERROR'
2026-01-23 16:02:25 | ERROR | [232d5bb9ad3544128eb6d008b311283b] | app.main | 未捕获的异常: 'NoneType' object has no attribute 'HTTP_500_INTERNAL_SERVER_ERROR' | 路径: /api/v1/projects/1/versions | 方法: GET
Traceback (most recent call last):
  File "D:\code\BugSeek\backend\app\api\v1\versions.py", line 258, in get_versions
    status_code=status.HTTP_404_NOT_FOUND,
AttributeError: 'NoneType' object has no attribute 'HTTP_404_NOT_FOUND'

The above exception was the direct cause of the following exception:

Traceback (most recent call last):
  File "C:\Users\81026\AppData\Local\Programs\Python\Python310\lib\site-packages\starlette\middleware\errors.py", line 164, in __call__
    await self.app(scope, receive, _send)
  File "C:\Users\81026\AppData\Local\Programs\Python\Python310\lib\site-packages\starlette\middleware\cors.py", line 85, in __call__
    await self.app(scope, receive, send)
  File "C:\Users\81026\AppData\Local\Programs\Python\Python310\lib\site-packages\starlette\middleware\base.py", line 191, in __call__
    with recv_stream, send_stream, collapse_excgroups():
  File "C:\Users\81026\AppData\Local\Programs\Python\Python310\lib\contextlib.py", line 153, in __exit__
    self.gen.throw(typ, value, traceback)
  File "C:\Users\81026\AppData\Local\Programs\Python\Python310\lib\site-packages\starlette\_utils.py", line 85, in collapse_excgroups
    raise exc
  File "C:\Users\81026\AppData\Local\Programs\Python\Python310\lib\site-packages\starlette\middleware\base.py", line 193, in __call__
    response = await self.dispatch_func(request, call_next)
  File "D:\code\BugSeek\backend\app\main.py", line 29, in trace_id_middleware
    response = await call_next(request)
  File "C:\Users\81026\AppData\Local\Programs\Python\Python310\lib\site-packages\starlette\middleware\base.py", line 168, in call_next
    raise app_exc from app_exc.__cause__ or app_exc.__context__
  File "C:\Users\81026\AppData\Local\Programs\Python\Python310\lib\site-packages\starlette\middleware\base.py", line 144, in coro
    await self.app(scope, receive_or_disconnect, send_no_error)
  File "C:\Users\81026\AppData\Local\Programs\Python\Python310\lib\site-packages\starlette\middleware\exceptions.py", line 63, in __call__
    await wrap_app_handling_exceptions(self.app, conn)(scope, receive, send)
  File "C:\Users\81026\AppData\Local\Programs\Python\Python310\lib\site-packages\starlette\_exception_handler.py", line 53, in wrapped_app
    raise exc
  File "C:\Users\81026\AppData\Local\Programs\Python\Python310\lib\site-packages\starlette\_exception_handler.py", line 42, in wrapped_app
    await app(scope, receive, sender)
  File "C:\Users\81026\AppData\Local\Programs\Python\Python310\lib\site-packages\fastapi\middleware\asyncexitstack.py", line 18, in __call__
    await self.app(scope, receive, send)
  File "C:\Users\81026\AppData\Local\Programs\Python\Python310\lib\site-packages\starlette\routing.py", line 716, in __call__
    await self.middleware_stack(scope, receive, send)
  File "C:\Users\81026\AppData\Local\Programs\Python\Python310\lib\site-packages\starlette\routing.py", line 736, in app
    await route.handle(scope, receive, send)
  File "C:\Users\81026\AppData\Local\Programs\Python\Python310\lib\site-packages\starlette\routing.py", line 290, in handle
    await self.app(scope, receive, send)
  File "C:\Users\81026\AppData\Local\Programs\Python\Python310\lib\site-packages\fastapi\routing.py", line 115, in app
    await wrap_app_handling_exceptions(app, request)(scope, receive, send)
  File "C:\Users\81026\AppData\Local\Programs\Python\Python310\lib\site-packages\starlette\_exception_handler.py", line 53, in wrapped_app
    raise exc
  File "C:\Users\81026\AppData\Local\Programs\Python\Python310\lib\site-packages\starlette\_exception_handler.py", line 42, in wrapped_app
    await app(scope, receive, sender)
  File "C:\Users\81026\AppData\Local\Programs\Python\Python310\lib\site-packages\fastapi\routing.py", line 101, in app
    response = await f(request)
  File "C:\Users\81026\AppData\Local\Programs\Python\Python310\lib\site-packages\fastapi\routing.py", line 355, in app
    raw_response = await run_endpoint_function(
  File "C:\Users\81026\AppData\Local\Programs\Python\Python310\lib\site-packages\fastapi\routing.py", line 243, in run_endpoint_function
    return await dependant.call(**values)
  File "D:\code\BugSeek\backend\app\api\v1\versions.py", line 297, in get_versions
    status_code=status.HTTP_500_INTERNAL_SERVER_ERROR,
AttributeError: 'NoneType' object has no attribute 'HTTP_500_INTERNAL_SERVER_ERROR'
2026-01-23 16:02:25 | ERROR | [116355a152024398b3ba0e8b0a38edf8] | app.main | 未捕获的异常: 'NoneType' object has no attribute 'HTTP_500_INTERNAL_SERVER_ERROR' | 路径: /api/v1/projects/1/versions | 方法: GET
Traceback (most recent call last):
  File "D:\code\BugSeek\backend\app\api\v1\versions.py", line 258, in get_versions
    status_code=status.HTTP_404_NOT_FOUND,
AttributeError: 'NoneType' object has no attribute 'HTTP_404_NOT_FOUND'

The above exception was the direct cause of the following exception:

Traceback (most recent call last):
  File "C:\Users\81026\AppData\Local\Programs\Python\Python310\lib\site-packages\starlette\middleware\errors.py", line 164, in __call__
    await self.app(scope, receive, _send)
  File "C:\Users\81026\AppData\Local\Programs\Python\Python310\lib\site-packages\starlette\middleware\cors.py", line 85, in __call__
    await self.app(scope, receive, send)
  File "C:\Users\81026\AppData\Local\Programs\Python\Python310\lib\site-packages\starlette\middleware\base.py", line 191, in __call__
    with recv_stream, send_stream, collapse_excgroups():
  File "C:\Users\81026\AppData\Local\Programs\Python\Python310\lib\contextlib.py", line 153, in __exit__
    self.gen.throw(typ, value, traceback)
  File "C:\Users\81026\AppData\Local\Programs\Python\Python310\lib\site-packages\starlette\_utils.py", line 85, in collapse_excgroups
    raise exc
  File "C:\Users\81026\AppData\Local\Programs\Python\Python310\lib\site-packages\starlette\middleware\base.py", line 193, in __call__
    response = await self.dispatch_func(request, call_next)
  File "D:\code\BugSeek\backend\app\main.py", line 29, in trace_id_middleware
    response = await call_next(request)
  File "C:\Users\81026\AppData\Local\Programs\Python\Python310\lib\site-packages\starlette\middleware\base.py", line 168, in call_next
    raise app_exc from app_exc.__cause__ or app_exc.__context__
  File "C:\Users\81026\AppData\Local\Programs\Python\Python310\lib\site-packages\starlette\middleware\base.py", line 144, in coro
    await self.app(scope, receive_or_disconnect, send_no_error)
  File "C:\Users\81026\AppData\Local\Programs\Python\Python310\lib\site-packages\starlette\middleware\exceptions.py", line 63, in __call__
    await wrap_app_handling_exceptions(self.app, conn)(scope, receive, send)
  File "C:\Users\81026\AppData\Local\Programs\Python\Python310\lib\site-packages\starlette\_exception_handler.py", line 53, in wrapped_app
    raise exc
  File "C:\Users\81026\AppData\Local\Programs\Python\Python310\lib\site-packages\starlette\_exception_handler.py", line 42, in wrapped_app
    await app(scope, receive, sender)
  File "C:\Users\81026\AppData\Local\Programs\Python\Python310\lib\site-packages\fastapi\middleware\asyncexitstack.py", line 18, in __call__
    await self.app(scope, receive, send)
  File "C:\Users\81026\AppData\Local\Programs\Python\Python310\lib\site-packages\starlette\routing.py", line 716, in __call__
    await self.middleware_stack(scope, receive, send)
  File "C:\Users\81026\AppData\Local\Programs\Python\Python310\lib\site-packages\starlette\routing.py", line 736, in app
    await route.handle(scope, receive, send)
  File "C:\Users\81026\AppData\Local\Programs\Python\Python310\lib\site-packages\starlette\routing.py", line 290, in handle
    await self.app(scope, receive, send)
  File "C:\Users\81026\AppData\Local\Programs\Python\Python310\lib\site-packages\fastapi\routing.py", line 115, in app
    await wrap_app_handling_exceptions(app, request)(scope, receive, send)
  File "C:\Users\81026\AppData\Local\Programs\Python\Python310\lib\site-packages\starlette\_exception_handler.py", line 53, in wrapped_app
    raise exc
  File "C:\Users\81026\AppData\Local\Programs\Python\Python310\lib\site-packages\starlette\_exception_handler.py", line 42, in wrapped_app
    await app(scope, receive, sender)
  File "C:\Users\81026\AppData\Local\Programs\Python\Python310\lib\site-packages\fastapi\routing.py", line 101, in app
    response = await f(request)
  File "C:\Users\81026\AppData\Local\Programs\Python\Python310\lib\site-packages\fastapi\routing.py", line 355, in app
    raw_response = await run_endpoint_function(
  File "C:\Users\81026\AppData\Local\Programs\Python\Python310\lib\site-packages\fastapi\routing.py", line 243, in run_endpoint_function
    return await dependant.call(**values)
  File "D:\code\BugSeek\backend\app\api\v1\versions.py", line 297, in get_versions
    status_code=status.HTTP_500_INTERNAL_SERVER_ERROR,
AttributeError: 'NoneType' object has no attribute 'HTTP_500_INTERNAL_SERVER_ERROR'
2026-01-23 16:02:30 | INFO | [8cd6048b5a4d441baf8d553ab6d6399e] | app.api.v1.projects | [8cd6048b5a4d441baf8d553ab6d6399e] 用户 admin 获取项目列表: page=1, page_size=10
2026-01-23 16:02:30 | INFO | [8cd6048b5a4d441baf8d553ab6d6399e] | app.api.v1.projects | [8cd6048b5a4d441baf8d553ab6d6399e] 获取项目列表成功: total=0
2026-01-23 16:02:30 | INFO | [b4bb8d6d19e74608a280aefee42fdc80] | app.api.v1.projects | [b4bb8d6d19e74608a280aefee42fdc80] 用户 admin 获取项目列表: page=1, page_size=10
2026-01-23 16:02:30 | INFO | [b4bb8d6d19e74608a280aefee42fdc80] | app.api.v1.projects | [b4bb8d6d19e74608a280aefee42fdc80] 获取项目列表成功: total=0
2026-01-23 16:02:33 | INFO | [c2c4520adaba42c8a74b71915e33ee4d] | app.api.v1.projects | [c2c4520adaba42c8a74b71915e33ee4d] 用户 admin 获取项目详情: project_id=1
2026-01-23 16:02:33 | ERROR | [c2c4520adaba42c8a74b71915e33ee4d] | app.dependencies | 数据库会话异常: 404: 项目不存在
Traceback (most recent call last):
  File "D:\code\BugSeek\backend\app\dependencies.py", line 19, in get_db
    yield db
  File "C:\Users\81026\AppData\Local\Programs\Python\Python310\lib\site-packages\fastapi\concurrency.py", line 29, in contextmanager_in_threadpool
    yield await run_in_threadpool(cm.__enter__)
  File "C:\Users\81026\AppData\Local\Programs\Python\Python310\lib\site-packages\fastapi\routing.py", line 101, in app
    response = await f(request)
  File "C:\Users\81026\AppData\Local\Programs\Python\Python310\lib\site-packages\fastapi\routing.py", line 355, in app
    raw_response = await run_endpoint_function(
  File "C:\Users\81026\AppData\Local\Programs\Python\Python310\lib\site-packages\fastapi\routing.py", line 243, in run_endpoint_function
    return await dependant.call(**values)
  File "D:\code\BugSeek\backend\app\api\v1\projects.py", line 220, in get_project
    raise HTTPException(
fastapi.exceptions.HTTPException: 404: 项目不存在
2026-01-23 16:02:33 | INFO | [7fd963e0b9004559bab0855b9bac5a84] | app.api.v1.versions | [7fd963e0b9004559bab0855b9bac5a84] 用户 admin 获取版本列表: project_id=1, page=1, page_size=10
2026-01-23 16:02:33 | ERROR | [7fd963e0b9004559bab0855b9bac5a84] | app.api.v1.versions | [7fd963e0b9004559bab0855b9bac5a84] 获取版本列表失败: 'NoneType' object has no attribute 'HTTP_404_NOT_FOUND'
2026-01-23 16:02:33 | INFO | [51c5bca2dd9348f3859c1a58b9452181] | app.api.v1.projects | [51c5bca2dd9348f3859c1a58b9452181] 用户 admin 获取项目详情: project_id=1
2026-01-23 16:02:33 | INFO | [980edd9702c142b4bfecf979789b1f64] | app.api.v1.versions | [980edd9702c142b4bfecf979789b1f64] 用户 admin 获取版本列表: project_id=1, page=1, page_size=10
2026-01-23 16:02:33 | ERROR | [980edd9702c142b4bfecf979789b1f64] | app.api.v1.versions | [980edd9702c142b4bfecf979789b1f64] 获取版本列表失败: 'NoneType' object has no attribute 'HTTP_404_NOT_FOUND'
2026-01-23 16:02:33 | ERROR | [7fd963e0b9004559bab0855b9bac5a84] | app.dependencies | 数据库会话异常: 'NoneType' object has no attribute 'HTTP_500_INTERNAL_SERVER_ERROR'
Traceback (most recent call last):
  File "D:\code\BugSeek\backend\app\api\v1\versions.py", line 258, in get_versions
    status_code=status.HTTP_404_NOT_FOUND,
AttributeError: 'NoneType' object has no attribute 'HTTP_404_NOT_FOUND'

During handling of the above exception, another exception occurred:

Traceback (most recent call last):
  File "D:\code\BugSeek\backend\app\dependencies.py", line 19, in get_db
    yield db
  File "C:\Users\81026\AppData\Local\Programs\Python\Python310\lib\site-packages\fastapi\concurrency.py", line 29, in contextmanager_in_threadpool
    yield await run_in_threadpool(cm.__enter__)
  File "C:\Users\81026\AppData\Local\Programs\Python\Python310\lib\site-packages\fastapi\routing.py", line 101, in app
    response = await f(request)
  File "C:\Users\81026\AppData\Local\Programs\Python\Python310\lib\site-packages\fastapi\routing.py", line 355, in app
    raw_response = await run_endpoint_function(
  File "C:\Users\81026\AppData\Local\Programs\Python\Python310\lib\site-packages\fastapi\routing.py", line 243, in run_endpoint_function
    return await dependant.call(**values)
  File "D:\code\BugSeek\backend\app\api\v1\versions.py", line 297, in get_versions
    status_code=status.HTTP_500_INTERNAL_SERVER_ERROR,
AttributeError: 'NoneType' object has no attribute 'HTTP_500_INTERNAL_SERVER_ERROR'
2026-01-23 16:02:33 | ERROR | [51c5bca2dd9348f3859c1a58b9452181] | app.dependencies | 数据库会话异常: 404: 项目不存在
Traceback (most recent call last):
  File "D:\code\BugSeek\backend\app\dependencies.py", line 19, in get_db
    yield db
  File "C:\Users\81026\AppData\Local\Programs\Python\Python310\lib\site-packages\fastapi\concurrency.py", line 29, in contextmanager_in_threadpool
    yield await run_in_threadpool(cm.__enter__)
  File "C:\Users\81026\AppData\Local\Programs\Python\Python310\lib\site-packages\fastapi\routing.py", line 101, in app
    response = await f(request)
  File "C:\Users\81026\AppData\Local\Programs\Python\Python310\lib\site-packages\fastapi\routing.py", line 355, in app
    raw_response = await run_endpoint_function(
  File "C:\Users\81026\AppData\Local\Programs\Python\Python310\lib\site-packages\fastapi\routing.py", line 243, in run_endpoint_function
    return await dependant.call(**values)
  File "D:\code\BugSeek\backend\app\api\v1\projects.py", line 220, in get_project
    raise HTTPException(
fastapi.exceptions.HTTPException: 404: 项目不存在
2026-01-23 16:02:33 | ERROR | [980edd9702c142b4bfecf979789b1f64] | app.dependencies | 数据库会话异常: 'NoneType' object has no attribute 'HTTP_500_INTERNAL_SERVER_ERROR'
Traceback (most recent call last):
  File "D:\code\BugSeek\backend\app\api\v1\versions.py", line 258, in get_versions
    status_code=status.HTTP_404_NOT_FOUND,
AttributeError: 'NoneType' object has no attribute 'HTTP_404_NOT_FOUND'

During handling of the above exception, another exception occurred:

Traceback (most recent call last):
  File "D:\code\BugSeek\backend\app\dependencies.py", line 19, in get_db
    yield db
  File "C:\Users\81026\AppData\Local\Programs\Python\Python310\lib\site-packages\fastapi\concurrency.py", line 29, in contextmanager_in_threadpool
    yield await run_in_threadpool(cm.__enter__)
  File "C:\Users\81026\AppData\Local\Programs\Python\Python310\lib\site-packages\fastapi\routing.py", line 101, in app
    response = await f(request)
  File "C:\Users\81026\AppData\Local\Programs\Python\Python310\lib\site-packages\fastapi\routing.py", line 355, in app
    raw_response = await run_endpoint_function(
  File "C:\Users\81026\AppData\Local\Programs\Python\Python310\lib\site-packages\fastapi\routing.py", line 243, in run_endpoint_function
    return await dependant.call(**values)
  File "D:\code\BugSeek\backend\app\api\v1\versions.py", line 297, in get_versions
    status_code=status.HTTP_500_INTERNAL_SERVER_ERROR,
AttributeError: 'NoneType' object has no attribute 'HTTP_500_INTERNAL_SERVER_ERROR'
2026-01-23 16:02:33 | ERROR | [7fd963e0b9004559bab0855b9bac5a84] | app.main | 未捕获的异常: 'NoneType' object has no attribute 'HTTP_500_INTERNAL_SERVER_ERROR' | 路径: /api/v1/projects/1/versions | 方法: GET
Traceback (most recent call last):
  File "D:\code\BugSeek\backend\app\api\v1\versions.py", line 258, in get_versions
    status_code=status.HTTP_404_NOT_FOUND,
AttributeError: 'NoneType' object has no attribute 'HTTP_404_NOT_FOUND'

The above exception was the direct cause of the following exception:

Traceback (most recent call last):
  File "C:\Users\81026\AppData\Local\Programs\Python\Python310\lib\site-packages\starlette\middleware\errors.py", line 164, in __call__
    await self.app(scope, receive, _send)
  File "C:\Users\81026\AppData\Local\Programs\Python\Python310\lib\site-packages\starlette\middleware\cors.py", line 85, in __call__
    await self.app(scope, receive, send)
  File "C:\Users\81026\AppData\Local\Programs\Python\Python310\lib\site-packages\starlette\middleware\base.py", line 191, in __call__
    with recv_stream, send_stream, collapse_excgroups():
  File "C:\Users\81026\AppData\Local\Programs\Python\Python310\lib\contextlib.py", line 153, in __exit__
    self.gen.throw(typ, value, traceback)
  File "C:\Users\81026\AppData\Local\Programs\Python\Python310\lib\site-packages\starlette\_utils.py", line 85, in collapse_excgroups
    raise exc
  File "C:\Users\81026\AppData\Local\Programs\Python\Python310\lib\site-packages\starlette\middleware\base.py", line 193, in __call__
    response = await self.dispatch_func(request, call_next)
  File "D:\code\BugSeek\backend\app\main.py", line 29, in trace_id_middleware
    response = await call_next(request)
  File "C:\Users\81026\AppData\Local\Programs\Python\Python310\lib\site-packages\starlette\middleware\base.py", line 168, in call_next
    raise app_exc from app_exc.__cause__ or app_exc.__context__
  File "C:\Users\81026\AppData\Local\Programs\Python\Python310\lib\site-packages\starlette\middleware\base.py", line 144, in coro
    await self.app(scope, receive_or_disconnect, send_no_error)
  File "C:\Users\81026\AppData\Local\Programs\Python\Python310\lib\site-packages\starlette\middleware\exceptions.py", line 63, in __call__
    await wrap_app_handling_exceptions(self.app, conn)(scope, receive, send)
  File "C:\Users\81026\AppData\Local\Programs\Python\Python310\lib\site-packages\starlette\_exception_handler.py", line 53, in wrapped_app
    raise exc
  File "C:\Users\81026\AppData\Local\Programs\Python\Python310\lib\site-packages\starlette\_exception_handler.py", line 42, in wrapped_app
    await app(scope, receive, sender)
  File "C:\Users\81026\AppData\Local\Programs\Python\Python310\lib\site-packages\fastapi\middleware\asyncexitstack.py", line 18, in __call__
    await self.app(scope, receive, send)
  File "C:\Users\81026\AppData\Local\Programs\Python\Python310\lib\site-packages\starlette\routing.py", line 716, in __call__
    await self.middleware_stack(scope, receive, send)
  File "C:\Users\81026\AppData\Local\Programs\Python\Python310\lib\site-packages\starlette\routing.py", line 736, in app
    await route.handle(scope, receive, send)
  File "C:\Users\81026\AppData\Local\Programs\Python\Python310\lib\site-packages\starlette\routing.py", line 290, in handle
    await self.app(scope, receive, send)
  File "C:\Users\81026\AppData\Local\Programs\Python\Python310\lib\site-packages\fastapi\routing.py", line 115, in app
    await wrap_app_handling_exceptions(app, request)(scope, receive, send)
  File "C:\Users\81026\AppData\Local\Programs\Python\Python310\lib\site-packages\starlette\_exception_handler.py", line 53, in wrapped_app
    raise exc
  File "C:\Users\81026\AppData\Local\Programs\Python\Python310\lib\site-packages\starlette\_exception_handler.py", line 42, in wrapped_app
    await app(scope, receive, sender)
  File "C:\Users\81026\AppData\Local\Programs\Python\Python310\lib\site-packages\fastapi\routing.py", line 101, in app
    response = await f(request)
  File "C:\Users\81026\AppData\Local\Programs\Python\Python310\lib\site-packages\fastapi\routing.py", line 355, in app
    raw_response = await run_endpoint_function(
  File "C:\Users\81026\AppData\Local\Programs\Python\Python310\lib\site-packages\fastapi\routing.py", line 243, in run_endpoint_function
    return await dependant.call(**values)
  File "D:\code\BugSeek\backend\app\api\v1\versions.py", line 297, in get_versions
    status_code=status.HTTP_500_INTERNAL_SERVER_ERROR,
AttributeError: 'NoneType' object has no attribute 'HTTP_500_INTERNAL_SERVER_ERROR'
2026-01-23 16:02:33 | ERROR | [980edd9702c142b4bfecf979789b1f64] | app.main | 未捕获的异常: 'NoneType' object has no attribute 'HTTP_500_INTERNAL_SERVER_ERROR' | 路径: /api/v1/projects/1/versions | 方法: GET
Traceback (most recent call last):
  File "D:\code\BugSeek\backend\app\api\v1\versions.py", line 258, in get_versions
    status_code=status.HTTP_404_NOT_FOUND,
AttributeError: 'NoneType' object has no attribute 'HTTP_404_NOT_FOUND'

The above exception was the direct cause of the following exception:

Traceback (most recent call last):
  File "C:\Users\81026\AppData\Local\Programs\Python\Python310\lib\site-packages\starlette\middleware\errors.py", line 164, in __call__
    await self.app(scope, receive, _send)
  File "C:\Users\81026\AppData\Local\Programs\Python\Python310\lib\site-packages\starlette\middleware\cors.py", line 85, in __call__
    await self.app(scope, receive, send)
  File "C:\Users\81026\AppData\Local\Programs\Python\Python310\lib\site-packages\starlette\middleware\base.py", line 191, in __call__
    with recv_stream, send_stream, collapse_excgroups():
  File "C:\Users\81026\AppData\Local\Programs\Python\Python310\lib\contextlib.py", line 153, in __exit__
    self.gen.throw(typ, value, traceback)
  File "C:\Users\81026\AppData\Local\Programs\Python\Python310\lib\site-packages\starlette\_utils.py", line 85, in collapse_excgroups
    raise exc
  File "C:\Users\81026\AppData\Local\Programs\Python\Python310\lib\site-packages\starlette\middleware\base.py", line 193, in __call__
    response = await self.dispatch_func(request, call_next)
  File "D:\code\BugSeek\backend\app\main.py", line 29, in trace_id_middleware
    response = await call_next(request)
  File "C:\Users\81026\AppData\Local\Programs\Python\Python310\lib\site-packages\starlette\middleware\base.py", line 168, in call_next
    raise app_exc from app_exc.__cause__ or app_exc.__context__
  File "C:\Users\81026\AppData\Local\Programs\Python\Python310\lib\site-packages\starlette\middleware\base.py", line 144, in coro
    await self.app(scope, receive_or_disconnect, send_no_error)
  File "C:\Users\81026\AppData\Local\Programs\Python\Python310\lib\site-packages\starlette\middleware\exceptions.py", line 63, in __call__
    await wrap_app_handling_exceptions(self.app, conn)(scope, receive, send)
  File "C:\Users\81026\AppData\Local\Programs\Python\Python310\lib\site-packages\starlette\_exception_handler.py", line 53, in wrapped_app
    raise exc
  File "C:\Users\81026\AppData\Local\Programs\Python\Python310\lib\site-packages\starlette\_exception_handler.py", line 42, in wrapped_app
    await app(scope, receive, sender)
  File "C:\Users\81026\AppData\Local\Programs\Python\Python310\lib\site-packages\fastapi\middleware\asyncexitstack.py", line 18, in __call__
    await self.app(scope, receive, send)
  File "C:\Users\81026\AppData\Local\Programs\Python\Python310\lib\site-packages\starlette\routing.py", line 716, in __call__
    await self.middleware_stack(scope, receive, send)
  File "C:\Users\81026\AppData\Local\Programs\Python\Python310\lib\site-packages\starlette\routing.py", line 736, in app
    await route.handle(scope, receive, send)
  File "C:\Users\81026\AppData\Local\Programs\Python\Python310\lib\site-packages\starlette\routing.py", line 290, in handle
    await self.app(scope, receive, send)
  File "C:\Users\81026\AppData\Local\Programs\Python\Python310\lib\site-packages\fastapi\routing.py", line 115, in app
    await wrap_app_handling_exceptions(app, request)(scope, receive, send)
  File "C:\Users\81026\AppData\Local\Programs\Python\Python310\lib\site-packages\starlette\_exception_handler.py", line 53, in wrapped_app
    raise exc
  File "C:\Users\81026\AppData\Local\Programs\Python\Python310\lib\site-packages\starlette\_exception_handler.py", line 42, in wrapped_app
    await app(scope, receive, sender)
  File "C:\Users\81026\AppData\Local\Programs\Python\Python310\lib\site-packages\fastapi\routing.py", line 101, in app
    response = await f(request)
  File "C:\Users\81026\AppData\Local\Programs\Python\Python310\lib\site-packages\fastapi\routing.py", line 355, in app
    raw_response = await run_endpoint_function(
  File "C:\Users\81026\AppData\Local\Programs\Python\Python310\lib\site-packages\fastapi\routing.py", line 243, in run_endpoint_function
    return await dependant.call(**values)
  File "D:\code\BugSeek\backend\app\api\v1\versions.py", line 297, in get_versions
    status_code=status.HTTP_500_INTERNAL_SERVER_ERROR,
AttributeError: 'NoneType' object has no attribute 'HTTP_500_INTERNAL_SERVER_ERROR'
2026-01-23 16:02:35 | INFO | [167395e734784ff39f5fceaab9b8a7a6] | app.api.v1.projects | [167395e734784ff39f5fceaab9b8a7a6] 用户 admin 获取项目列表: page=1, page_size=10
2026-01-23 16:02:35 | INFO | [167395e734784ff39f5fceaab9b8a7a6] | app.api.v1.projects | [167395e734784ff39f5fceaab9b8a7a6] 获取项目列表成功: total=0
2026-01-23 16:02:35 | INFO | [9541fb6470964e7fb07517d40ac69804] | app.api.v1.projects | [9541fb6470964e7fb07517d40ac69804] 用户 admin 获取项目列表: page=1, page_size=10
2026-01-23 16:02:35 | INFO | [9541fb6470964e7fb07517d40ac69804] | app.api.v1.projects | [9541fb6470964e7fb07517d40ac69804] 获取项目列表成功: total=0
2026-01-23 16:02:51 | INFO | [c6239fecdb4743e3903ea0088d7e6a1b] | app.api.v1.projects | [c6239fecdb4743e3903ea0088d7e6a1b] 用户 admin 创建项目请求: InvenTree
2026-01-23 16:02:51 | INFO | [c6239fecdb4743e3903ea0088d7e6a1b] | app.api.v1.projects | [c6239fecdb4743e3903ea0088d7e6a1b] 项目创建成功: project_id=1
2026-01-23 16:02:51 | INFO | [69e71a9fb0f642a5bce4cb81f2bb7c1e] | app.api.v1.projects | [69e71a9fb0f642a5bce4cb81f2bb7c1e] 用户 admin 获取项目列表: page=1, page_size=10
2026-01-23 16:02:51 | INFO | [69e71a9fb0f642a5bce4cb81f2bb7c1e] | app.api.v1.projects | [69e71a9fb0f642a5bce4cb81f2bb7c1e] 获取项目列表成功: total=1
2026-01-23 16:02:54 | INFO | [4f848d36f998447fa51681db2500b358] | app.api.v1.projects | [4f848d36f998447fa51681db2500b358] 用户 admin 获取项目详情: project_id=1
2026-01-23 16:02:54 | INFO | [4f848d36f998447fa51681db2500b358] | app.api.v1.projects | [4f848d36f998447fa51681db2500b358] 用户 admin 查看 项目 InvenTree (id=1)
2026-01-23 16:02:54 | INFO | [4f848d36f998447fa51681db2500b358] | app.api.v1.projects | [4f848d36f998447fa51681db2500b358] 获取项目详情成功: project_id=1
2026-01-23 16:02:54 | INFO | [9f1d68cc06e54f57aac93226e335bf63] | app.api.v1.versions | [9f1d68cc06e54f57aac93226e335bf63] 用户 admin 获取版本列表: project_id=1, page=1, page_size=10
2026-01-23 16:02:54 | INFO | [9f1d68cc06e54f57aac93226e335bf63] | app.api.v1.versions | [9f1d68cc06e54f57aac93226e335bf63] 用户 admin 查看版本列表 项目 InvenTree (id=1) 的版本
2026-01-23 16:02:54 | INFO | [9f1d68cc06e54f57aac93226e335bf63] | app.api.v1.versions | [9f1d68cc06e54f57aac93226e335bf63] 获取版本列表成功: total=0
2026-01-23 16:02:54 | INFO | [95d0ddabaf5549bcaab8850e0c8869ca] | app.api.v1.projects | [95d0ddabaf5549bcaab8850e0c8869ca] 用户 admin 获取项目详情: project_id=1
2026-01-23 16:02:54 | INFO | [95d0ddabaf5549bcaab8850e0c8869ca] | app.api.v1.projects | [95d0ddabaf5549bcaab8850e0c8869ca] 用户 admin 查看 项目 InvenTree (id=1)
2026-01-23 16:02:54 | INFO | [95d0ddabaf5549bcaab8850e0c8869ca] | app.api.v1.projects | [95d0ddabaf5549bcaab8850e0c8869ca] 获取项目详情成功: project_id=1
2026-01-23 16:02:54 | INFO | [f55748f2adde4b809ad74556f2d28e75] | app.api.v1.versions | [f55748f2adde4b809ad74556f2d28e75] 用户 admin 获取版本列表: project_id=1, page=1, page_size=10
2026-01-23 16:02:54 | INFO | [f55748f2adde4b809ad74556f2d28e75] | app.api.v1.versions | [f55748f2adde4b809ad74556f2d28e75] 用户 admin 查看版本列表 项目 InvenTree (id=1) 的版本
2026-01-23 16:02:54 | INFO | [f55748f2adde4b809ad74556f2d28e75] | app.api.v1.versions | [f55748f2adde4b809ad74556f2d28e75] 获取版本列表成功: total=0
2026-01-23 16:02:55 | INFO | [49099c4bbc4745169f43c1bc91b2514f] | app.api.v1.projects | [49099c4bbc4745169f43c1bc91b2514f] 用户 admin 获取项目列表: page=1, page_size=10
2026-01-23 16:02:55 | INFO | [49099c4bbc4745169f43c1bc91b2514f] | app.api.v1.projects | [49099c4bbc4745169f43c1bc91b2514f] 获取项目列表成功: total=1
2026-01-23 16:02:55 | INFO | [b363896a48df4e12ac57cca6d5860023] | app.api.v1.projects | [b363896a48df4e12ac57cca6d5860023] 用户 admin 获取项目列表: page=1, page_size=10
2026-01-23 16:02:55 | INFO | [b363896a48df4e12ac57cca6d5860023] | app.api.v1.projects | [b363896a48df4e12ac57cca6d5860023] 获取项目列表成功: total=1
2026-01-23 16:03:02 | INFO | [9a8eafb89435490789d490d49f29947c] | app.api.v1.projects | [9a8eafb89435490789d490d49f29947c] 用户 admin 创建项目请求: TEST
2026-01-23 16:03:02 | INFO | [9a8eafb89435490789d490d49f29947c] | app.api.v1.projects | [9a8eafb89435490789d490d49f29947c] 项目创建成功: project_id=2
2026-01-23 16:03:02 | INFO | [8deedeb3979b48749903f22028c0e671] | app.api.v1.projects | [8deedeb3979b48749903f22028c0e671] 用户 admin 获取项目列表: page=1, page_size=10
2026-01-23 16:03:02 | INFO | [8deedeb3979b48749903f22028c0e671] | app.api.v1.projects | [8deedeb3979b48749903f22028c0e671] 获取项目列表成功: total=2
2026-01-23 16:03:03 | INFO | [6a679578932e4b8ba131bb9f2fe442f8] | app.api.v1.versions | [6a679578932e4b8ba131bb9f2fe442f8] 用户 admin 获取版本列表: project_id=1, page=1, page_size=10
2026-01-23 16:03:03 | INFO | [6a679578932e4b8ba131bb9f2fe442f8] | app.api.v1.versions | [6a679578932e4b8ba131bb9f2fe442f8] 用户 admin 查看版本列表 项目 InvenTree (id=1) 的版本
2026-01-23 16:03:03 | INFO | [6a679578932e4b8ba131bb9f2fe442f8] | app.api.v1.versions | [6a679578932e4b8ba131bb9f2fe442f8] 获取版本列表成功: total=0
2026-01-23 16:03:03 | INFO | [6ddab951fcc945a6a2452eb0dcdda478] | app.api.v1.projects | [6ddab951fcc945a6a2452eb0dcdda478] 用户 admin 获取项目详情: project_id=1
2026-01-23 16:03:03 | INFO | [6ddab951fcc945a6a2452eb0dcdda478] | app.api.v1.projects | [6ddab951fcc945a6a2452eb0dcdda478] 用户 admin 查看 项目 InvenTree (id=1)
2026-01-23 16:03:03 | INFO | [6ddab951fcc945a6a2452eb0dcdda478] | app.api.v1.projects | [6ddab951fcc945a6a2452eb0dcdda478] 获取项目详情成功: project_id=1
2026-01-23 16:03:04 | INFO | [c392a57dafca4f6480cd7f788ff8cb76] | app.api.v1.projects | [c392a57dafca4f6480cd7f788ff8cb76] 用户 admin 获取项目详情: project_id=1
2026-01-23 16:03:04 | INFO | [c392a57dafca4f6480cd7f788ff8cb76] | app.api.v1.projects | [c392a57dafca4f6480cd7f788ff8cb76] 用户 admin 查看 项目 InvenTree (id=1)
2026-01-23 16:03:04 | INFO | [c392a57dafca4f6480cd7f788ff8cb76] | app.api.v1.projects | [c392a57dafca4f6480cd7f788ff8cb76] 获取项目详情成功: project_id=1
2026-01-23 16:03:04 | INFO | [bce7e1257a6c4209870e3992d469b87f] | app.api.v1.versions | [bce7e1257a6c4209870e3992d469b87f] 用户 admin 获取版本列表: project_id=1, page=1, page_size=10
2026-01-23 16:03:04 | INFO | [bce7e1257a6c4209870e3992d469b87f] | app.api.v1.versions | [bce7e1257a6c4209870e3992d469b87f] 用户 admin 查看版本列表 项目 InvenTree (id=1) 的版本
2026-01-23 16:03:04 | INFO | [bce7e1257a6c4209870e3992d469b87f] | app.api.v1.versions | [bce7e1257a6c4209870e3992d469b87f] 获取版本列表成功: total=0
2026-01-23 16:03:06 | INFO | [15cb4c31e1b649b39efdeffe327a4bb0] | app.api.v1.versions | [15cb4c31e1b649b39efdeffe327a4bb0] 用户 admin 获取版本列表: project_id=1, page=1, page_size=100
2026-01-23 16:03:06 | INFO | [15cb4c31e1b649b39efdeffe327a4bb0] | app.api.v1.versions | [15cb4c31e1b649b39efdeffe327a4bb0] 用户 admin 查看版本列表 项目 InvenTree (id=1) 的版本
2026-01-23 16:03:06 | INFO | [15cb4c31e1b649b39efdeffe327a4bb0] | app.api.v1.versions | [15cb4c31e1b649b39efdeffe327a4bb0] 获取版本列表成功: total=0
2026-01-23 16:03:15 | INFO | [836864477ff54d04928ff91282015e91] | app.api.v1.versions | [836864477ff54d04928ff91282015e91] 用户 admin 创建版本请求: project_id=1, version_number=V1.0.0
2026-01-23 16:03:15 | INFO | [836864477ff54d04928ff91282015e91] | app.api.v1.versions | [836864477ff54d04928ff91282015e91] 用户 admin 创建版本 项目 InvenTree (id=1) 的版本
2026-01-23 16:03:15 | INFO | [836864477ff54d04928ff91282015e91] | app.api.v1.versions | [836864477ff54d04928ff91282015e91] 版本创建成功: version_id=1
2026-01-23 16:03:15 | INFO | [620b9817e73e415e943d3e1938e8110d] | app.api.v1.versions | [620b9817e73e415e943d3e1938e8110d] 用户 admin 获取版本列表: project_id=1, page=1, page_size=10
2026-01-23 16:03:15 | INFO | [620b9817e73e415e943d3e1938e8110d] | app.api.v1.versions | [620b9817e73e415e943d3e1938e8110d] 用户 admin 查看版本列表 项目 InvenTree (id=1) 的版本
2026-01-23 16:03:15 | INFO | [620b9817e73e415e943d3e1938e8110d] | app.api.v1.versions | [620b9817e73e415e943d3e1938e8110d] 获取版本列表成功: total=1
2026-01-23 16:03:16 | INFO | [c18f1223b591430ea302bec35f5c1d74] | app.api.v1.versions | [c18f1223b591430ea302bec35f5c1d74] 用户 admin 获取版本列表: project_id=1, page=1, page_size=100
2026-01-23 16:03:16 | INFO | [c18f1223b591430ea302bec35f5c1d74] | app.api.v1.versions | [c18f1223b591430ea302bec35f5c1d74] 用户 admin 查看版本列表 项目 InvenTree (id=1) 的版本
2026-01-23 16:03:16 | INFO | [c18f1223b591430ea302bec35f5c1d74] | app.api.v1.versions | [c18f1223b591430ea302bec35f5c1d74] 获取版本列表成功: total=1
2026-01-23 16:03:21 | INFO | [7809377ceb4548f3bf8e2d2b28d665ce] | app.api.v1.versions | [7809377ceb4548f3bf8e2d2b28d665ce] 用户 admin 创建版本请求: project_id=1, version_number=V1.2.0
2026-01-23 16:03:21 | INFO | [7809377ceb4548f3bf8e2d2b28d665ce] | app.api.v1.versions | [7809377ceb4548f3bf8e2d2b28d665ce] 用户 admin 创建版本 项目 InvenTree (id=1) 的版本
2026-01-23 16:03:21 | INFO | [7809377ceb4548f3bf8e2d2b28d665ce] | app.api.v1.versions | [7809377ceb4548f3bf8e2d2b28d665ce] 版本创建成功: version_id=2
2026-01-23 16:03:21 | INFO | [c3387dc3fa5c4f069505e65cd4b43ebc] | app.api.v1.versions | [c3387dc3fa5c4f069505e65cd4b43ebc] 用户 admin 获取版本列表: project_id=1, page=1, page_size=10
2026-01-23 16:03:21 | INFO | [c3387dc3fa5c4f069505e65cd4b43ebc] | app.api.v1.versions | [c3387dc3fa5c4f069505e65cd4b43ebc] 用户 admin 查看版本列表 项目 InvenTree (id=1) 的版本
2026-01-23 16:03:21 | INFO | [c3387dc3fa5c4f069505e65cd4b43ebc] | app.api.v1.versions | [c3387dc3fa5c4f069505e65cd4b43ebc] 获取版本列表成功: total=2
2026-01-23 16:03:23 | INFO | [0d9906f6d2d7476ea4440aa3009db51a] | app.api.v1.projects | [0d9906f6d2d7476ea4440aa3009db51a] 用户 admin 获取项目列表: page=1, page_size=10
2026-01-23 16:03:23 | INFO | [0d9906f6d2d7476ea4440aa3009db51a] | app.api.v1.projects | [0d9906f6d2d7476ea4440aa3009db51a] 获取项目列表成功: total=2
2026-01-23 16:03:23 | INFO | [5eb5a18f32214a769ed6fa161ef1401a] | app.api.v1.projects | [5eb5a18f32214a769ed6fa161ef1401a] 用户 admin 获取项目列表: page=1, page_size=10
2026-01-23 16:03:23 | INFO | [5eb5a18f32214a769ed6fa161ef1401a] | app.api.v1.projects | [5eb5a18f32214a769ed6fa161ef1401a] 获取项目列表成功: total=2
2026-01-23 16:03:25 | INFO | [9091ac1208024c7baa5a1939bc8d79a4] | app.api.v1.projects | [9091ac1208024c7baa5a1939bc8d79a4] 用户 admin 获取项目详情: project_id=1
2026-01-23 16:03:25 | INFO | [9091ac1208024c7baa5a1939bc8d79a4] | app.api.v1.projects | [9091ac1208024c7baa5a1939bc8d79a4] 用户 admin 查看 项目 InvenTree (id=1)
2026-01-23 16:03:25 | INFO | [9091ac1208024c7baa5a1939bc8d79a4] | app.api.v1.projects | [9091ac1208024c7baa5a1939bc8d79a4] 获取项目详情成功: project_id=1
2026-01-23 16:03:25 | INFO | [feeb5e479e8b414db471c7c7971cff6c] | app.api.v1.versions | [feeb5e479e8b414db471c7c7971cff6c] 用户 admin 获取版本列表: project_id=1, page=1, page_size=10
2026-01-23 16:03:25 | INFO | [feeb5e479e8b414db471c7c7971cff6c] | app.api.v1.versions | [feeb5e479e8b414db471c7c7971cff6c] 用户 admin 查看版本列表 项目 InvenTree (id=1) 的版本
2026-01-23 16:03:25 | INFO | [feeb5e479e8b414db471c7c7971cff6c] | app.api.v1.versions | [feeb5e479e8b414db471c7c7971cff6c] 获取版本列表成功: total=2
2026-01-23 16:03:25 | INFO | [5fde445a1800419ca3f8911e249d3b3b] | app.api.v1.projects | [5fde445a1800419ca3f8911e249d3b3b] 用户 admin 获取项目详情: project_id=1
2026-01-23 16:03:25 | INFO | [5fde445a1800419ca3f8911e249d3b3b] | app.api.v1.projects | [5fde445a1800419ca3f8911e249d3b3b] 用户 admin 查看 项目 InvenTree (id=1)
2026-01-23 16:03:25 | INFO | [5fde445a1800419ca3f8911e249d3b3b] | app.api.v1.projects | [5fde445a1800419ca3f8911e249d3b3b] 获取项目详情成功: project_id=1
2026-01-23 16:03:25 | INFO | [5c3adcef71994eb09715d50d1897a192] | app.api.v1.versions | [5c3adcef71994eb09715d50d1897a192] 用户 admin 获取版本列表: project_id=1, page=1, page_size=10
2026-01-23 16:03:25 | INFO | [5c3adcef71994eb09715d50d1897a192] | app.api.v1.versions | [5c3adcef71994eb09715d50d1897a192] 用户 admin 查看版本列表 项目 InvenTree (id=1) 的版本
2026-01-23 16:03:25 | INFO | [5c3adcef71994eb09715d50d1897a192] | app.api.v1.versions | [5c3adcef71994eb09715d50d1897a192] 获取版本列表成功: total=2
2026-01-23 16:03:28 | INFO | [f7959c32fcf6406495f01dcecfdd998f] | app.api.v1.projects | [f7959c32fcf6406495f01dcecfdd998f] 用户 admin 获取项目列表: page=1, page_size=100
2026-01-23 16:03:28 | INFO | [f7959c32fcf6406495f01dcecfdd998f] | app.api.v1.projects | [f7959c32fcf6406495f01dcecfdd998f] 获取项目列表成功: total=2
2026-01-23 16:03:28 | INFO | [808f4cf9814e4b629d6d8b0857bda17f] | app.api.v1.projects | [808f4cf9814e4b629d6d8b0857bda17f] 用户 admin 获取项目详情: project_id=1
2026-01-23 16:03:28 | INFO | [808f4cf9814e4b629d6d8b0857bda17f] | app.api.v1.projects | [808f4cf9814e4b629d6d8b0857bda17f] 用户 admin 查看 项目 InvenTree (id=1)
2026-01-23 16:03:28 | INFO | [808f4cf9814e4b629d6d8b0857bda17f] | app.api.v1.projects | [808f4cf9814e4b629d6d8b0857bda17f] 获取项目详情成功: project_id=1
2026-01-23 16:03:28 | INFO | [762c7b02f90849db80c572ec153e7d1a] | app.api.v1.versions | [762c7b02f90849db80c572ec153e7d1a] 用户 admin 获取版本列表: project_id=1, page=1, page_size=10
2026-01-23 16:03:28 | INFO | [762c7b02f90849db80c572ec153e7d1a] | app.api.v1.versions | [762c7b02f90849db80c572ec153e7d1a] 用户 admin 查看版本列表 项目 InvenTree (id=1) 的版本
2026-01-23 16:03:28 | INFO | [762c7b02f90849db80c572ec153e7d1a] | app.api.v1.versions | [762c7b02f90849db80c572ec153e7d1a] 获取版本列表成功: total=2
2026-01-23 16:03:28 | INFO | [81567c21973848c0ad40b5ba2a567b2b] | app.api.v1.versions | [81567c21973848c0ad40b5ba2a567b2b] 用户 admin 获取版本列表: project_id=1, page=1, page_size=100
2026-01-23 16:03:28 | INFO | [81567c21973848c0ad40b5ba2a567b2b] | app.api.v1.versions | [81567c21973848c0ad40b5ba2a567b2b] 用户 admin 查看版本列表 项目 InvenTree (id=1) 的版本
2026-01-23 16:03:28 | INFO | [81567c21973848c0ad40b5ba2a567b2b] | app.api.v1.versions | [81567c21973848c0ad40b5ba2a567b2b] 获取版本列表成功: total=2
2026-01-23 16:03:28 | INFO | [b8c0d27da1ba4c7eaad1e6dcd819dc7a] | app.api.v1.projects | [b8c0d27da1ba4c7eaad1e6dcd819dc7a] 用户 admin 获取项目列表: page=1, page_size=100
2026-01-23 16:03:28 | INFO | [b8c0d27da1ba4c7eaad1e6dcd819dc7a] | app.api.v1.projects | [b8c0d27da1ba4c7eaad1e6dcd819dc7a] 获取项目列表成功: total=2
2026-01-23 16:03:28 | INFO | [1df6e9f0026f4aa98a8acca12187f016] | app.api.v1.projects | [1df6e9f0026f4aa98a8acca12187f016] 用户 admin 获取项目详情: project_id=1
2026-01-23 16:03:28 | INFO | [1df6e9f0026f4aa98a8acca12187f016] | app.api.v1.projects | [1df6e9f0026f4aa98a8acca12187f016] 用户 admin 查看 项目 InvenTree (id=1)
2026-01-23 16:03:28 | INFO | [1df6e9f0026f4aa98a8acca12187f016] | app.api.v1.projects | [1df6e9f0026f4aa98a8acca12187f016] 获取项目详情成功: project_id=1
2026-01-23 16:03:28 | INFO | [5e7e93df8fc84a50b071581cb7d11aaa] | app.api.v1.projects | [5e7e93df8fc84a50b071581cb7d11aaa] 用户 admin 获取项目列表: page=1, page_size=100
2026-01-23 16:03:28 | INFO | [5e7e93df8fc84a50b071581cb7d11aaa] | app.api.v1.projects | [5e7e93df8fc84a50b071581cb7d11aaa] 获取项目列表成功: total=2
2026-01-23 16:03:28 | INFO | [898a6b375967419484a73d1eb46b6c82] | app.api.v1.versions | [898a6b375967419484a73d1eb46b6c82] 用户 admin 获取版本列表: project_id=1, page=1, page_size=10
2026-01-23 16:03:28 | INFO | [898a6b375967419484a73d1eb46b6c82] | app.api.v1.versions | [898a6b375967419484a73d1eb46b6c82] 用户 admin 查看版本列表 项目 InvenTree (id=1) 的版本
2026-01-23 16:03:28 | INFO | [898a6b375967419484a73d1eb46b6c82] | app.api.v1.versions | [898a6b375967419484a73d1eb46b6c82] 获取版本列表成功: total=2
2026-01-23 16:03:28 | INFO | [584b84d8a79b4ef9885c2d84b267999e] | app.api.v1.projects | [584b84d8a79b4ef9885c2d84b267999e] 用户 admin 获取项目列表: page=1, page_size=100
2026-01-23 16:03:28 | INFO | [584b84d8a79b4ef9885c2d84b267999e] | app.api.v1.projects | [584b84d8a79b4ef9885c2d84b267999e] 获取项目列表成功: total=2
2026-01-23 16:03:28 | INFO | [89bd511d93bd493cac3b7db13f45466f] | app.api.v1.versions | [89bd511d93bd493cac3b7db13f45466f] 用户 admin 获取版本列表: project_id=1, page=1, page_size=100
2026-01-23 16:03:28 | INFO | [89bd511d93bd493cac3b7db13f45466f] | app.api.v1.versions | [89bd511d93bd493cac3b7db13f45466f] 用户 admin 查看版本列表 项目 InvenTree (id=1) 的版本
2026-01-23 16:03:28 | INFO | [89bd511d93bd493cac3b7db13f45466f] | app.api.v1.versions | [89bd511d93bd493cac3b7db13f45466f] 获取版本列表成功: total=2
2026-01-23 16:03:30 | INFO | [98eca7c654fd427d8caa4b02958b4023] | app.api.v1.versions | [98eca7c654fd427d8caa4b02958b4023] 用户 admin 获取版本列表: project_id=1, page=1, page_size=100
2026-01-23 16:03:30 | INFO | [98eca7c654fd427d8caa4b02958b4023] | app.api.v1.versions | [98eca7c654fd427d8caa4b02958b4023] 用户 admin 查看版本列表 项目 InvenTree (id=1) 的版本
2026-01-23 16:03:30 | INFO | [98eca7c654fd427d8caa4b02958b4023] | app.api.v1.versions | [98eca7c654fd427d8caa4b02958b4023] 获取版本列表成功: total=2
2026-01-23 16:03:40 | INFO | [fdafd7ac6e1b41fe86d3057874cd5549] | app.api.v1.versions | [fdafd7ac6e1b41fe86d3057874cd5549] 用户 admin 删除版本: project_id=1, version_id=2
2026-01-23 16:03:40 | INFO | [fdafd7ac6e1b41fe86d3057874cd5549] | app.api.v1.versions | [fdafd7ac6e1b41fe86d3057874cd5549] 用户 admin 删除版本 项目 InvenTree (id=1) 的版本
2026-01-23 16:03:40 | INFO | [fdafd7ac6e1b41fe86d3057874cd5549] | app.api.v1.versions | [fdafd7ac6e1b41fe86d3057874cd5549] 版本删除成功: version_id=2
2026-01-23 16:03:40 | INFO | [70f7afef8c184bf9b1cf096f84b94969] | app.api.v1.versions | [70f7afef8c184bf9b1cf096f84b94969] 用户 admin 获取版本列表: project_id=1, page=1, page_size=10
2026-01-23 16:03:40 | INFO | [70f7afef8c184bf9b1cf096f84b94969] | app.api.v1.versions | [70f7afef8c184bf9b1cf096f84b94969] 用户 admin 查看版本列表 项目 InvenTree (id=1) 的版本
2026-01-23 16:03:40 | INFO | [70f7afef8c184bf9b1cf096f84b94969] | app.api.v1.versions | [70f7afef8c184bf9b1cf096f84b94969] 获取版本列表成功: total=1
2026-01-23 16:03:42 | INFO | [a81036ca83cb40b5a9d9a3c1c5b36f06] | app.api.v1.versions | [a81036ca83cb40b5a9d9a3c1c5b36f06] 用户 admin 获取版本列表: project_id=1, page=1, page_size=100
2026-01-23 16:03:42 | INFO | [a81036ca83cb40b5a9d9a3c1c5b36f06] | app.api.v1.versions | [a81036ca83cb40b5a9d9a3c1c5b36f06] 用户 admin 查看版本列表 项目 InvenTree (id=1) 的版本
2026-01-23 16:03:42 | INFO | [a81036ca83cb40b5a9d9a3c1c5b36f06] | app.api.v1.versions | [a81036ca83cb40b5a9d9a3c1c5b36f06] 获取版本列表成功: total=1
2026-01-23 16:03:47 | INFO | [cfbe4eef63d243e29d8b702c313a70b5] | app.api.v1.versions | [cfbe4eef63d243e29d8b702c313a70b5] 用户 admin 创建版本请求: project_id=1, version_number=V1.1.0
2026-01-23 16:03:47 | INFO | [cfbe4eef63d243e29d8b702c313a70b5] | app.api.v1.versions | [cfbe4eef63d243e29d8b702c313a70b5] 用户 admin 创建版本 项目 InvenTree (id=1) 的版本
2026-01-23 16:03:47 | INFO | [cfbe4eef63d243e29d8b702c313a70b5] | app.api.v1.versions | [cfbe4eef63d243e29d8b702c313a70b5] 版本创建成功: version_id=3
2026-01-23 16:03:47 | INFO | [6bd63d9cc04d4790ab5627253261c4fe] | app.api.v1.versions | [6bd63d9cc04d4790ab5627253261c4fe] 用户 admin 获取版本列表: project_id=1, page=1, page_size=10
2026-01-23 16:03:47 | INFO | [6bd63d9cc04d4790ab5627253261c4fe] | app.api.v1.versions | [6bd63d9cc04d4790ab5627253261c4fe] 用户 admin 查看版本列表 项目 InvenTree (id=1) 的版本
2026-01-23 16:03:47 | INFO | [6bd63d9cc04d4790ab5627253261c4fe] | app.api.v1.versions | [6bd63d9cc04d4790ab5627253261c4fe] 获取版本列表成功: total=2
2026-01-23 16:03:48 | INFO | [dfdc8bbf61b8479fba0b864c1fd5ebfe] | app.api.v1.projects | [dfdc8bbf61b8479fba0b864c1fd5ebfe] 用户 admin 获取项目列表: page=1, page_size=10
2026-01-23 16:03:48 | INFO | [dfdc8bbf61b8479fba0b864c1fd5ebfe] | app.api.v1.projects | [dfdc8bbf61b8479fba0b864c1fd5ebfe] 获取项目列表成功: total=2
2026-01-23 16:03:48 | INFO | [1470d18ea6fd48c799f6e0011249ed8b] | app.api.v1.projects | [1470d18ea6fd48c799f6e0011249ed8b] 用户 admin 获取项目列表: page=1, page_size=10
2026-01-23 16:03:48 | INFO | [1470d18ea6fd48c799f6e0011249ed8b] | app.api.v1.projects | [1470d18ea6fd48c799f6e0011249ed8b] 获取项目列表成功: total=2
2026-01-23 16:03:50 | INFO | [144b405e764b4b6591bdf88df13332a7] | app.api.v1.projects | [144b405e764b4b6591bdf88df13332a7] 用户 admin 获取项目详情: project_id=1
2026-01-23 16:03:50 | INFO | [144b405e764b4b6591bdf88df13332a7] | app.api.v1.projects | [144b405e764b4b6591bdf88df13332a7] 用户 admin 查看 项目 InvenTree (id=1)
2026-01-23 16:03:50 | INFO | [144b405e764b4b6591bdf88df13332a7] | app.api.v1.projects | [144b405e764b4b6591bdf88df13332a7] 获取项目详情成功: project_id=1
2026-01-23 16:03:50 | INFO | [47837aef2aa44948be33f9f42577aebd] | app.api.v1.versions | [47837aef2aa44948be33f9f42577aebd] 用户 admin 获取版本列表: project_id=1, page=1, page_size=10
2026-01-23 16:03:50 | INFO | [47837aef2aa44948be33f9f42577aebd] | app.api.v1.versions | [47837aef2aa44948be33f9f42577aebd] 用户 admin 查看版本列表 项目 InvenTree (id=1) 的版本
2026-01-23 16:03:50 | INFO | [47837aef2aa44948be33f9f42577aebd] | app.api.v1.versions | [47837aef2aa44948be33f9f42577aebd] 获取版本列表成功: total=2
2026-01-23 16:03:50 | INFO | [6bb9e380b84841ebafadc2e02b7bcf48] | app.api.v1.projects | [6bb9e380b84841ebafadc2e02b7bcf48] 用户 admin 获取项目详情: project_id=1
2026-01-23 16:03:50 | INFO | [6bb9e380b84841ebafadc2e02b7bcf48] | app.api.v1.projects | [6bb9e380b84841ebafadc2e02b7bcf48] 用户 admin 查看 项目 InvenTree (id=1)
2026-01-23 16:03:50 | INFO | [6bb9e380b84841ebafadc2e02b7bcf48] | app.api.v1.projects | [6bb9e380b84841ebafadc2e02b7bcf48] 获取项目详情成功: project_id=1
2026-01-23 16:03:50 | INFO | [fa12a35a8ab948d696a754d653c0599b] | app.api.v1.versions | [fa12a35a8ab948d696a754d653c0599b] 用户 admin 获取版本列表: project_id=1, page=1, page_size=10
2026-01-23 16:03:50 | INFO | [fa12a35a8ab948d696a754d653c0599b] | app.api.v1.versions | [fa12a35a8ab948d696a754d653c0599b] 用户 admin 查看版本列表 项目 InvenTree (id=1) 的版本
2026-01-23 16:03:50 | INFO | [fa12a35a8ab948d696a754d653c0599b] | app.api.v1.versions | [fa12a35a8ab948d696a754d653c0599b] 获取版本列表成功: total=2
2026-01-23 16:03:53 | INFO | [5631c1aaa6324cc1956620804d45c682] | app.api.v1.api_integration | 获取文档列表: skip=0, limit=100, user=admin
2026-01-23 16:03:53 | INFO | [5631c1aaa6324cc1956620804d45c682] | app.api.v1.api_integration | 查询到 0 个文档
2026-01-23 16:03:53 | INFO | [199887c24ec243edbddd34fd4a8fd829] | app.api.v1.api_integration | 获取文档列表: skip=0, limit=100, user=admin
2026-01-23 16:03:53 | INFO | [199887c24ec243edbddd34fd4a8fd829] | app.api.v1.api_integration | 查询到 0 个文档
2026-01-23 16:03:59 | INFO | [b24d7ac32f0142e4ae6df89087f10281] | app.api.v1.projects | [b24d7ac32f0142e4ae6df89087f10281] 用户 admin 获取项目列表: page=1, page_size=100
2026-01-23 16:03:59 | INFO | [b24d7ac32f0142e4ae6df89087f10281] | app.api.v1.projects | [b24d7ac32f0142e4ae6df89087f10281] 获取项目列表成功: total=2
2026-01-23 16:03:59 | INFO | [b288f17baaad42bc8f60e922c8dbb5a7] | app.api.v1.projects | [b288f17baaad42bc8f60e922c8dbb5a7] 用户 admin 获取项目列表: page=1, page_size=100
2026-01-23 16:03:59 | INFO | [b288f17baaad42bc8f60e922c8dbb5a7] | app.api.v1.projects | [b288f17baaad42bc8f60e922c8dbb5a7] 获取项目列表成功: total=2
2026-01-23 16:03:59 | INFO | [2ed80115d2ff40de8596283db9cea9b9] | app.api.v1.api_integration | 获取文档列表: skip=0, limit=100, user=admin
2026-01-23 16:03:59 | INFO | [2ed80115d2ff40de8596283db9cea9b9] | app.api.v1.api_integration | 查询到 0 个文档
2026-01-23 16:03:59 | INFO | [174d1d1e69f14981ad972ef71aa863d8] | app.api.v1.versions | [174d1d1e69f14981ad972ef71aa863d8] 用户 admin 获取版本列表: project_id=1, page=1, page_size=100
2026-01-23 16:03:59 | INFO | [174d1d1e69f14981ad972ef71aa863d8] | app.api.v1.versions | [174d1d1e69f14981ad972ef71aa863d8] 用户 admin 查看版本列表 项目 InvenTree (id=1) 的版本
2026-01-23 16:03:59 | INFO | [174d1d1e69f14981ad972ef71aa863d8] | app.api.v1.versions | [174d1d1e69f14981ad972ef71aa863d8] 获取版本列表成功: total=2
2026-01-23 16:03:59 | INFO | [6ffbfc27e7d24f48b5affb93ac4b9155] | app.api.v1.projects | [6ffbfc27e7d24f48b5affb93ac4b9155] 用户 admin 获取项目列表: page=1, page_size=100
2026-01-23 16:03:59 | INFO | [6ffbfc27e7d24f48b5affb93ac4b9155] | app.api.v1.projects | [6ffbfc27e7d24f48b5affb93ac4b9155] 获取项目列表成功: total=2
2026-01-23 16:03:59 | INFO | [c0f1b904baf64696be85b3e3fbcb3b70] | app.api.v1.api_integration | 获取文档列表: skip=0, limit=100, user=admin
2026-01-23 16:03:59 | INFO | [c0f1b904baf64696be85b3e3fbcb3b70] | app.api.v1.api_integration | 查询到 0 个文档
2026-01-23 16:03:59 | INFO | [f78a61d0974345cc90bf4d248fa87fbb] | app.api.v1.versions | [f78a61d0974345cc90bf4d248fa87fbb] 用户 admin 获取版本列表: project_id=1, page=1, page_size=100
2026-01-23 16:03:59 | INFO | [f78a61d0974345cc90bf4d248fa87fbb] | app.api.v1.versions | [f78a61d0974345cc90bf4d248fa87fbb] 用户 admin 查看版本列表 项目 InvenTree (id=1) 的版本
2026-01-23 16:03:59 | INFO | [f78a61d0974345cc90bf4d248fa87fbb] | app.api.v1.versions | [f78a61d0974345cc90bf4d248fa87fbb] 获取版本列表成功: total=2
2026-01-23 16:03:59 | INFO | [9ccc2eda2aef48f2bd9c7d7cd06db390] | app.api.v1.projects | [9ccc2eda2aef48f2bd9c7d7cd06db390] 用户 admin 获取项目列表: page=1, page_size=100
2026-01-23 16:03:59 | INFO | [9ccc2eda2aef48f2bd9c7d7cd06db390] | app.api.v1.projects | [9ccc2eda2aef48f2bd9c7d7cd06db390] 获取项目列表成功: total=2
2026-01-23 16:04:16 | INFO | [922a225f25804fae82cad5b7bcd504c7] | app.parsers.base | 创建解析器: type=swagger, source_url=None
2026-01-23 16:04:21 | INFO | [922a225f25804fae82cad5b7bcd504c7] | app.parsers.swagger | Swagger/OpenAPI 文档解析成功: title=InvenTree API, version=3.0.3, endpoints=644
2026-01-23 16:04:22 | INFO | [f010e087f1a64e6bb5cb12e3ae2da99f] | app.api.v1.api_integration | 获取文档列表: skip=0, limit=100, user=admin
2026-01-23 16:04:22 | INFO | [f010e087f1a64e6bb5cb12e3ae2da99f] | app.api.v1.api_integration | 查询到 1 个文档
2026-01-23 16:04:29 | INFO | [56d4adf90d804f929a9b1a708a69388c] | app.api.v1.projects | [56d4adf90d804f929a9b1a708a69388c] 用户 admin 获取项目列表: page=1, page_size=100
2026-01-23 16:04:29 | INFO | [56d4adf90d804f929a9b1a708a69388c] | app.api.v1.projects | [56d4adf90d804f929a9b1a708a69388c] 获取项目列表成功: total=2
2026-01-23 16:04:29 | INFO | [e8e9dc1aba0d49df94e541a3f2c2ee32] | app.api.v1.api_integration | 获取文档列表: skip=0, limit=100, user=admin
2026-01-23 16:04:29 | INFO | [e8e9dc1aba0d49df94e541a3f2c2ee32] | app.api.v1.api_integration | 查询到 1 个文档
2026-01-23 16:04:29 | INFO | [f35679fc0b704479846db9d3ae612711] | app.api.v1.projects | [f35679fc0b704479846db9d3ae612711] 用户 admin 获取项目列表: page=1, page_size=100
2026-01-23 16:04:29 | INFO | [f35679fc0b704479846db9d3ae612711] | app.api.v1.projects | [f35679fc0b704479846db9d3ae612711] 获取项目列表成功: total=2
2026-01-23 16:04:29 | INFO | [6dd3cb7b79eb4debb24b1af9b41a8596] | app.api.v1.versions | [6dd3cb7b79eb4debb24b1af9b41a8596] 用户 admin 获取版本列表: project_id=1, page=1, page_size=100
2026-01-23 16:04:29 | INFO | [6dd3cb7b79eb4debb24b1af9b41a8596] | app.api.v1.versions | [6dd3cb7b79eb4debb24b1af9b41a8596] 用户 admin 查看版本列表 项目 InvenTree (id=1) 的版本
2026-01-23 16:04:29 | INFO | [6dd3cb7b79eb4debb24b1af9b41a8596] | app.api.v1.versions | [6dd3cb7b79eb4debb24b1af9b41a8596] 获取版本列表成功: total=2
2026-01-23 16:04:29 | INFO | [b0d2bc1b2f3d4a319e82e6c9ec3eb164] | app.api.v1.versions | [b0d2bc1b2f3d4a319e82e6c9ec3eb164] 用户 admin 获取版本列表: project_id=1, page=1, page_size=100
2026-01-23 16:04:29 | INFO | [b0d2bc1b2f3d4a319e82e6c9ec3eb164] | app.api.v1.versions | [b0d2bc1b2f3d4a319e82e6c9ec3eb164] 用户 admin 查看版本列表 项目 InvenTree (id=1) 的版本
2026-01-23 16:04:29 | INFO | [b0d2bc1b2f3d4a319e82e6c9ec3eb164] | app.api.v1.versions | [b0d2bc1b2f3d4a319e82e6c9ec3eb164] 获取版本列表成功: total=2
2026-01-23 16:04:29 | INFO | [60bb3e23f2134ead9c3047dcab2e7e6d] | app.api.v1.api_integration | 获取文档列表: skip=0, limit=100, user=admin
2026-01-23 16:04:29 | INFO | [60bb3e23f2134ead9c3047dcab2e7e6d] | app.api.v1.api_integration | 查询到 1 个文档
2026-01-23 16:04:29 | INFO | [e25b08ea059144f99339d161e9709fa3] | app.api.v1.projects | [e25b08ea059144f99339d161e9709fa3] 用户 admin 获取项目列表: page=1, page_size=100
2026-01-23 16:04:29 | INFO | [e25b08ea059144f99339d161e9709fa3] | app.api.v1.projects | [e25b08ea059144f99339d161e9709fa3] 获取项目列表成功: total=2
2026-01-23 16:04:29 | INFO | [8b18e7b9af76424ebfa4a3ccf2fe840b] | app.api.v1.projects | [8b18e7b9af76424ebfa4a3ccf2fe840b] 用户 admin 获取项目列表: page=1, page_size=100
2026-01-23 16:04:29 | INFO | [8b18e7b9af76424ebfa4a3ccf2fe840b] | app.api.v1.projects | [8b18e7b9af76424ebfa4a3ccf2fe840b] 获取项目列表成功: total=2
2026-01-23 16:04:33 | INFO | [55c0dec3d85a41bf877b01f4b7c6f52a] | app.api.v1.api_integration | 获取文档列表: skip=0, limit=100, user=admin
2026-01-23 16:04:33 | INFO | [55c0dec3d85a41bf877b01f4b7c6f52a] | app.api.v1.api_integration | 查询到 1 个文档
2026-01-23 16:04:34 | INFO | [45517c3078d04db38997133e4c5e624d] | app.api.v1.api_integration | 获取文档列表: skip=0, limit=100, user=admin
2026-01-23 16:04:34 | INFO | [45517c3078d04db38997133e4c5e624d] | app.api.v1.api_integration | 查询到 1 个文档
2026-01-23 16:04:34 | INFO | [225ebeb2739945d4bfa3f1c875369121] | app.api.v1.api_integration | 获取文档列表: skip=0, limit=100, user=admin
2026-01-23 16:04:34 | INFO | [225ebeb2739945d4bfa3f1c875369121] | app.api.v1.api_integration | 查询到 1 个文档
2026-01-23 16:04:34 | INFO | [12d376714c8f4ccea9b83a07fb0f6dac] | app.api.v1.api_integration | 获取文档列表: skip=0, limit=100, user=admin
2026-01-23 16:04:34 | INFO | [12d376714c8f4ccea9b83a07fb0f6dac] | app.api.v1.api_integration | 查询到 1 个文档
2026-01-23 16:04:37 | INFO | [108e81015b4b453dbe9cc3eeaeff61d1] | app.api.v1.projects | [108e81015b4b453dbe9cc3eeaeff61d1] 用户 admin 获取项目列表: page=1, page_size=10
2026-01-23 16:04:37 | INFO | [108e81015b4b453dbe9cc3eeaeff61d1] | app.api.v1.projects | [108e81015b4b453dbe9cc3eeaeff61d1] 获取项目列表成功: total=2
2026-01-23 16:04:37 | INFO | [6a91cf0f36094b7ba37f22683475ca00] | app.api.v1.projects | [6a91cf0f36094b7ba37f22683475ca00] 用户 admin 获取项目列表: page=1, page_size=10
2026-01-23 16:04:37 | INFO | [6a91cf0f36094b7ba37f22683475ca00] | app.api.v1.projects | [6a91cf0f36094b7ba37f22683475ca00] 获取项目列表成功: total=2
2026-01-23 16:04:38 | INFO | [c68c407beb284f36a3e0c032d56dd01b] | app.api.v1.projects | [c68c407beb284f36a3e0c032d56dd01b] 用户 admin 获取项目详情: project_id=1
2026-01-23 16:04:38 | INFO | [c68c407beb284f36a3e0c032d56dd01b] | app.api.v1.projects | [c68c407beb284f36a3e0c032d56dd01b] 用户 admin 查看 项目 InvenTree (id=1)
2026-01-23 16:04:38 | INFO | [c68c407beb284f36a3e0c032d56dd01b] | app.api.v1.projects | [c68c407beb284f36a3e0c032d56dd01b] 获取项目详情成功: project_id=1
2026-01-23 16:04:38 | INFO | [7c586d4c62eb4c67873acffece1b6c5e] | app.api.v1.versions | [7c586d4c62eb4c67873acffece1b6c5e] 用户 admin 获取版本列表: project_id=1, page=1, page_size=10
2026-01-23 16:04:38 | INFO | [7c586d4c62eb4c67873acffece1b6c5e] | app.api.v1.versions | [7c586d4c62eb4c67873acffece1b6c5e] 用户 admin 查看版本列表 项目 InvenTree (id=1) 的版本
2026-01-23 16:04:38 | INFO | [7c586d4c62eb4c67873acffece1b6c5e] | app.api.v1.versions | [7c586d4c62eb4c67873acffece1b6c5e] 获取版本列表成功: total=2
2026-01-23 16:04:38 | INFO | [d96201a57d7c4dab8db2fbe087348f55] | app.api.v1.projects | [d96201a57d7c4dab8db2fbe087348f55] 用户 admin 获取项目详情: project_id=1
2026-01-23 16:04:38 | INFO | [d96201a57d7c4dab8db2fbe087348f55] | app.api.v1.projects | [d96201a57d7c4dab8db2fbe087348f55] 用户 admin 查看 项目 InvenTree (id=1)
2026-01-23 16:04:38 | INFO | [d96201a57d7c4dab8db2fbe087348f55] | app.api.v1.projects | [d96201a57d7c4dab8db2fbe087348f55] 获取项目详情成功: project_id=1
2026-01-23 16:04:38 | INFO | [acc99c9245b643c49c62c1f307e85d18] | app.api.v1.versions | [acc99c9245b643c49c62c1f307e85d18] 用户 admin 获取版本列表: project_id=1, page=1, page_size=10
2026-01-23 16:04:38 | INFO | [acc99c9245b643c49c62c1f307e85d18] | app.api.v1.versions | [acc99c9245b643c49c62c1f307e85d18] 用户 admin 查看版本列表 项目 InvenTree (id=1) 的版本
2026-01-23 16:04:38 | INFO | [acc99c9245b643c49c62c1f307e85d18] | app.api.v1.versions | [acc99c9245b643c49c62c1f307e85d18] 获取版本列表成功: total=2
2026-01-23 16:04:43 | INFO | [6b5cdcc21c924ef0888d12194d60e812] | app.api.v1.projects | [6b5cdcc21c924ef0888d12194d60e812] 用户 admin 获取项目列表: page=1, page_size=10
2026-01-23 16:04:43 | INFO | [6b5cdcc21c924ef0888d12194d60e812] | app.api.v1.projects | [6b5cdcc21c924ef0888d12194d60e812] 获取项目列表成功: total=2
2026-01-23 16:04:43 | INFO | [86cec06c1e564c99903de62215be761d] | app.api.v1.projects | [86cec06c1e564c99903de62215be761d] 用户 admin 获取项目列表: page=1, page_size=10
2026-01-23 16:04:43 | INFO | [86cec06c1e564c99903de62215be761d] | app.api.v1.projects | [86cec06c1e564c99903de62215be761d] 获取项目列表成功: total=2
2026-01-23 16:04:45 | INFO | [9edb4674012a45068cb0138c6529c098] | app.api.v1.versions | [9edb4674012a45068cb0138c6529c098] 用户 admin 获取版本列表: project_id=2, page=1, page_size=100
2026-01-23 16:04:45 | INFO | [9edb4674012a45068cb0138c6529c098] | app.api.v1.versions | [9edb4674012a45068cb0138c6529c098] 用户 admin 查看版本列表 项目 TEST (id=2) 的版本
2026-01-23 16:04:45 | INFO | [9edb4674012a45068cb0138c6529c098] | app.api.v1.versions | [9edb4674012a45068cb0138c6529c098] 获取版本列表成功: total=0
2026-01-23 16:04:46 | INFO | [45d445c2d73643ef9f4375b3a84ebdbf] | app.api.v1.versions | [45d445c2d73643ef9f4375b3a84ebdbf] 用户 admin 获取版本列表: project_id=2, page=1, page_size=10
2026-01-23 16:04:46 | INFO | [45d445c2d73643ef9f4375b3a84ebdbf] | app.api.v1.versions | [45d445c2d73643ef9f4375b3a84ebdbf] 用户 admin 查看版本列表 项目 TEST (id=2) 的版本
2026-01-23 16:04:46 | INFO | [45d445c2d73643ef9f4375b3a84ebdbf] | app.api.v1.versions | [45d445c2d73643ef9f4375b3a84ebdbf] 获取版本列表成功: total=0
2026-01-23 16:04:46 | INFO | [d0aa51cd7d8d416480e878888b16909f] | app.api.v1.projects | [d0aa51cd7d8d416480e878888b16909f] 用户 admin 获取项目详情: project_id=2
2026-01-23 16:04:46 | INFO | [d0aa51cd7d8d416480e878888b16909f] | app.api.v1.projects | [d0aa51cd7d8d416480e878888b16909f] 用户 admin 查看 项目 TEST (id=2)
2026-01-23 16:04:46 | INFO | [d0aa51cd7d8d416480e878888b16909f] | app.api.v1.projects | [d0aa51cd7d8d416480e878888b16909f] 获取项目详情成功: project_id=2
2026-01-23 16:04:46 | INFO | [bd809a2bcd2f419b9f5c22576e9476bc] | app.api.v1.projects | [bd809a2bcd2f419b9f5c22576e9476bc] 用户 admin 获取项目详情: project_id=2
2026-01-23 16:04:46 | INFO | [bd809a2bcd2f419b9f5c22576e9476bc] | app.api.v1.projects | [bd809a2bcd2f419b9f5c22576e9476bc] 用户 admin 查看 项目 TEST (id=2)
2026-01-23 16:04:46 | INFO | [bd809a2bcd2f419b9f5c22576e9476bc] | app.api.v1.projects | [bd809a2bcd2f419b9f5c22576e9476bc] 获取项目详情成功: project_id=2
2026-01-23 16:04:46 | INFO | [9f6cc3214aac46c78278666eb64e2f6f] | app.api.v1.versions | [9f6cc3214aac46c78278666eb64e2f6f] 用户 admin 获取版本列表: project_id=2, page=1, page_size=10
2026-01-23 16:04:46 | INFO | [9f6cc3214aac46c78278666eb64e2f6f] | app.api.v1.versions | [9f6cc3214aac46c78278666eb64e2f6f] 用户 admin 查看版本列表 项目 TEST (id=2) 的版本
2026-01-23 16:04:46 | INFO | [9f6cc3214aac46c78278666eb64e2f6f] | app.api.v1.versions | [9f6cc3214aac46c78278666eb64e2f6f] 获取版本列表成功: total=0
2026-01-23 16:04:51 | INFO | [a205976680d04dbcbd13f8967a6e50dc] | app.api.v1.api_integration | 获取文档列表: skip=0, limit=100, user=admin
2026-01-23 16:04:51 | INFO | [a205976680d04dbcbd13f8967a6e50dc] | app.api.v1.api_integration | 查询到 1 个文档
2026-01-23 16:04:51 | INFO | [cc84f20066ea4488b2eaa8ab534307ea] | app.api.v1.api_integration | 获取文档列表: skip=0, limit=100, user=admin
2026-01-23 16:04:51 | INFO | [cc84f20066ea4488b2eaa8ab534307ea] | app.api.v1.api_integration | 查询到 1 个文档
2026-01-23 16:07:59 | INFO | [332b5d07be2d4f4187b08a32ecc08070] | app.api.v1.projects | [332b5d07be2d4f4187b08a32ecc08070] 用户 admin 获取项目列表: page=1, page_size=100
2026-01-23 16:07:59 | INFO | [332b5d07be2d4f4187b08a32ecc08070] | app.api.v1.projects | [332b5d07be2d4f4187b08a32ecc08070] 获取项目列表成功: total=2
2026-01-23 16:07:59 | INFO | [0113f6c595ab4f598de4b81645faf261] | app.api.v1.api_integration | 获取文档列表: skip=0, limit=100, user=admin
2026-01-23 16:07:59 | INFO | [0113f6c595ab4f598de4b81645faf261] | app.api.v1.api_integration | 查询到 1 个文档
2026-01-23 16:07:59 | INFO | [2e27e3818a9b4bcc843eb0a6a364c2ac] | app.api.v1.versions | [2e27e3818a9b4bcc843eb0a6a364c2ac] 用户 admin 获取版本列表: project_id=2, page=1, page_size=100
2026-01-23 16:07:59 | INFO | [2e27e3818a9b4bcc843eb0a6a364c2ac] | app.api.v1.versions | [2e27e3818a9b4bcc843eb0a6a364c2ac] 用户 admin 查看版本列表 项目 TEST (id=2) 的版本
2026-01-23 16:07:59 | INFO | [2e27e3818a9b4bcc843eb0a6a364c2ac] | app.api.v1.versions | [2e27e3818a9b4bcc843eb0a6a364c2ac] 获取版本列表成功: total=0
2026-01-23 16:07:59 | INFO | [2783ac68a57849ba9c432d30b5a0b6da] | app.api.v1.api_integration | 获取文档列表: skip=0, limit=100, user=admin
2026-01-23 16:07:59 | INFO | [2783ac68a57849ba9c432d30b5a0b6da] | app.api.v1.api_integration | 查询到 1 个文档
2026-01-23 16:07:59 | INFO | [58ff1ccfe33f4c9f9e8e31cf0b3dfc3a] | app.api.v1.projects | [58ff1ccfe33f4c9f9e8e31cf0b3dfc3a] 用户 admin 获取项目列表: page=1, page_size=100
2026-01-23 16:07:59 | INFO | [58ff1ccfe33f4c9f9e8e31cf0b3dfc3a] | app.api.v1.projects | [58ff1ccfe33f4c9f9e8e31cf0b3dfc3a] 获取项目列表成功: total=2
2026-01-23 16:07:59 | INFO | [b88c0097f2d1483e84c8138a8b584b04] | app.api.v1.projects | [b88c0097f2d1483e84c8138a8b584b04] 用户 admin 获取项目列表: page=1, page_size=100
2026-01-23 16:07:59 | INFO | [b88c0097f2d1483e84c8138a8b584b04] | app.api.v1.projects | [b88c0097f2d1483e84c8138a8b584b04] 获取项目列表成功: total=2
2026-01-23 16:07:59 | INFO | [e0e23fd97a934c94941e7929437a0b45] | app.api.v1.versions | [e0e23fd97a934c94941e7929437a0b45] 用户 admin 获取版本列表: project_id=2, page=1, page_size=100
2026-01-23 16:07:59 | INFO | [e0e23fd97a934c94941e7929437a0b45] | app.api.v1.versions | [e0e23fd97a934c94941e7929437a0b45] 用户 admin 查看版本列表 项目 TEST (id=2) 的版本
2026-01-23 16:07:59 | INFO | [e0e23fd97a934c94941e7929437a0b45] | app.api.v1.versions | [e0e23fd97a934c94941e7929437a0b45] 获取版本列表成功: total=0
2026-01-23 16:07:59 | INFO | [919479ab79ea44d4b0c633b1794d934a] | app.api.v1.projects | [919479ab79ea44d4b0c633b1794d934a] 用户 admin 获取项目列表: page=1, page_size=100
2026-01-23 16:07:59 | INFO | [919479ab79ea44d4b0c633b1794d934a] | app.api.v1.projects | [919479ab79ea44d4b0c633b1794d934a] 获取项目列表成功: total=2
2026-01-23 16:08:02 | INFO | [204baba4e5624c40877490d35ded7fad] | app.api.v1.versions | [204baba4e5624c40877490d35ded7fad] 用户 admin 获取版本列表: project_id=1, page=1, page_size=100
2026-01-23 16:08:02 | INFO | [204baba4e5624c40877490d35ded7fad] | app.api.v1.versions | [204baba4e5624c40877490d35ded7fad] 用户 admin 查看版本列表 项目 InvenTree (id=1) 的版本
2026-01-23 16:08:02 | INFO | [204baba4e5624c40877490d35ded7fad] | app.api.v1.versions | [204baba4e5624c40877490d35ded7fad] 获取版本列表成功: total=2
2026-01-23 16:08:08 | INFO | [9b4e27962e07493192e1e043434fde66] | app.api.v1.api_integration | 获取文档列表: skip=0, limit=100, user=admin
2026-01-23 16:08:08 | INFO | [9b4e27962e07493192e1e043434fde66] | app.api.v1.api_integration | 查询到 1 个文档
2026-01-23 16:09:18 | INFO | [62cccc156e874323882a517ca21b6808] | app.api.v1.projects | [62cccc156e874323882a517ca21b6808] 用户 admin 获取项目列表: page=1, page_size=100
2026-01-23 16:09:18 | INFO | [62cccc156e874323882a517ca21b6808] | app.api.v1.projects | [62cccc156e874323882a517ca21b6808] 获取项目列表成功: total=2
2026-01-23 16:09:18 | INFO | [6c5adce83462480096bca4b8887dfa7d] | app.api.v1.api_integration | 获取文档列表: skip=0, limit=100, user=admin
2026-01-23 16:09:18 | INFO | [6c5adce83462480096bca4b8887dfa7d] | app.api.v1.api_integration | 查询到 0 个文档
2026-01-23 16:09:18 | INFO | [350c8af426b84f38ade078e7c1cb3d1d] | app.api.v1.projects | [350c8af426b84f38ade078e7c1cb3d1d] 用户 admin 获取项目列表: page=1, page_size=100
2026-01-23 16:09:18 | INFO | [350c8af426b84f38ade078e7c1cb3d1d] | app.api.v1.projects | [350c8af426b84f38ade078e7c1cb3d1d] 获取项目列表成功: total=2
2026-01-23 16:09:18 | INFO | [0c32b5f9e2cc4b198231974134bf5e08] | app.api.v1.versions | [0c32b5f9e2cc4b198231974134bf5e08] 用户 admin 获取版本列表: project_id=1, page=1, page_size=100
2026-01-23 16:09:18 | INFO | [0c32b5f9e2cc4b198231974134bf5e08] | app.api.v1.versions | [0c32b5f9e2cc4b198231974134bf5e08] 用户 admin 查看版本列表 项目 InvenTree (id=1) 的版本
2026-01-23 16:09:18 | INFO | [0c32b5f9e2cc4b198231974134bf5e08] | app.api.v1.versions | [0c32b5f9e2cc4b198231974134bf5e08] 获取版本列表成功: total=2
2026-01-23 16:09:18 | INFO | [2b242002edfd4775b3b08e39c79ac429] | app.api.v1.api_integration | 获取文档列表: skip=0, limit=100, user=admin
2026-01-23 16:09:18 | INFO | [2b242002edfd4775b3b08e39c79ac429] | app.api.v1.api_integration | 查询到 0 个文档
2026-01-23 16:09:18 | INFO | [bd4992b7132e497084f1b193fd8c6c09] | app.api.v1.versions | [bd4992b7132e497084f1b193fd8c6c09] 用户 admin 获取版本列表: project_id=1, page=1, page_size=100
2026-01-23 16:09:18 | INFO | [bd4992b7132e497084f1b193fd8c6c09] | app.api.v1.versions | [bd4992b7132e497084f1b193fd8c6c09] 用户 admin 查看版本列表 项目 InvenTree (id=1) 的版本
2026-01-23 16:09:18 | INFO | [bd4992b7132e497084f1b193fd8c6c09] | app.api.v1.versions | [bd4992b7132e497084f1b193fd8c6c09] 获取版本列表成功: total=2
2026-01-23 16:09:18 | INFO | [21bae33aced842aab4e65b14cc1a5960] | app.api.v1.projects | [21bae33aced842aab4e65b14cc1a5960] 用户 admin 获取项目列表: page=1, page_size=100
2026-01-23 16:09:18 | INFO | [21bae33aced842aab4e65b14cc1a5960] | app.api.v1.projects | [21bae33aced842aab4e65b14cc1a5960] 获取项目列表成功: total=2
2026-01-23 16:09:18 | INFO | [8ae4e65ab1ca486eb70c7ba6a18b86e8] | app.api.v1.projects | [8ae4e65ab1ca486eb70c7ba6a18b86e8] 用户 admin 获取项目列表: page=1, page_size=100
2026-01-23 16:09:19 | INFO | [8ae4e65ab1ca486eb70c7ba6a18b86e8] | app.api.v1.projects | [8ae4e65ab1ca486eb70c7ba6a18b86e8] 获取项目列表成功: total=2
2026-01-23 16:09:23 | INFO | [50c8a87ea44b445ea0271384755d07e0] | app.api.v1.projects | [50c8a87ea44b445ea0271384755d07e0] 用户 admin 获取项目列表: page=1, page_size=10
2026-01-23 16:09:23 | INFO | [50c8a87ea44b445ea0271384755d07e0] | app.api.v1.projects | [50c8a87ea44b445ea0271384755d07e0] 获取项目列表成功: total=2
2026-01-23 16:09:23 | INFO | [2d3d4d1805a84af2835051d572705e84] | app.api.v1.projects | [2d3d4d1805a84af2835051d572705e84] 用户 admin 获取项目列表: page=1, page_size=10
2026-01-23 16:09:23 | INFO | [2d3d4d1805a84af2835051d572705e84] | app.api.v1.projects | [2d3d4d1805a84af2835051d572705e84] 获取项目列表成功: total=2
2026-01-23 16:09:24 | INFO | [f12f8cd578764bee8e6ea98553f87e0e] | app.api.v1.projects | [f12f8cd578764bee8e6ea98553f87e0e] 用户 admin 获取项目详情: project_id=1
2026-01-23 16:09:24 | INFO | [f12f8cd578764bee8e6ea98553f87e0e] | app.api.v1.projects | [f12f8cd578764bee8e6ea98553f87e0e] 用户 admin 查看 项目 InvenTree (id=1)
2026-01-23 16:09:24 | INFO | [f12f8cd578764bee8e6ea98553f87e0e] | app.api.v1.projects | [f12f8cd578764bee8e6ea98553f87e0e] 获取项目详情成功: project_id=1
2026-01-23 16:09:24 | INFO | [86ccaf19e5714f818aec467ffad4407b] | app.api.v1.versions | [86ccaf19e5714f818aec467ffad4407b] 用户 admin 获取版本列表: project_id=1, page=1, page_size=10
2026-01-23 16:09:24 | INFO | [86ccaf19e5714f818aec467ffad4407b] | app.api.v1.versions | [86ccaf19e5714f818aec467ffad4407b] 用户 admin 查看版本列表 项目 InvenTree (id=1) 的版本
2026-01-23 16:09:24 | INFO | [86ccaf19e5714f818aec467ffad4407b] | app.api.v1.versions | [86ccaf19e5714f818aec467ffad4407b] 获取版本列表成功: total=2
2026-01-23 16:09:24 | INFO | [143bf6d3e0e045c9b0a244bd2dfbf089] | app.api.v1.projects | [143bf6d3e0e045c9b0a244bd2dfbf089] 用户 admin 获取项目详情: project_id=1
2026-01-23 16:09:24 | INFO | [143bf6d3e0e045c9b0a244bd2dfbf089] | app.api.v1.projects | [143bf6d3e0e045c9b0a244bd2dfbf089] 用户 admin 查看 项目 InvenTree (id=1)
2026-01-23 16:09:24 | INFO | [143bf6d3e0e045c9b0a244bd2dfbf089] | app.api.v1.projects | [143bf6d3e0e045c9b0a244bd2dfbf089] 获取项目详情成功: project_id=1
2026-01-23 16:09:24 | INFO | [79bcfbf12a07492abc0b3637b5f8687a] | app.api.v1.versions | [79bcfbf12a07492abc0b3637b5f8687a] 用户 admin 获取版本列表: project_id=1, page=1, page_size=10
2026-01-23 16:09:24 | INFO | [79bcfbf12a07492abc0b3637b5f8687a] | app.api.v1.versions | [79bcfbf12a07492abc0b3637b5f8687a] 用户 admin 查看版本列表 项目 InvenTree (id=1) 的版本
2026-01-23 16:09:24 | INFO | [79bcfbf12a07492abc0b3637b5f8687a] | app.api.v1.versions | [79bcfbf12a07492abc0b3637b5f8687a] 获取版本列表成功: total=2
2026-01-23 16:09:26 | INFO | [f7da79593a6743c2bc10c22172b26e75] | app.api.v1.projects | [f7da79593a6743c2bc10c22172b26e75] 用户 admin 获取项目列表: page=1, page_size=10
2026-01-23 16:09:26 | INFO | [f7da79593a6743c2bc10c22172b26e75] | app.api.v1.projects | [f7da79593a6743c2bc10c22172b26e75] 获取项目列表成功: total=2
2026-01-23 16:09:26 | INFO | [a588eea60f4a4e8f902a54d594d71a17] | app.api.v1.projects | [a588eea60f4a4e8f902a54d594d71a17] 用户 admin 获取项目列表: page=1, page_size=10
2026-01-23 16:09:26 | INFO | [a588eea60f4a4e8f902a54d594d71a17] | app.api.v1.projects | [a588eea60f4a4e8f902a54d594d71a17] 获取项目列表成功: total=2
2026-01-23 16:09:27 | INFO | [e346d52adf8049c79eba80f65583fba7] | app.api.v1.api_integration | 获取文档列表: skip=0, limit=100, user=admin
2026-01-23 16:09:27 | INFO | [e346d52adf8049c79eba80f65583fba7] | app.api.v1.api_integration | 查询到 0 个文档
2026-01-23 16:09:27 | INFO | [c8f5b5fe204742fe99105cf83564bf46] | app.api.v1.api_integration | 获取文档列表: skip=0, limit=100, user=admin
2026-01-23 16:09:27 | INFO | [c8f5b5fe204742fe99105cf83564bf46] | app.api.v1.api_integration | 查询到 0 个文档
2026-01-23 16:09:34 | INFO | [f1c3002d393f4abd844c14d8d7a05295] | app.api.v1.projects | [f1c3002d393f4abd844c14d8d7a05295] 用户 admin 获取项目列表: page=1, page_size=100
2026-01-23 16:09:34 | INFO | [f1c3002d393f4abd844c14d8d7a05295] | app.api.v1.projects | [f1c3002d393f4abd844c14d8d7a05295] 获取项目列表成功: total=2
2026-01-23 16:09:34 | INFO | [c2b4815befd547a6b5e9fc5608f950ac] | app.api.v1.api_integration | 获取文档列表: skip=0, limit=100, user=admin
2026-01-23 16:09:34 | INFO | [c2b4815befd547a6b5e9fc5608f950ac] | app.api.v1.api_integration | 查询到 0 个文档
2026-01-23 16:09:34 | INFO | [c8fe1d97794747d79cd8259c986045be] | app.api.v1.projects | [c8fe1d97794747d79cd8259c986045be] 用户 admin 获取项目列表: page=1, page_size=100
2026-01-23 16:09:34 | INFO | [c8fe1d97794747d79cd8259c986045be] | app.api.v1.projects | [c8fe1d97794747d79cd8259c986045be] 获取项目列表成功: total=2
2026-01-23 16:09:34 | INFO | [592c26468fda47409348fd128a86effd] | app.api.v1.versions | [592c26468fda47409348fd128a86effd] 用户 admin 获取版本列表: project_id=1, page=1, page_size=100
2026-01-23 16:09:34 | INFO | [592c26468fda47409348fd128a86effd] | app.api.v1.versions | [592c26468fda47409348fd128a86effd] 用户 admin 查看版本列表 项目 InvenTree (id=1) 的版本
2026-01-23 16:09:34 | INFO | [592c26468fda47409348fd128a86effd] | app.api.v1.versions | [592c26468fda47409348fd128a86effd] 获取版本列表成功: total=2
2026-01-23 16:09:34 | INFO | [b2c3bc03aec743e688d0166c4edf4e52] | app.api.v1.projects | [b2c3bc03aec743e688d0166c4edf4e52] 用户 admin 获取项目列表: page=1, page_size=100
2026-01-23 16:09:34 | INFO | [b2c3bc03aec743e688d0166c4edf4e52] | app.api.v1.projects | [b2c3bc03aec743e688d0166c4edf4e52] 获取项目列表成功: total=2
2026-01-23 16:09:34 | INFO | [600f292446c249c3b74238523cf44778] | app.api.v1.api_integration | 获取文档列表: skip=0, limit=100, user=admin
2026-01-23 16:09:34 | INFO | [600f292446c249c3b74238523cf44778] | app.api.v1.api_integration | 查询到 0 个文档
2026-01-23 16:09:34 | INFO | [973e1eb51a1b48c88b60ce92b06aaf27] | app.api.v1.versions | [973e1eb51a1b48c88b60ce92b06aaf27] 用户 admin 获取版本列表: project_id=1, page=1, page_size=100
2026-01-23 16:09:34 | INFO | [973e1eb51a1b48c88b60ce92b06aaf27] | app.api.v1.versions | [973e1eb51a1b48c88b60ce92b06aaf27] 用户 admin 查看版本列表 项目 InvenTree (id=1) 的版本
2026-01-23 16:09:34 | INFO | [973e1eb51a1b48c88b60ce92b06aaf27] | app.api.v1.versions | [973e1eb51a1b48c88b60ce92b06aaf27] 获取版本列表成功: total=2
2026-01-23 16:09:34 | INFO | [0866d367f28b499ebfaae7a5db424b9d] | app.api.v1.projects | [0866d367f28b499ebfaae7a5db424b9d] 用户 admin 获取项目列表: page=1, page_size=100
2026-01-23 16:09:34 | INFO | [0866d367f28b499ebfaae7a5db424b9d] | app.api.v1.projects | [0866d367f28b499ebfaae7a5db424b9d] 获取项目列表成功: total=2
2026-01-23 16:09:39 | INFO | [dc0701cf0bed4e8ca26f246c9c409a50] | app.api.v1.projects | [dc0701cf0bed4e8ca26f246c9c409a50] 用户 admin 获取项目列表: page=1, page_size=100
2026-01-23 16:09:39 | INFO | [dc0701cf0bed4e8ca26f246c9c409a50] | app.api.v1.projects | [dc0701cf0bed4e8ca26f246c9c409a50] 获取项目列表成功: total=2
2026-01-23 16:09:39 | INFO | [a78499b6c3c74dc68cf09c9afd7c1f37] | app.api.v1.api_integration | 获取文档列表: skip=0, limit=100, user=admin
2026-01-23 16:09:39 | INFO | [a78499b6c3c74dc68cf09c9afd7c1f37] | app.api.v1.api_integration | 查询到 0 个文档
2026-01-23 16:09:39 | INFO | [f2d70e041796467298d3ca8787e8ac98] | app.api.v1.projects | [f2d70e041796467298d3ca8787e8ac98] 用户 admin 获取项目列表: page=1, page_size=100
2026-01-23 16:09:39 | INFO | [f2d70e041796467298d3ca8787e8ac98] | app.api.v1.projects | [f2d70e041796467298d3ca8787e8ac98] 获取项目列表成功: total=2
2026-01-23 16:09:39 | INFO | [2d8f0920fee845118c620a1de5d82047] | app.api.v1.versions | [2d8f0920fee845118c620a1de5d82047] 用户 admin 获取版本列表: project_id=1, page=1, page_size=100
2026-01-23 16:09:39 | INFO | [2d8f0920fee845118c620a1de5d82047] | app.api.v1.versions | [2d8f0920fee845118c620a1de5d82047] 用户 admin 查看版本列表 项目 InvenTree (id=1) 的版本
2026-01-23 16:09:39 | INFO | [2d8f0920fee845118c620a1de5d82047] | app.api.v1.versions | [2d8f0920fee845118c620a1de5d82047] 获取版本列表成功: total=2
2026-01-23 16:09:39 | INFO | [b20dffd354a54807ae6826fb55b999f4] | app.api.v1.projects | [b20dffd354a54807ae6826fb55b999f4] 用户 admin 获取项目列表: page=1, page_size=100
2026-01-23 16:09:39 | INFO | [b20dffd354a54807ae6826fb55b999f4] | app.api.v1.projects | [b20dffd354a54807ae6826fb55b999f4] 获取项目列表成功: total=2
2026-01-23 16:09:39 | INFO | [8e4ca2c521fe443cbf25eef92cf2f4f6] | app.api.v1.api_integration | 获取文档列表: skip=0, limit=100, user=admin
2026-01-23 16:09:39 | INFO | [8e4ca2c521fe443cbf25eef92cf2f4f6] | app.api.v1.api_integration | 查询到 0 个文档
2026-01-23 16:09:39 | INFO | [800da78496b74f30b1335d0dbbe88656] | app.api.v1.versions | [800da78496b74f30b1335d0dbbe88656] 用户 admin 获取版本列表: project_id=1, page=1, page_size=100
2026-01-23 16:09:39 | INFO | [800da78496b74f30b1335d0dbbe88656] | app.api.v1.versions | [800da78496b74f30b1335d0dbbe88656] 用户 admin 查看版本列表 项目 InvenTree (id=1) 的版本
2026-01-23 16:09:39 | INFO | [800da78496b74f30b1335d0dbbe88656] | app.api.v1.versions | [800da78496b74f30b1335d0dbbe88656] 获取版本列表成功: total=2
2026-01-23 16:09:39 | INFO | [b159ace62ab34c368768955caf036cdd] | app.api.v1.projects | [b159ace62ab34c368768955caf036cdd] 用户 admin 获取项目列表: page=1, page_size=100
2026-01-23 16:09:39 | INFO | [b159ace62ab34c368768955caf036cdd] | app.api.v1.projects | [b159ace62ab34c368768955caf036cdd] 获取项目列表成功: total=2
2026-01-23 16:09:43 | INFO | [7338f7d7be71499fb0d192a0daca1e55] | app.api.v1.projects | [7338f7d7be71499fb0d192a0daca1e55] 用户 admin 获取项目列表: page=1, page_size=100
2026-01-23 16:09:43 | INFO | [7338f7d7be71499fb0d192a0daca1e55] | app.api.v1.projects | [7338f7d7be71499fb0d192a0daca1e55] 获取项目列表成功: total=2
2026-01-23 16:09:43 | INFO | [8c4a990155594edbbcd2d6c044651b73] | app.api.v1.api_integration | 获取文档列表: skip=0, limit=100, user=admin
2026-01-23 16:09:43 | INFO | [8c4a990155594edbbcd2d6c044651b73] | app.api.v1.api_integration | 查询到 0 个文档
2026-01-23 16:09:43 | INFO | [07d4e42d4b924d79867d470eb70d088f] | app.api.v1.projects | [07d4e42d4b924d79867d470eb70d088f] 用户 admin 获取项目列表: page=1, page_size=100
2026-01-23 16:09:43 | INFO | [07d4e42d4b924d79867d470eb70d088f] | app.api.v1.projects | [07d4e42d4b924d79867d470eb70d088f] 获取项目列表成功: total=2
2026-01-23 16:09:43 | INFO | [4edfdcd8c88241eb972e99d11c2017c3] | app.api.v1.versions | [4edfdcd8c88241eb972e99d11c2017c3] 用户 admin 获取版本列表: project_id=1, page=1, page_size=100
2026-01-23 16:09:43 | INFO | [4edfdcd8c88241eb972e99d11c2017c3] | app.api.v1.versions | [4edfdcd8c88241eb972e99d11c2017c3] 用户 admin 查看版本列表 项目 InvenTree (id=1) 的版本
2026-01-23 16:09:43 | INFO | [4edfdcd8c88241eb972e99d11c2017c3] | app.api.v1.versions | [4edfdcd8c88241eb972e99d11c2017c3] 获取版本列表成功: total=2
2026-01-23 16:09:43 | INFO | [dd9aee80e45c41eda47567ce65f2707d] | app.api.v1.api_integration | 获取文档列表: skip=0, limit=100, user=admin
2026-01-23 16:09:43 | INFO | [dd9aee80e45c41eda47567ce65f2707d] | app.api.v1.api_integration | 查询到 0 个文档
2026-01-23 16:09:43 | INFO | [de73a49aa6f6417198364c541d4da473] | app.api.v1.projects | [de73a49aa6f6417198364c541d4da473] 用户 admin 获取项目列表: page=1, page_size=100
2026-01-23 16:09:43 | INFO | [de73a49aa6f6417198364c541d4da473] | app.api.v1.projects | [de73a49aa6f6417198364c541d4da473] 获取项目列表成功: total=2
2026-01-23 16:09:43 | INFO | [077de42b2b294977aeab3d2467bd0767] | app.api.v1.versions | [077de42b2b294977aeab3d2467bd0767] 用户 admin 获取版本列表: project_id=1, page=1, page_size=100
2026-01-23 16:09:43 | INFO | [077de42b2b294977aeab3d2467bd0767] | app.api.v1.versions | [077de42b2b294977aeab3d2467bd0767] 用户 admin 查看版本列表 项目 InvenTree (id=1) 的版本
2026-01-23 16:09:43 | INFO | [077de42b2b294977aeab3d2467bd0767] | app.api.v1.versions | [077de42b2b294977aeab3d2467bd0767] 获取版本列表成功: total=2
2026-01-23 16:09:43 | INFO | [67b57f3933f1438d90f8b29b21326a95] | app.api.v1.projects | [67b57f3933f1438d90f8b29b21326a95] 用户 admin 获取项目列表: page=1, page_size=100
2026-01-23 16:09:43 | INFO | [67b57f3933f1438d90f8b29b21326a95] | app.api.v1.projects | [67b57f3933f1438d90f8b29b21326a95] 获取项目列表成功: total=2
2026-01-23 16:09:44 | INFO | [32fcd10243214a67855232e41d63b183] | app.api.v1.api_integration | 获取文档列表: skip=0, limit=100, user=admin
2026-01-23 16:09:44 | INFO | [32fcd10243214a67855232e41d63b183] | app.api.v1.api_integration | 查询到 0 个文档
2026-01-23 16:09:58 | INFO | [d678650523354b62be7e2430f54ff068] | app.api.v1.api_integration | 导入文档参数: project_id=None, version_id=None, name=None, source_type=None
2026-01-23 16:09:58 | INFO | [d678650523354b62be7e2430f54ff068] | app.api.v1.api_integration | 文档创建成功: id=1, project_id=None, version_id=None
2026-01-23 16:09:58 | INFO | [d678650523354b62be7e2430f54ff068] | app.parsers.base | 创建解析器: type=swagger, source_url=None
2026-01-23 16:10:03 | INFO | [d678650523354b62be7e2430f54ff068] | app.parsers.swagger | Swagger/OpenAPI 文档解析成功: title=InvenTree API, version=3.0.3, endpoints=644
2026-01-23 16:10:03 | INFO | [b85936b453fa4775892edd7a3dd24c1e] | app.api.v1.api_integration | 获取文档列表: skip=0, limit=100, user=admin
2026-01-23 16:10:03 | INFO | [b85936b453fa4775892edd7a3dd24c1e] | app.api.v1.api_integration | 查询到 1 个文档
2026-01-23 16:10:08 | INFO | [5588963e35094c1d93f08d1b121fda1f] | app.api.v1.api_integration | 获取文档列表: skip=0, limit=100, user=admin
2026-01-23 16:10:08 | INFO | [5588963e35094c1d93f08d1b121fda1f] | app.api.v1.api_integration | 查询到 1 个文档
2026-01-23 16:10:13 | INFO | [b08f4fd9c37f4574b14251071ca13b30] | app.api.v1.projects | [b08f4fd9c37f4574b14251071ca13b30] 用户 admin 获取项目列表: page=1, page_size=100
2026-01-23 16:10:13 | INFO | [b08f4fd9c37f4574b14251071ca13b30] | app.api.v1.projects | [b08f4fd9c37f4574b14251071ca13b30] 获取项目列表成功: total=2
2026-01-23 16:10:13 | INFO | [cbe4948954ac4a17b6f58706c2c42b92] | app.api.v1.versions | [cbe4948954ac4a17b6f58706c2c42b92] 用户 admin 获取版本列表: project_id=1, page=1, page_size=100
2026-01-23 16:10:13 | INFO | [cbe4948954ac4a17b6f58706c2c42b92] | app.api.v1.versions | [cbe4948954ac4a17b6f58706c2c42b92] 用户 admin 查看版本列表 项目 InvenTree (id=1) 的版本
2026-01-23 16:10:13 | INFO | [cbe4948954ac4a17b6f58706c2c42b92] | app.api.v1.versions | [cbe4948954ac4a17b6f58706c2c42b92] 获取版本列表成功: total=2
2026-01-23 16:10:13 | INFO | [abb9bdddbfde4609a55f192585a585fe] | app.api.v1.projects | [abb9bdddbfde4609a55f192585a585fe] 用户 admin 获取项目列表: page=1, page_size=100
2026-01-23 16:10:13 | INFO | [abb9bdddbfde4609a55f192585a585fe] | app.api.v1.projects | [abb9bdddbfde4609a55f192585a585fe] 获取项目列表成功: total=2
2026-01-23 16:10:13 | INFO | [57394797f4974b2892ce4c845eb07425] | app.api.v1.api_integration | 获取文档列表: skip=0, limit=100, user=admin
2026-01-23 16:10:13 | INFO | [57394797f4974b2892ce4c845eb07425] | app.api.v1.api_integration | 查询到 1 个文档
2026-01-23 16:10:13 | INFO | [46b0489811934bb0af8f594360504c99] | app.api.v1.projects | [46b0489811934bb0af8f594360504c99] 用户 admin 获取项目列表: page=1, page_size=100
2026-01-23 16:10:13 | INFO | [46b0489811934bb0af8f594360504c99] | app.api.v1.projects | [46b0489811934bb0af8f594360504c99] 获取项目列表成功: total=2
2026-01-23 16:10:13 | INFO | [536d12d4786a4c9b9b724a335e49a430] | app.api.v1.api_integration | 获取文档列表: skip=0, limit=100, user=admin
2026-01-23 16:10:13 | INFO | [536d12d4786a4c9b9b724a335e49a430] | app.api.v1.api_integration | 查询到 1 个文档
2026-01-23 16:10:13 | INFO | [afce0bb1570946e8b2dff9e764e03c4c] | app.api.v1.versions | [afce0bb1570946e8b2dff9e764e03c4c] 用户 admin 获取版本列表: project_id=1, page=1, page_size=100
2026-01-23 16:10:13 | INFO | [afce0bb1570946e8b2dff9e764e03c4c] | app.api.v1.versions | [afce0bb1570946e8b2dff9e764e03c4c] 用户 admin 查看版本列表 项目 InvenTree (id=1) 的版本
2026-01-23 16:10:13 | INFO | [afce0bb1570946e8b2dff9e764e03c4c] | app.api.v1.versions | [afce0bb1570946e8b2dff9e764e03c4c] 获取版本列表成功: total=2
2026-01-23 16:10:13 | INFO | [680f7db204284996a0a63df128d8b296] | app.api.v1.projects | [680f7db204284996a0a63df128d8b296] 用户 admin 获取项目列表: page=1, page_size=100
2026-01-23 16:10:13 | INFO | [680f7db204284996a0a63df128d8b296] | app.api.v1.projects | [680f7db204284996a0a63df128d8b296] 获取项目列表成功: total=2
2026-01-23 16:10:15 | INFO | [001210762d314006a87773e70876dafd] | app.api.v1.projects | [001210762d314006a87773e70876dafd] 用户 admin 获取项目列表: page=1, page_size=10
2026-01-23 16:10:15 | INFO | [001210762d314006a87773e70876dafd] | app.api.v1.projects | [001210762d314006a87773e70876dafd] 获取项目列表成功: total=2
2026-01-23 16:10:15 | INFO | [bc8658743c9d41b2b1385392e5a9fa94] | app.api.v1.projects | [bc8658743c9d41b2b1385392e5a9fa94] 用户 admin 获取项目列表: page=1, page_size=10
2026-01-23 16:10:15 | INFO | [bc8658743c9d41b2b1385392e5a9fa94] | app.api.v1.projects | [bc8658743c9d41b2b1385392e5a9fa94] 获取项目列表成功: total=2
2026-01-23 16:10:16 | INFO | [5353a456e7cc4f5989d63b997d7e6243] | app.api.v1.projects | [5353a456e7cc4f5989d63b997d7e6243] 用户 admin 获取项目详情: project_id=1
2026-01-23 16:10:16 | INFO | [5353a456e7cc4f5989d63b997d7e6243] | app.api.v1.projects | [5353a456e7cc4f5989d63b997d7e6243] 用户 admin 查看 项目 InvenTree (id=1)
2026-01-23 16:10:16 | INFO | [5353a456e7cc4f5989d63b997d7e6243] | app.api.v1.projects | [5353a456e7cc4f5989d63b997d7e6243] 获取项目详情成功: project_id=1
2026-01-23 16:10:16 | INFO | [fbc7c67d66fa41b2884bc7236a77e045] | app.api.v1.versions | [fbc7c67d66fa41b2884bc7236a77e045] 用户 admin 获取版本列表: project_id=1, page=1, page_size=10
2026-01-23 16:10:16 | INFO | [fbc7c67d66fa41b2884bc7236a77e045] | app.api.v1.versions | [fbc7c67d66fa41b2884bc7236a77e045] 用户 admin 查看版本列表 项目 InvenTree (id=1) 的版本
2026-01-23 16:10:16 | INFO | [fbc7c67d66fa41b2884bc7236a77e045] | app.api.v1.versions | [fbc7c67d66fa41b2884bc7236a77e045] 获取版本列表成功: total=2
2026-01-23 16:10:16 | INFO | [c24af022ac81463198c6095b91edc6b4] | app.api.v1.projects | [c24af022ac81463198c6095b91edc6b4] 用户 admin 获取项目详情: project_id=1
2026-01-23 16:10:16 | INFO | [c24af022ac81463198c6095b91edc6b4] | app.api.v1.projects | [c24af022ac81463198c6095b91edc6b4] 用户 admin 查看 项目 InvenTree (id=1)
2026-01-23 16:10:16 | INFO | [c24af022ac81463198c6095b91edc6b4] | app.api.v1.projects | [c24af022ac81463198c6095b91edc6b4] 获取项目详情成功: project_id=1
2026-01-23 16:10:16 | INFO | [9a6d241ce1d84003841eed1c346adf03] | app.api.v1.versions | [9a6d241ce1d84003841eed1c346adf03] 用户 admin 获取版本列表: project_id=1, page=1, page_size=10
2026-01-23 16:10:16 | INFO | [9a6d241ce1d84003841eed1c346adf03] | app.api.v1.versions | [9a6d241ce1d84003841eed1c346adf03] 用户 admin 查看版本列表 项目 InvenTree (id=1) 的版本
2026-01-23 16:10:16 | INFO | [9a6d241ce1d84003841eed1c346adf03] | app.api.v1.versions | [9a6d241ce1d84003841eed1c346adf03] 获取版本列表成功: total=2
2026-01-23 16:10:17 | INFO | [11510fc6b0a949c6ae90a1081890159c] | app.api.v1.api_integration | 获取文档列表: skip=0, limit=100, user=admin
2026-01-23 16:10:17 | INFO | [11510fc6b0a949c6ae90a1081890159c] | app.api.v1.api_integration | 查询到 1 个文档
2026-01-23 16:10:17 | INFO | [dd04a7fba794453f95b6ce62ff044c40] | app.api.v1.api_integration | 获取文档列表: skip=0, limit=100, user=admin
2026-01-23 16:10:17 | INFO | [dd04a7fba794453f95b6ce62ff044c40] | app.api.v1.api_integration | 查询到 1 个文档
2026-01-23 16:12:45 | INFO | [e380cd35a0c042ecbde9335504e65c67] | app.api.v1.api_integration | 导入文档参数: project_id=None, version_id=None, name=None, source_type=None
2026-01-23 16:12:45 | INFO | [e380cd35a0c042ecbde9335504e65c67] | app.api.v1.api_integration | 文档创建成功: id=2, project_id=None, version_id=None
2026-01-23 16:12:45 | INFO | [e380cd35a0c042ecbde9335504e65c67] | app.parsers.base | 创建解析器: type=swagger, source_url=None
2026-01-23 16:12:49 | INFO | [e380cd35a0c042ecbde9335504e65c67] | app.parsers.swagger | Swagger/OpenAPI 文档解析成功: title=InvenTree API, version=3.0.3, endpoints=644
2026-01-23 16:12:50 | INFO | [ca4b2ff9933544d9823aea4e6bc5b5df] | app.api.v1.api_integration | 获取文档列表: skip=0, limit=100, user=admin
2026-01-23 16:12:50 | INFO | [ca4b2ff9933544d9823aea4e6bc5b5df] | app.api.v1.api_integration | 查询到 2 个文档
2026-01-23 16:13:03 | INFO | [aa35aa8d9c644b49825980e4a2d34775] | app.api.v1.api_integration | 获取文档列表: skip=0, limit=100, user=admin
2026-01-23 16:13:03 | INFO | [aa35aa8d9c644b49825980e4a2d34775] | app.api.v1.api_integration | 查询到 2 个文档
2026-01-23 16:13:36 | INFO | [c67f8f790e894eee8f75f7278a84eb3a] | app.api.v1.auth | 用户登录请求: username=admin
2026-01-23 16:13:37 | INFO | [c67f8f790e894eee8f75f7278a84eb3a] | app.api.v1.auth | 用户登录成功: user_id=1, username=admin
2026-01-23 16:13:37 | INFO | [0d504d89e0d040319a4560d853d65b11] | app.api.v1.projects | [0d504d89e0d040319a4560d853d65b11] 用户 admin 获取项目列表: page=1, page_size=100
2026-01-23 16:13:37 | INFO | [0d504d89e0d040319a4560d853d65b11] | app.api.v1.projects | [0d504d89e0d040319a4560d853d65b11] 获取项目列表成功: total=2
2026-01-23 16:13:37 | INFO | [1a3a8a479edf46e397ae1635f8a76c33] | app.api.v1.projects | [1a3a8a479edf46e397ae1635f8a76c33] 用户 admin 获取项目列表: page=1, page_size=100
2026-01-23 16:13:37 | INFO | [1a3a8a479edf46e397ae1635f8a76c33] | app.api.v1.projects | [1a3a8a479edf46e397ae1635f8a76c33] 获取项目列表成功: total=2
2026-01-23 16:13:37 | INFO | [f9bb7041a34a418597e84b93590a2cd4] | app.api.v1.projects | [f9bb7041a34a418597e84b93590a2cd4] 用户 admin 获取项目列表: page=1, page_size=100
2026-01-23 16:13:37 | INFO | [f9bb7041a34a418597e84b93590a2cd4] | app.api.v1.projects | [f9bb7041a34a418597e84b93590a2cd4] 获取项目列表成功: total=2
2026-01-23 16:13:37 | INFO | [c44f12bb48824dbeb67278fea6722e10] | app.api.v1.projects | [c44f12bb48824dbeb67278fea6722e10] 用户 admin 获取项目列表: page=1, page_size=100
2026-01-23 16:13:37 | INFO | [c44f12bb48824dbeb67278fea6722e10] | app.api.v1.projects | [c44f12bb48824dbeb67278fea6722e10] 获取项目列表成功: total=2
2026-01-23 16:13:41 | INFO | [a700ebd7bfa741f5902a3b2434c5cef2] | app.api.v1.projects | [a700ebd7bfa741f5902a3b2434c5cef2] 用户 admin 获取项目列表: page=1, page_size=10
2026-01-23 16:13:41 | INFO | [a700ebd7bfa741f5902a3b2434c5cef2] | app.api.v1.projects | [a700ebd7bfa741f5902a3b2434c5cef2] 获取项目列表成功: total=2
2026-01-23 16:13:41 | INFO | [da803c069ff24672a3f06d5d46f24581] | app.api.v1.projects | [da803c069ff24672a3f06d5d46f24581] 用户 admin 获取项目列表: page=1, page_size=10
2026-01-23 16:13:41 | INFO | [da803c069ff24672a3f06d5d46f24581] | app.api.v1.projects | [da803c069ff24672a3f06d5d46f24581] 获取项目列表成功: total=2
2026-01-23 16:13:46 | INFO | [e69da7861efb4e7c9780ff097637a459] | app.api.v1.versions | [e69da7861efb4e7c9780ff097637a459] 用户 admin 获取版本列表: project_id=1, page=1, page_size=100
2026-01-23 16:13:46 | INFO | [e69da7861efb4e7c9780ff097637a459] | app.api.v1.versions | [e69da7861efb4e7c9780ff097637a459] 用户 admin 查看版本列表 项目 InvenTree (id=1) 的版本
2026-01-23 16:13:46 | INFO | [e69da7861efb4e7c9780ff097637a459] | app.api.v1.versions | [e69da7861efb4e7c9780ff097637a459] 获取版本列表成功: total=2
2026-01-23 16:13:51 | INFO | [b1c7c8943e394b38a81942116549c6ec] | app.api.v1.api_integration | 获取文档列表: skip=0, limit=100, user=admin
2026-01-23 16:13:51 | INFO | [b1c7c8943e394b38a81942116549c6ec] | app.api.v1.api_integration | 查询到 2 个文档
2026-01-23 16:13:51 | INFO | [a208aaf506994047a2612f99cb4eae88] | app.api.v1.api_integration | 获取文档列表: skip=0, limit=100, user=admin
2026-01-23 16:13:51 | INFO | [a208aaf506994047a2612f99cb4eae88] | app.api.v1.api_integration | 查询到 2 个文档
2026-01-23 16:13:56 | INFO | [004205ce754148e2b125acd844974940] | app.api.v1.versions | [004205ce754148e2b125acd844974940] 用户 admin 获取版本列表: project_id=2, page=1, page_size=100
2026-01-23 16:13:56 | INFO | [004205ce754148e2b125acd844974940] | app.api.v1.versions | [004205ce754148e2b125acd844974940] 用户 admin 查看版本列表 项目 TEST (id=2) 的版本
2026-01-23 16:13:56 | INFO | [004205ce754148e2b125acd844974940] | app.api.v1.versions | [004205ce754148e2b125acd844974940] 获取版本列表成功: total=0
2026-01-23 16:13:58 | INFO | [759137a04e5d4a90aab5ff5cd379be00] | app.api.v1.api_integration | 获取文档列表: skip=0, limit=100, user=admin
2026-01-23 16:13:58 | INFO | [759137a04e5d4a90aab5ff5cd379be00] | app.api.v1.api_integration | 查询到 2 个文档
2026-01-23 16:15:02 | INFO | [d7e3474e28154739b05dc10679a9c23d] | app.api.v1.projects | [d7e3474e28154739b05dc10679a9c23d] 用户 admin 获取项目详情: project_id=2
2026-01-23 16:15:02 | INFO | [d7e3474e28154739b05dc10679a9c23d] | app.api.v1.projects | [d7e3474e28154739b05dc10679a9c23d] 用户 admin 查看 项目 TEST (id=2)
2026-01-23 16:15:02 | INFO | [d7e3474e28154739b05dc10679a9c23d] | app.api.v1.projects | [d7e3474e28154739b05dc10679a9c23d] 获取项目详情成功: project_id=2
2026-01-23 16:15:02 | INFO | [313891a8e6404a30bf35e323dd1e1a32] | app.api.v1.projects | [313891a8e6404a30bf35e323dd1e1a32] 用户 admin 获取项目详情: project_id=2
2026-01-23 16:15:02 | INFO | [313891a8e6404a30bf35e323dd1e1a32] | app.api.v1.projects | [313891a8e6404a30bf35e323dd1e1a32] 用户 admin 查看 项目 TEST (id=2)
2026-01-23 16:15:02 | INFO | [313891a8e6404a30bf35e323dd1e1a32] | app.api.v1.projects | [313891a8e6404a30bf35e323dd1e1a32] 获取项目详情成功: project_id=2
2026-01-23 16:15:02 | INFO | [436ea86d1f524da788060e2ce64a8d86] | app.api.v1.versions | [436ea86d1f524da788060e2ce64a8d86] 用户 admin 获取版本列表: project_id=2, page=1, page_size=10
2026-01-23 16:15:02 | INFO | [436ea86d1f524da788060e2ce64a8d86] | app.api.v1.versions | [436ea86d1f524da788060e2ce64a8d86] 用户 admin 查看版本列表 项目 TEST (id=2) 的版本
2026-01-23 16:15:02 | INFO | [436ea86d1f524da788060e2ce64a8d86] | app.api.v1.versions | [436ea86d1f524da788060e2ce64a8d86] 获取版本列表成功: total=0
2026-01-23 16:15:02 | INFO | [3d5fb262185c42f4a79e1e1a5905c000] | app.api.v1.versions | [3d5fb262185c42f4a79e1e1a5905c000] 用户 admin 获取版本列表: project_id=2, page=1, page_size=10
2026-01-23 16:15:02 | INFO | [3d5fb262185c42f4a79e1e1a5905c000] | app.api.v1.versions | [3d5fb262185c42f4a79e1e1a5905c000] 用户 admin 查看版本列表 项目 TEST (id=2) 的版本
2026-01-23 16:15:02 | INFO | [3d5fb262185c42f4a79e1e1a5905c000] | app.api.v1.versions | [3d5fb262185c42f4a79e1e1a5905c000] 获取版本列表成功: total=0
2026-01-23 16:15:15 | INFO | [b36a4b95483c452da4913f12bf4b897b] | app.api.v1.versions | [b36a4b95483c452da4913f12bf4b897b] 用户 admin 获取版本列表: project_id=2, page=1, page_size=100
2026-01-23 16:15:15 | INFO | [b36a4b95483c452da4913f12bf4b897b] | app.api.v1.versions | [b36a4b95483c452da4913f12bf4b897b] 用户 admin 查看版本列表 项目 TEST (id=2) 的版本
2026-01-23 16:15:15 | INFO | [b36a4b95483c452da4913f12bf4b897b] | app.api.v1.versions | [b36a4b95483c452da4913f12bf4b897b] 获取版本列表成功: total=0
2026-01-23 16:15:18 | INFO | [3d221929a345435ab676181a5a6632f4] | app.api.v1.versions | [3d221929a345435ab676181a5a6632f4] 用户 admin 获取版本列表: project_id=2, page=1, page_size=100
2026-01-23 16:15:18 | INFO | [3d221929a345435ab676181a5a6632f4] | app.api.v1.versions | [3d221929a345435ab676181a5a6632f4] 用户 admin 查看版本列表 项目 TEST (id=2) 的版本
2026-01-23 16:15:18 | INFO | [3d221929a345435ab676181a5a6632f4] | app.api.v1.versions | [3d221929a345435ab676181a5a6632f4] 获取版本列表成功: total=0
2026-01-23 16:15:23 | INFO | [4e239a8d227540a38d1be17bc83cfcd0] | app.api.v1.versions | [4e239a8d227540a38d1be17bc83cfcd0] 用户 admin 创建版本请求: project_id=2, version_number=V1
2026-01-23 16:15:23 | INFO | [4e239a8d227540a38d1be17bc83cfcd0] | app.api.v1.versions | [4e239a8d227540a38d1be17bc83cfcd0] 用户 admin 创建版本 项目 TEST (id=2) 的版本
2026-01-23 16:15:23 | INFO | [4e239a8d227540a38d1be17bc83cfcd0] | app.api.v1.versions | [4e239a8d227540a38d1be17bc83cfcd0] 版本创建成功: version_id=4
2026-01-23 16:15:23 | INFO | [92e4820a5fd346a7a5b0cbd58a7bcf90] | app.api.v1.versions | [92e4820a5fd346a7a5b0cbd58a7bcf90] 用户 admin 获取版本列表: project_id=2, page=1, page_size=10
2026-01-23 16:15:23 | INFO | [92e4820a5fd346a7a5b0cbd58a7bcf90] | app.api.v1.versions | [92e4820a5fd346a7a5b0cbd58a7bcf90] 用户 admin 查看版本列表 项目 TEST (id=2) 的版本
2026-01-23 16:15:23 | INFO | [92e4820a5fd346a7a5b0cbd58a7bcf90] | app.api.v1.versions | [92e4820a5fd346a7a5b0cbd58a7bcf90] 获取版本列表成功: total=1
2026-01-23 16:15:26 | INFO | [2f51f947aa2a4280b107c23574919424] | app.api.v1.api_integration | 获取文档列表: skip=0, limit=100, user=admin
2026-01-23 16:15:26 | INFO | [2f51f947aa2a4280b107c23574919424] | app.api.v1.api_integration | 查询到 2 个文档
2026-01-23 16:15:26 | INFO | [9095bd725f9c432b8a7053e3ed8b49f6] | app.api.v1.api_integration | 获取文档列表: skip=0, limit=100, user=admin
2026-01-23 16:15:26 | INFO | [9095bd725f9c432b8a7053e3ed8b49f6] | app.api.v1.api_integration | 查询到 2 个文档
2026-01-23 16:15:52 | INFO | [980b804085164a399d2f3fb3cd65753c] | app.api.v1.projects | [980b804085164a399d2f3fb3cd65753c] 用户 admin 获取项目详情: project_id=2
2026-01-23 16:15:52 | INFO | [980b804085164a399d2f3fb3cd65753c] | app.api.v1.projects | [980b804085164a399d2f3fb3cd65753c] 用户 admin 查看 项目 TEST (id=2)
2026-01-23 16:15:52 | INFO | [980b804085164a399d2f3fb3cd65753c] | app.api.v1.projects | [980b804085164a399d2f3fb3cd65753c] 获取项目详情成功: project_id=2
2026-01-23 16:15:52 | INFO | [a1a3738ec24a4569bc73180582b58ea3] | app.api.v1.versions | [a1a3738ec24a4569bc73180582b58ea3] 用户 admin 获取版本列表: project_id=2, page=1, page_size=10
2026-01-23 16:15:52 | INFO | [a1a3738ec24a4569bc73180582b58ea3] | app.api.v1.versions | [a1a3738ec24a4569bc73180582b58ea3] 用户 admin 查看版本列表 项目 TEST (id=2) 的版本
2026-01-23 16:15:52 | INFO | [a1a3738ec24a4569bc73180582b58ea3] | app.api.v1.versions | [a1a3738ec24a4569bc73180582b58ea3] 获取版本列表成功: total=1
2026-01-23 16:15:52 | INFO | [2a298d6da1f4473495d9a7d28833d005] | app.api.v1.projects | [2a298d6da1f4473495d9a7d28833d005] 用户 admin 获取项目详情: project_id=2
2026-01-23 16:15:52 | INFO | [2a298d6da1f4473495d9a7d28833d005] | app.api.v1.projects | [2a298d6da1f4473495d9a7d28833d005] 用户 admin 查看 项目 TEST (id=2)
2026-01-23 16:15:52 | INFO | [2a298d6da1f4473495d9a7d28833d005] | app.api.v1.projects | [2a298d6da1f4473495d9a7d28833d005] 获取项目详情成功: project_id=2
2026-01-23 16:15:52 | INFO | [388a5fa16c894f24994f7a1f3a46f107] | app.api.v1.versions | [388a5fa16c894f24994f7a1f3a46f107] 用户 admin 获取版本列表: project_id=2, page=1, page_size=10
2026-01-23 16:15:52 | INFO | [388a5fa16c894f24994f7a1f3a46f107] | app.api.v1.versions | [388a5fa16c894f24994f7a1f3a46f107] 用户 admin 查看版本列表 项目 TEST (id=2) 的版本
2026-01-23 16:15:52 | INFO | [388a5fa16c894f24994f7a1f3a46f107] | app.api.v1.versions | [388a5fa16c894f24994f7a1f3a46f107] 获取版本列表成功: total=1
2026-01-23 16:15:56 | INFO | [a2b6d202283d4d71aec15f6b803563d7] | app.api.v1.projects | [a2b6d202283d4d71aec15f6b803563d7] 用户 admin 获取项目列表: page=1, page_size=100
2026-01-23 16:15:56 | INFO | [a2b6d202283d4d71aec15f6b803563d7] | app.api.v1.projects | [a2b6d202283d4d71aec15f6b803563d7] 获取项目列表成功: total=2
2026-01-23 16:15:56 | INFO | [659f22abd2af4b24b3e97d53cbe5d768] | app.api.v1.projects | [659f22abd2af4b24b3e97d53cbe5d768] 用户 admin 获取项目详情: project_id=2
2026-01-23 16:15:56 | INFO | [659f22abd2af4b24b3e97d53cbe5d768] | app.api.v1.projects | [659f22abd2af4b24b3e97d53cbe5d768] 用户 admin 查看 项目 TEST (id=2)
2026-01-23 16:15:56 | INFO | [659f22abd2af4b24b3e97d53cbe5d768] | app.api.v1.projects | [659f22abd2af4b24b3e97d53cbe5d768] 获取项目详情成功: project_id=2
2026-01-23 16:15:56 | INFO | [3f27541002ec4db997048ec19ea74aba] | app.api.v1.projects | [3f27541002ec4db997048ec19ea74aba] 用户 admin 获取项目列表: page=1, page_size=100
2026-01-23 16:15:56 | INFO | [3f27541002ec4db997048ec19ea74aba] | app.api.v1.projects | [3f27541002ec4db997048ec19ea74aba] 获取项目列表成功: total=2
2026-01-23 16:15:56 | INFO | [8ff3adc3080e4953abf1215f9584003c] | app.api.v1.versions | [8ff3adc3080e4953abf1215f9584003c] 用户 admin 获取版本列表: project_id=2, page=1, page_size=10
2026-01-23 16:15:56 | INFO | [8ff3adc3080e4953abf1215f9584003c] | app.api.v1.versions | [8ff3adc3080e4953abf1215f9584003c] 用户 admin 查看版本列表 项目 TEST (id=2) 的版本
2026-01-23 16:15:56 | INFO | [8ff3adc3080e4953abf1215f9584003c] | app.api.v1.versions | [8ff3adc3080e4953abf1215f9584003c] 获取版本列表成功: total=1
2026-01-23 16:15:56 | INFO | [73177978b4eb4984be4f580851735498] | app.api.v1.versions | [73177978b4eb4984be4f580851735498] 用户 admin 获取版本列表: project_id=2, page=1, page_size=100
2026-01-23 16:15:56 | INFO | [73177978b4eb4984be4f580851735498] | app.api.v1.versions | [73177978b4eb4984be4f580851735498] 用户 admin 查看版本列表 项目 TEST (id=2) 的版本
2026-01-23 16:15:56 | INFO | [73177978b4eb4984be4f580851735498] | app.api.v1.versions | [73177978b4eb4984be4f580851735498] 获取版本列表成功: total=1
2026-01-23 16:15:56 | INFO | [e740535a7d4c43d8b3bfb50a9c7f877a] | app.api.v1.projects | [e740535a7d4c43d8b3bfb50a9c7f877a] 用户 admin 获取项目详情: project_id=2
2026-01-23 16:15:56 | INFO | [e740535a7d4c43d8b3bfb50a9c7f877a] | app.api.v1.projects | [e740535a7d4c43d8b3bfb50a9c7f877a] 用户 admin 查看 项目 TEST (id=2)
2026-01-23 16:15:56 | INFO | [e740535a7d4c43d8b3bfb50a9c7f877a] | app.api.v1.projects | [e740535a7d4c43d8b3bfb50a9c7f877a] 获取项目详情成功: project_id=2
2026-01-23 16:15:56 | INFO | [4ab7be33dca7489eb56d843cad17fe85] | app.api.v1.versions | [4ab7be33dca7489eb56d843cad17fe85] 用户 admin 获取版本列表: project_id=2, page=1, page_size=10
2026-01-23 16:15:56 | INFO | [4ab7be33dca7489eb56d843cad17fe85] | app.api.v1.versions | [4ab7be33dca7489eb56d843cad17fe85] 用户 admin 查看版本列表 项目 TEST (id=2) 的版本
2026-01-23 16:15:56 | INFO | [4ab7be33dca7489eb56d843cad17fe85] | app.api.v1.versions | [4ab7be33dca7489eb56d843cad17fe85] 获取版本列表成功: total=1
2026-01-23 16:15:56 | INFO | [ef93609fa0e6465d964e3651fcaff1b3] | app.api.v1.versions | [ef93609fa0e6465d964e3651fcaff1b3] 用户 admin 获取版本列表: project_id=2, page=1, page_size=100
2026-01-23 16:15:56 | INFO | [ef93609fa0e6465d964e3651fcaff1b3] | app.api.v1.versions | [ef93609fa0e6465d964e3651fcaff1b3] 用户 admin 查看版本列表 项目 TEST (id=2) 的版本
2026-01-23 16:15:56 | INFO | [ef93609fa0e6465d964e3651fcaff1b3] | app.api.v1.versions | [ef93609fa0e6465d964e3651fcaff1b3] 获取版本列表成功: total=1
2026-01-23 16:15:56 | INFO | [4843f51132444708ba9b5ee6bc95e568] | app.api.v1.projects | [4843f51132444708ba9b5ee6bc95e568] 用户 admin 获取项目列表: page=1, page_size=100
2026-01-23 16:15:56 | INFO | [4843f51132444708ba9b5ee6bc95e568] | app.api.v1.projects | [4843f51132444708ba9b5ee6bc95e568] 获取项目列表成功: total=2
2026-01-23 16:15:56 | INFO | [ae536abdef5d4d76bb3d277ea786918d] | app.api.v1.projects | [ae536abdef5d4d76bb3d277ea786918d] 用户 admin 获取项目列表: page=1, page_size=100
2026-01-23 16:15:56 | INFO | [ae536abdef5d4d76bb3d277ea786918d] | app.api.v1.projects | [ae536abdef5d4d76bb3d277ea786918d] 获取项目列表成功: total=2
2026-01-23 16:16:02 | INFO | [e9556064430c4948b43e122983b64184] | app.api.v1.api_integration | 获取文档列表: skip=0, limit=100, user=admin
2026-01-23 16:16:02 | INFO | [e9556064430c4948b43e122983b64184] | app.api.v1.api_integration | 查询到 2 个文档
2026-01-23 16:16:02 | INFO | [2e9bd400f8584f13b1e0e39600077da1] | app.api.v1.api_integration | 获取文档列表: skip=0, limit=100, user=admin
2026-01-23 16:16:02 | INFO | [2e9bd400f8584f13b1e0e39600077da1] | app.api.v1.api_integration | 查询到 2 个文档
2026-01-23 16:16:56 | INFO | [692f01a70704494e917aed3f882b4ad0] | app.api.v1.api_integration | 获取文档列表: skip=0, limit=100, user=admin
2026-01-23 16:16:56 | INFO | [692f01a70704494e917aed3f882b4ad0] | app.api.v1.api_integration | 查询到 2 个文档
2026-01-23 16:17:08 | INFO | [1433464bb93d4ccfbbe33681d8e05a57] | app.api.v1.api_integration | 导入文档参数: project_id=None, version_id=None, name=None, source_type=None
2026-01-23 16:17:08 | INFO | [1433464bb93d4ccfbbe33681d8e05a57] | app.api.v1.api_integration | 文档创建成功: id=3, project_id=None, version_id=None
2026-01-23 16:17:08 | INFO | [1433464bb93d4ccfbbe33681d8e05a57] | app.parsers.base | 创建解析器: type=swagger, source_url=None
2026-01-23 16:17:13 | INFO | [1433464bb93d4ccfbbe33681d8e05a57] | app.parsers.swagger | Swagger/OpenAPI 文档解析成功: title=InvenTree API, version=3.0.3, endpoints=644
2026-01-23 16:17:13 | INFO | [ba0c31a1b6254a94ba1ee1866a76468c] | app.api.v1.api_integration | 获取文档列表: skip=0, limit=100, user=admin
2026-01-23 16:17:14 | INFO | [ba0c31a1b6254a94ba1ee1866a76468c] | app.api.v1.api_integration | 查询到 3 个文档
2026-01-23 16:17:17 | INFO | [8e178beee4c44a3c8ace8dbbce405708] | app.api.v1.api_integration | 获取文档列表: skip=0, limit=100, user=admin
2026-01-23 16:17:17 | INFO | [8e178beee4c44a3c8ace8dbbce405708] | app.api.v1.api_integration | 查询到 3 个文档
2026-01-23 16:17:18 | INFO | [005af27d81d04977ac97a7dadf51fe78] | app.api.v1.projects | [005af27d81d04977ac97a7dadf51fe78] 用户 admin 获取项目列表: page=1, page_size=10
2026-01-23 16:17:18 | INFO | [005af27d81d04977ac97a7dadf51fe78] | app.api.v1.projects | [005af27d81d04977ac97a7dadf51fe78] 获取项目列表成功: total=2
2026-01-23 16:17:18 | INFO | [4f660f3cc41e41e3af755634d50e7c3a] | app.api.v1.projects | [4f660f3cc41e41e3af755634d50e7c3a] 用户 admin 获取项目列表: page=1, page_size=10
2026-01-23 16:17:18 | INFO | [4f660f3cc41e41e3af755634d50e7c3a] | app.api.v1.projects | [4f660f3cc41e41e3af755634d50e7c3a] 获取项目列表成功: total=2
2026-01-23 16:17:19 | INFO | [cbfcf25ff1e04d2fb2069ad6af089bf2] | app.api.v1.projects | [cbfcf25ff1e04d2fb2069ad6af089bf2] 用户 admin 获取项目详情: project_id=2
2026-01-23 16:17:19 | INFO | [cbfcf25ff1e04d2fb2069ad6af089bf2] | app.api.v1.projects | [cbfcf25ff1e04d2fb2069ad6af089bf2] 用户 admin 查看 项目 TEST (id=2)
2026-01-23 16:17:19 | INFO | [cbfcf25ff1e04d2fb2069ad6af089bf2] | app.api.v1.projects | [cbfcf25ff1e04d2fb2069ad6af089bf2] 获取项目详情成功: project_id=2
2026-01-23 16:17:19 | INFO | [901c719910884f82a2843253e15a17e2] | app.api.v1.projects | [901c719910884f82a2843253e15a17e2] 用户 admin 获取项目详情: project_id=2
2026-01-23 16:17:19 | INFO | [901c719910884f82a2843253e15a17e2] | app.api.v1.projects | [901c719910884f82a2843253e15a17e2] 用户 admin 查看 项目 TEST (id=2)
2026-01-23 16:17:19 | INFO | [901c719910884f82a2843253e15a17e2] | app.api.v1.projects | [901c719910884f82a2843253e15a17e2] 获取项目详情成功: project_id=2
2026-01-23 16:17:19 | INFO | [0a1a953d0d12462293da7939a3bd0105] | app.api.v1.versions | [0a1a953d0d12462293da7939a3bd0105] 用户 admin 获取版本列表: project_id=2, page=1, page_size=10
2026-01-23 16:17:19 | INFO | [0a1a953d0d12462293da7939a3bd0105] | app.api.v1.versions | [0a1a953d0d12462293da7939a3bd0105] 用户 admin 查看版本列表 项目 TEST (id=2) 的版本
2026-01-23 16:17:19 | INFO | [0a1a953d0d12462293da7939a3bd0105] | app.api.v1.versions | [0a1a953d0d12462293da7939a3bd0105] 获取版本列表成功: total=1
2026-01-23 16:17:19 | INFO | [c83ac9b52c17431dbf15abc3a9e8a7ae] | app.api.v1.versions | [c83ac9b52c17431dbf15abc3a9e8a7ae] 用户 admin 获取版本列表: project_id=2, page=1, page_size=10
2026-01-23 16:17:19 | INFO | [c83ac9b52c17431dbf15abc3a9e8a7ae] | app.api.v1.versions | [c83ac9b52c17431dbf15abc3a9e8a7ae] 用户 admin 查看版本列表 项目 TEST (id=2) 的版本
2026-01-23 16:17:19 | INFO | [c83ac9b52c17431dbf15abc3a9e8a7ae] | app.api.v1.versions | [c83ac9b52c17431dbf15abc3a9e8a7ae] 获取版本列表成功: total=1
2026-01-23 16:17:22 | INFO | [403fc9839c1b4b7c9b2a59572d3cd9cb] | app.api.v1.api_integration | 获取文档列表: skip=0, limit=100, user=admin
2026-01-23 16:17:22 | INFO | [403fc9839c1b4b7c9b2a59572d3cd9cb] | app.api.v1.api_integration | 查询到 3 个文档
2026-01-23 16:17:22 | INFO | [672aeab8ed154dc2a264830e59d185aa] | app.api.v1.api_integration | 获取文档列表: skip=0, limit=100, user=admin
2026-01-23 16:17:22 | INFO | [672aeab8ed154dc2a264830e59d185aa] | app.api.v1.api_integration | 查询到 3 个文档
2026-01-23 16:17:26 | INFO | [3f8c2aa5fc0f46fea604f4431999cc7a] | app.api.v1.projects | [3f8c2aa5fc0f46fea604f4431999cc7a] 用户 admin 获取项目列表: page=1, page_size=100
2026-01-23 16:17:26 | INFO | [3f8c2aa5fc0f46fea604f4431999cc7a] | app.api.v1.projects | [3f8c2aa5fc0f46fea604f4431999cc7a] 获取项目列表成功: total=2
2026-01-23 16:17:26 | INFO | [ff511f65f6b644a48a3129dd5986a27a] | app.api.v1.api_integration | 获取文档列表: skip=0, limit=100, user=admin
2026-01-23 16:17:26 | INFO | [ff511f65f6b644a48a3129dd5986a27a] | app.api.v1.api_integration | 查询到 3 个文档
2026-01-23 16:17:26 | INFO | [f724216c8a58466d9cb8cc9260ff311e] | app.api.v1.versions | [f724216c8a58466d9cb8cc9260ff311e] 用户 admin 获取版本列表: project_id=2, page=1, page_size=100
2026-01-23 16:17:26 | INFO | [f724216c8a58466d9cb8cc9260ff311e] | app.api.v1.versions | [f724216c8a58466d9cb8cc9260ff311e] 用户 admin 查看版本列表 项目 TEST (id=2) 的版本
2026-01-23 16:17:26 | INFO | [f724216c8a58466d9cb8cc9260ff311e] | app.api.v1.versions | [f724216c8a58466d9cb8cc9260ff311e] 获取版本列表成功: total=1
2026-01-23 16:17:26 | INFO | [a84db5097b08418aa8d79ab746883690] | app.api.v1.projects | [a84db5097b08418aa8d79ab746883690] 用户 admin 获取项目列表: page=1, page_size=100
2026-01-23 16:17:26 | INFO | [a84db5097b08418aa8d79ab746883690] | app.api.v1.projects | [a84db5097b08418aa8d79ab746883690] 获取项目列表成功: total=2
2026-01-23 16:17:26 | INFO | [1bba82efcdff4e449b34180fc5eee805] | app.api.v1.projects | [1bba82efcdff4e449b34180fc5eee805] 用户 admin 获取项目列表: page=1, page_size=100
2026-01-23 16:17:26 | INFO | [1bba82efcdff4e449b34180fc5eee805] | app.api.v1.projects | [1bba82efcdff4e449b34180fc5eee805] 获取项目列表成功: total=2
2026-01-23 16:17:26 | INFO | [dcb0dd6628174938afa90c7701b981f1] | app.api.v1.api_integration | 获取文档列表: skip=0, limit=100, user=admin
2026-01-23 16:17:26 | INFO | [dcb0dd6628174938afa90c7701b981f1] | app.api.v1.api_integration | 查询到 3 个文档
2026-01-23 16:17:26 | INFO | [758d627ae03f4092b5b2618f38699f05] | app.api.v1.versions | [758d627ae03f4092b5b2618f38699f05] 用户 admin 获取版本列表: project_id=2, page=1, page_size=100
2026-01-23 16:17:26 | INFO | [758d627ae03f4092b5b2618f38699f05] | app.api.v1.versions | [758d627ae03f4092b5b2618f38699f05] 用户 admin 查看版本列表 项目 TEST (id=2) 的版本
2026-01-23 16:17:26 | INFO | [758d627ae03f4092b5b2618f38699f05] | app.api.v1.versions | [758d627ae03f4092b5b2618f38699f05] 获取版本列表成功: total=1
2026-01-23 16:17:26 | INFO | [0fc9f6c0668b4523bbc46c7f9f518298] | app.api.v1.projects | [0fc9f6c0668b4523bbc46c7f9f518298] 用户 admin 获取项目列表: page=1, page_size=100
2026-01-23 16:17:26 | INFO | [0fc9f6c0668b4523bbc46c7f9f518298] | app.api.v1.projects | [0fc9f6c0668b4523bbc46c7f9f518298] 获取项目列表成功: total=2
2026-01-23 16:18:14 | INFO | [3eb4b35a54074dffafc9dc7928fec35d] | app.api.v1.api_integration | 导入文档参数: project_id=None, version_id=None, name=None, source_type=None
2026-01-23 16:18:14 | INFO | [3eb4b35a54074dffafc9dc7928fec35d] | app.api.v1.api_integration | 文档创建成功: id=4, project_id=None, version_id=None
2026-01-23 16:18:14 | INFO | [3eb4b35a54074dffafc9dc7928fec35d] | app.parsers.base | 创建解析器: type=swagger, source_url=None
2026-01-23 16:18:18 | INFO | [3eb4b35a54074dffafc9dc7928fec35d] | app.parsers.swagger | Swagger/OpenAPI 文档解析成功: title=InvenTree API, version=3.0.3, endpoints=644
2026-01-23 16:18:19 | INFO | [fd5fe791e5aa4617be8636f3987af662] | app.api.v1.api_integration | 获取文档列表: skip=0, limit=100, user=admin
2026-01-23 16:18:19 | INFO | [fd5fe791e5aa4617be8636f3987af662] | app.api.v1.api_integration | 查询到 4 个文档
2026-01-23 16:25:46 | INFO | [39853624d75144e8b9ccc4218ff7dfa5] | app.api.v1.projects | [39853624d75144e8b9ccc4218ff7dfa5] 用户 admin 获取项目列表: page=1, page_size=100
2026-01-23 16:25:46 | INFO | [39853624d75144e8b9ccc4218ff7dfa5] | app.api.v1.projects | [39853624d75144e8b9ccc4218ff7dfa5] 获取项目列表成功: total=2
2026-01-23 16:25:46 | INFO | [71521ecb35164037ab9f281cf47aa997] | app.api.v1.api_integration | 获取文档列表: skip=0, limit=100, user=admin
2026-01-23 16:25:46 | INFO | [71521ecb35164037ab9f281cf47aa997] | app.api.v1.api_integration | 查询到 4 个文档
2026-01-23 16:25:46 | INFO | [be31b1fbea114ac4b8b5e67122c21f6e] | app.api.v1.api_integration | 获取文档列表: skip=0, limit=100, user=admin
2026-01-23 16:25:46 | INFO | [be31b1fbea114ac4b8b5e67122c21f6e] | app.api.v1.api_integration | 查询到 4 个文档
2026-01-23 16:25:46 | INFO | [e5b9556c48bd4388b5f5388441fa6a54] | app.api.v1.versions | [e5b9556c48bd4388b5f5388441fa6a54] 用户 admin 获取版本列表: project_id=2, page=1, page_size=100
2026-01-23 16:25:46 | INFO | [e5b9556c48bd4388b5f5388441fa6a54] | app.api.v1.versions | [e5b9556c48bd4388b5f5388441fa6a54] 用户 admin 查看版本列表 项目 TEST (id=2) 的版本
2026-01-23 16:25:46 | INFO | [e5b9556c48bd4388b5f5388441fa6a54] | app.api.v1.versions | [e5b9556c48bd4388b5f5388441fa6a54] 获取版本列表成功: total=1
2026-01-23 16:25:46 | INFO | [880b3a3e43984caca9471460b4484e33] | app.api.v1.projects | [880b3a3e43984caca9471460b4484e33] 用户 admin 获取项目列表: page=1, page_size=100
2026-01-23 16:25:46 | INFO | [880b3a3e43984caca9471460b4484e33] | app.api.v1.projects | [880b3a3e43984caca9471460b4484e33] 获取项目列表成功: total=2
2026-01-23 16:25:47 | INFO | [abf3127dde3d4a6d8afd3df94d918c0d] | app.api.v1.versions | [abf3127dde3d4a6d8afd3df94d918c0d] 用户 admin 获取版本列表: project_id=2, page=1, page_size=100
2026-01-23 16:25:47 | INFO | [abf3127dde3d4a6d8afd3df94d918c0d] | app.api.v1.versions | [abf3127dde3d4a6d8afd3df94d918c0d] 用户 admin 查看版本列表 项目 TEST (id=2) 的版本
2026-01-23 16:25:47 | INFO | [abf3127dde3d4a6d8afd3df94d918c0d] | app.api.v1.versions | [abf3127dde3d4a6d8afd3df94d918c0d] 获取版本列表成功: total=1
2026-01-23 16:25:47 | INFO | [907cbdce974b42e6bc6d8819acef4de9] | app.api.v1.projects | [907cbdce974b42e6bc6d8819acef4de9] 用户 admin 获取项目列表: page=1, page_size=100
2026-01-23 16:25:47 | INFO | [907cbdce974b42e6bc6d8819acef4de9] | app.api.v1.projects | [907cbdce974b42e6bc6d8819acef4de9] 获取项目列表成功: total=2
2026-01-23 16:25:47 | INFO | [c017ff095a514ef5a5ad7a740116c512] | app.api.v1.projects | [c017ff095a514ef5a5ad7a740116c512] 用户 admin 获取项目列表: page=1, page_size=100
2026-01-23 16:25:47 | INFO | [c017ff095a514ef5a5ad7a740116c512] | app.api.v1.projects | [c017ff095a514ef5a5ad7a740116c512] 获取项目列表成功: total=2
2026-01-23 16:26:03 | INFO | [018d575307d444118575f2f17c5f5f5b] | app.api.v1.auth | 用户登录请求: username=admin
2026-01-23 16:26:03 | INFO | [018d575307d444118575f2f17c5f5f5b] | app.api.v1.auth | 用户登录成功: user_id=1, username=admin
2026-01-23 16:26:03 | INFO | [c866d32736214f3fab20bc3c11afe92e] | app.api.v1.projects | [c866d32736214f3fab20bc3c11afe92e] 用户 admin 获取项目列表: page=1, page_size=100
2026-01-23 16:26:03 | INFO | [c866d32736214f3fab20bc3c11afe92e] | app.api.v1.projects | [c866d32736214f3fab20bc3c11afe92e] 获取项目列表成功: total=2
2026-01-23 16:26:04 | INFO | [6356b53338114524901dc22d4fb464fb] | app.api.v1.projects | [6356b53338114524901dc22d4fb464fb] 用户 admin 获取项目列表: page=1, page_size=100
2026-01-23 16:26:04 | INFO | [6356b53338114524901dc22d4fb464fb] | app.api.v1.projects | [6356b53338114524901dc22d4fb464fb] 获取项目列表成功: total=2
2026-01-23 16:26:04 | INFO | [8981fca893fe43b2825a9f4a792fe5aa] | app.api.v1.projects | [8981fca893fe43b2825a9f4a792fe5aa] 用户 admin 获取项目列表: page=1, page_size=100
2026-01-23 16:26:04 | INFO | [8981fca893fe43b2825a9f4a792fe5aa] | app.api.v1.projects | [8981fca893fe43b2825a9f4a792fe5aa] 获取项目列表成功: total=2
2026-01-23 16:26:04 | INFO | [bdf285c388664123a47abc7b477d9650] | app.api.v1.projects | [bdf285c388664123a47abc7b477d9650] 用户 admin 获取项目列表: page=1, page_size=100
2026-01-23 16:26:04 | INFO | [bdf285c388664123a47abc7b477d9650] | app.api.v1.projects | [bdf285c388664123a47abc7b477d9650] 获取项目列表成功: total=2
2026-01-23 16:26:10 | INFO | [d4da8c6987064e6b89e7c9d0e9ee2024] | app.api.v1.projects | [d4da8c6987064e6b89e7c9d0e9ee2024] 用户 admin 获取项目列表: page=1, page_size=10
2026-01-23 16:26:10 | INFO | [d4da8c6987064e6b89e7c9d0e9ee2024] | app.api.v1.projects | [d4da8c6987064e6b89e7c9d0e9ee2024] 获取项目列表成功: total=2
2026-01-23 16:26:10 | INFO | [84053d26aa834b98a4ff42eff38168f6] | app.api.v1.projects | [84053d26aa834b98a4ff42eff38168f6] 用户 admin 获取项目列表: page=1, page_size=10
2026-01-23 16:26:10 | INFO | [84053d26aa834b98a4ff42eff38168f6] | app.api.v1.projects | [84053d26aa834b98a4ff42eff38168f6] 获取项目列表成功: total=2
2026-01-23 16:26:12 | INFO | [a8d76da183da4a148e1aa464c15f29fe] | app.api.v1.versions | [a8d76da183da4a148e1aa464c15f29fe] 用户 admin 获取版本列表: project_id=2, page=1, page_size=100
2026-01-23 16:26:12 | INFO | [a8d76da183da4a148e1aa464c15f29fe] | app.api.v1.versions | [a8d76da183da4a148e1aa464c15f29fe] 用户 admin 查看版本列表 项目 TEST (id=2) 的版本
2026-01-23 16:26:12 | INFO | [a8d76da183da4a148e1aa464c15f29fe] | app.api.v1.versions | [a8d76da183da4a148e1aa464c15f29fe] 获取版本列表成功: total=1
2026-01-23 16:26:16 | INFO | [f416610b35254cb59dd18688f794d2ea] | app.api.v1.api_integration | 获取文档列表: skip=0, limit=100, user=admin
2026-01-23 16:26:16 | INFO | [f416610b35254cb59dd18688f794d2ea] | app.api.v1.api_integration | 查询到 4 个文档
2026-01-23 16:26:16 | INFO | [6c41d904b921473ebf713cb6a572ce1a] | app.api.v1.api_integration | 获取文档列表: skip=0, limit=100, user=admin
2026-01-23 16:26:16 | INFO | [6c41d904b921473ebf713cb6a572ce1a] | app.api.v1.api_integration | 查询到 4 个文档
2026-01-23 16:28:21 | INFO | [02f3c18da873498cb7728585435ed987] | app.api.v1.api_integration | 导入文档参数: project_id=2, version_id=4, name=1, source_type=swagger
2026-01-23 16:28:21 | INFO | [02f3c18da873498cb7728585435ed987] | app.api.v1.api_integration | 文档创建成功: id=5, project_id=2, version_id=4
2026-01-23 16:28:21 | INFO | [02f3c18da873498cb7728585435ed987] | app.parsers.base | 创建解析器: type=swagger, source_url=None
2026-01-23 16:28:25 | INFO | [02f3c18da873498cb7728585435ed987] | app.parsers.swagger | Swagger/OpenAPI 文档解析成功: title=InvenTree API, version=3.0.3, endpoints=644
2026-01-23 16:28:27 | INFO | [45d599de457840e9b315548a7ebada87] | app.api.v1.api_integration | 获取文档列表: skip=0, limit=100, user=admin
2026-01-23 16:28:27 | INFO | [45d599de457840e9b315548a7ebada87] | app.api.v1.api_integration | 查询到 5 个文档
2026-01-23 16:28:32 | INFO | [7da4d8d30a1f431799169155d6327db5] | app.api.v1.versions | [7da4d8d30a1f431799169155d6327db5] 用户 admin 获取版本列表: project_id=1, page=1, page_size=100
2026-01-23 16:28:32 | INFO | [7da4d8d30a1f431799169155d6327db5] | app.api.v1.versions | [7da4d8d30a1f431799169155d6327db5] 用户 admin 查看版本列表 项目 InvenTree (id=1) 的版本
2026-01-23 16:28:32 | INFO | [7da4d8d30a1f431799169155d6327db5] | app.api.v1.versions | [7da4d8d30a1f431799169155d6327db5] 获取版本列表成功: total=2
2026-01-23 16:28:35 | INFO | [43c611b84a5c45aabd06022b2b0fdb1e] | app.api.v1.api_integration | 获取文档列表: skip=0, limit=100, user=admin
2026-01-23 16:28:35 | INFO | [43c611b84a5c45aabd06022b2b0fdb1e] | app.api.v1.api_integration | 查询到 5 个文档
2026-01-23 16:28:36 | INFO | [cf3cdc597b54401caae63dd959ef11c3] | app.api.v1.api_integration | 获取文档列表: skip=0, limit=100, user=admin
2026-01-23 16:28:36 | INFO | [cf3cdc597b54401caae63dd959ef11c3] | app.api.v1.api_integration | 查询到 5 个文档
2026-01-23 16:29:57 | INFO | [7863a684fbf14412b4281947225d33d3] | app.api.v1.api_integration | 获取文档列表: skip=0, limit=100, user=admin
2026-01-23 16:29:58 | INFO | [7863a684fbf14412b4281947225d33d3] | app.api.v1.api_integration | 查询到 5 个文档
2026-01-23 16:30:35 | INFO | [1eff232550f64d29ae9154644aff8cd9] | app.api.v1.api_integration | 获取文档列表: skip=0, limit=100, user=admin
2026-01-23 16:30:35 | INFO | [1eff232550f64d29ae9154644aff8cd9] | app.api.v1.api_integration | 查询到 5 个文档
2026-01-23 16:32:47 | ERROR | [d0819030b3034d72a64fcf3aea247353] | app.dependencies | 数据库会话异常: 401: Not authenticated
Traceback (most recent call last):
  File "D:\code\BugSeek\backend\app\dependencies.py", line 19, in get_db
    yield db
  File "C:\Users\81026\AppData\Local\Programs\Python\Python310\lib\site-packages\fastapi\concurrency.py", line 29, in contextmanager_in_threadpool
    yield await run_in_threadpool(cm.__enter__)
  File "C:\Users\81026\AppData\Local\Programs\Python\Python310\lib\site-packages\fastapi\routing.py", line 101, in app
    response = await f(request)
  File "C:\Users\81026\AppData\Local\Programs\Python\Python310\lib\site-packages\fastapi\routing.py", line 345, in app
    solved_result = await solve_dependencies(
  File "C:\Users\81026\AppData\Local\Programs\Python\Python310\lib\site-packages\fastapi\dependencies\utils.py", line 614, in solve_dependencies
    solved_result = await solve_dependencies(
  File "C:\Users\81026\AppData\Local\Programs\Python\Python310\lib\site-packages\fastapi\dependencies\utils.py", line 643, in solve_dependencies
    solved = await call(**solved_result.values)
  File "C:\Users\81026\AppData\Local\Programs\Python\Python310\lib\site-packages\fastapi\security\oauth2.py", line 511, in __call__
    raise self.make_not_authenticated_error()
fastapi.exceptions.HTTPException: 401: Not authenticated
2026-01-23 16:32:47 | ERROR | [f12b43f8f8384146bd26eda4cc22cca0] | app.dependencies | 数据库会话异常: 401: Not authenticated
Traceback (most recent call last):
  File "D:\code\BugSeek\backend\app\dependencies.py", line 19, in get_db
    yield db
  File "C:\Users\81026\AppData\Local\Programs\Python\Python310\lib\site-packages\fastapi\concurrency.py", line 29, in contextmanager_in_threadpool
    yield await run_in_threadpool(cm.__enter__)
  File "C:\Users\81026\AppData\Local\Programs\Python\Python310\lib\site-packages\fastapi\routing.py", line 101, in app
    response = await f(request)
  File "C:\Users\81026\AppData\Local\Programs\Python\Python310\lib\site-packages\fastapi\routing.py", line 345, in app
    solved_result = await solve_dependencies(
  File "C:\Users\81026\AppData\Local\Programs\Python\Python310\lib\site-packages\fastapi\dependencies\utils.py", line 614, in solve_dependencies
    solved_result = await solve_dependencies(
  File "C:\Users\81026\AppData\Local\Programs\Python\Python310\lib\site-packages\fastapi\dependencies\utils.py", line 643, in solve_dependencies
    solved = await call(**solved_result.values)
  File "C:\Users\81026\AppData\Local\Programs\Python\Python310\lib\site-packages\fastapi\security\oauth2.py", line 511, in __call__
    raise self.make_not_authenticated_error()
fastapi.exceptions.HTTPException: 401: Not authenticated
2026-01-23 16:35:49 | INFO | [402b404d45d140dfaffae75a32f13272] | app.api.v1.versions | [402b404d45d140dfaffae75a32f13272] 用户 admin 获取版本列表: project_id=2, page=1, page_size=100
2026-01-23 16:35:49 | INFO | [402b404d45d140dfaffae75a32f13272] | app.api.v1.versions | [402b404d45d140dfaffae75a32f13272] 用户 admin 查看版本列表 项目 TEST (id=2) 的版本
2026-01-23 16:35:49 | INFO | [402b404d45d140dfaffae75a32f13272] | app.api.v1.versions | [402b404d45d140dfaffae75a32f13272] 获取版本列表成功: total=1
2026-01-23 16:37:50 | INFO | [8595d98d5a1e428b90008ec1d270a525] | app.api.v1.api_integration | 获取文档列表: skip=0, limit=100, user=admin
2026-01-23 16:37:50 | INFO | [8595d98d5a1e428b90008ec1d270a525] | app.api.v1.api_integration | 查询到 5 个文档
2026-01-23 16:41:19 | INFO | [c078201b120146eeadeede815a6d18c3] | app.api.v1.projects | [c078201b120146eeadeede815a6d18c3] 用户 admin 获取项目列表: page=1, page_size=100
2026-01-23 16:41:19 | INFO | [c078201b120146eeadeede815a6d18c3] | app.api.v1.projects | [c078201b120146eeadeede815a6d18c3] 获取项目列表成功: total=2
2026-01-23 16:41:19 | INFO | [7b44fc704b8b4fb48027c16f18e244ed] | app.api.v1.projects | [7b44fc704b8b4fb48027c16f18e244ed] 用户 admin 获取项目列表: page=1, page_size=100
2026-01-23 16:41:19 | INFO | [7b44fc704b8b4fb48027c16f18e244ed] | app.api.v1.projects | [7b44fc704b8b4fb48027c16f18e244ed] 获取项目列表成功: total=2
2026-01-23 16:41:19 | INFO | [17533ba09ede4a7e9d68f731c2406101] | app.api.v1.versions | [17533ba09ede4a7e9d68f731c2406101] 用户 admin 获取版本列表: project_id=2, page=1, page_size=100
2026-01-23 16:41:19 | INFO | [17533ba09ede4a7e9d68f731c2406101] | app.api.v1.versions | [17533ba09ede4a7e9d68f731c2406101] 用户 admin 查看版本列表 项目 TEST (id=2) 的版本
2026-01-23 16:41:19 | INFO | [17533ba09ede4a7e9d68f731c2406101] | app.api.v1.versions | [17533ba09ede4a7e9d68f731c2406101] 获取版本列表成功: total=1
2026-01-23 16:41:19 | INFO | [102ec6289dcd411187d39ffd780a7391] | app.api.v1.projects | [102ec6289dcd411187d39ffd780a7391] 用户 admin 获取项目列表: page=1, page_size=100
2026-01-23 16:41:19 | INFO | [102ec6289dcd411187d39ffd780a7391] | app.api.v1.projects | [102ec6289dcd411187d39ffd780a7391] 获取项目列表成功: total=2
2026-01-23 16:41:19 | INFO | [b17e7bb6fb52406f9ce25bffc90f031c] | app.api.v1.versions | [b17e7bb6fb52406f9ce25bffc90f031c] 用户 admin 获取版本列表: project_id=2, page=1, page_size=100
2026-01-23 16:41:19 | INFO | [b17e7bb6fb52406f9ce25bffc90f031c] | app.api.v1.versions | [b17e7bb6fb52406f9ce25bffc90f031c] 用户 admin 查看版本列表 项目 TEST (id=2) 的版本
2026-01-23 16:41:19 | INFO | [b17e7bb6fb52406f9ce25bffc90f031c] | app.api.v1.versions | [b17e7bb6fb52406f9ce25bffc90f031c] 获取版本列表成功: total=1
2026-01-23 16:41:19 | INFO | [a93393c1cf8a44c39c632a2980ff757d] | app.api.v1.projects | [a93393c1cf8a44c39c632a2980ff757d] 用户 admin 获取项目列表: page=1, page_size=100
2026-01-23 16:41:19 | INFO | [a93393c1cf8a44c39c632a2980ff757d] | app.api.v1.projects | [a93393c1cf8a44c39c632a2980ff757d] 获取项目列表成功: total=2
2026-01-23 16:44:02 | INFO | [63f6f8fdc2644b958071aa395548c880] | app.api.v1.projects | [63f6f8fdc2644b958071aa395548c880] 用户 admin 获取项目列表: page=1, page_size=100
2026-01-23 16:44:02 | INFO | [63f6f8fdc2644b958071aa395548c880] | app.api.v1.projects | [63f6f8fdc2644b958071aa395548c880] 获取项目列表成功: total=2
2026-01-23 16:44:02 | INFO | [3416213a3f134264809d17145f31bdef] | app.api.v1.versions | [3416213a3f134264809d17145f31bdef] 用户 admin 获取版本列表: project_id=2, page=1, page_size=100
2026-01-23 16:44:02 | INFO | [3416213a3f134264809d17145f31bdef] | app.api.v1.versions | [3416213a3f134264809d17145f31bdef] 用户 admin 查看版本列表 项目 TEST (id=2) 的版本
2026-01-23 16:44:02 | INFO | [3416213a3f134264809d17145f31bdef] | app.api.v1.versions | [3416213a3f134264809d17145f31bdef] 获取版本列表成功: total=1
2026-01-23 16:44:02 | INFO | [b4a39721e03b4bf3ba344c362ef27055] | app.api.v1.projects | [b4a39721e03b4bf3ba344c362ef27055] 用户 admin 获取项目列表: page=1, page_size=100
2026-01-23 16:44:02 | INFO | [b4a39721e03b4bf3ba344c362ef27055] | app.api.v1.projects | [b4a39721e03b4bf3ba344c362ef27055] 获取项目列表成功: total=2
2026-01-23 16:44:02 | INFO | [936c9f3f10b545f5a825c24f23025fb4] | app.api.v1.versions | [936c9f3f10b545f5a825c24f23025fb4] 用户 admin 获取版本列表: project_id=2, page=1, page_size=100
2026-01-23 16:44:02 | INFO | [936c9f3f10b545f5a825c24f23025fb4] | app.api.v1.versions | [936c9f3f10b545f5a825c24f23025fb4] 用户 admin 查看版本列表 项目 TEST (id=2) 的版本
2026-01-23 16:44:02 | INFO | [936c9f3f10b545f5a825c24f23025fb4] | app.api.v1.versions | [936c9f3f10b545f5a825c24f23025fb4] 获取版本列表成功: total=1
2026-01-23 16:44:02 | INFO | [69deedab6e774d7a8355d2fe6b3b8401] | app.api.v1.projects | [69deedab6e774d7a8355d2fe6b3b8401] 用户 admin 获取项目列表: page=1, page_size=100
2026-01-23 16:44:02 | INFO | [69deedab6e774d7a8355d2fe6b3b8401] | app.api.v1.projects | [69deedab6e774d7a8355d2fe6b3b8401] 获取项目列表成功: total=2
2026-01-23 16:44:02 | INFO | [a1933f8c4ac245f2a2f7e8d6f4c77660] | app.api.v1.projects | [a1933f8c4ac245f2a2f7e8d6f4c77660] 用户 admin 获取项目列表: page=1, page_size=100
2026-01-23 16:44:02 | INFO | [a1933f8c4ac245f2a2f7e8d6f4c77660] | app.api.v1.projects | [a1933f8c4ac245f2a2f7e8d6f4c77660] 获取项目列表成功: total=2
2026-01-23 16:45:12 | INFO | [9168c6c62ac54f209a30c3d3b261bd06] | app.api.v1.endpoints | [9168c6c62ac54f209a30c3d3b261bd06] 查询接口列表: skip=0, limit=10, user=admin, project_id=2, version_id=4
2026-01-23 16:45:12 | ERROR | [9168c6c62ac54f209a30c3d3b261bd06] | app.dependencies | 数据库会话异常: name 'VersionEndpoint' is not defined
Traceback (most recent call last):
  File "D:\code\BugSeek\backend\app\dependencies.py", line 19, in get_db
    yield db
  File "C:\Users\81026\AppData\Local\Programs\Python\Python310\lib\site-packages\fastapi\concurrency.py", line 29, in contextmanager_in_threadpool
    yield await run_in_threadpool(cm.__enter__)
  File "C:\Users\81026\AppData\Local\Programs\Python\Python310\lib\site-packages\fastapi\routing.py", line 101, in app
    response = await f(request)
  File "C:\Users\81026\AppData\Local\Programs\Python\Python310\lib\site-packages\fastapi\routing.py", line 355, in app
    raw_response = await run_endpoint_function(
  File "C:\Users\81026\AppData\Local\Programs\Python\Python310\lib\site-packages\fastapi\routing.py", line 243, in run_endpoint_function
    return await dependant.call(**values)
  File "D:\code\BugSeek\backend\app\api\v1\endpoints.py", line 183, in get_endpoints
    query = query.join(VersionEndpoint, ApiEndpoint.id == VersionEndpoint.endpoint_id).filter(
NameError: name 'VersionEndpoint' is not defined
2026-01-23 16:45:12 | INFO | [658b545aae38449490c48300d9a13571] | app.api.v1.endpoints | [658b545aae38449490c48300d9a13571] 查询接口列表: skip=0, limit=10, user=admin, project_id=2, version_id=4
2026-01-23 16:45:12 | ERROR | [658b545aae38449490c48300d9a13571] | app.dependencies | 数据库会话异常: name 'VersionEndpoint' is not defined
Traceback (most recent call last):
  File "D:\code\BugSeek\backend\app\dependencies.py", line 19, in get_db
    yield db
  File "C:\Users\81026\AppData\Local\Programs\Python\Python310\lib\site-packages\fastapi\concurrency.py", line 29, in contextmanager_in_threadpool
    yield await run_in_threadpool(cm.__enter__)
  File "C:\Users\81026\AppData\Local\Programs\Python\Python310\lib\site-packages\fastapi\routing.py", line 101, in app
    response = await f(request)
  File "C:\Users\81026\AppData\Local\Programs\Python\Python310\lib\site-packages\fastapi\routing.py", line 355, in app
    raw_response = await run_endpoint_function(
  File "C:\Users\81026\AppData\Local\Programs\Python\Python310\lib\site-packages\fastapi\routing.py", line 243, in run_endpoint_function
    return await dependant.call(**values)
  File "D:\code\BugSeek\backend\app\api\v1\endpoints.py", line 183, in get_endpoints
    query = query.join(VersionEndpoint, ApiEndpoint.id == VersionEndpoint.endpoint_id).filter(
NameError: name 'VersionEndpoint' is not defined
2026-01-23 16:45:12 | ERROR | [9168c6c62ac54f209a30c3d3b261bd06] | app.main | 未捕获的异常: name 'VersionEndpoint' is not defined | 路径: /api/v1/api-integration/endpoints | 方法: GET
Traceback (most recent call last):
  File "C:\Users\81026\AppData\Local\Programs\Python\Python310\lib\site-packages\starlette\middleware\errors.py", line 164, in __call__
    await self.app(scope, receive, _send)
  File "C:\Users\81026\AppData\Local\Programs\Python\Python310\lib\site-packages\starlette\middleware\cors.py", line 85, in __call__
    await self.app(scope, receive, send)
  File "C:\Users\81026\AppData\Local\Programs\Python\Python310\lib\site-packages\starlette\middleware\base.py", line 191, in __call__
    with recv_stream, send_stream, collapse_excgroups():
  File "C:\Users\81026\AppData\Local\Programs\Python\Python310\lib\contextlib.py", line 153, in __exit__
    self.gen.throw(typ, value, traceback)
  File "C:\Users\81026\AppData\Local\Programs\Python\Python310\lib\site-packages\starlette\_utils.py", line 85, in collapse_excgroups
    raise exc
  File "C:\Users\81026\AppData\Local\Programs\Python\Python310\lib\site-packages\starlette\middleware\base.py", line 193, in __call__
    response = await self.dispatch_func(request, call_next)
  File "D:\code\BugSeek\backend\app\main.py", line 29, in trace_id_middleware
    response = await call_next(request)
  File "C:\Users\81026\AppData\Local\Programs\Python\Python310\lib\site-packages\starlette\middleware\base.py", line 168, in call_next
    raise app_exc from app_exc.__cause__ or app_exc.__context__
  File "C:\Users\81026\AppData\Local\Programs\Python\Python310\lib\site-packages\starlette\middleware\base.py", line 144, in coro
    await self.app(scope, receive_or_disconnect, send_no_error)
  File "C:\Users\81026\AppData\Local\Programs\Python\Python310\lib\site-packages\starlette\middleware\exceptions.py", line 63, in __call__
    await wrap_app_handling_exceptions(self.app, conn)(scope, receive, send)
  File "C:\Users\81026\AppData\Local\Programs\Python\Python310\lib\site-packages\starlette\_exception_handler.py", line 53, in wrapped_app
    raise exc
  File "C:\Users\81026\AppData\Local\Programs\Python\Python310\lib\site-packages\starlette\_exception_handler.py", line 42, in wrapped_app
    await app(scope, receive, sender)
  File "C:\Users\81026\AppData\Local\Programs\Python\Python310\lib\site-packages\fastapi\middleware\asyncexitstack.py", line 18, in __call__
    await self.app(scope, receive, send)
  File "C:\Users\81026\AppData\Local\Programs\Python\Python310\lib\site-packages\starlette\routing.py", line 716, in __call__
    await self.middleware_stack(scope, receive, send)
  File "C:\Users\81026\AppData\Local\Programs\Python\Python310\lib\site-packages\starlette\routing.py", line 736, in app
    await route.handle(scope, receive, send)
  File "C:\Users\81026\AppData\Local\Programs\Python\Python310\lib\site-packages\starlette\routing.py", line 290, in handle
    await self.app(scope, receive, send)
  File "C:\Users\81026\AppData\Local\Programs\Python\Python310\lib\site-packages\fastapi\routing.py", line 115, in app
    await wrap_app_handling_exceptions(app, request)(scope, receive, send)
  File "C:\Users\81026\AppData\Local\Programs\Python\Python310\lib\site-packages\starlette\_exception_handler.py", line 53, in wrapped_app
    raise exc
  File "C:\Users\81026\AppData\Local\Programs\Python\Python310\lib\site-packages\starlette\_exception_handler.py", line 42, in wrapped_app
    await app(scope, receive, sender)
  File "C:\Users\81026\AppData\Local\Programs\Python\Python310\lib\site-packages\fastapi\routing.py", line 101, in app
    response = await f(request)
  File "C:\Users\81026\AppData\Local\Programs\Python\Python310\lib\site-packages\fastapi\routing.py", line 355, in app
    raw_response = await run_endpoint_function(
  File "C:\Users\81026\AppData\Local\Programs\Python\Python310\lib\site-packages\fastapi\routing.py", line 243, in run_endpoint_function
    return await dependant.call(**values)
  File "D:\code\BugSeek\backend\app\api\v1\endpoints.py", line 183, in get_endpoints
    query = query.join(VersionEndpoint, ApiEndpoint.id == VersionEndpoint.endpoint_id).filter(
NameError: name 'VersionEndpoint' is not defined
2026-01-23 16:45:12 | ERROR | [658b545aae38449490c48300d9a13571] | app.main | 未捕获的异常: name 'VersionEndpoint' is not defined | 路径: /api/v1/api-integration/endpoints | 方法: GET
Traceback (most recent call last):
  File "C:\Users\81026\AppData\Local\Programs\Python\Python310\lib\site-packages\starlette\middleware\errors.py", line 164, in __call__
    await self.app(scope, receive, _send)
  File "C:\Users\81026\AppData\Local\Programs\Python\Python310\lib\site-packages\starlette\middleware\cors.py", line 85, in __call__
    await self.app(scope, receive, send)
  File "C:\Users\81026\AppData\Local\Programs\Python\Python310\lib\site-packages\starlette\middleware\base.py", line 191, in __call__
    with recv_stream, send_stream, collapse_excgroups():
  File "C:\Users\81026\AppData\Local\Programs\Python\Python310\lib\contextlib.py", line 153, in __exit__
    self.gen.throw(typ, value, traceback)
  File "C:\Users\81026\AppData\Local\Programs\Python\Python310\lib\site-packages\starlette\_utils.py", line 85, in collapse_excgroups
    raise exc
  File "C:\Users\81026\AppData\Local\Programs\Python\Python310\lib\site-packages\starlette\middleware\base.py", line 193, in __call__
    response = await self.dispatch_func(request, call_next)
  File "D:\code\BugSeek\backend\app\main.py", line 29, in trace_id_middleware
    response = await call_next(request)
  File "C:\Users\81026\AppData\Local\Programs\Python\Python310\lib\site-packages\starlette\middleware\base.py", line 168, in call_next
    raise app_exc from app_exc.__cause__ or app_exc.__context__
  File "C:\Users\81026\AppData\Local\Programs\Python\Python310\lib\site-packages\starlette\middleware\base.py", line 144, in coro
    await self.app(scope, receive_or_disconnect, send_no_error)
  File "C:\Users\81026\AppData\Local\Programs\Python\Python310\lib\site-packages\starlette\middleware\exceptions.py", line 63, in __call__
    await wrap_app_handling_exceptions(self.app, conn)(scope, receive, send)
  File "C:\Users\81026\AppData\Local\Programs\Python\Python310\lib\site-packages\starlette\_exception_handler.py", line 53, in wrapped_app
    raise exc
  File "C:\Users\81026\AppData\Local\Programs\Python\Python310\lib\site-packages\starlette\_exception_handler.py", line 42, in wrapped_app
    await app(scope, receive, sender)
  File "C:\Users\81026\AppData\Local\Programs\Python\Python310\lib\site-packages\fastapi\middleware\asyncexitstack.py", line 18, in __call__
    await self.app(scope, receive, send)
  File "C:\Users\81026\AppData\Local\Programs\Python\Python310\lib\site-packages\starlette\routing.py", line 716, in __call__
    await self.middleware_stack(scope, receive, send)
  File "C:\Users\81026\AppData\Local\Programs\Python\Python310\lib\site-packages\starlette\routing.py", line 736, in app
    await route.handle(scope, receive, send)
  File "C:\Users\81026\AppData\Local\Programs\Python\Python310\lib\site-packages\starlette\routing.py", line 290, in handle
    await self.app(scope, receive, send)
  File "C:\Users\81026\AppData\Local\Programs\Python\Python310\lib\site-packages\fastapi\routing.py", line 115, in app
    await wrap_app_handling_exceptions(app, request)(scope, receive, send)
  File "C:\Users\81026\AppData\Local\Programs\Python\Python310\lib\site-packages\starlette\_exception_handler.py", line 53, in wrapped_app
    raise exc
  File "C:\Users\81026\AppData\Local\Programs\Python\Python310\lib\site-packages\starlette\_exception_handler.py", line 42, in wrapped_app
    await app(scope, receive, sender)
  File "C:\Users\81026\AppData\Local\Programs\Python\Python310\lib\site-packages\fastapi\routing.py", line 101, in app
    response = await f(request)
  File "C:\Users\81026\AppData\Local\Programs\Python\Python310\lib\site-packages\fastapi\routing.py", line 355, in app
    raw_response = await run_endpoint_function(
  File "C:\Users\81026\AppData\Local\Programs\Python\Python310\lib\site-packages\fastapi\routing.py", line 243, in run_endpoint_function
    return await dependant.call(**values)
  File "D:\code\BugSeek\backend\app\api\v1\endpoints.py", line 183, in get_endpoints
    query = query.join(VersionEndpoint, ApiEndpoint.id == VersionEndpoint.endpoint_id).filter(
NameError: name 'VersionEndpoint' is not defined
2026-01-23 16:45:12 | INFO | [8a86f163fe694fb195b281d740cea95f] | app.api.v1.projects | [8a86f163fe694fb195b281d740cea95f] 用户 admin 获取项目列表: page=1, page_size=100
2026-01-23 16:45:12 | INFO | [8a86f163fe694fb195b281d740cea95f] | app.api.v1.projects | [8a86f163fe694fb195b281d740cea95f] 获取项目列表成功: total=2
2026-01-23 16:45:12 | INFO | [af4d0cedd1f24b36b430029c5a4ed877] | app.api.v1.versions | [af4d0cedd1f24b36b430029c5a4ed877] 用户 admin 获取版本列表: project_id=2, page=1, page_size=100
2026-01-23 16:45:12 | INFO | [af4d0cedd1f24b36b430029c5a4ed877] | app.api.v1.versions | [af4d0cedd1f24b36b430029c5a4ed877] 用户 admin 查看版本列表 项目 TEST (id=2) 的版本
2026-01-23 16:45:12 | INFO | [af4d0cedd1f24b36b430029c5a4ed877] | app.api.v1.versions | [af4d0cedd1f24b36b430029c5a4ed877] 获取版本列表成功: total=1
2026-01-23 16:45:12 | INFO | [7069a494f0454261b9767589ede9fc37] | app.api.v1.projects | [7069a494f0454261b9767589ede9fc37] 用户 admin 获取项目列表: page=1, page_size=100
2026-01-23 16:45:12 | INFO | [7069a494f0454261b9767589ede9fc37] | app.api.v1.projects | [7069a494f0454261b9767589ede9fc37] 获取项目列表成功: total=2
2026-01-23 16:45:12 | INFO | [d6f96f7fbde14673955d9f76b72b92af] | app.api.v1.projects | [d6f96f7fbde14673955d9f76b72b92af] 用户 admin 获取项目列表: page=1, page_size=100
2026-01-23 16:45:12 | INFO | [d6f96f7fbde14673955d9f76b72b92af] | app.api.v1.projects | [d6f96f7fbde14673955d9f76b72b92af] 获取项目列表成功: total=2
2026-01-23 16:45:12 | INFO | [5eb3a5b66dde4f6db6c2834b00d0f2a1] | app.api.v1.versions | [5eb3a5b66dde4f6db6c2834b00d0f2a1] 用户 admin 获取版本列表: project_id=2, page=1, page_size=100
2026-01-23 16:45:12 | INFO | [5eb3a5b66dde4f6db6c2834b00d0f2a1] | app.api.v1.versions | [5eb3a5b66dde4f6db6c2834b00d0f2a1] 用户 admin 查看版本列表 项目 TEST (id=2) 的版本
2026-01-23 16:45:12 | INFO | [5eb3a5b66dde4f6db6c2834b00d0f2a1] | app.api.v1.versions | [5eb3a5b66dde4f6db6c2834b00d0f2a1] 获取版本列表成功: total=1
2026-01-23 16:45:12 | INFO | [d289f3433017465391f5dab27132b8e3] | app.api.v1.projects | [d289f3433017465391f5dab27132b8e3] 用户 admin 获取项目列表: page=1, page_size=100
2026-01-23 16:45:12 | INFO | [d289f3433017465391f5dab27132b8e3] | app.api.v1.projects | [d289f3433017465391f5dab27132b8e3] 获取项目列表成功: total=2
2026-01-23 16:46:08 | INFO | [9971a96aa7cb48119e5e84c4b018a74f] | app.api.v1.api_integration | 获取文档列表: skip=0, limit=100, user=admin, project_id=2, version_id=4
2026-01-23 16:46:08 | INFO | [9971a96aa7cb48119e5e84c4b018a74f] | app.api.v1.api_integration | 查询到 1 个文档，total=1
2026-01-23 16:46:08 | INFO | [ff914415d14c4c9fbff01a72e6f1a690] | app.api.v1.api_integration | 获取文档列表: skip=0, limit=100, user=admin, project_id=2, version_id=4
2026-01-23 16:46:08 | INFO | [ff914415d14c4c9fbff01a72e6f1a690] | app.api.v1.api_integration | 查询到 1 个文档，total=1
2026-01-23 16:46:14 | INFO | [907d5e113c354b048ba1482a38bba1a8] | app.api.v1.versions | [907d5e113c354b048ba1482a38bba1a8] 用户 admin 获取版本列表: project_id=1, page=1, page_size=100
2026-01-23 16:46:14 | INFO | [907d5e113c354b048ba1482a38bba1a8] | app.api.v1.versions | [907d5e113c354b048ba1482a38bba1a8] 用户 admin 查看版本列表 项目 InvenTree (id=1) 的版本
2026-01-23 16:46:14 | INFO | [907d5e113c354b048ba1482a38bba1a8] | app.api.v1.versions | [907d5e113c354b048ba1482a38bba1a8] 获取版本列表成功: total=2
2026-01-23 16:46:14 | INFO | [70d8b5545827489d960db841267af192] | app.api.v1.api_integration | 获取文档列表: skip=0, limit=100, user=admin, project_id=1, version_id=None
2026-01-23 16:46:14 | INFO | [70d8b5545827489d960db841267af192] | app.api.v1.api_integration | 查询到 0 个文档，total=0
2026-01-23 16:46:14 | INFO | [3671132decc54554886e842d638e8121] | app.api.v1.api_integration | 获取文档列表: skip=0, limit=100, user=admin, project_id=1, version_id=3
2026-01-23 16:46:14 | INFO | [3671132decc54554886e842d638e8121] | app.api.v1.api_integration | 查询到 0 个文档，total=0
2026-01-23 16:46:16 | INFO | [600541c6aa5140448412d02d37571da9] | app.api.v1.api_integration | 获取文档列表: skip=0, limit=100, user=admin, project_id=1, version_id=1
2026-01-23 16:46:16 | INFO | [600541c6aa5140448412d02d37571da9] | app.api.v1.api_integration | 查询到 0 个文档，total=0
2026-01-23 16:46:18 | INFO | [a415f20d54ab4b089d475b097f044340] | app.api.v1.api_integration | 获取文档列表: skip=0, limit=100, user=admin, project_id=1, version_id=3
2026-01-23 16:46:18 | INFO | [a415f20d54ab4b089d475b097f044340] | app.api.v1.api_integration | 查询到 0 个文档，total=0
2026-01-23 17:12:27 | INFO | [e1e7103be0fe4bd092565f84fd4f8f1e] | app.api.v1.projects | [e1e7103be0fe4bd092565f84fd4f8f1e] 用户 admin 获取项目详情: project_id=1
2026-01-23 17:12:27 | INFO | [e1e7103be0fe4bd092565f84fd4f8f1e] | app.api.v1.projects | [e1e7103be0fe4bd092565f84fd4f8f1e] 用户 admin 查看 项目 InvenTree (id=1)
2026-01-23 17:12:27 | INFO | [e1e7103be0fe4bd092565f84fd4f8f1e] | app.api.v1.projects | [e1e7103be0fe4bd092565f84fd4f8f1e] 获取项目详情成功: project_id=1
2026-01-23 17:12:27 | INFO | [2bdd14f84fc045eaa40c4563a9a9d04d] | app.api.v1.versions | [2bdd14f84fc045eaa40c4563a9a9d04d] 用户 admin 获取版本列表: project_id=1, page=1, page_size=10
2026-01-23 17:12:27 | INFO | [2bdd14f84fc045eaa40c4563a9a9d04d] | app.api.v1.versions | [2bdd14f84fc045eaa40c4563a9a9d04d] 用户 admin 查看版本列表 项目 InvenTree (id=1) 的版本
2026-01-23 17:12:27 | INFO | [2bdd14f84fc045eaa40c4563a9a9d04d] | app.api.v1.versions | [2bdd14f84fc045eaa40c4563a9a9d04d] 获取版本列表成功: total=2
2026-01-23 17:12:27 | INFO | [b6d7e533ab39490591b98cce89b52580] | app.api.v1.projects | [b6d7e533ab39490591b98cce89b52580] 用户 admin 获取项目详情: project_id=1
2026-01-23 17:12:27 | INFO | [b6d7e533ab39490591b98cce89b52580] | app.api.v1.projects | [b6d7e533ab39490591b98cce89b52580] 用户 admin 查看 项目 InvenTree (id=1)
2026-01-23 17:12:27 | INFO | [b6d7e533ab39490591b98cce89b52580] | app.api.v1.projects | [b6d7e533ab39490591b98cce89b52580] 获取项目详情成功: project_id=1
2026-01-23 17:12:27 | INFO | [0b0362824bff48b99453a26049bf67fa] | app.api.v1.versions | [0b0362824bff48b99453a26049bf67fa] 用户 admin 获取版本列表: project_id=1, page=1, page_size=10
2026-01-23 17:12:27 | INFO | [0b0362824bff48b99453a26049bf67fa] | app.api.v1.versions | [0b0362824bff48b99453a26049bf67fa] 用户 admin 查看版本列表 项目 InvenTree (id=1) 的版本
2026-01-23 17:12:27 | INFO | [0b0362824bff48b99453a26049bf67fa] | app.api.v1.versions | [0b0362824bff48b99453a26049bf67fa] 获取版本列表成功: total=2
2026-01-23 17:12:29 | INFO | [5408b218a124452fa1f01c73a0e4a50c] | app.api.v1.projects | [5408b218a124452fa1f01c73a0e4a50c] 用户 admin 获取项目列表: page=1, page_size=10
2026-01-23 17:12:29 | INFO | [5408b218a124452fa1f01c73a0e4a50c] | app.api.v1.projects | [5408b218a124452fa1f01c73a0e4a50c] 获取项目列表成功: total=2
2026-01-23 17:12:29 | INFO | [b8a228b70860406095bea07a909b90e6] | app.api.v1.projects | [b8a228b70860406095bea07a909b90e6] 用户 admin 获取项目列表: page=1, page_size=10
2026-01-23 17:12:29 | INFO | [b8a228b70860406095bea07a909b90e6] | app.api.v1.projects | [b8a228b70860406095bea07a909b90e6] 获取项目列表成功: total=2
2026-01-23 17:12:33 | INFO | [855d24809d2b4b0c94e49721767744c5] | app.api.v1.projects | [855d24809d2b4b0c94e49721767744c5] 用户 admin 获取项目列表: page=1, page_size=100
2026-01-23 17:12:33 | INFO | [855d24809d2b4b0c94e49721767744c5] | app.api.v1.projects | [855d24809d2b4b0c94e49721767744c5] 获取项目列表成功: total=2
2026-01-23 17:12:33 | INFO | [297051ce5dd94b7199411396cf0b9db7] | app.api.v1.projects | [297051ce5dd94b7199411396cf0b9db7] 用户 admin 获取项目列表: page=1, page_size=10
2026-01-23 17:12:33 | INFO | [297051ce5dd94b7199411396cf0b9db7] | app.api.v1.projects | [297051ce5dd94b7199411396cf0b9db7] 获取项目列表成功: total=2
2026-01-23 17:12:33 | INFO | [2ca429b6ffe64a0ca5cf49c52b0da8f8] | app.api.v1.versions | [2ca429b6ffe64a0ca5cf49c52b0da8f8] 用户 admin 获取版本列表: project_id=1, page=1, page_size=100
2026-01-23 17:12:33 | INFO | [2ca429b6ffe64a0ca5cf49c52b0da8f8] | app.api.v1.versions | [2ca429b6ffe64a0ca5cf49c52b0da8f8] 用户 admin 查看版本列表 项目 InvenTree (id=1) 的版本
2026-01-23 17:12:33 | INFO | [2ca429b6ffe64a0ca5cf49c52b0da8f8] | app.api.v1.versions | [2ca429b6ffe64a0ca5cf49c52b0da8f8] 获取版本列表成功: total=2
2026-01-23 17:12:33 | INFO | [826d80d407404f75bc7446d05a9793ae] | app.api.v1.projects | [826d80d407404f75bc7446d05a9793ae] 用户 admin 获取项目列表: page=1, page_size=100
2026-01-23 17:12:33 | INFO | [826d80d407404f75bc7446d05a9793ae] | app.api.v1.projects | [826d80d407404f75bc7446d05a9793ae] 获取项目列表成功: total=2
2026-01-23 17:12:33 | INFO | [141150137aa84a3d84a3691f01885702] | app.api.v1.projects | [141150137aa84a3d84a3691f01885702] 用户 admin 获取项目列表: page=1, page_size=10
2026-01-23 17:12:33 | INFO | [141150137aa84a3d84a3691f01885702] | app.api.v1.projects | [141150137aa84a3d84a3691f01885702] 获取项目列表成功: total=2
2026-01-23 17:12:33 | INFO | [ecde4cb7b4854a61aa28b7bd342eb48a] | app.api.v1.versions | [ecde4cb7b4854a61aa28b7bd342eb48a] 用户 admin 获取版本列表: project_id=1, page=1, page_size=100
2026-01-23 17:12:33 | INFO | [ecde4cb7b4854a61aa28b7bd342eb48a] | app.api.v1.versions | [ecde4cb7b4854a61aa28b7bd342eb48a] 用户 admin 查看版本列表 项目 InvenTree (id=1) 的版本
2026-01-23 17:12:33 | INFO | [ecde4cb7b4854a61aa28b7bd342eb48a] | app.api.v1.versions | [ecde4cb7b4854a61aa28b7bd342eb48a] 获取版本列表成功: total=2
2026-01-23 17:12:33 | INFO | [167bbb99eff64f97891595e9e2ac1852] | app.api.v1.projects | [167bbb99eff64f97891595e9e2ac1852] 用户 admin 获取项目列表: page=1, page_size=100
2026-01-23 17:12:33 | INFO | [167bbb99eff64f97891595e9e2ac1852] | app.api.v1.projects | [167bbb99eff64f97891595e9e2ac1852] 获取项目列表成功: total=2
2026-01-23 17:12:33 | INFO | [3855f1f182a841b69bf17dfb7cc9d09d] | app.api.v1.projects | [3855f1f182a841b69bf17dfb7cc9d09d] 用户 admin 获取项目列表: page=1, page_size=100
2026-01-23 17:12:33 | INFO | [3855f1f182a841b69bf17dfb7cc9d09d] | app.api.v1.projects | [3855f1f182a841b69bf17dfb7cc9d09d] 获取项目列表成功: total=2
2026-01-23 17:12:49 | INFO | [5a991ffe5b1644c9bbfd6cd487572bb6] | app.api.v1.projects | [5a991ffe5b1644c9bbfd6cd487572bb6] 用户 admin 获取项目列表: page=1, page_size=100
2026-01-23 17:12:49 | INFO | [5a991ffe5b1644c9bbfd6cd487572bb6] | app.api.v1.projects | [5a991ffe5b1644c9bbfd6cd487572bb6] 获取项目列表成功: total=2
2026-01-23 17:12:49 | INFO | [20d6de07786549c8b1b659e692382bf7] | app.api.v1.versions | [20d6de07786549c8b1b659e692382bf7] 用户 admin 获取版本列表: project_id=1, page=1, page_size=100
2026-01-23 17:12:49 | INFO | [20d6de07786549c8b1b659e692382bf7] | app.api.v1.versions | [20d6de07786549c8b1b659e692382bf7] 用户 admin 查看版本列表 项目 InvenTree (id=1) 的版本
2026-01-23 17:12:49 | INFO | [20d6de07786549c8b1b659e692382bf7] | app.api.v1.versions | [20d6de07786549c8b1b659e692382bf7] 获取版本列表成功: total=2
2026-01-23 17:12:49 | INFO | [e529aa08099447e5a26f3208e9d864fd] | app.api.v1.projects | [e529aa08099447e5a26f3208e9d864fd] 用户 admin 获取项目列表: page=1, page_size=10
2026-01-23 17:12:49 | INFO | [e529aa08099447e5a26f3208e9d864fd] | app.api.v1.projects | [e529aa08099447e5a26f3208e9d864fd] 获取项目列表成功: total=2
2026-01-23 17:12:49 | INFO | [fe2943854b224075a0f248a24aaf5488] | app.api.v1.projects | [fe2943854b224075a0f248a24aaf5488] 用户 admin 获取项目列表: page=1, page_size=100
2026-01-23 17:12:49 | INFO | [fe2943854b224075a0f248a24aaf5488] | app.api.v1.projects | [fe2943854b224075a0f248a24aaf5488] 获取项目列表成功: total=2
2026-01-23 17:12:49 | INFO | [63b81bd11d424a50975bf0f843cf8d8c] | app.api.v1.versions | [63b81bd11d424a50975bf0f843cf8d8c] 用户 admin 获取版本列表: project_id=1, page=1, page_size=100
2026-01-23 17:12:49 | INFO | [63b81bd11d424a50975bf0f843cf8d8c] | app.api.v1.versions | [63b81bd11d424a50975bf0f843cf8d8c] 用户 admin 查看版本列表 项目 InvenTree (id=1) 的版本
2026-01-23 17:12:49 | INFO | [63b81bd11d424a50975bf0f843cf8d8c] | app.api.v1.versions | [63b81bd11d424a50975bf0f843cf8d8c] 获取版本列表成功: total=2
2026-01-23 17:12:49 | INFO | [98b5a9cd65634b738abec7c188a7b2e9] | app.api.v1.projects | [98b5a9cd65634b738abec7c188a7b2e9] 用户 admin 获取项目列表: page=1, page_size=10
2026-01-23 17:12:49 | INFO | [98b5a9cd65634b738abec7c188a7b2e9] | app.api.v1.projects | [98b5a9cd65634b738abec7c188a7b2e9] 获取项目列表成功: total=2
2026-01-23 17:12:49 | INFO | [c7494630976c4ac2855903f2d65ddede] | app.api.v1.projects | [c7494630976c4ac2855903f2d65ddede] 用户 admin 获取项目列表: page=1, page_size=100
2026-01-23 17:12:49 | INFO | [c7494630976c4ac2855903f2d65ddede] | app.api.v1.projects | [c7494630976c4ac2855903f2d65ddede] 获取项目列表成功: total=2
2026-01-23 17:12:49 | INFO | [197994f62a3242f1932a2ea90d8cbbdf] | app.api.v1.projects | [197994f62a3242f1932a2ea90d8cbbdf] 用户 admin 获取项目列表: page=1, page_size=100
2026-01-23 17:12:49 | INFO | [197994f62a3242f1932a2ea90d8cbbdf] | app.api.v1.projects | [197994f62a3242f1932a2ea90d8cbbdf] 获取项目列表成功: total=2
2026-01-23 17:12:52 | INFO | [24709811986c44c8a30de73962ab2409] | app.api.v1.projects | [24709811986c44c8a30de73962ab2409] 用户 admin 获取项目详情: project_id=1
2026-01-23 17:12:52 | INFO | [24709811986c44c8a30de73962ab2409] | app.api.v1.projects | [24709811986c44c8a30de73962ab2409] 用户 admin 查看 项目 InvenTree (id=1)
2026-01-23 17:12:52 | INFO | [24709811986c44c8a30de73962ab2409] | app.api.v1.projects | [24709811986c44c8a30de73962ab2409] 获取项目详情成功: project_id=1
2026-01-23 17:12:52 | INFO | [f38440d77954471da2725d7334706b08] | app.api.v1.versions | [f38440d77954471da2725d7334706b08] 用户 admin 获取版本列表: project_id=1, page=1, page_size=10
2026-01-23 17:12:52 | INFO | [f38440d77954471da2725d7334706b08] | app.api.v1.versions | [f38440d77954471da2725d7334706b08] 用户 admin 查看版本列表 项目 InvenTree (id=1) 的版本
2026-01-23 17:12:52 | INFO | [f38440d77954471da2725d7334706b08] | app.api.v1.versions | [f38440d77954471da2725d7334706b08] 获取版本列表成功: total=2
2026-01-23 17:12:52 | INFO | [c00b2d5fc00246c8b305f7b23edc7f8d] | app.api.v1.projects | [c00b2d5fc00246c8b305f7b23edc7f8d] 用户 admin 获取项目详情: project_id=1
2026-01-23 17:12:52 | INFO | [c00b2d5fc00246c8b305f7b23edc7f8d] | app.api.v1.projects | [c00b2d5fc00246c8b305f7b23edc7f8d] 用户 admin 查看 项目 InvenTree (id=1)
2026-01-23 17:12:52 | INFO | [c00b2d5fc00246c8b305f7b23edc7f8d] | app.api.v1.projects | [c00b2d5fc00246c8b305f7b23edc7f8d] 获取项目详情成功: project_id=1
2026-01-23 17:12:52 | INFO | [ce9913f7b3664d77b04b30ac7da55643] | app.api.v1.versions | [ce9913f7b3664d77b04b30ac7da55643] 用户 admin 获取版本列表: project_id=1, page=1, page_size=10
2026-01-23 17:12:52 | INFO | [ce9913f7b3664d77b04b30ac7da55643] | app.api.v1.versions | [ce9913f7b3664d77b04b30ac7da55643] 用户 admin 查看版本列表 项目 InvenTree (id=1) 的版本
2026-01-23 17:12:52 | INFO | [ce9913f7b3664d77b04b30ac7da55643] | app.api.v1.versions | [ce9913f7b3664d77b04b30ac7da55643] 获取版本列表成功: total=2
2026-01-23 17:12:53 | INFO | [57e799c8759e46bea83370649a3e07b7] | app.api.v1.projects | [57e799c8759e46bea83370649a3e07b7] 用户 admin 获取项目列表: page=1, page_size=10
2026-01-23 17:12:53 | INFO | [57e799c8759e46bea83370649a3e07b7] | app.api.v1.projects | [57e799c8759e46bea83370649a3e07b7] 获取项目列表成功: total=2
2026-01-23 17:12:53 | INFO | [561c4e33137a4b1497c88737cc606c35] | app.api.v1.projects | [561c4e33137a4b1497c88737cc606c35] 用户 admin 获取项目列表: page=1, page_size=10
2026-01-23 17:12:53 | INFO | [561c4e33137a4b1497c88737cc606c35] | app.api.v1.projects | [561c4e33137a4b1497c88737cc606c35] 获取项目列表成功: total=2
2026-01-23 17:17:14 | INFO | [ddd0bcbdc4ec4efdaf4322bd5ee2e84b] | app.api.v1.context | [ddd0bcbdc4ec4efdaf4322bd5ee2e84b] 切换用户上下文: user=admin, project_id=2, version_id=None
2026-01-23 17:17:14 | INFO | [ddd0bcbdc4ec4efdaf4322bd5ee2e84b] | app.context | [ddd0bcbdc4ec4efdaf4322bd5ee2e84b] 用户 admin 没有上下文，创建默认上下文
2026-01-23 17:17:14 | INFO | [ddd0bcbdc4ec4efdaf4322bd5ee2e84b] | app.context | [ddd0bcbdc4ec4efdaf4322bd5ee2e84b] 用户 admin 更新上下文: project_id=2, version_id=None
2026-01-23 17:17:14 | INFO | [7956d7b59bdf48e7a18c3c335eae2098] | app.api.v1.versions | [7956d7b59bdf48e7a18c3c335eae2098] 用户 admin 获取版本列表: project_id=2, page=1, page_size=100
2026-01-23 17:17:14 | INFO | [7956d7b59bdf48e7a18c3c335eae2098] | app.api.v1.versions | [7956d7b59bdf48e7a18c3c335eae2098] 用户 admin 查看版本列表 项目 TEST (id=2) 的版本
2026-01-23 17:17:14 | INFO | [7956d7b59bdf48e7a18c3c335eae2098] | app.api.v1.versions | [7956d7b59bdf48e7a18c3c335eae2098] 获取版本列表成功: total=1
2026-01-23 17:17:14 | INFO | [5516de2d75304b1ba13b758cba09525f] | app.api.v1.projects | [5516de2d75304b1ba13b758cba09525f] 用户 admin 获取项目列表: page=1, page_size=100
2026-01-23 17:17:14 | INFO | [5516de2d75304b1ba13b758cba09525f] | app.api.v1.projects | [5516de2d75304b1ba13b758cba09525f] 获取项目列表成功: total=2
2026-01-23 17:17:14 | INFO | [b2f754331b01464ea74aa9aac8c0ceda] | app.api.v1.projects | [b2f754331b01464ea74aa9aac8c0ceda] 用户 admin 获取项目列表: page=1, page_size=100
2026-01-23 17:17:14 | INFO | [b2f754331b01464ea74aa9aac8c0ceda] | app.api.v1.projects | [b2f754331b01464ea74aa9aac8c0ceda] 获取项目列表成功: total=2
2026-01-23 17:17:14 | INFO | [d91f58db06a544c0add6a53b98b8371f] | app.api.v1.versions | [d91f58db06a544c0add6a53b98b8371f] 用户 admin 获取版本列表: project_id=2, page=1, page_size=100
2026-01-23 17:17:14 | INFO | [d91f58db06a544c0add6a53b98b8371f] | app.api.v1.versions | [d91f58db06a544c0add6a53b98b8371f] 用户 admin 查看版本列表 项目 TEST (id=2) 的版本
2026-01-23 17:17:14 | INFO | [d91f58db06a544c0add6a53b98b8371f] | app.api.v1.versions | [d91f58db06a544c0add6a53b98b8371f] 获取版本列表成功: total=1
2026-01-23 17:17:14 | INFO | [9006de994084423eb3672e9253ab5cdd] | app.api.v1.projects | [9006de994084423eb3672e9253ab5cdd] 用户 admin 获取项目列表: page=1, page_size=10
2026-01-23 17:17:14 | INFO | [9006de994084423eb3672e9253ab5cdd] | app.api.v1.projects | [9006de994084423eb3672e9253ab5cdd] 获取项目列表成功: total=2
2026-01-23 17:17:14 | INFO | [f273ded515c6488aaf2c7d3284ff9909] | app.api.v1.projects | [f273ded515c6488aaf2c7d3284ff9909] 用户 admin 获取项目列表: page=1, page_size=10
2026-01-23 17:17:14 | INFO | [f273ded515c6488aaf2c7d3284ff9909] | app.api.v1.projects | [f273ded515c6488aaf2c7d3284ff9909] 获取项目列表成功: total=2
2026-01-23 17:17:14 | INFO | [1414d4483faa4427be25ad151c775b02] | app.api.v1.projects | [1414d4483faa4427be25ad151c775b02] 用户 admin 获取项目列表: page=1, page_size=100
2026-01-23 17:17:14 | INFO | [1414d4483faa4427be25ad151c775b02] | app.api.v1.projects | [1414d4483faa4427be25ad151c775b02] 获取项目列表成功: total=2
2026-01-23 17:17:14 | INFO | [b6c34b707f224f85885bc2b05350e2ea] | app.api.v1.versions | [b6c34b707f224f85885bc2b05350e2ea] 用户 admin 获取版本列表: project_id=2, page=1, page_size=100
2026-01-23 17:17:14 | INFO | [b6c34b707f224f85885bc2b05350e2ea] | app.api.v1.versions | [b6c34b707f224f85885bc2b05350e2ea] 用户 admin 查看版本列表 项目 TEST (id=2) 的版本
2026-01-23 17:17:14 | INFO | [b6c34b707f224f85885bc2b05350e2ea] | app.api.v1.versions | [b6c34b707f224f85885bc2b05350e2ea] 获取版本列表成功: total=1
2026-01-23 17:17:14 | INFO | [5b56af4cbad84255a7f2ba70def6a51a] | app.api.v1.projects | [5b56af4cbad84255a7f2ba70def6a51a] 用户 admin 获取项目列表: page=1, page_size=100
2026-01-23 17:17:14 | INFO | [5b56af4cbad84255a7f2ba70def6a51a] | app.api.v1.projects | [5b56af4cbad84255a7f2ba70def6a51a] 获取项目列表成功: total=2
2026-01-23 17:17:18 | INFO | [a82a1c1e3fea4b23bc3fdf9d6dc5023c] | app.api.v1.context | [a82a1c1e3fea4b23bc3fdf9d6dc5023c] 切换用户上下文: user=admin, project_id=1, version_id=None
2026-01-23 17:17:18 | INFO | [a82a1c1e3fea4b23bc3fdf9d6dc5023c] | app.context | [a82a1c1e3fea4b23bc3fdf9d6dc5023c] 用户 admin 更新上下文: project_id=1, version_id=None
2026-01-23 17:17:18 | INFO | [e04d426c251c421594d7831a2dd5b7aa] | app.api.v1.versions | [e04d426c251c421594d7831a2dd5b7aa] 用户 admin 获取版本列表: project_id=1, page=1, page_size=100
2026-01-23 17:17:18 | INFO | [e04d426c251c421594d7831a2dd5b7aa] | app.api.v1.versions | [e04d426c251c421594d7831a2dd5b7aa] 用户 admin 查看版本列表 项目 InvenTree (id=1) 的版本
2026-01-23 17:17:18 | INFO | [e04d426c251c421594d7831a2dd5b7aa] | app.api.v1.versions | [e04d426c251c421594d7831a2dd5b7aa] 获取版本列表成功: total=2
2026-01-23 17:17:18 | INFO | [4add4abd558844a8976b654078e40593] | app.api.v1.projects | [4add4abd558844a8976b654078e40593] 用户 admin 获取项目列表: page=1, page_size=100
2026-01-23 17:17:18 | INFO | [4add4abd558844a8976b654078e40593] | app.api.v1.projects | [4add4abd558844a8976b654078e40593] 获取项目列表成功: total=2
2026-01-23 17:17:18 | INFO | [0767a367d7494834994ee79d30cbb1f1] | app.api.v1.versions | [0767a367d7494834994ee79d30cbb1f1] 用户 admin 获取版本列表: project_id=1, page=1, page_size=100
2026-01-23 17:17:18 | INFO | [0767a367d7494834994ee79d30cbb1f1] | app.api.v1.versions | [0767a367d7494834994ee79d30cbb1f1] 用户 admin 查看版本列表 项目 InvenTree (id=1) 的版本
2026-01-23 17:17:18 | INFO | [0767a367d7494834994ee79d30cbb1f1] | app.api.v1.versions | [0767a367d7494834994ee79d30cbb1f1] 获取版本列表成功: total=2
2026-01-23 17:17:18 | INFO | [ae7cfc4cad9846909f8c68b31f78dbc9] | app.api.v1.projects | [ae7cfc4cad9846909f8c68b31f78dbc9] 用户 admin 获取项目列表: page=1, page_size=10
2026-01-23 17:17:18 | INFO | [ae7cfc4cad9846909f8c68b31f78dbc9] | app.api.v1.projects | [ae7cfc4cad9846909f8c68b31f78dbc9] 获取项目列表成功: total=2
2026-01-23 17:17:18 | INFO | [53a7d9b15c824c6090e1202a698e62eb] | app.api.v1.projects | [53a7d9b15c824c6090e1202a698e62eb] 用户 admin 获取项目列表: page=1, page_size=100
2026-01-23 17:17:18 | INFO | [53a7d9b15c824c6090e1202a698e62eb] | app.api.v1.projects | [53a7d9b15c824c6090e1202a698e62eb] 获取项目列表成功: total=2
2026-01-23 17:17:18 | INFO | [6c37baea0daf433391979dad3a6e9e85] | app.api.v1.projects | [6c37baea0daf433391979dad3a6e9e85] 用户 admin 获取项目列表: page=1, page_size=100
2026-01-23 17:17:18 | INFO | [6c37baea0daf433391979dad3a6e9e85] | app.api.v1.projects | [6c37baea0daf433391979dad3a6e9e85] 获取项目列表成功: total=2
2026-01-23 17:17:18 | INFO | [8eb9ae153ee14b27af486277f9746027] | app.api.v1.projects | [8eb9ae153ee14b27af486277f9746027] 用户 admin 获取项目列表: page=1, page_size=10
2026-01-23 17:17:18 | INFO | [8eb9ae153ee14b27af486277f9746027] | app.api.v1.projects | [8eb9ae153ee14b27af486277f9746027] 获取项目列表成功: total=2
2026-01-23 17:17:18 | INFO | [f09adae3203641e3a34fecc62eb95264] | app.api.v1.versions | [f09adae3203641e3a34fecc62eb95264] 用户 admin 获取版本列表: project_id=1, page=1, page_size=100
2026-01-23 17:17:18 | INFO | [f09adae3203641e3a34fecc62eb95264] | app.api.v1.versions | [f09adae3203641e3a34fecc62eb95264] 用户 admin 查看版本列表 项目 InvenTree (id=1) 的版本
2026-01-23 17:17:18 | INFO | [f09adae3203641e3a34fecc62eb95264] | app.api.v1.versions | [f09adae3203641e3a34fecc62eb95264] 获取版本列表成功: total=2
2026-01-23 17:17:18 | INFO | [b4b349649e884ad49ade7f6a8f6c4762] | app.api.v1.projects | [b4b349649e884ad49ade7f6a8f6c4762] 用户 admin 获取项目列表: page=1, page_size=100
2026-01-23 17:17:18 | INFO | [b4b349649e884ad49ade7f6a8f6c4762] | app.api.v1.projects | [b4b349649e884ad49ade7f6a8f6c4762] 获取项目列表成功: total=2
2026-01-23 17:17:20 | INFO | [9ed7d0665c594417abf8b803b75fb34a] | app.api.v1.projects | [9ed7d0665c594417abf8b803b75fb34a] 用户 admin 获取项目详情: project_id=1
2026-01-23 17:17:20 | INFO | [9ed7d0665c594417abf8b803b75fb34a] | app.api.v1.projects | [9ed7d0665c594417abf8b803b75fb34a] 用户 admin 查看 项目 InvenTree (id=1)
2026-01-23 17:17:20 | INFO | [9ed7d0665c594417abf8b803b75fb34a] | app.api.v1.projects | [9ed7d0665c594417abf8b803b75fb34a] 获取项目详情成功: project_id=1
2026-01-23 17:17:20 | INFO | [64969ca46ed548dd903e299487309d8a] | app.api.v1.projects | [64969ca46ed548dd903e299487309d8a] 用户 admin 获取项目详情: project_id=1
2026-01-23 17:17:20 | INFO | [64969ca46ed548dd903e299487309d8a] | app.api.v1.projects | [64969ca46ed548dd903e299487309d8a] 用户 admin 查看 项目 InvenTree (id=1)
2026-01-23 17:17:20 | INFO | [64969ca46ed548dd903e299487309d8a] | app.api.v1.projects | [64969ca46ed548dd903e299487309d8a] 获取项目详情成功: project_id=1
2026-01-23 17:17:20 | INFO | [7955f5c9c0f04f6584141b1116f8d496] | app.api.v1.versions | [7955f5c9c0f04f6584141b1116f8d496] 用户 admin 获取版本列表: project_id=1, page=1, page_size=10
2026-01-23 17:17:20 | INFO | [7955f5c9c0f04f6584141b1116f8d496] | app.api.v1.versions | [7955f5c9c0f04f6584141b1116f8d496] 用户 admin 查看版本列表 项目 InvenTree (id=1) 的版本
2026-01-23 17:17:20 | INFO | [7955f5c9c0f04f6584141b1116f8d496] | app.api.v1.versions | [7955f5c9c0f04f6584141b1116f8d496] 获取版本列表成功: total=2
2026-01-23 17:17:20 | INFO | [7d135a2d480d4559920129011410a34d] | app.api.v1.versions | [7d135a2d480d4559920129011410a34d] 用户 admin 获取版本列表: project_id=1, page=1, page_size=10
2026-01-23 17:17:20 | INFO | [7d135a2d480d4559920129011410a34d] | app.api.v1.versions | [7d135a2d480d4559920129011410a34d] 用户 admin 查看版本列表 项目 InvenTree (id=1) 的版本
2026-01-23 17:17:20 | INFO | [7d135a2d480d4559920129011410a34d] | app.api.v1.versions | [7d135a2d480d4559920129011410a34d] 获取版本列表成功: total=2
2026-01-23 17:17:23 | INFO | [ab757bfd1bd9442699f576194c03ca26] | app.api.v1.api_integration | 获取文档列表: skip=0, limit=100, user=admin, project_id=1, version_id=None
2026-01-23 17:17:23 | INFO | [ab757bfd1bd9442699f576194c03ca26] | app.api.v1.api_integration | 查询到 0 个文档，total=0
2026-01-23 17:17:23 | INFO | [e3718ae97f5646aa906c1bcb72beb8e5] | app.api.v1.api_integration | 获取文档列表: skip=0, limit=100, user=admin, project_id=1, version_id=None
2026-01-23 17:17:23 | INFO | [e3718ae97f5646aa906c1bcb72beb8e5] | app.api.v1.api_integration | 查询到 0 个文档，total=0
2026-01-23 17:17:26 | INFO | [83305f4a75a247639cb0cac8d2c9a503] | app.api.v1.context | [83305f4a75a247639cb0cac8d2c9a503] 切换用户上下文: user=admin, project_id=2, version_id=None
2026-01-23 17:17:26 | INFO | [83305f4a75a247639cb0cac8d2c9a503] | app.context | [83305f4a75a247639cb0cac8d2c9a503] 用户 admin 更新上下文: project_id=2, version_id=None
2026-01-23 17:17:26 | INFO | [365bd7a629c54cd4972dd632676b7797] | app.api.v1.versions | [365bd7a629c54cd4972dd632676b7797] 用户 admin 获取版本列表: project_id=2, page=1, page_size=100
2026-01-23 17:17:26 | INFO | [365bd7a629c54cd4972dd632676b7797] | app.api.v1.versions | [365bd7a629c54cd4972dd632676b7797] 用户 admin 查看版本列表 项目 TEST (id=2) 的版本
2026-01-23 17:17:26 | INFO | [365bd7a629c54cd4972dd632676b7797] | app.api.v1.versions | [365bd7a629c54cd4972dd632676b7797] 获取版本列表成功: total=1
2026-01-23 17:17:27 | INFO | [51538bab773140ee9b7e121320d8fc68] | app.api.v1.projects | [51538bab773140ee9b7e121320d8fc68] 用户 admin 获取项目列表: page=1, page_size=100
2026-01-23 17:17:27 | INFO | [51538bab773140ee9b7e121320d8fc68] | app.api.v1.projects | [51538bab773140ee9b7e121320d8fc68] 获取项目列表成功: total=2
2026-01-23 17:17:27 | INFO | [5c3a250cf6f34b92bc6c01e5968aca42] | app.api.v1.versions | [5c3a250cf6f34b92bc6c01e5968aca42] 用户 admin 获取版本列表: project_id=2, page=1, page_size=100
2026-01-23 17:17:27 | INFO | [5c3a250cf6f34b92bc6c01e5968aca42] | app.api.v1.versions | [5c3a250cf6f34b92bc6c01e5968aca42] 用户 admin 查看版本列表 项目 TEST (id=2) 的版本
2026-01-23 17:17:27 | INFO | [5c3a250cf6f34b92bc6c01e5968aca42] | app.api.v1.versions | [5c3a250cf6f34b92bc6c01e5968aca42] 获取版本列表成功: total=1
2026-01-23 17:17:27 | INFO | [cfc3042b0c6644de9b44719c58d929c8] | app.api.v1.api_integration | 获取文档列表: skip=0, limit=100, user=admin, project_id=2, version_id=None
2026-01-23 17:17:27 | INFO | [cfc3042b0c6644de9b44719c58d929c8] | app.api.v1.api_integration | 查询到 1 个文档，total=1
2026-01-23 17:17:27 | INFO | [ee95ca6a4224458ea1340ffa0272bd98] | app.api.v1.projects | [ee95ca6a4224458ea1340ffa0272bd98] 用户 admin 获取项目列表: page=1, page_size=100
2026-01-23 17:17:27 | INFO | [ee95ca6a4224458ea1340ffa0272bd98] | app.api.v1.projects | [ee95ca6a4224458ea1340ffa0272bd98] 获取项目列表成功: total=2
2026-01-23 17:17:27 | INFO | [b7552b95823c4754a220079bb363a669] | app.api.v1.api_integration | 获取文档列表: skip=0, limit=100, user=admin, project_id=2, version_id=None
2026-01-23 17:17:27 | INFO | [b7552b95823c4754a220079bb363a669] | app.api.v1.api_integration | 查询到 1 个文档，total=1
2026-01-23 17:17:27 | INFO | [dab50b0c465d4b5298bc265b0e44acf5] | app.api.v1.projects | [dab50b0c465d4b5298bc265b0e44acf5] 用户 admin 获取项目列表: page=1, page_size=100
2026-01-23 17:17:27 | INFO | [dab50b0c465d4b5298bc265b0e44acf5] | app.api.v1.projects | [dab50b0c465d4b5298bc265b0e44acf5] 获取项目列表成功: total=2
2026-01-23 17:17:27 | INFO | [4ed21c04781b42188c4b8ce667e9d9df] | app.api.v1.versions | [4ed21c04781b42188c4b8ce667e9d9df] 用户 admin 获取版本列表: project_id=2, page=1, page_size=100
2026-01-23 17:17:27 | INFO | [4ed21c04781b42188c4b8ce667e9d9df] | app.api.v1.versions | [4ed21c04781b42188c4b8ce667e9d9df] 用户 admin 查看版本列表 项目 TEST (id=2) 的版本
2026-01-23 17:17:27 | INFO | [4ed21c04781b42188c4b8ce667e9d9df] | app.api.v1.versions | [4ed21c04781b42188c4b8ce667e9d9df] 获取版本列表成功: total=1
2026-01-23 17:17:27 | INFO | [bb172ca0529544b78e5fad92abb89c16] | app.api.v1.projects | [bb172ca0529544b78e5fad92abb89c16] 用户 admin 获取项目列表: page=1, page_size=100
2026-01-23 17:17:27 | INFO | [bb172ca0529544b78e5fad92abb89c16] | app.api.v1.projects | [bb172ca0529544b78e5fad92abb89c16] 获取项目列表成功: total=2
2026-01-23 17:17:33 | INFO | [0f22ade024d240c0baa6918e1faba255] | app.api.v1.context | [0f22ade024d240c0baa6918e1faba255] 切换用户上下文: user=admin, project_id=1, version_id=None
2026-01-23 17:17:33 | INFO | [0f22ade024d240c0baa6918e1faba255] | app.context | [0f22ade024d240c0baa6918e1faba255] 用户 admin 更新上下文: project_id=1, version_id=None
2026-01-23 17:17:33 | INFO | [113b464b52f740389efe345785d1f8c5] | app.api.v1.versions | [113b464b52f740389efe345785d1f8c5] 用户 admin 获取版本列表: project_id=1, page=1, page_size=100
2026-01-23 17:17:33 | INFO | [113b464b52f740389efe345785d1f8c5] | app.api.v1.versions | [113b464b52f740389efe345785d1f8c5] 用户 admin 查看版本列表 项目 InvenTree (id=1) 的版本
2026-01-23 17:17:33 | INFO | [113b464b52f740389efe345785d1f8c5] | app.api.v1.versions | [113b464b52f740389efe345785d1f8c5] 获取版本列表成功: total=2
2026-01-23 17:17:33 | INFO | [c37d7a5f0bf740b9976c486a34e95ff3] | app.api.v1.projects | [c37d7a5f0bf740b9976c486a34e95ff3] 用户 admin 获取项目列表: page=1, page_size=100
2026-01-23 17:17:33 | INFO | [c37d7a5f0bf740b9976c486a34e95ff3] | app.api.v1.projects | [c37d7a5f0bf740b9976c486a34e95ff3] 获取项目列表成功: total=2
2026-01-23 17:17:33 | INFO | [2e0195f316c74f75a7e0361591dc01c9] | app.api.v1.api_integration | 获取文档列表: skip=0, limit=100, user=admin, project_id=1, version_id=None
2026-01-23 17:17:33 | INFO | [2e0195f316c74f75a7e0361591dc01c9] | app.api.v1.api_integration | 查询到 0 个文档，total=0
2026-01-23 17:17:33 | INFO | [41a9cb51cd92448eac6010f965b269e9] | app.api.v1.versions | [41a9cb51cd92448eac6010f965b269e9] 用户 admin 获取版本列表: project_id=1, page=1, page_size=100
2026-01-23 17:17:33 | INFO | [41a9cb51cd92448eac6010f965b269e9] | app.api.v1.versions | [41a9cb51cd92448eac6010f965b269e9] 用户 admin 查看版本列表 项目 InvenTree (id=1) 的版本
2026-01-23 17:17:33 | INFO | [41a9cb51cd92448eac6010f965b269e9] | app.api.v1.versions | [41a9cb51cd92448eac6010f965b269e9] 获取版本列表成功: total=2
2026-01-23 17:17:33 | INFO | [6d8ae2a09a934aadbcfd3170af10c1a5] | app.api.v1.api_integration | 获取文档列表: skip=0, limit=100, user=admin, project_id=1, version_id=None
2026-01-23 17:17:33 | INFO | [6d8ae2a09a934aadbcfd3170af10c1a5] | app.api.v1.api_integration | 查询到 0 个文档，total=0
2026-01-23 17:17:33 | INFO | [a8bf785f5e2646a6b1996d43bb89585b] | app.api.v1.projects | [a8bf785f5e2646a6b1996d43bb89585b] 用户 admin 获取项目列表: page=1, page_size=100
2026-01-23 17:17:33 | INFO | [a8bf785f5e2646a6b1996d43bb89585b] | app.api.v1.projects | [a8bf785f5e2646a6b1996d43bb89585b] 获取项目列表成功: total=2
2026-01-23 17:17:33 | INFO | [712b0e4d6aad4cb5b371f262f51aab50] | app.api.v1.projects | [712b0e4d6aad4cb5b371f262f51aab50] 用户 admin 获取项目列表: page=1, page_size=100
2026-01-23 17:17:33 | INFO | [712b0e4d6aad4cb5b371f262f51aab50] | app.api.v1.projects | [712b0e4d6aad4cb5b371f262f51aab50] 获取项目列表成功: total=2
2026-01-23 17:17:33 | INFO | [0b5775f13fb14ee5a63a390b1bd5a481] | app.api.v1.projects | [0b5775f13fb14ee5a63a390b1bd5a481] 用户 admin 获取项目列表: page=1, page_size=100
2026-01-23 17:17:33 | INFO | [0b5775f13fb14ee5a63a390b1bd5a481] | app.api.v1.projects | [0b5775f13fb14ee5a63a390b1bd5a481] 获取项目列表成功: total=2
2026-01-23 17:17:33 | INFO | [158c43d8deeb4418983ac7a065bbbfd1] | app.api.v1.versions | [158c43d8deeb4418983ac7a065bbbfd1] 用户 admin 获取版本列表: project_id=1, page=1, page_size=100
2026-01-23 17:17:33 | INFO | [158c43d8deeb4418983ac7a065bbbfd1] | app.api.v1.versions | [158c43d8deeb4418983ac7a065bbbfd1] 用户 admin 查看版本列表 项目 InvenTree (id=1) 的版本
2026-01-23 17:17:33 | INFO | [158c43d8deeb4418983ac7a065bbbfd1] | app.api.v1.versions | [158c43d8deeb4418983ac7a065bbbfd1] 获取版本列表成功: total=2
2026-01-23 17:17:36 | INFO | [85acf810153a4ee98af5c6d335cad162] | app.api.v1.context | [85acf810153a4ee98af5c6d335cad162] 切换用户上下文: user=admin, project_id=1, version_id=1
2026-01-23 17:17:36 | INFO | [85acf810153a4ee98af5c6d335cad162] | app.context | [85acf810153a4ee98af5c6d335cad162] 用户 admin 更新上下文: project_id=1, version_id=1
2026-01-23 17:17:37 | INFO | [73a068d3ffda40588d73a4f487a32a5b] | app.api.v1.projects | [73a068d3ffda40588d73a4f487a32a5b] 用户 admin 获取项目列表: page=1, page_size=100
2026-01-23 17:17:37 | INFO | [73a068d3ffda40588d73a4f487a32a5b] | app.api.v1.projects | [73a068d3ffda40588d73a4f487a32a5b] 获取项目列表成功: total=2
2026-01-23 17:17:37 | INFO | [e17f02834c924441ab5869b45f4f5a81] | app.api.v1.api_integration | 获取文档列表: skip=0, limit=100, user=admin, project_id=1, version_id=1
2026-01-23 17:17:37 | INFO | [e17f02834c924441ab5869b45f4f5a81] | app.api.v1.api_integration | 查询到 0 个文档，total=0
2026-01-23 17:17:37 | INFO | [d23a7021aafc4aafaf64b4b8595d0b64] | app.api.v1.projects | [d23a7021aafc4aafaf64b4b8595d0b64] 用户 admin 获取项目列表: page=1, page_size=100
2026-01-23 17:17:37 | INFO | [d23a7021aafc4aafaf64b4b8595d0b64] | app.api.v1.projects | [d23a7021aafc4aafaf64b4b8595d0b64] 获取项目列表成功: total=2
2026-01-23 17:17:37 | INFO | [b0611a862b1d454ab1bab05b8ac8eb68] | app.api.v1.api_integration | 获取文档列表: skip=0, limit=100, user=admin, project_id=1, version_id=1
2026-01-23 17:17:37 | INFO | [b0611a862b1d454ab1bab05b8ac8eb68] | app.api.v1.api_integration | 查询到 0 个文档，total=0
2026-01-23 17:17:37 | INFO | [0c1305009008497188b6c5ccc7e74a2b] | app.api.v1.projects | [0c1305009008497188b6c5ccc7e74a2b] 用户 admin 获取项目列表: page=1, page_size=100
2026-01-23 17:17:37 | INFO | [0c1305009008497188b6c5ccc7e74a2b] | app.api.v1.projects | [0c1305009008497188b6c5ccc7e74a2b] 获取项目列表成功: total=2
2026-01-23 17:17:37 | INFO | [8f5a8c947aa04176a1902e714b9a696f] | app.api.v1.versions | [8f5a8c947aa04176a1902e714b9a696f] 用户 admin 获取版本列表: project_id=1, page=1, page_size=100
2026-01-23 17:17:37 | INFO | [8f5a8c947aa04176a1902e714b9a696f] | app.api.v1.versions | [8f5a8c947aa04176a1902e714b9a696f] 用户 admin 查看版本列表 项目 InvenTree (id=1) 的版本
2026-01-23 17:17:37 | INFO | [8f5a8c947aa04176a1902e714b9a696f] | app.api.v1.versions | [8f5a8c947aa04176a1902e714b9a696f] 获取版本列表成功: total=2
2026-01-23 17:17:37 | INFO | [75162f4ddaf04cd8a12d79f4d65d2129] | app.api.v1.versions | [75162f4ddaf04cd8a12d79f4d65d2129] 用户 admin 获取版本列表: project_id=1, page=1, page_size=100
2026-01-23 17:17:37 | INFO | [75162f4ddaf04cd8a12d79f4d65d2129] | app.api.v1.versions | [75162f4ddaf04cd8a12d79f4d65d2129] 用户 admin 查看版本列表 项目 InvenTree (id=1) 的版本
2026-01-23 17:17:37 | INFO | [75162f4ddaf04cd8a12d79f4d65d2129] | app.api.v1.versions | [75162f4ddaf04cd8a12d79f4d65d2129] 获取版本列表成功: total=2
2026-01-23 17:17:37 | INFO | [24fdb6d2b36e4a628d0b4f85c76d9261] | app.api.v1.projects | [24fdb6d2b36e4a628d0b4f85c76d9261] 用户 admin 获取项目列表: page=1, page_size=100
2026-01-23 17:17:37 | INFO | [24fdb6d2b36e4a628d0b4f85c76d9261] | app.api.v1.projects | [24fdb6d2b36e4a628d0b4f85c76d9261] 获取项目列表成功: total=2
2026-01-23 17:17:38 | INFO | [1e8b7f14cd764c7395e4f854cf5cbc7f] | app.api.v1.context | [1e8b7f14cd764c7395e4f854cf5cbc7f] 切换用户上下文: user=admin, project_id=1, version_id=3
2026-01-23 17:17:38 | INFO | [1e8b7f14cd764c7395e4f854cf5cbc7f] | app.context | [1e8b7f14cd764c7395e4f854cf5cbc7f] 用户 admin 更新上下文: project_id=1, version_id=3
2026-01-23 17:17:39 | INFO | [79c17d2890a648fd89b239fb5167a371] | app.api.v1.projects | [79c17d2890a648fd89b239fb5167a371] 用户 admin 获取项目列表: page=1, page_size=100
2026-01-23 17:17:39 | INFO | [79c17d2890a648fd89b239fb5167a371] | app.api.v1.projects | [79c17d2890a648fd89b239fb5167a371] 获取项目列表成功: total=2
2026-01-23 17:17:39 | INFO | [de59815c4abd4325a0426b59a769d00c] | app.api.v1.api_integration | 获取文档列表: skip=0, limit=100, user=admin, project_id=1, version_id=3
2026-01-23 17:17:39 | INFO | [de59815c4abd4325a0426b59a769d00c] | app.api.v1.api_integration | 查询到 0 个文档，total=0
2026-01-23 17:17:39 | INFO | [ba99cd2712624d7b96aa2e243eb7ce00] | app.api.v1.projects | [ba99cd2712624d7b96aa2e243eb7ce00] 用户 admin 获取项目列表: page=1, page_size=100
2026-01-23 17:17:39 | INFO | [ba99cd2712624d7b96aa2e243eb7ce00] | app.api.v1.projects | [ba99cd2712624d7b96aa2e243eb7ce00] 获取项目列表成功: total=2
2026-01-23 17:17:39 | INFO | [42bc288ed19649268351b1cd3db5835b] | app.api.v1.versions | [42bc288ed19649268351b1cd3db5835b] 用户 admin 获取版本列表: project_id=1, page=1, page_size=100
2026-01-23 17:17:39 | INFO | [42bc288ed19649268351b1cd3db5835b] | app.api.v1.versions | [42bc288ed19649268351b1cd3db5835b] 用户 admin 查看版本列表 项目 InvenTree (id=1) 的版本
2026-01-23 17:17:39 | INFO | [42bc288ed19649268351b1cd3db5835b] | app.api.v1.versions | [42bc288ed19649268351b1cd3db5835b] 获取版本列表成功: total=2
2026-01-23 17:17:39 | INFO | [3ecc5613889e43cdba065544d48550f3] | app.api.v1.api_integration | 获取文档列表: skip=0, limit=100, user=admin, project_id=1, version_id=3
2026-01-23 17:17:39 | INFO | [3ecc5613889e43cdba065544d48550f3] | app.api.v1.api_integration | 查询到 0 个文档，total=0
2026-01-23 17:17:39 | INFO | [9755cbe65f994ab6a14286da854aca50] | app.api.v1.versions | [9755cbe65f994ab6a14286da854aca50] 用户 admin 获取版本列表: project_id=1, page=1, page_size=100
2026-01-23 17:17:39 | INFO | [9755cbe65f994ab6a14286da854aca50] | app.api.v1.versions | [9755cbe65f994ab6a14286da854aca50] 用户 admin 查看版本列表 项目 InvenTree (id=1) 的版本
2026-01-23 17:17:39 | INFO | [9755cbe65f994ab6a14286da854aca50] | app.api.v1.versions | [9755cbe65f994ab6a14286da854aca50] 获取版本列表成功: total=2
2026-01-23 17:17:39 | INFO | [349e359131ae4058b68eeff407b793bd] | app.api.v1.projects | [349e359131ae4058b68eeff407b793bd] 用户 admin 获取项目列表: page=1, page_size=100
2026-01-23 17:17:39 | INFO | [349e359131ae4058b68eeff407b793bd] | app.api.v1.projects | [349e359131ae4058b68eeff407b793bd] 获取项目列表成功: total=2
2026-01-23 17:17:39 | INFO | [aa48174f99d740568b321355afa32ef4] | app.api.v1.projects | [aa48174f99d740568b321355afa32ef4] 用户 admin 获取项目列表: page=1, page_size=100
2026-01-23 17:17:39 | INFO | [aa48174f99d740568b321355afa32ef4] | app.api.v1.projects | [aa48174f99d740568b321355afa32ef4] 获取项目列表成功: total=2
2026-01-23 17:17:46 | INFO | [e44c17a7939a42409c547827f92f84f8] | app.api.v1.context | [e44c17a7939a42409c547827f92f84f8] 切换用户上下文: user=admin, project_id=1, version_id=1
2026-01-23 17:17:46 | INFO | [e44c17a7939a42409c547827f92f84f8] | app.context | [e44c17a7939a42409c547827f92f84f8] 用户 admin 更新上下文: project_id=1, version_id=1
2026-01-23 17:17:47 | INFO | [ea9ea3582e974fd99c075e6c0eac308d] | app.api.v1.projects | [ea9ea3582e974fd99c075e6c0eac308d] 用户 admin 获取项目列表: page=1, page_size=100
2026-01-23 17:17:47 | INFO | [ea9ea3582e974fd99c075e6c0eac308d] | app.api.v1.projects | [ea9ea3582e974fd99c075e6c0eac308d] 获取项目列表成功: total=2
2026-01-23 17:17:47 | INFO | [c908c150394645998e4a7804fa78961d] | app.api.v1.versions | [c908c150394645998e4a7804fa78961d] 用户 admin 获取版本列表: project_id=1, page=1, page_size=100
2026-01-23 17:17:47 | INFO | [c908c150394645998e4a7804fa78961d] | app.api.v1.versions | [c908c150394645998e4a7804fa78961d] 用户 admin 查看版本列表 项目 InvenTree (id=1) 的版本
2026-01-23 17:17:47 | INFO | [c908c150394645998e4a7804fa78961d] | app.api.v1.versions | [c908c150394645998e4a7804fa78961d] 获取版本列表成功: total=2
2026-01-23 17:17:47 | INFO | [be7852a572e94f8681e9573c3094c984] | app.api.v1.api_integration | 获取文档列表: skip=0, limit=100, user=admin, project_id=1, version_id=1
2026-01-23 17:17:47 | INFO | [be7852a572e94f8681e9573c3094c984] | app.api.v1.api_integration | 查询到 0 个文档，total=0
2026-01-23 17:17:47 | INFO | [d9ffa8ca9c504305ac4bb217b647fae8] | app.api.v1.projects | [d9ffa8ca9c504305ac4bb217b647fae8] 用户 admin 获取项目列表: page=1, page_size=100
2026-01-23 17:17:47 | INFO | [d9ffa8ca9c504305ac4bb217b647fae8] | app.api.v1.projects | [d9ffa8ca9c504305ac4bb217b647fae8] 获取项目列表成功: total=2
2026-01-23 17:17:47 | INFO | [2993da45d34a48d4bd303221312ea430] | app.api.v1.versions | [2993da45d34a48d4bd303221312ea430] 用户 admin 获取版本列表: project_id=1, page=1, page_size=100
2026-01-23 17:17:47 | INFO | [2993da45d34a48d4bd303221312ea430] | app.api.v1.versions | [2993da45d34a48d4bd303221312ea430] 用户 admin 查看版本列表 项目 InvenTree (id=1) 的版本
2026-01-23 17:17:47 | INFO | [2993da45d34a48d4bd303221312ea430] | app.api.v1.versions | [2993da45d34a48d4bd303221312ea430] 获取版本列表成功: total=2
2026-01-23 17:17:47 | INFO | [1d809a8b3bbe4d31a2a3c0450c324ad6] | app.api.v1.api_integration | 获取文档列表: skip=0, limit=100, user=admin, project_id=1, version_id=1
2026-01-23 17:17:47 | INFO | [1d809a8b3bbe4d31a2a3c0450c324ad6] | app.api.v1.api_integration | 查询到 0 个文档，total=0
2026-01-23 17:17:47 | INFO | [28570f0c4a344cb089655d194afb1b52] | app.api.v1.projects | [28570f0c4a344cb089655d194afb1b52] 用户 admin 获取项目列表: page=1, page_size=100
2026-01-23 17:17:47 | INFO | [28570f0c4a344cb089655d194afb1b52] | app.api.v1.projects | [28570f0c4a344cb089655d194afb1b52] 获取项目列表成功: total=2
2026-01-23 17:17:47 | INFO | [2b26b50b089d45099e741477bc7691f0] | app.api.v1.projects | [2b26b50b089d45099e741477bc7691f0] 用户 admin 获取项目列表: page=1, page_size=100
2026-01-23 17:17:47 | INFO | [2b26b50b089d45099e741477bc7691f0] | app.api.v1.projects | [2b26b50b089d45099e741477bc7691f0] 获取项目列表成功: total=2
2026-01-23 17:18:12 | INFO | [fe86749aa4694426a1adf38b9045579b] | app.api.v1.api_integration | 导入文档参数: project_id=1, version_id=1, name=V1.0.0, source_type=swagger
2026-01-23 17:18:12 | INFO | [fe86749aa4694426a1adf38b9045579b] | app.api.v1.api_integration | 文档创建成功: id=6, project_id=1, version_id=1
2026-01-23 17:18:12 | INFO | [fe86749aa4694426a1adf38b9045579b] | app.parsers.base | 创建解析器: type=swagger, source_url=None
2026-01-23 17:18:16 | INFO | [fe86749aa4694426a1adf38b9045579b] | app.parsers.swagger | Swagger/OpenAPI 文档解析成功: title=InvenTree API, version=3.0.3, endpoints=644
2026-01-23 17:18:16 | INFO | [2f71188d31af4ec69326c25d47b15875] | app.api.v1.api_integration | 获取文档列表: skip=0, limit=100, user=admin, project_id=1, version_id=1
2026-01-23 17:18:16 | INFO | [2f71188d31af4ec69326c25d47b15875] | app.api.v1.api_integration | 查询到 1 个文档，total=1
2026-01-23 17:18:20 | INFO | [339011e33a0841908db51ab4dad6952a] | app.api.v1.context | [339011e33a0841908db51ab4dad6952a] 切换用户上下文: user=admin, project_id=1, version_id=3
2026-01-23 17:18:20 | INFO | [339011e33a0841908db51ab4dad6952a] | app.context | [339011e33a0841908db51ab4dad6952a] 用户 admin 更新上下文: project_id=1, version_id=3
2026-01-23 17:18:21 | INFO | [7550d5faeed94f4994dd9fc75fa71090] | app.api.v1.projects | [7550d5faeed94f4994dd9fc75fa71090] 用户 admin 获取项目列表: page=1, page_size=100
2026-01-23 17:18:21 | INFO | [7550d5faeed94f4994dd9fc75fa71090] | app.api.v1.projects | [7550d5faeed94f4994dd9fc75fa71090] 获取项目列表成功: total=2
2026-01-23 17:18:21 | INFO | [b1d028550b6b4aa182879e7b8ccb0e1e] | app.api.v1.api_integration | 获取文档列表: skip=0, limit=100, user=admin, project_id=1, version_id=3
2026-01-23 17:18:21 | INFO | [b1d028550b6b4aa182879e7b8ccb0e1e] | app.api.v1.api_integration | 查询到 0 个文档，total=0
2026-01-23 17:18:21 | INFO | [ce7502caeeaf45168752b27308fb98d0] | app.api.v1.versions | [ce7502caeeaf45168752b27308fb98d0] 用户 admin 获取版本列表: project_id=1, page=1, page_size=100
2026-01-23 17:18:21 | INFO | [ce7502caeeaf45168752b27308fb98d0] | app.api.v1.versions | [ce7502caeeaf45168752b27308fb98d0] 用户 admin 查看版本列表 项目 InvenTree (id=1) 的版本
2026-01-23 17:18:21 | INFO | [ce7502caeeaf45168752b27308fb98d0] | app.api.v1.versions | [ce7502caeeaf45168752b27308fb98d0] 获取版本列表成功: total=2
2026-01-23 17:18:21 | INFO | [d09115e81e0441bf850188857a03404e] | app.api.v1.projects | [d09115e81e0441bf850188857a03404e] 用户 admin 获取项目列表: page=1, page_size=100
2026-01-23 17:18:21 | INFO | [d09115e81e0441bf850188857a03404e] | app.api.v1.projects | [d09115e81e0441bf850188857a03404e] 获取项目列表成功: total=2
2026-01-23 17:18:21 | INFO | [eec3dd6e71ab4460833608bf54704e4d] | app.api.v1.versions | [eec3dd6e71ab4460833608bf54704e4d] 用户 admin 获取版本列表: project_id=1, page=1, page_size=100
2026-01-23 17:18:21 | INFO | [eec3dd6e71ab4460833608bf54704e4d] | app.api.v1.versions | [eec3dd6e71ab4460833608bf54704e4d] 用户 admin 查看版本列表 项目 InvenTree (id=1) 的版本
2026-01-23 17:18:21 | INFO | [eec3dd6e71ab4460833608bf54704e4d] | app.api.v1.versions | [eec3dd6e71ab4460833608bf54704e4d] 获取版本列表成功: total=2
2026-01-23 17:18:21 | INFO | [6156701281834f9d9526c6e31136d7e6] | app.api.v1.api_integration | 获取文档列表: skip=0, limit=100, user=admin, project_id=1, version_id=3
2026-01-23 17:18:21 | INFO | [6156701281834f9d9526c6e31136d7e6] | app.api.v1.api_integration | 查询到 0 个文档，total=0
2026-01-23 17:18:21 | INFO | [549597fe4fa64aca9036edafe57671b8] | app.api.v1.projects | [549597fe4fa64aca9036edafe57671b8] 用户 admin 获取项目列表: page=1, page_size=100
2026-01-23 17:18:21 | INFO | [549597fe4fa64aca9036edafe57671b8] | app.api.v1.projects | [549597fe4fa64aca9036edafe57671b8] 获取项目列表成功: total=2
2026-01-23 17:18:21 | INFO | [9affc1c964f34a1e92f93268add1c04e] | app.api.v1.projects | [9affc1c964f34a1e92f93268add1c04e] 用户 admin 获取项目列表: page=1, page_size=100
2026-01-23 17:18:21 | INFO | [9affc1c964f34a1e92f93268add1c04e] | app.api.v1.projects | [9affc1c964f34a1e92f93268add1c04e] 获取项目列表成功: total=2
2026-01-23 17:18:22 | INFO | [c7d6b380f0dc44879565e49310bab928] | app.api.v1.context | [c7d6b380f0dc44879565e49310bab928] 切换用户上下文: user=admin, project_id=1, version_id=1
2026-01-23 17:18:22 | INFO | [c7d6b380f0dc44879565e49310bab928] | app.context | [c7d6b380f0dc44879565e49310bab928] 用户 admin 更新上下文: project_id=1, version_id=1
2026-01-23 17:18:23 | INFO | [ac1c2354cf3b4787a1bfbc0204e7d7c6] | app.api.v1.versions | [ac1c2354cf3b4787a1bfbc0204e7d7c6] 用户 admin 获取版本列表: project_id=1, page=1, page_size=100
2026-01-23 17:18:23 | INFO | [ac1c2354cf3b4787a1bfbc0204e7d7c6] | app.api.v1.versions | [ac1c2354cf3b4787a1bfbc0204e7d7c6] 用户 admin 查看版本列表 项目 InvenTree (id=1) 的版本
2026-01-23 17:18:23 | INFO | [ac1c2354cf3b4787a1bfbc0204e7d7c6] | app.api.v1.versions | [ac1c2354cf3b4787a1bfbc0204e7d7c6] 获取版本列表成功: total=2
2026-01-23 17:18:23 | INFO | [aca1b8f2d3a34d7ba09d5e8d1e523e81] | app.api.v1.api_integration | 获取文档列表: skip=0, limit=100, user=admin, project_id=1, version_id=1
2026-01-23 17:18:23 | INFO | [aca1b8f2d3a34d7ba09d5e8d1e523e81] | app.api.v1.api_integration | 查询到 1 个文档，total=1
2026-01-23 17:18:23 | INFO | [08154161294c4781bd95590b38dcc20d] | app.api.v1.projects | [08154161294c4781bd95590b38dcc20d] 用户 admin 获取项目列表: page=1, page_size=100
2026-01-23 17:18:23 | INFO | [08154161294c4781bd95590b38dcc20d] | app.api.v1.projects | [08154161294c4781bd95590b38dcc20d] 获取项目列表成功: total=2
2026-01-23 17:18:23 | INFO | [5b4b76cf23954b9fbe2b98f09df19e4b] | app.api.v1.versions | [5b4b76cf23954b9fbe2b98f09df19e4b] 用户 admin 获取版本列表: project_id=1, page=1, page_size=100
2026-01-23 17:18:23 | INFO | [5b4b76cf23954b9fbe2b98f09df19e4b] | app.api.v1.versions | [5b4b76cf23954b9fbe2b98f09df19e4b] 用户 admin 查看版本列表 项目 InvenTree (id=1) 的版本
2026-01-23 17:18:23 | INFO | [5b4b76cf23954b9fbe2b98f09df19e4b] | app.api.v1.versions | [5b4b76cf23954b9fbe2b98f09df19e4b] 获取版本列表成功: total=2
2026-01-23 17:18:23 | INFO | [97d6372280c940fdae0f42ff2d1a9f4d] | app.api.v1.api_integration | 获取文档列表: skip=0, limit=100, user=admin, project_id=1, version_id=1
2026-01-23 17:18:23 | INFO | [97d6372280c940fdae0f42ff2d1a9f4d] | app.api.v1.api_integration | 查询到 1 个文档，total=1
2026-01-23 17:18:23 | INFO | [62f9bfdaedd84144ab8ad46e03e4b559] | app.api.v1.projects | [62f9bfdaedd84144ab8ad46e03e4b559] 用户 admin 获取项目列表: page=1, page_size=100
2026-01-23 17:18:23 | INFO | [62f9bfdaedd84144ab8ad46e03e4b559] | app.api.v1.projects | [62f9bfdaedd84144ab8ad46e03e4b559] 获取项目列表成功: total=2
2026-01-23 17:18:23 | INFO | [950132be0599484bbb72b8a65d9ba4d6] | app.api.v1.projects | [950132be0599484bbb72b8a65d9ba4d6] 用户 admin 获取项目列表: page=1, page_size=100
2026-01-23 17:18:23 | INFO | [950132be0599484bbb72b8a65d9ba4d6] | app.api.v1.projects | [950132be0599484bbb72b8a65d9ba4d6] 获取项目列表成功: total=2
2026-01-23 17:18:23 | INFO | [47e8fa102f494e7eadffd6435047f1a2] | app.api.v1.projects | [47e8fa102f494e7eadffd6435047f1a2] 用户 admin 获取项目列表: page=1, page_size=100
2026-01-23 17:18:23 | INFO | [47e8fa102f494e7eadffd6435047f1a2] | app.api.v1.projects | [47e8fa102f494e7eadffd6435047f1a2] 获取项目列表成功: total=2
2026-01-23 17:18:25 | INFO | [8bc09a5782344682a425c5a6037c136a] | app.api.v1.context | [8bc09a5782344682a425c5a6037c136a] 切换用户上下文: user=admin, project_id=2, version_id=None
2026-01-23 17:18:25 | INFO | [8bc09a5782344682a425c5a6037c136a] | app.context | [8bc09a5782344682a425c5a6037c136a] 用户 admin 更新上下文: project_id=2, version_id=1
2026-01-23 17:18:25 | INFO | [0aba4a0a97064244be6fcdd0ac3a023c] | app.api.v1.versions | [0aba4a0a97064244be6fcdd0ac3a023c] 用户 admin 获取版本列表: project_id=2, page=1, page_size=100
2026-01-23 17:18:25 | INFO | [0aba4a0a97064244be6fcdd0ac3a023c] | app.api.v1.versions | [0aba4a0a97064244be6fcdd0ac3a023c] 用户 admin 查看版本列表 项目 TEST (id=2) 的版本
2026-01-23 17:18:25 | INFO | [0aba4a0a97064244be6fcdd0ac3a023c] | app.api.v1.versions | [0aba4a0a97064244be6fcdd0ac3a023c] 获取版本列表成功: total=1
2026-01-23 17:18:25 | INFO | [cdfd15a37d0b44e7b52dc1f2d790764c] | app.api.v1.versions | [cdfd15a37d0b44e7b52dc1f2d790764c] 用户 admin 获取版本列表: project_id=2, page=1, page_size=100
2026-01-23 17:18:25 | INFO | [cdfd15a37d0b44e7b52dc1f2d790764c] | app.api.v1.versions | [cdfd15a37d0b44e7b52dc1f2d790764c] 用户 admin 查看版本列表 项目 TEST (id=2) 的版本
2026-01-23 17:18:25 | INFO | [cdfd15a37d0b44e7b52dc1f2d790764c] | app.api.v1.versions | [cdfd15a37d0b44e7b52dc1f2d790764c] 获取版本列表成功: total=1
2026-01-23 17:18:25 | INFO | [51ab9f1546644ee8a579e52402aa1048] | app.api.v1.api_integration | 获取文档列表: skip=0, limit=100, user=admin, project_id=2, version_id=1
2026-01-23 17:18:25 | INFO | [51ab9f1546644ee8a579e52402aa1048] | app.api.v1.api_integration | 查询到 0 个文档，total=0
2026-01-23 17:18:25 | INFO | [93d61892578b477292bba2f32a094c44] | app.api.v1.projects | [93d61892578b477292bba2f32a094c44] 用户 admin 获取项目列表: page=1, page_size=100
2026-01-23 17:18:25 | INFO | [93d61892578b477292bba2f32a094c44] | app.api.v1.projects | [93d61892578b477292bba2f32a094c44] 获取项目列表成功: total=2
2026-01-23 17:18:25 | INFO | [fd7033a0f3274d1396ad122ecbfee7db] | app.api.v1.versions | [fd7033a0f3274d1396ad122ecbfee7db] 用户 admin 获取版本列表: project_id=2, page=1, page_size=100
2026-01-23 17:18:25 | INFO | [fd7033a0f3274d1396ad122ecbfee7db] | app.api.v1.versions | [fd7033a0f3274d1396ad122ecbfee7db] 用户 admin 查看版本列表 项目 TEST (id=2) 的版本
2026-01-23 17:18:25 | INFO | [fd7033a0f3274d1396ad122ecbfee7db] | app.api.v1.versions | [fd7033a0f3274d1396ad122ecbfee7db] 获取版本列表成功: total=1
2026-01-23 17:18:25 | INFO | [27cc85eb1bb3461b81a85d9ee7d88457] | app.api.v1.projects | [27cc85eb1bb3461b81a85d9ee7d88457] 用户 admin 获取项目列表: page=1, page_size=100
2026-01-23 17:18:25 | INFO | [27cc85eb1bb3461b81a85d9ee7d88457] | app.api.v1.projects | [27cc85eb1bb3461b81a85d9ee7d88457] 获取项目列表成功: total=2
2026-01-23 17:18:25 | INFO | [b9ee504c35774700bc09f96d525b7c05] | app.api.v1.api_integration | 获取文档列表: skip=0, limit=100, user=admin, project_id=2, version_id=1
2026-01-23 17:18:25 | INFO | [b9ee504c35774700bc09f96d525b7c05] | app.api.v1.api_integration | 查询到 0 个文档，total=0
2026-01-23 17:18:25 | INFO | [f5318e199de24296b325fad15180ce0c] | app.api.v1.projects | [f5318e199de24296b325fad15180ce0c] 用户 admin 获取项目列表: page=1, page_size=100
2026-01-23 17:18:25 | INFO | [f5318e199de24296b325fad15180ce0c] | app.api.v1.projects | [f5318e199de24296b325fad15180ce0c] 获取项目列表成功: total=2
2026-01-23 17:18:25 | INFO | [46da23611c674329aa81ff74a1bd80cf] | app.api.v1.projects | [46da23611c674329aa81ff74a1bd80cf] 用户 admin 获取项目列表: page=1, page_size=100
2026-01-23 17:18:25 | INFO | [46da23611c674329aa81ff74a1bd80cf] | app.api.v1.projects | [46da23611c674329aa81ff74a1bd80cf] 获取项目列表成功: total=2
2026-01-23 17:18:27 | INFO | [60474feedee7421baab948c7024ca45f] | app.api.v1.context | [60474feedee7421baab948c7024ca45f] 切换用户上下文: user=admin, project_id=2, version_id=4
2026-01-23 17:18:27 | INFO | [60474feedee7421baab948c7024ca45f] | app.context | [60474feedee7421baab948c7024ca45f] 用户 admin 更新上下文: project_id=2, version_id=4
2026-01-23 17:18:28 | INFO | [e0a2527b9a1c4e5e9ea93861a70e89ba] | app.api.v1.projects | [e0a2527b9a1c4e5e9ea93861a70e89ba] 用户 admin 获取项目列表: page=1, page_size=100
2026-01-23 17:18:28 | INFO | [e0a2527b9a1c4e5e9ea93861a70e89ba] | app.api.v1.projects | [e0a2527b9a1c4e5e9ea93861a70e89ba] 获取项目列表成功: total=2
2026-01-23 17:18:28 | INFO | [d0783bd50b944eb8964e95f2c0c4ac8c] | app.api.v1.api_integration | 获取文档列表: skip=0, limit=100, user=admin, project_id=2, version_id=4
2026-01-23 17:18:28 | INFO | [d0783bd50b944eb8964e95f2c0c4ac8c] | app.api.v1.api_integration | 查询到 1 个文档，total=1
2026-01-23 17:18:28 | INFO | [2dd7008f089948fab1cc2460d155eedf] | app.api.v1.versions | [2dd7008f089948fab1cc2460d155eedf] 用户 admin 获取版本列表: project_id=2, page=1, page_size=100
2026-01-23 17:18:28 | INFO | [2dd7008f089948fab1cc2460d155eedf] | app.api.v1.versions | [2dd7008f089948fab1cc2460d155eedf] 用户 admin 查看版本列表 项目 TEST (id=2) 的版本
2026-01-23 17:18:28 | INFO | [2dd7008f089948fab1cc2460d155eedf] | app.api.v1.versions | [2dd7008f089948fab1cc2460d155eedf] 获取版本列表成功: total=1
2026-01-23 17:18:28 | INFO | [7b5f758c1a334ba390e32e12d23349b7] | app.api.v1.projects | [7b5f758c1a334ba390e32e12d23349b7] 用户 admin 获取项目列表: page=1, page_size=100
2026-01-23 17:18:28 | INFO | [7b5f758c1a334ba390e32e12d23349b7] | app.api.v1.projects | [7b5f758c1a334ba390e32e12d23349b7] 获取项目列表成功: total=2
2026-01-23 17:18:28 | INFO | [b364c2e73c584a29aaecf4f78b5cbfe5] | app.api.v1.api_integration | 获取文档列表: skip=0, limit=100, user=admin, project_id=2, version_id=4
2026-01-23 17:18:28 | INFO | [b364c2e73c584a29aaecf4f78b5cbfe5] | app.api.v1.api_integration | 查询到 1 个文档，total=1
2026-01-23 17:18:28 | INFO | [0a6ef0b21e1c43029626383b3d9a4e12] | app.api.v1.versions | [0a6ef0b21e1c43029626383b3d9a4e12] 用户 admin 获取版本列表: project_id=2, page=1, page_size=100
2026-01-23 17:18:28 | INFO | [0a6ef0b21e1c43029626383b3d9a4e12] | app.api.v1.versions | [0a6ef0b21e1c43029626383b3d9a4e12] 用户 admin 查看版本列表 项目 TEST (id=2) 的版本
2026-01-23 17:18:28 | INFO | [0a6ef0b21e1c43029626383b3d9a4e12] | app.api.v1.versions | [0a6ef0b21e1c43029626383b3d9a4e12] 获取版本列表成功: total=1
2026-01-23 17:18:28 | INFO | [89be71720023460186bddae3a4070f77] | app.api.v1.projects | [89be71720023460186bddae3a4070f77] 用户 admin 获取项目列表: page=1, page_size=100
2026-01-23 17:18:28 | INFO | [89be71720023460186bddae3a4070f77] | app.api.v1.projects | [89be71720023460186bddae3a4070f77] 获取项目列表成功: total=2
2026-01-23 17:18:28 | INFO | [343a2b51b8f142679fc4406add64ce2a] | app.api.v1.projects | [343a2b51b8f142679fc4406add64ce2a] 用户 admin 获取项目列表: page=1, page_size=100
2026-01-23 17:18:28 | INFO | [343a2b51b8f142679fc4406add64ce2a] | app.api.v1.projects | [343a2b51b8f142679fc4406add64ce2a] 获取项目列表成功: total=2
2026-01-23 17:18:33 | INFO | [6a8177edf5f444c8b7f1e1dc9fe923de] | app.api.v1.context | [6a8177edf5f444c8b7f1e1dc9fe923de] 切换用户上下文: user=admin, project_id=1, version_id=None
2026-01-23 17:18:33 | INFO | [6a8177edf5f444c8b7f1e1dc9fe923de] | app.context | [6a8177edf5f444c8b7f1e1dc9fe923de] 用户 admin 更新上下文: project_id=1, version_id=4
2026-01-23 17:18:33 | INFO | [fc704a8ea41c41c3ab6dfba9b1ff5d10] | app.api.v1.versions | [fc704a8ea41c41c3ab6dfba9b1ff5d10] 用户 admin 获取版本列表: project_id=1, page=1, page_size=100
2026-01-23 17:18:33 | INFO | [fc704a8ea41c41c3ab6dfba9b1ff5d10] | app.api.v1.versions | [fc704a8ea41c41c3ab6dfba9b1ff5d10] 用户 admin 查看版本列表 项目 InvenTree (id=1) 的版本
2026-01-23 17:18:33 | INFO | [fc704a8ea41c41c3ab6dfba9b1ff5d10] | app.api.v1.versions | [fc704a8ea41c41c3ab6dfba9b1ff5d10] 获取版本列表成功: total=2
2026-01-23 17:18:33 | INFO | [a09054ca7b7148d7a3107f64d5784fc2] | app.api.v1.versions | [a09054ca7b7148d7a3107f64d5784fc2] 用户 admin 获取版本列表: project_id=1, page=1, page_size=100
2026-01-23 17:18:33 | INFO | [a09054ca7b7148d7a3107f64d5784fc2] | app.api.v1.versions | [a09054ca7b7148d7a3107f64d5784fc2] 用户 admin 查看版本列表 项目 InvenTree (id=1) 的版本
2026-01-23 17:18:33 | INFO | [a09054ca7b7148d7a3107f64d5784fc2] | app.api.v1.versions | [a09054ca7b7148d7a3107f64d5784fc2] 获取版本列表成功: total=2
2026-01-23 17:18:33 | INFO | [783e460326c44d17ad4c6753586e0ffa] | app.api.v1.projects | [783e460326c44d17ad4c6753586e0ffa] 用户 admin 获取项目列表: page=1, page_size=100
2026-01-23 17:18:33 | INFO | [783e460326c44d17ad4c6753586e0ffa] | app.api.v1.projects | [783e460326c44d17ad4c6753586e0ffa] 获取项目列表成功: total=2
2026-01-23 17:18:33 | INFO | [0cb22a4b0dc84a91ab5bc451d45bd33f] | app.api.v1.api_integration | 获取文档列表: skip=0, limit=100, user=admin, project_id=1, version_id=4
2026-01-23 17:18:33 | INFO | [0cb22a4b0dc84a91ab5bc451d45bd33f] | app.api.v1.api_integration | 查询到 0 个文档，total=0
2026-01-23 17:18:33 | INFO | [e165076474654ee6bd23450e2e85f9bb] | app.api.v1.versions | [e165076474654ee6bd23450e2e85f9bb] 用户 admin 获取版本列表: project_id=1, page=1, page_size=100
2026-01-23 17:18:33 | INFO | [e165076474654ee6bd23450e2e85f9bb] | app.api.v1.versions | [e165076474654ee6bd23450e2e85f9bb] 用户 admin 查看版本列表 项目 InvenTree (id=1) 的版本
2026-01-23 17:18:33 | INFO | [e165076474654ee6bd23450e2e85f9bb] | app.api.v1.versions | [e165076474654ee6bd23450e2e85f9bb] 获取版本列表成功: total=2
2026-01-23 17:18:33 | INFO | [97cb76c4817b4f3f9a837e47c97772a0] | app.api.v1.projects | [97cb76c4817b4f3f9a837e47c97772a0] 用户 admin 获取项目列表: page=1, page_size=100
2026-01-23 17:18:33 | INFO | [97cb76c4817b4f3f9a837e47c97772a0] | app.api.v1.projects | [97cb76c4817b4f3f9a837e47c97772a0] 获取项目列表成功: total=2
2026-01-23 17:18:33 | INFO | [d5a5e4a499084e97bef47042a9ec22b2] | app.api.v1.api_integration | 获取文档列表: skip=0, limit=100, user=admin, project_id=1, version_id=4
2026-01-23 17:18:33 | INFO | [d5a5e4a499084e97bef47042a9ec22b2] | app.api.v1.api_integration | 查询到 0 个文档，total=0
2026-01-23 17:18:33 | INFO | [5ffeeacec0c44a538cf84b34ccf19dbe] | app.api.v1.projects | [5ffeeacec0c44a538cf84b34ccf19dbe] 用户 admin 获取项目列表: page=1, page_size=100
2026-01-23 17:18:33 | INFO | [5ffeeacec0c44a538cf84b34ccf19dbe] | app.api.v1.projects | [5ffeeacec0c44a538cf84b34ccf19dbe] 获取项目列表成功: total=2
2026-01-23 17:18:33 | INFO | [70a1a335b48a4576836f8585c9d21f18] | app.api.v1.projects | [70a1a335b48a4576836f8585c9d21f18] 用户 admin 获取项目列表: page=1, page_size=100
2026-01-23 17:18:33 | INFO | [70a1a335b48a4576836f8585c9d21f18] | app.api.v1.projects | [70a1a335b48a4576836f8585c9d21f18] 获取项目列表成功: total=2
2026-01-23 17:18:35 | INFO | [b1ba76fad5d34cc98b9c24329a8302c5] | app.api.v1.context | [b1ba76fad5d34cc98b9c24329a8302c5] 切换用户上下文: user=admin, project_id=1, version_id=1
2026-01-23 17:18:35 | INFO | [b1ba76fad5d34cc98b9c24329a8302c5] | app.context | [b1ba76fad5d34cc98b9c24329a8302c5] 用户 admin 更新上下文: project_id=1, version_id=1
2026-01-23 17:18:36 | INFO | [a73e5e6aa7c7466881e485747d25e27d] | app.api.v1.versions | [a73e5e6aa7c7466881e485747d25e27d] 用户 admin 获取版本列表: project_id=1, page=1, page_size=100
2026-01-23 17:18:36 | INFO | [a73e5e6aa7c7466881e485747d25e27d] | app.api.v1.versions | [a73e5e6aa7c7466881e485747d25e27d] 用户 admin 查看版本列表 项目 InvenTree (id=1) 的版本
2026-01-23 17:18:36 | INFO | [a73e5e6aa7c7466881e485747d25e27d] | app.api.v1.versions | [a73e5e6aa7c7466881e485747d25e27d] 获取版本列表成功: total=2
2026-01-23 17:18:36 | INFO | [1c47e5b163e14f7b8639fa12b578164f] | app.api.v1.api_integration | 获取文档列表: skip=0, limit=100, user=admin, project_id=1, version_id=1
2026-01-23 17:18:36 | INFO | [1c47e5b163e14f7b8639fa12b578164f] | app.api.v1.api_integration | 查询到 1 个文档，total=1
2026-01-23 17:18:36 | INFO | [579317de7a28419d99f6421ff7631827] | app.api.v1.projects | [579317de7a28419d99f6421ff7631827] 用户 admin 获取项目列表: page=1, page_size=100
2026-01-23 17:18:36 | INFO | [579317de7a28419d99f6421ff7631827] | app.api.v1.projects | [579317de7a28419d99f6421ff7631827] 获取项目列表成功: total=2
2026-01-23 17:18:36 | INFO | [c5d5a1144d034d96a2e4b33c9011883b] | app.api.v1.versions | [c5d5a1144d034d96a2e4b33c9011883b] 用户 admin 获取版本列表: project_id=1, page=1, page_size=100
2026-01-23 17:18:36 | INFO | [c5d5a1144d034d96a2e4b33c9011883b] | app.api.v1.versions | [c5d5a1144d034d96a2e4b33c9011883b] 用户 admin 查看版本列表 项目 InvenTree (id=1) 的版本
2026-01-23 17:18:36 | INFO | [c5d5a1144d034d96a2e4b33c9011883b] | app.api.v1.versions | [c5d5a1144d034d96a2e4b33c9011883b] 获取版本列表成功: total=2
2026-01-23 17:18:36 | INFO | [24c370310e4f40c8b1cbc8c48a512aa8] | app.api.v1.api_integration | 获取文档列表: skip=0, limit=100, user=admin, project_id=1, version_id=1
2026-01-23 17:18:36 | INFO | [24c370310e4f40c8b1cbc8c48a512aa8] | app.api.v1.api_integration | 查询到 1 个文档，total=1
2026-01-23 17:18:36 | INFO | [5ba6c358baf442fd8beda595c4684054] | app.api.v1.projects | [5ba6c358baf442fd8beda595c4684054] 用户 admin 获取项目列表: page=1, page_size=100
2026-01-23 17:18:36 | INFO | [5ba6c358baf442fd8beda595c4684054] | app.api.v1.projects | [5ba6c358baf442fd8beda595c4684054] 获取项目列表成功: total=2
2026-01-23 17:18:36 | INFO | [c90b58a8757a4cd6ba04abb8df1abd43] | app.api.v1.projects | [c90b58a8757a4cd6ba04abb8df1abd43] 用户 admin 获取项目列表: page=1, page_size=100
2026-01-23 17:18:36 | INFO | [c90b58a8757a4cd6ba04abb8df1abd43] | app.api.v1.projects | [c90b58a8757a4cd6ba04abb8df1abd43] 获取项目列表成功: total=2
2026-01-23 17:18:36 | INFO | [1daf7cbe0760455a96d044ecc38b12d2] | app.api.v1.projects | [1daf7cbe0760455a96d044ecc38b12d2] 用户 admin 获取项目列表: page=1, page_size=100
2026-01-23 17:18:36 | INFO | [1daf7cbe0760455a96d044ecc38b12d2] | app.api.v1.projects | [1daf7cbe0760455a96d044ecc38b12d2] 获取项目列表成功: total=2
2026-01-23 17:18:37 | INFO | [f5b1363510cb4f3c91d0c369fe0cd8c7] | app.api.v1.context | [f5b1363510cb4f3c91d0c369fe0cd8c7] 切换用户上下文: user=admin, project_id=1, version_id=3
2026-01-23 17:18:37 | INFO | [f5b1363510cb4f3c91d0c369fe0cd8c7] | app.context | [f5b1363510cb4f3c91d0c369fe0cd8c7] 用户 admin 更新上下文: project_id=1, version_id=3
2026-01-23 17:18:37 | INFO | [746101f56f3f4578b8da41f6c3269f13] | app.api.v1.projects | [746101f56f3f4578b8da41f6c3269f13] 用户 admin 获取项目列表: page=1, page_size=100
2026-01-23 17:18:37 | INFO | [746101f56f3f4578b8da41f6c3269f13] | app.api.v1.projects | [746101f56f3f4578b8da41f6c3269f13] 获取项目列表成功: total=2
2026-01-23 17:18:37 | INFO | [bb4e388418134eae9fcb1760d398c7c5] | app.api.v1.versions | [bb4e388418134eae9fcb1760d398c7c5] 用户 admin 获取版本列表: project_id=1, page=1, page_size=100
2026-01-23 17:18:37 | INFO | [bb4e388418134eae9fcb1760d398c7c5] | app.api.v1.versions | [bb4e388418134eae9fcb1760d398c7c5] 用户 admin 查看版本列表 项目 InvenTree (id=1) 的版本
2026-01-23 17:18:37 | INFO | [bb4e388418134eae9fcb1760d398c7c5] | app.api.v1.versions | [bb4e388418134eae9fcb1760d398c7c5] 获取版本列表成功: total=2
2026-01-23 17:18:37 | INFO | [ec4bdb856dfc4aad90bc1ebf092dbb13] | app.api.v1.api_integration | 获取文档列表: skip=0, limit=100, user=admin, project_id=1, version_id=3
2026-01-23 17:18:37 | INFO | [ec4bdb856dfc4aad90bc1ebf092dbb13] | app.api.v1.api_integration | 查询到 0 个文档，total=0
2026-01-23 17:18:37 | INFO | [5ccf3d574ae04f47a312aa5abae00160] | app.api.v1.projects | [5ccf3d574ae04f47a312aa5abae00160] 用户 admin 获取项目列表: page=1, page_size=100
2026-01-23 17:18:37 | INFO | [5ccf3d574ae04f47a312aa5abae00160] | app.api.v1.projects | [5ccf3d574ae04f47a312aa5abae00160] 获取项目列表成功: total=2
2026-01-23 17:18:37 | INFO | [662e9c627b274a57af1a2cf4edad187a] | app.api.v1.versions | [662e9c627b274a57af1a2cf4edad187a] 用户 admin 获取版本列表: project_id=1, page=1, page_size=100
2026-01-23 17:18:37 | INFO | [662e9c627b274a57af1a2cf4edad187a] | app.api.v1.versions | [662e9c627b274a57af1a2cf4edad187a] 用户 admin 查看版本列表 项目 InvenTree (id=1) 的版本
2026-01-23 17:18:37 | INFO | [662e9c627b274a57af1a2cf4edad187a] | app.api.v1.versions | [662e9c627b274a57af1a2cf4edad187a] 获取版本列表成功: total=2
2026-01-23 17:18:37 | INFO | [f13908bfb1e448deb962f213e4963632] | app.api.v1.api_integration | 获取文档列表: skip=0, limit=100, user=admin, project_id=1, version_id=3
2026-01-23 17:18:37 | INFO | [f13908bfb1e448deb962f213e4963632] | app.api.v1.api_integration | 查询到 0 个文档，total=0
2026-01-23 17:18:37 | INFO | [0b3470366ac34fc8b7ee0b40db281a69] | app.api.v1.projects | [0b3470366ac34fc8b7ee0b40db281a69] 用户 admin 获取项目列表: page=1, page_size=100
2026-01-23 17:18:37 | INFO | [0b3470366ac34fc8b7ee0b40db281a69] | app.api.v1.projects | [0b3470366ac34fc8b7ee0b40db281a69] 获取项目列表成功: total=2
2026-01-23 17:18:37 | INFO | [337cf9887f5e4e42be4a35f84d874c8a] | app.api.v1.projects | [337cf9887f5e4e42be4a35f84d874c8a] 用户 admin 获取项目列表: page=1, page_size=100
2026-01-23 17:18:37 | INFO | [337cf9887f5e4e42be4a35f84d874c8a] | app.api.v1.projects | [337cf9887f5e4e42be4a35f84d874c8a] 获取项目列表成功: total=2
2026-01-23 17:18:41 | INFO | [cc1894db28c14c3e821540c46dc30833] | app.api.v1.endpoints | [cc1894db28c14c3e821540c46dc30833] 查询接口列表: skip=0, limit=10, user=admin, project_id=1, version_id=3
2026-01-23 17:18:41 | ERROR | [cc1894db28c14c3e821540c46dc30833] | app.dependencies | 数据库会话异常: name 'VersionEndpoint' is not defined
Traceback (most recent call last):
  File "D:\code\BugSeek\backend\app\dependencies.py", line 19, in get_db
    yield db
  File "C:\Users\81026\AppData\Local\Programs\Python\Python310\lib\site-packages\fastapi\concurrency.py", line 29, in contextmanager_in_threadpool
    yield await run_in_threadpool(cm.__enter__)
  File "C:\Users\81026\AppData\Local\Programs\Python\Python310\lib\site-packages\fastapi\routing.py", line 101, in app
    response = await f(request)
  File "C:\Users\81026\AppData\Local\Programs\Python\Python310\lib\site-packages\fastapi\routing.py", line 355, in app
    raw_response = await run_endpoint_function(
  File "C:\Users\81026\AppData\Local\Programs\Python\Python310\lib\site-packages\fastapi\routing.py", line 243, in run_endpoint_function
    return await dependant.call(**values)
  File "D:\code\BugSeek\backend\app\api\v1\endpoints.py", line 191, in get_endpoints
    query = query.join(VersionEndpoint, ApiEndpoint.id == VersionEndpoint.endpoint_id).filter(
NameError: name 'VersionEndpoint' is not defined
2026-01-23 17:18:41 | ERROR | [cc1894db28c14c3e821540c46dc30833] | app.main | 未捕获的异常: name 'VersionEndpoint' is not defined | 路径: /api/v1/api-integration/endpoints | 方法: GET
Traceback (most recent call last):
  File "C:\Users\81026\AppData\Local\Programs\Python\Python310\lib\site-packages\starlette\middleware\errors.py", line 164, in __call__
    await self.app(scope, receive, _send)
  File "C:\Users\81026\AppData\Local\Programs\Python\Python310\lib\site-packages\starlette\middleware\cors.py", line 85, in __call__
    await self.app(scope, receive, send)
  File "C:\Users\81026\AppData\Local\Programs\Python\Python310\lib\site-packages\starlette\middleware\base.py", line 191, in __call__
    with recv_stream, send_stream, collapse_excgroups():
  File "C:\Users\81026\AppData\Local\Programs\Python\Python310\lib\contextlib.py", line 153, in __exit__
    self.gen.throw(typ, value, traceback)
  File "C:\Users\81026\AppData\Local\Programs\Python\Python310\lib\site-packages\starlette\_utils.py", line 85, in collapse_excgroups
    raise exc
  File "C:\Users\81026\AppData\Local\Programs\Python\Python310\lib\site-packages\starlette\middleware\base.py", line 193, in __call__
    response = await self.dispatch_func(request, call_next)
  File "D:\code\BugSeek\backend\app\main.py", line 29, in trace_id_middleware
    response = await call_next(request)
  File "C:\Users\81026\AppData\Local\Programs\Python\Python310\lib\site-packages\starlette\middleware\base.py", line 168, in call_next
    raise app_exc from app_exc.__cause__ or app_exc.__context__
  File "C:\Users\81026\AppData\Local\Programs\Python\Python310\lib\site-packages\starlette\middleware\base.py", line 144, in coro
    await self.app(scope, receive_or_disconnect, send_no_error)
  File "C:\Users\81026\AppData\Local\Programs\Python\Python310\lib\site-packages\starlette\middleware\exceptions.py", line 63, in __call__
    await wrap_app_handling_exceptions(self.app, conn)(scope, receive, send)
  File "C:\Users\81026\AppData\Local\Programs\Python\Python310\lib\site-packages\starlette\_exception_handler.py", line 53, in wrapped_app
    raise exc
  File "C:\Users\81026\AppData\Local\Programs\Python\Python310\lib\site-packages\starlette\_exception_handler.py", line 42, in wrapped_app
    await app(scope, receive, sender)
  File "C:\Users\81026\AppData\Local\Programs\Python\Python310\lib\site-packages\fastapi\middleware\asyncexitstack.py", line 18, in __call__
    await self.app(scope, receive, send)
  File "C:\Users\81026\AppData\Local\Programs\Python\Python310\lib\site-packages\starlette\routing.py", line 716, in __call__
    await self.middleware_stack(scope, receive, send)
  File "C:\Users\81026\AppData\Local\Programs\Python\Python310\lib\site-packages\starlette\routing.py", line 736, in app
    await route.handle(scope, receive, send)
  File "C:\Users\81026\AppData\Local\Programs\Python\Python310\lib\site-packages\starlette\routing.py", line 290, in handle
    await self.app(scope, receive, send)
  File "C:\Users\81026\AppData\Local\Programs\Python\Python310\lib\site-packages\fastapi\routing.py", line 115, in app
    await wrap_app_handling_exceptions(app, request)(scope, receive, send)
  File "C:\Users\81026\AppData\Local\Programs\Python\Python310\lib\site-packages\starlette\_exception_handler.py", line 53, in wrapped_app
    raise exc
  File "C:\Users\81026\AppData\Local\Programs\Python\Python310\lib\site-packages\starlette\_exception_handler.py", line 42, in wrapped_app
    await app(scope, receive, sender)
  File "C:\Users\81026\AppData\Local\Programs\Python\Python310\lib\site-packages\fastapi\routing.py", line 101, in app
    response = await f(request)
  File "C:\Users\81026\AppData\Local\Programs\Python\Python310\lib\site-packages\fastapi\routing.py", line 355, in app
    raw_response = await run_endpoint_function(
  File "C:\Users\81026\AppData\Local\Programs\Python\Python310\lib\site-packages\fastapi\routing.py", line 243, in run_endpoint_function
    return await dependant.call(**values)
  File "D:\code\BugSeek\backend\app\api\v1\endpoints.py", line 191, in get_endpoints
    query = query.join(VersionEndpoint, ApiEndpoint.id == VersionEndpoint.endpoint_id).filter(
NameError: name 'VersionEndpoint' is not defined
2026-01-23 17:18:41 | INFO | [8aae5ad9335b4358b48e7280c0931377] | app.api.v1.endpoints | [8aae5ad9335b4358b48e7280c0931377] 查询接口列表: skip=0, limit=10, user=admin, project_id=1, version_id=3
2026-01-23 17:18:41 | ERROR | [8aae5ad9335b4358b48e7280c0931377] | app.dependencies | 数据库会话异常: name 'VersionEndpoint' is not defined
Traceback (most recent call last):
  File "D:\code\BugSeek\backend\app\dependencies.py", line 19, in get_db
    yield db
  File "C:\Users\81026\AppData\Local\Programs\Python\Python310\lib\site-packages\fastapi\concurrency.py", line 29, in contextmanager_in_threadpool
    yield await run_in_threadpool(cm.__enter__)
  File "C:\Users\81026\AppData\Local\Programs\Python\Python310\lib\site-packages\fastapi\routing.py", line 101, in app
    response = await f(request)
  File "C:\Users\81026\AppData\Local\Programs\Python\Python310\lib\site-packages\fastapi\routing.py", line 355, in app
    raw_response = await run_endpoint_function(
  File "C:\Users\81026\AppData\Local\Programs\Python\Python310\lib\site-packages\fastapi\routing.py", line 243, in run_endpoint_function
    return await dependant.call(**values)
  File "D:\code\BugSeek\backend\app\api\v1\endpoints.py", line 191, in get_endpoints
    query = query.join(VersionEndpoint, ApiEndpoint.id == VersionEndpoint.endpoint_id).filter(
NameError: name 'VersionEndpoint' is not defined
2026-01-23 17:18:41 | ERROR | [8aae5ad9335b4358b48e7280c0931377] | app.main | 未捕获的异常: name 'VersionEndpoint' is not defined | 路径: /api/v1/api-integration/endpoints | 方法: GET
Traceback (most recent call last):
  File "C:\Users\81026\AppData\Local\Programs\Python\Python310\lib\site-packages\starlette\middleware\errors.py", line 164, in __call__
    await self.app(scope, receive, _send)
  File "C:\Users\81026\AppData\Local\Programs\Python\Python310\lib\site-packages\starlette\middleware\cors.py", line 85, in __call__
    await self.app(scope, receive, send)
  File "C:\Users\81026\AppData\Local\Programs\Python\Python310\lib\site-packages\starlette\middleware\base.py", line 191, in __call__
    with recv_stream, send_stream, collapse_excgroups():
  File "C:\Users\81026\AppData\Local\Programs\Python\Python310\lib\contextlib.py", line 153, in __exit__
    self.gen.throw(typ, value, traceback)
  File "C:\Users\81026\AppData\Local\Programs\Python\Python310\lib\site-packages\starlette\_utils.py", line 85, in collapse_excgroups
    raise exc
  File "C:\Users\81026\AppData\Local\Programs\Python\Python310\lib\site-packages\starlette\middleware\base.py", line 193, in __call__
    response = await self.dispatch_func(request, call_next)
  File "D:\code\BugSeek\backend\app\main.py", line 29, in trace_id_middleware
    response = await call_next(request)
  File "C:\Users\81026\AppData\Local\Programs\Python\Python310\lib\site-packages\starlette\middleware\base.py", line 168, in call_next
    raise app_exc from app_exc.__cause__ or app_exc.__context__
  File "C:\Users\81026\AppData\Local\Programs\Python\Python310\lib\site-packages\starlette\middleware\base.py", line 144, in coro
    await self.app(scope, receive_or_disconnect, send_no_error)
  File "C:\Users\81026\AppData\Local\Programs\Python\Python310\lib\site-packages\starlette\middleware\exceptions.py", line 63, in __call__
    await wrap_app_handling_exceptions(self.app, conn)(scope, receive, send)
  File "C:\Users\81026\AppData\Local\Programs\Python\Python310\lib\site-packages\starlette\_exception_handler.py", line 53, in wrapped_app
    raise exc
  File "C:\Users\81026\AppData\Local\Programs\Python\Python310\lib\site-packages\starlette\_exception_handler.py", line 42, in wrapped_app
    await app(scope, receive, sender)
  File "C:\Users\81026\AppData\Local\Programs\Python\Python310\lib\site-packages\fastapi\middleware\asyncexitstack.py", line 18, in __call__
    await self.app(scope, receive, send)
  File "C:\Users\81026\AppData\Local\Programs\Python\Python310\lib\site-packages\starlette\routing.py", line 716, in __call__
    await self.middleware_stack(scope, receive, send)
  File "C:\Users\81026\AppData\Local\Programs\Python\Python310\lib\site-packages\starlette\routing.py", line 736, in app
    await route.handle(scope, receive, send)
  File "C:\Users\81026\AppData\Local\Programs\Python\Python310\lib\site-packages\starlette\routing.py", line 290, in handle
    await self.app(scope, receive, send)
  File "C:\Users\81026\AppData\Local\Programs\Python\Python310\lib\site-packages\fastapi\routing.py", line 115, in app
    await wrap_app_handling_exceptions(app, request)(scope, receive, send)
  File "C:\Users\81026\AppData\Local\Programs\Python\Python310\lib\site-packages\starlette\_exception_handler.py", line 53, in wrapped_app
    raise exc
  File "C:\Users\81026\AppData\Local\Programs\Python\Python310\lib\site-packages\starlette\_exception_handler.py", line 42, in wrapped_app
    await app(scope, receive, sender)
  File "C:\Users\81026\AppData\Local\Programs\Python\Python310\lib\site-packages\fastapi\routing.py", line 101, in app
    response = await f(request)
  File "C:\Users\81026\AppData\Local\Programs\Python\Python310\lib\site-packages\fastapi\routing.py", line 355, in app
    raw_response = await run_endpoint_function(
  File "C:\Users\81026\AppData\Local\Programs\Python\Python310\lib\site-packages\fastapi\routing.py", line 243, in run_endpoint_function
    return await dependant.call(**values)
  File "D:\code\BugSeek\backend\app\api\v1\endpoints.py", line 191, in get_endpoints
    query = query.join(VersionEndpoint, ApiEndpoint.id == VersionEndpoint.endpoint_id).filter(
NameError: name 'VersionEndpoint' is not defined
2026-01-23 17:18:48 | INFO | [9824a8eed48742fab48045f3ee1c3c2f] | app.api.v1.context | [9824a8eed48742fab48045f3ee1c3c2f] 切换用户上下文: user=admin, project_id=1, version_id=1
2026-01-23 17:18:48 | INFO | [9824a8eed48742fab48045f3ee1c3c2f] | app.context | [9824a8eed48742fab48045f3ee1c3c2f] 用户 admin 更新上下文: project_id=1, version_id=1
2026-01-23 17:18:49 | INFO | [7444ded8aeb6415282b4c9381204cffb] | app.api.v1.endpoints | [7444ded8aeb6415282b4c9381204cffb] 查询接口列表: skip=0, limit=10, user=admin, project_id=1, version_id=1
2026-01-23 17:18:49 | ERROR | [7444ded8aeb6415282b4c9381204cffb] | app.dependencies | 数据库会话异常: name 'VersionEndpoint' is not defined
Traceback (most recent call last):
  File "D:\code\BugSeek\backend\app\dependencies.py", line 19, in get_db
    yield db
  File "C:\Users\81026\AppData\Local\Programs\Python\Python310\lib\site-packages\fastapi\concurrency.py", line 29, in contextmanager_in_threadpool
    yield await run_in_threadpool(cm.__enter__)
  File "C:\Users\81026\AppData\Local\Programs\Python\Python310\lib\site-packages\fastapi\routing.py", line 101, in app
    response = await f(request)
  File "C:\Users\81026\AppData\Local\Programs\Python\Python310\lib\site-packages\fastapi\routing.py", line 355, in app
    raw_response = await run_endpoint_function(
  File "C:\Users\81026\AppData\Local\Programs\Python\Python310\lib\site-packages\fastapi\routing.py", line 243, in run_endpoint_function
    return await dependant.call(**values)
  File "D:\code\BugSeek\backend\app\api\v1\endpoints.py", line 191, in get_endpoints
    query = query.join(VersionEndpoint, ApiEndpoint.id == VersionEndpoint.endpoint_id).filter(
NameError: name 'VersionEndpoint' is not defined
2026-01-23 17:18:49 | ERROR | [7444ded8aeb6415282b4c9381204cffb] | app.main | 未捕获的异常: name 'VersionEndpoint' is not defined | 路径: /api/v1/api-integration/endpoints | 方法: GET
Traceback (most recent call last):
  File "C:\Users\81026\AppData\Local\Programs\Python\Python310\lib\site-packages\starlette\middleware\errors.py", line 164, in __call__
    await self.app(scope, receive, _send)
  File "C:\Users\81026\AppData\Local\Programs\Python\Python310\lib\site-packages\starlette\middleware\cors.py", line 85, in __call__
    await self.app(scope, receive, send)
  File "C:\Users\81026\AppData\Local\Programs\Python\Python310\lib\site-packages\starlette\middleware\base.py", line 191, in __call__
    with recv_stream, send_stream, collapse_excgroups():
  File "C:\Users\81026\AppData\Local\Programs\Python\Python310\lib\contextlib.py", line 153, in __exit__
    self.gen.throw(typ, value, traceback)
  File "C:\Users\81026\AppData\Local\Programs\Python\Python310\lib\site-packages\starlette\_utils.py", line 85, in collapse_excgroups
    raise exc
  File "C:\Users\81026\AppData\Local\Programs\Python\Python310\lib\site-packages\starlette\middleware\base.py", line 193, in __call__
    response = await self.dispatch_func(request, call_next)
  File "D:\code\BugSeek\backend\app\main.py", line 29, in trace_id_middleware
    response = await call_next(request)
  File "C:\Users\81026\AppData\Local\Programs\Python\Python310\lib\site-packages\starlette\middleware\base.py", line 168, in call_next
    raise app_exc from app_exc.__cause__ or app_exc.__context__
  File "C:\Users\81026\AppData\Local\Programs\Python\Python310\lib\site-packages\starlette\middleware\base.py", line 144, in coro
    await self.app(scope, receive_or_disconnect, send_no_error)
  File "C:\Users\81026\AppData\Local\Programs\Python\Python310\lib\site-packages\starlette\middleware\exceptions.py", line 63, in __call__
    await wrap_app_handling_exceptions(self.app, conn)(scope, receive, send)
  File "C:\Users\81026\AppData\Local\Programs\Python\Python310\lib\site-packages\starlette\_exception_handler.py", line 53, in wrapped_app
    raise exc
  File "C:\Users\81026\AppData\Local\Programs\Python\Python310\lib\site-packages\starlette\_exception_handler.py", line 42, in wrapped_app
    await app(scope, receive, sender)
  File "C:\Users\81026\AppData\Local\Programs\Python\Python310\lib\site-packages\fastapi\middleware\asyncexitstack.py", line 18, in __call__
    await self.app(scope, receive, send)
  File "C:\Users\81026\AppData\Local\Programs\Python\Python310\lib\site-packages\starlette\routing.py", line 716, in __call__
    await self.middleware_stack(scope, receive, send)
  File "C:\Users\81026\AppData\Local\Programs\Python\Python310\lib\site-packages\starlette\routing.py", line 736, in app
    await route.handle(scope, receive, send)
  File "C:\Users\81026\AppData\Local\Programs\Python\Python310\lib\site-packages\starlette\routing.py", line 290, in handle
    await self.app(scope, receive, send)
  File "C:\Users\81026\AppData\Local\Programs\Python\Python310\lib\site-packages\fastapi\routing.py", line 115, in app
    await wrap_app_handling_exceptions(app, request)(scope, receive, send)
  File "C:\Users\81026\AppData\Local\Programs\Python\Python310\lib\site-packages\starlette\_exception_handler.py", line 53, in wrapped_app
    raise exc
  File "C:\Users\81026\AppData\Local\Programs\Python\Python310\lib\site-packages\starlette\_exception_handler.py", line 42, in wrapped_app
    await app(scope, receive, sender)
  File "C:\Users\81026\AppData\Local\Programs\Python\Python310\lib\site-packages\fastapi\routing.py", line 101, in app
    response = await f(request)
  File "C:\Users\81026\AppData\Local\Programs\Python\Python310\lib\site-packages\fastapi\routing.py", line 355, in app
    raw_response = await run_endpoint_function(
  File "C:\Users\81026\AppData\Local\Programs\Python\Python310\lib\site-packages\fastapi\routing.py", line 243, in run_endpoint_function
    return await dependant.call(**values)
  File "D:\code\BugSeek\backend\app\api\v1\endpoints.py", line 191, in get_endpoints
    query = query.join(VersionEndpoint, ApiEndpoint.id == VersionEndpoint.endpoint_id).filter(
NameError: name 'VersionEndpoint' is not defined
2026-01-23 17:18:49 | INFO | [78416b70d9cc4b2c97aa9a28869d8b5f] | app.api.v1.endpoints | [78416b70d9cc4b2c97aa9a28869d8b5f] 查询接口列表: skip=0, limit=10, user=admin, project_id=1, version_id=1
2026-01-23 17:18:49 | INFO | [7f5c6e300bd04693b4eeed2f4fc5ac19] | app.api.v1.versions | [7f5c6e300bd04693b4eeed2f4fc5ac19] 用户 admin 获取版本列表: project_id=1, page=1, page_size=100
2026-01-23 17:18:49 | INFO | [7f5c6e300bd04693b4eeed2f4fc5ac19] | app.api.v1.versions | [7f5c6e300bd04693b4eeed2f4fc5ac19] 用户 admin 查看版本列表 项目 InvenTree (id=1) 的版本
2026-01-23 17:18:49 | INFO | [7f5c6e300bd04693b4eeed2f4fc5ac19] | app.api.v1.versions | [7f5c6e300bd04693b4eeed2f4fc5ac19] 获取版本列表成功: total=2
2026-01-23 17:18:49 | INFO | [feed6c96719d41c28695022bb49c0010] | app.api.v1.projects | [feed6c96719d41c28695022bb49c0010] 用户 admin 获取项目列表: page=1, page_size=100
2026-01-23 17:18:49 | INFO | [feed6c96719d41c28695022bb49c0010] | app.api.v1.projects | [feed6c96719d41c28695022bb49c0010] 获取项目列表成功: total=2
2026-01-23 17:18:49 | ERROR | [78416b70d9cc4b2c97aa9a28869d8b5f] | app.dependencies | 数据库会话异常: name 'VersionEndpoint' is not defined
Traceback (most recent call last):
  File "D:\code\BugSeek\backend\app\dependencies.py", line 19, in get_db
    yield db
  File "C:\Users\81026\AppData\Local\Programs\Python\Python310\lib\site-packages\fastapi\concurrency.py", line 29, in contextmanager_in_threadpool
    yield await run_in_threadpool(cm.__enter__)
  File "C:\Users\81026\AppData\Local\Programs\Python\Python310\lib\site-packages\fastapi\routing.py", line 101, in app
    response = await f(request)
  File "C:\Users\81026\AppData\Local\Programs\Python\Python310\lib\site-packages\fastapi\routing.py", line 355, in app
    raw_response = await run_endpoint_function(
  File "C:\Users\81026\AppData\Local\Programs\Python\Python310\lib\site-packages\fastapi\routing.py", line 243, in run_endpoint_function
    return await dependant.call(**values)
  File "D:\code\BugSeek\backend\app\api\v1\endpoints.py", line 191, in get_endpoints
    query = query.join(VersionEndpoint, ApiEndpoint.id == VersionEndpoint.endpoint_id).filter(
NameError: name 'VersionEndpoint' is not defined
2026-01-23 17:18:49 | ERROR | [78416b70d9cc4b2c97aa9a28869d8b5f] | app.main | 未捕获的异常: name 'VersionEndpoint' is not defined | 路径: /api/v1/api-integration/endpoints | 方法: GET
Traceback (most recent call last):
  File "C:\Users\81026\AppData\Local\Programs\Python\Python310\lib\site-packages\starlette\middleware\errors.py", line 164, in __call__
    await self.app(scope, receive, _send)
  File "C:\Users\81026\AppData\Local\Programs\Python\Python310\lib\site-packages\starlette\middleware\cors.py", line 85, in __call__
    await self.app(scope, receive, send)
  File "C:\Users\81026\AppData\Local\Programs\Python\Python310\lib\site-packages\starlette\middleware\base.py", line 191, in __call__
    with recv_stream, send_stream, collapse_excgroups():
  File "C:\Users\81026\AppData\Local\Programs\Python\Python310\lib\contextlib.py", line 153, in __exit__
    self.gen.throw(typ, value, traceback)
  File "C:\Users\81026\AppData\Local\Programs\Python\Python310\lib\site-packages\starlette\_utils.py", line 85, in collapse_excgroups
    raise exc
  File "C:\Users\81026\AppData\Local\Programs\Python\Python310\lib\site-packages\starlette\middleware\base.py", line 193, in __call__
    response = await self.dispatch_func(request, call_next)
  File "D:\code\BugSeek\backend\app\main.py", line 29, in trace_id_middleware
    response = await call_next(request)
  File "C:\Users\81026\AppData\Local\Programs\Python\Python310\lib\site-packages\starlette\middleware\base.py", line 168, in call_next
    raise app_exc from app_exc.__cause__ or app_exc.__context__
  File "C:\Users\81026\AppData\Local\Programs\Python\Python310\lib\site-packages\starlette\middleware\base.py", line 144, in coro
    await self.app(scope, receive_or_disconnect, send_no_error)
  File "C:\Users\81026\AppData\Local\Programs\Python\Python310\lib\site-packages\starlette\middleware\exceptions.py", line 63, in __call__
    await wrap_app_handling_exceptions(self.app, conn)(scope, receive, send)
  File "C:\Users\81026\AppData\Local\Programs\Python\Python310\lib\site-packages\starlette\_exception_handler.py", line 53, in wrapped_app
    raise exc
  File "C:\Users\81026\AppData\Local\Programs\Python\Python310\lib\site-packages\starlette\_exception_handler.py", line 42, in wrapped_app
    await app(scope, receive, sender)
  File "C:\Users\81026\AppData\Local\Programs\Python\Python310\lib\site-packages\fastapi\middleware\asyncexitstack.py", line 18, in __call__
    await self.app(scope, receive, send)
  File "C:\Users\81026\AppData\Local\Programs\Python\Python310\lib\site-packages\starlette\routing.py", line 716, in __call__
    await self.middleware_stack(scope, receive, send)
  File "C:\Users\81026\AppData\Local\Programs\Python\Python310\lib\site-packages\starlette\routing.py", line 736, in app
    await route.handle(scope, receive, send)
  File "C:\Users\81026\AppData\Local\Programs\Python\Python310\lib\site-packages\starlette\routing.py", line 290, in handle
    await self.app(scope, receive, send)
  File "C:\Users\81026\AppData\Local\Programs\Python\Python310\lib\site-packages\fastapi\routing.py", line 115, in app
    await wrap_app_handling_exceptions(app, request)(scope, receive, send)
  File "C:\Users\81026\AppData\Local\Programs\Python\Python310\lib\site-packages\starlette\_exception_handler.py", line 53, in wrapped_app
    raise exc
  File "C:\Users\81026\AppData\Local\Programs\Python\Python310\lib\site-packages\starlette\_exception_handler.py", line 42, in wrapped_app
    await app(scope, receive, sender)
  File "C:\Users\81026\AppData\Local\Programs\Python\Python310\lib\site-packages\fastapi\routing.py", line 101, in app
    response = await f(request)
  File "C:\Users\81026\AppData\Local\Programs\Python\Python310\lib\site-packages\fastapi\routing.py", line 355, in app
    raw_response = await run_endpoint_function(
  File "C:\Users\81026\AppData\Local\Programs\Python\Python310\lib\site-packages\fastapi\routing.py", line 243, in run_endpoint_function
    return await dependant.call(**values)
  File "D:\code\BugSeek\backend\app\api\v1\endpoints.py", line 191, in get_endpoints
    query = query.join(VersionEndpoint, ApiEndpoint.id == VersionEndpoint.endpoint_id).filter(
NameError: name 'VersionEndpoint' is not defined
2026-01-23 17:18:49 | INFO | [b8635a103f844c45b19756d1beed4d85] | app.api.v1.projects | [b8635a103f844c45b19756d1beed4d85] 用户 admin 获取项目列表: page=1, page_size=100
2026-01-23 17:18:49 | INFO | [b8635a103f844c45b19756d1beed4d85] | app.api.v1.projects | [b8635a103f844c45b19756d1beed4d85] 获取项目列表成功: total=2
2026-01-23 17:18:49 | INFO | [dba693b0e3a1478f9b964b4cdb20a639] | app.api.v1.versions | [dba693b0e3a1478f9b964b4cdb20a639] 用户 admin 获取版本列表: project_id=1, page=1, page_size=100
2026-01-23 17:18:49 | INFO | [dba693b0e3a1478f9b964b4cdb20a639] | app.api.v1.versions | [dba693b0e3a1478f9b964b4cdb20a639] 用户 admin 查看版本列表 项目 InvenTree (id=1) 的版本
2026-01-23 17:18:49 | INFO | [dba693b0e3a1478f9b964b4cdb20a639] | app.api.v1.versions | [dba693b0e3a1478f9b964b4cdb20a639] 获取版本列表成功: total=2
2026-01-23 17:18:49 | INFO | [77d268de595d4337970f686f61f88b51] | app.api.v1.projects | [77d268de595d4337970f686f61f88b51] 用户 admin 获取项目列表: page=1, page_size=100
2026-01-23 17:18:49 | INFO | [77d268de595d4337970f686f61f88b51] | app.api.v1.projects | [77d268de595d4337970f686f61f88b51] 获取项目列表成功: total=2
2026-01-23 17:18:49 | INFO | [88adeb84679b410daedcb1f724eec512] | app.api.v1.projects | [88adeb84679b410daedcb1f724eec512] 用户 admin 获取项目列表: page=1, page_size=100
2026-01-23 17:18:49 | INFO | [88adeb84679b410daedcb1f724eec512] | app.api.v1.projects | [88adeb84679b410daedcb1f724eec512] 获取项目列表成功: total=2
2026-01-23 17:18:52 | INFO | [2a9d43c2e9c94a4a9c4c504da924d508] | app.api.v1.api_integration | 获取文档列表: skip=0, limit=100, user=admin, project_id=1, version_id=1
2026-01-23 17:18:52 | INFO | [2a9d43c2e9c94a4a9c4c504da924d508] | app.api.v1.api_integration | 查询到 1 个文档，total=1
2026-01-23 17:18:52 | INFO | [6ded5369a4f642a5a5b74abc7b5762a0] | app.api.v1.api_integration | 获取文档列表: skip=0, limit=100, user=admin, project_id=1, version_id=1
2026-01-23 17:18:52 | INFO | [6ded5369a4f642a5a5b74abc7b5762a0] | app.api.v1.api_integration | 查询到 1 个文档，total=1
2026-01-23 17:18:54 | INFO | [18a90797c68a43a9bccb7636aa536dd0] | app.api.v1.context | [18a90797c68a43a9bccb7636aa536dd0] 切换用户上下文: user=admin, project_id=1, version_id=3
2026-01-23 17:18:54 | INFO | [18a90797c68a43a9bccb7636aa536dd0] | app.context | [18a90797c68a43a9bccb7636aa536dd0] 用户 admin 更新上下文: project_id=1, version_id=3
2026-01-23 17:18:54 | INFO | [3c0de39bdbde4dc58e60864e5dd2b457] | app.api.v1.projects | [3c0de39bdbde4dc58e60864e5dd2b457] 用户 admin 获取项目列表: page=1, page_size=100
2026-01-23 17:18:54 | INFO | [3c0de39bdbde4dc58e60864e5dd2b457] | app.api.v1.projects | [3c0de39bdbde4dc58e60864e5dd2b457] 获取项目列表成功: total=2
2026-01-23 17:18:54 | INFO | [247194a314c046baac9161d3fe3440b8] | app.api.v1.api_integration | 获取文档列表: skip=0, limit=100, user=admin, project_id=1, version_id=3
2026-01-23 17:18:54 | INFO | [247194a314c046baac9161d3fe3440b8] | app.api.v1.api_integration | 查询到 0 个文档，total=0
2026-01-23 17:18:54 | INFO | [865ab1423ff44d0fa1266abf41c0698a] | app.api.v1.versions | [865ab1423ff44d0fa1266abf41c0698a] 用户 admin 获取版本列表: project_id=1, page=1, page_size=100
2026-01-23 17:18:54 | INFO | [865ab1423ff44d0fa1266abf41c0698a] | app.api.v1.versions | [865ab1423ff44d0fa1266abf41c0698a] 用户 admin 查看版本列表 项目 InvenTree (id=1) 的版本
2026-01-23 17:18:54 | INFO | [865ab1423ff44d0fa1266abf41c0698a] | app.api.v1.versions | [865ab1423ff44d0fa1266abf41c0698a] 获取版本列表成功: total=2
2026-01-23 17:18:54 | INFO | [f600df6424b54465b530ba76861d3a1e] | app.api.v1.projects | [f600df6424b54465b530ba76861d3a1e] 用户 admin 获取项目列表: page=1, page_size=100
2026-01-23 17:18:54 | INFO | [f600df6424b54465b530ba76861d3a1e] | app.api.v1.projects | [f600df6424b54465b530ba76861d3a1e] 获取项目列表成功: total=2
2026-01-23 17:18:54 | INFO | [5db43feabf4b40ecbb5726e68d84265d] | app.api.v1.api_integration | 获取文档列表: skip=0, limit=100, user=admin, project_id=1, version_id=3
2026-01-23 17:18:54 | INFO | [5db43feabf4b40ecbb5726e68d84265d] | app.api.v1.api_integration | 查询到 0 个文档，total=0
2026-01-23 17:18:54 | INFO | [15d0755e6ae840c49860e740e3d31536] | app.api.v1.versions | [15d0755e6ae840c49860e740e3d31536] 用户 admin 获取版本列表: project_id=1, page=1, page_size=100
2026-01-23 17:18:54 | INFO | [15d0755e6ae840c49860e740e3d31536] | app.api.v1.versions | [15d0755e6ae840c49860e740e3d31536] 用户 admin 查看版本列表 项目 InvenTree (id=1) 的版本
2026-01-23 17:18:54 | INFO | [15d0755e6ae840c49860e740e3d31536] | app.api.v1.versions | [15d0755e6ae840c49860e740e3d31536] 获取版本列表成功: total=2
2026-01-23 17:18:54 | INFO | [dd102847e63a4641b44ee93eba2a4a69] | app.api.v1.projects | [dd102847e63a4641b44ee93eba2a4a69] 用户 admin 获取项目列表: page=1, page_size=100
2026-01-23 17:18:54 | INFO | [dd102847e63a4641b44ee93eba2a4a69] | app.api.v1.projects | [dd102847e63a4641b44ee93eba2a4a69] 获取项目列表成功: total=2
2026-01-23 17:18:54 | INFO | [0047e92e2b144df4ba34174f8282daa2] | app.api.v1.projects | [0047e92e2b144df4ba34174f8282daa2] 用户 admin 获取项目列表: page=1, page_size=100
2026-01-23 17:18:54 | INFO | [0047e92e2b144df4ba34174f8282daa2] | app.api.v1.projects | [0047e92e2b144df4ba34174f8282daa2] 获取项目列表成功: total=2
2026-01-23 17:18:56 | INFO | [d013e74c6d2f47b39b705418e40cbc1a] | app.api.v1.endpoints | [d013e74c6d2f47b39b705418e40cbc1a] 查询接口列表: skip=0, limit=10, user=admin, project_id=1, version_id=3
2026-01-23 17:18:56 | ERROR | [d013e74c6d2f47b39b705418e40cbc1a] | app.dependencies | 数据库会话异常: name 'VersionEndpoint' is not defined
Traceback (most recent call last):
  File "D:\code\BugSeek\backend\app\dependencies.py", line 19, in get_db
    yield db
  File "C:\Users\81026\AppData\Local\Programs\Python\Python310\lib\site-packages\fastapi\concurrency.py", line 29, in contextmanager_in_threadpool
    yield await run_in_threadpool(cm.__enter__)
  File "C:\Users\81026\AppData\Local\Programs\Python\Python310\lib\site-packages\fastapi\routing.py", line 101, in app
    response = await f(request)
  File "C:\Users\81026\AppData\Local\Programs\Python\Python310\lib\site-packages\fastapi\routing.py", line 355, in app
    raw_response = await run_endpoint_function(
  File "C:\Users\81026\AppData\Local\Programs\Python\Python310\lib\site-packages\fastapi\routing.py", line 243, in run_endpoint_function
    return await dependant.call(**values)
  File "D:\code\BugSeek\backend\app\api\v1\endpoints.py", line 191, in get_endpoints
    query = query.join(VersionEndpoint, ApiEndpoint.id == VersionEndpoint.endpoint_id).filter(
NameError: name 'VersionEndpoint' is not defined
2026-01-23 17:18:56 | ERROR | [d013e74c6d2f47b39b705418e40cbc1a] | app.main | 未捕获的异常: name 'VersionEndpoint' is not defined | 路径: /api/v1/api-integration/endpoints | 方法: GET
Traceback (most recent call last):
  File "C:\Users\81026\AppData\Local\Programs\Python\Python310\lib\site-packages\starlette\middleware\errors.py", line 164, in __call__
    await self.app(scope, receive, _send)
  File "C:\Users\81026\AppData\Local\Programs\Python\Python310\lib\site-packages\starlette\middleware\cors.py", line 85, in __call__
    await self.app(scope, receive, send)
  File "C:\Users\81026\AppData\Local\Programs\Python\Python310\lib\site-packages\starlette\middleware\base.py", line 191, in __call__
    with recv_stream, send_stream, collapse_excgroups():
  File "C:\Users\81026\AppData\Local\Programs\Python\Python310\lib\contextlib.py", line 153, in __exit__
    self.gen.throw(typ, value, traceback)
  File "C:\Users\81026\AppData\Local\Programs\Python\Python310\lib\site-packages\starlette\_utils.py", line 85, in collapse_excgroups
    raise exc
  File "C:\Users\81026\AppData\Local\Programs\Python\Python310\lib\site-packages\starlette\middleware\base.py", line 193, in __call__
    response = await self.dispatch_func(request, call_next)
  File "D:\code\BugSeek\backend\app\main.py", line 29, in trace_id_middleware
    response = await call_next(request)
  File "C:\Users\81026\AppData\Local\Programs\Python\Python310\lib\site-packages\starlette\middleware\base.py", line 168, in call_next
    raise app_exc from app_exc.__cause__ or app_exc.__context__
  File "C:\Users\81026\AppData\Local\Programs\Python\Python310\lib\site-packages\starlette\middleware\base.py", line 144, in coro
    await self.app(scope, receive_or_disconnect, send_no_error)
  File "C:\Users\81026\AppData\Local\Programs\Python\Python310\lib\site-packages\starlette\middleware\exceptions.py", line 63, in __call__
    await wrap_app_handling_exceptions(self.app, conn)(scope, receive, send)
  File "C:\Users\81026\AppData\Local\Programs\Python\Python310\lib\site-packages\starlette\_exception_handler.py", line 53, in wrapped_app
    raise exc
  File "C:\Users\81026\AppData\Local\Programs\Python\Python310\lib\site-packages\starlette\_exception_handler.py", line 42, in wrapped_app
    await app(scope, receive, sender)
  File "C:\Users\81026\AppData\Local\Programs\Python\Python310\lib\site-packages\fastapi\middleware\asyncexitstack.py", line 18, in __call__
    await self.app(scope, receive, send)
  File "C:\Users\81026\AppData\Local\Programs\Python\Python310\lib\site-packages\starlette\routing.py", line 716, in __call__
    await self.middleware_stack(scope, receive, send)
  File "C:\Users\81026\AppData\Local\Programs\Python\Python310\lib\site-packages\starlette\routing.py", line 736, in app
    await route.handle(scope, receive, send)
  File "C:\Users\81026\AppData\Local\Programs\Python\Python310\lib\site-packages\starlette\routing.py", line 290, in handle
    await self.app(scope, receive, send)
  File "C:\Users\81026\AppData\Local\Programs\Python\Python310\lib\site-packages\fastapi\routing.py", line 115, in app
    await wrap_app_handling_exceptions(app, request)(scope, receive, send)
  File "C:\Users\81026\AppData\Local\Programs\Python\Python310\lib\site-packages\starlette\_exception_handler.py", line 53, in wrapped_app
    raise exc
  File "C:\Users\81026\AppData\Local\Programs\Python\Python310\lib\site-packages\starlette\_exception_handler.py", line 42, in wrapped_app
    await app(scope, receive, sender)
  File "C:\Users\81026\AppData\Local\Programs\Python\Python310\lib\site-packages\fastapi\routing.py", line 101, in app
    response = await f(request)
  File "C:\Users\81026\AppData\Local\Programs\Python\Python310\lib\site-packages\fastapi\routing.py", line 355, in app
    raw_response = await run_endpoint_function(
  File "C:\Users\81026\AppData\Local\Programs\Python\Python310\lib\site-packages\fastapi\routing.py", line 243, in run_endpoint_function
    return await dependant.call(**values)
  File "D:\code\BugSeek\backend\app\api\v1\endpoints.py", line 191, in get_endpoints
    query = query.join(VersionEndpoint, ApiEndpoint.id == VersionEndpoint.endpoint_id).filter(
NameError: name 'VersionEndpoint' is not defined
2026-01-23 17:18:56 | INFO | [d1fc12817de4429aadb99cf4b9bc877a] | app.api.v1.endpoints | [d1fc12817de4429aadb99cf4b9bc877a] 查询接口列表: skip=0, limit=10, user=admin, project_id=1, version_id=3
2026-01-23 17:18:56 | ERROR | [d1fc12817de4429aadb99cf4b9bc877a] | app.dependencies | 数据库会话异常: name 'VersionEndpoint' is not defined
Traceback (most recent call last):
  File "D:\code\BugSeek\backend\app\dependencies.py", line 19, in get_db
    yield db
  File "C:\Users\81026\AppData\Local\Programs\Python\Python310\lib\site-packages\fastapi\concurrency.py", line 29, in contextmanager_in_threadpool
    yield await run_in_threadpool(cm.__enter__)
  File "C:\Users\81026\AppData\Local\Programs\Python\Python310\lib\site-packages\fastapi\routing.py", line 101, in app
    response = await f(request)
  File "C:\Users\81026\AppData\Local\Programs\Python\Python310\lib\site-packages\fastapi\routing.py", line 355, in app
    raw_response = await run_endpoint_function(
  File "C:\Users\81026\AppData\Local\Programs\Python\Python310\lib\site-packages\fastapi\routing.py", line 243, in run_endpoint_function
    return await dependant.call(**values)
  File "D:\code\BugSeek\backend\app\api\v1\endpoints.py", line 191, in get_endpoints
    query = query.join(VersionEndpoint, ApiEndpoint.id == VersionEndpoint.endpoint_id).filter(
NameError: name 'VersionEndpoint' is not defined
2026-01-23 17:18:56 | ERROR | [d1fc12817de4429aadb99cf4b9bc877a] | app.main | 未捕获的异常: name 'VersionEndpoint' is not defined | 路径: /api/v1/api-integration/endpoints | 方法: GET
Traceback (most recent call last):
  File "C:\Users\81026\AppData\Local\Programs\Python\Python310\lib\site-packages\starlette\middleware\errors.py", line 164, in __call__
    await self.app(scope, receive, _send)
  File "C:\Users\81026\AppData\Local\Programs\Python\Python310\lib\site-packages\starlette\middleware\cors.py", line 85, in __call__
    await self.app(scope, receive, send)
  File "C:\Users\81026\AppData\Local\Programs\Python\Python310\lib\site-packages\starlette\middleware\base.py", line 191, in __call__
    with recv_stream, send_stream, collapse_excgroups():
  File "C:\Users\81026\AppData\Local\Programs\Python\Python310\lib\contextlib.py", line 153, in __exit__
    self.gen.throw(typ, value, traceback)
  File "C:\Users\81026\AppData\Local\Programs\Python\Python310\lib\site-packages\starlette\_utils.py", line 85, in collapse_excgroups
    raise exc
  File "C:\Users\81026\AppData\Local\Programs\Python\Python310\lib\site-packages\starlette\middleware\base.py", line 193, in __call__
    response = await self.dispatch_func(request, call_next)
  File "D:\code\BugSeek\backend\app\main.py", line 29, in trace_id_middleware
    response = await call_next(request)
  File "C:\Users\81026\AppData\Local\Programs\Python\Python310\lib\site-packages\starlette\middleware\base.py", line 168, in call_next
    raise app_exc from app_exc.__cause__ or app_exc.__context__
  File "C:\Users\81026\AppData\Local\Programs\Python\Python310\lib\site-packages\starlette\middleware\base.py", line 144, in coro
    await self.app(scope, receive_or_disconnect, send_no_error)
  File "C:\Users\81026\AppData\Local\Programs\Python\Python310\lib\site-packages\starlette\middleware\exceptions.py", line 63, in __call__
    await wrap_app_handling_exceptions(self.app, conn)(scope, receive, send)
  File "C:\Users\81026\AppData\Local\Programs\Python\Python310\lib\site-packages\starlette\_exception_handler.py", line 53, in wrapped_app
    raise exc
  File "C:\Users\81026\AppData\Local\Programs\Python\Python310\lib\site-packages\starlette\_exception_handler.py", line 42, in wrapped_app
    await app(scope, receive, sender)
  File "C:\Users\81026\AppData\Local\Programs\Python\Python310\lib\site-packages\fastapi\middleware\asyncexitstack.py", line 18, in __call__
    await self.app(scope, receive, send)
  File "C:\Users\81026\AppData\Local\Programs\Python\Python310\lib\site-packages\starlette\routing.py", line 716, in __call__
    await self.middleware_stack(scope, receive, send)
  File "C:\Users\81026\AppData\Local\Programs\Python\Python310\lib\site-packages\starlette\routing.py", line 736, in app
    await route.handle(scope, receive, send)
  File "C:\Users\81026\AppData\Local\Programs\Python\Python310\lib\site-packages\starlette\routing.py", line 290, in handle
    await self.app(scope, receive, send)
  File "C:\Users\81026\AppData\Local\Programs\Python\Python310\lib\site-packages\fastapi\routing.py", line 115, in app
    await wrap_app_handling_exceptions(app, request)(scope, receive, send)
  File "C:\Users\81026\AppData\Local\Programs\Python\Python310\lib\site-packages\starlette\_exception_handler.py", line 53, in wrapped_app
    raise exc
  File "C:\Users\81026\AppData\Local\Programs\Python\Python310\lib\site-packages\starlette\_exception_handler.py", line 42, in wrapped_app
    await app(scope, receive, sender)
  File "C:\Users\81026\AppData\Local\Programs\Python\Python310\lib\site-packages\fastapi\routing.py", line 101, in app
    response = await f(request)
  File "C:\Users\81026\AppData\Local\Programs\Python\Python310\lib\site-packages\fastapi\routing.py", line 355, in app
    raw_response = await run_endpoint_function(
  File "C:\Users\81026\AppData\Local\Programs\Python\Python310\lib\site-packages\fastapi\routing.py", line 243, in run_endpoint_function
    return await dependant.call(**values)
  File "D:\code\BugSeek\backend\app\api\v1\endpoints.py", line 191, in get_endpoints
    query = query.join(VersionEndpoint, ApiEndpoint.id == VersionEndpoint.endpoint_id).filter(
NameError: name 'VersionEndpoint' is not defined
2026-01-23 17:18:58 | INFO | [b4f003893a884a98b8752fb01d9a6175] | app.api.v1.context | [b4f003893a884a98b8752fb01d9a6175] 切换用户上下文: user=admin, project_id=1, version_id=1
2026-01-23 17:18:58 | INFO | [b4f003893a884a98b8752fb01d9a6175] | app.context | [b4f003893a884a98b8752fb01d9a6175] 用户 admin 更新上下文: project_id=1, version_id=1
2026-01-23 17:18:58 | INFO | [7ebfb90c48484b63a8d38ae1b131d93e] | app.api.v1.endpoints | [7ebfb90c48484b63a8d38ae1b131d93e] 查询接口列表: skip=0, limit=10, user=admin, project_id=1, version_id=1
2026-01-23 17:18:58 | ERROR | [7ebfb90c48484b63a8d38ae1b131d93e] | app.dependencies | 数据库会话异常: name 'VersionEndpoint' is not defined
Traceback (most recent call last):
  File "D:\code\BugSeek\backend\app\dependencies.py", line 19, in get_db
    yield db
  File "C:\Users\81026\AppData\Local\Programs\Python\Python310\lib\site-packages\fastapi\concurrency.py", line 29, in contextmanager_in_threadpool
    yield await run_in_threadpool(cm.__enter__)
  File "C:\Users\81026\AppData\Local\Programs\Python\Python310\lib\site-packages\fastapi\routing.py", line 101, in app
    response = await f(request)
  File "C:\Users\81026\AppData\Local\Programs\Python\Python310\lib\site-packages\fastapi\routing.py", line 355, in app
    raw_response = await run_endpoint_function(
  File "C:\Users\81026\AppData\Local\Programs\Python\Python310\lib\site-packages\fastapi\routing.py", line 243, in run_endpoint_function
    return await dependant.call(**values)
  File "D:\code\BugSeek\backend\app\api\v1\endpoints.py", line 191, in get_endpoints
    query = query.join(VersionEndpoint, ApiEndpoint.id == VersionEndpoint.endpoint_id).filter(
NameError: name 'VersionEndpoint' is not defined
2026-01-23 17:18:58 | ERROR | [7ebfb90c48484b63a8d38ae1b131d93e] | app.main | 未捕获的异常: name 'VersionEndpoint' is not defined | 路径: /api/v1/api-integration/endpoints | 方法: GET
Traceback (most recent call last):
  File "C:\Users\81026\AppData\Local\Programs\Python\Python310\lib\site-packages\starlette\middleware\errors.py", line 164, in __call__
    await self.app(scope, receive, _send)
  File "C:\Users\81026\AppData\Local\Programs\Python\Python310\lib\site-packages\starlette\middleware\cors.py", line 85, in __call__
    await self.app(scope, receive, send)
  File "C:\Users\81026\AppData\Local\Programs\Python\Python310\lib\site-packages\starlette\middleware\base.py", line 191, in __call__
    with recv_stream, send_stream, collapse_excgroups():
  File "C:\Users\81026\AppData\Local\Programs\Python\Python310\lib\contextlib.py", line 153, in __exit__
    self.gen.throw(typ, value, traceback)
  File "C:\Users\81026\AppData\Local\Programs\Python\Python310\lib\site-packages\starlette\_utils.py", line 85, in collapse_excgroups
    raise exc
  File "C:\Users\81026\AppData\Local\Programs\Python\Python310\lib\site-packages\starlette\middleware\base.py", line 193, in __call__
    response = await self.dispatch_func(request, call_next)
  File "D:\code\BugSeek\backend\app\main.py", line 29, in trace_id_middleware
    response = await call_next(request)
  File "C:\Users\81026\AppData\Local\Programs\Python\Python310\lib\site-packages\starlette\middleware\base.py", line 168, in call_next
    raise app_exc from app_exc.__cause__ or app_exc.__context__
  File "C:\Users\81026\AppData\Local\Programs\Python\Python310\lib\site-packages\starlette\middleware\base.py", line 144, in coro
    await self.app(scope, receive_or_disconnect, send_no_error)
  File "C:\Users\81026\AppData\Local\Programs\Python\Python310\lib\site-packages\starlette\middleware\exceptions.py", line 63, in __call__
    await wrap_app_handling_exceptions(self.app, conn)(scope, receive, send)
  File "C:\Users\81026\AppData\Local\Programs\Python\Python310\lib\site-packages\starlette\_exception_handler.py", line 53, in wrapped_app
    raise exc
  File "C:\Users\81026\AppData\Local\Programs\Python\Python310\lib\site-packages\starlette\_exception_handler.py", line 42, in wrapped_app
    await app(scope, receive, sender)
  File "C:\Users\81026\AppData\Local\Programs\Python\Python310\lib\site-packages\fastapi\middleware\asyncexitstack.py", line 18, in __call__
    await self.app(scope, receive, send)
  File "C:\Users\81026\AppData\Local\Programs\Python\Python310\lib\site-packages\starlette\routing.py", line 716, in __call__
    await self.middleware_stack(scope, receive, send)
  File "C:\Users\81026\AppData\Local\Programs\Python\Python310\lib\site-packages\starlette\routing.py", line 736, in app
    await route.handle(scope, receive, send)
  File "C:\Users\81026\AppData\Local\Programs\Python\Python310\lib\site-packages\starlette\routing.py", line 290, in handle
    await self.app(scope, receive, send)
  File "C:\Users\81026\AppData\Local\Programs\Python\Python310\lib\site-packages\fastapi\routing.py", line 115, in app
    await wrap_app_handling_exceptions(app, request)(scope, receive, send)
  File "C:\Users\81026\AppData\Local\Programs\Python\Python310\lib\site-packages\starlette\_exception_handler.py", line 53, in wrapped_app
    raise exc
  File "C:\Users\81026\AppData\Local\Programs\Python\Python310\lib\site-packages\starlette\_exception_handler.py", line 42, in wrapped_app
    await app(scope, receive, sender)
  File "C:\Users\81026\AppData\Local\Programs\Python\Python310\lib\site-packages\fastapi\routing.py", line 101, in app
    response = await f(request)
  File "C:\Users\81026\AppData\Local\Programs\Python\Python310\lib\site-packages\fastapi\routing.py", line 355, in app
    raw_response = await run_endpoint_function(
  File "C:\Users\81026\AppData\Local\Programs\Python\Python310\lib\site-packages\fastapi\routing.py", line 243, in run_endpoint_function
    return await dependant.call(**values)
  File "D:\code\BugSeek\backend\app\api\v1\endpoints.py", line 191, in get_endpoints
    query = query.join(VersionEndpoint, ApiEndpoint.id == VersionEndpoint.endpoint_id).filter(
NameError: name 'VersionEndpoint' is not defined
2026-01-23 17:18:58 | INFO | [c764e1099cdd47808c44a3895b35ceb1] | app.api.v1.versions | [c764e1099cdd47808c44a3895b35ceb1] 用户 admin 获取版本列表: project_id=1, page=1, page_size=100
2026-01-23 17:18:58 | INFO | [c764e1099cdd47808c44a3895b35ceb1] | app.api.v1.versions | [c764e1099cdd47808c44a3895b35ceb1] 用户 admin 查看版本列表 项目 InvenTree (id=1) 的版本
2026-01-23 17:18:58 | INFO | [c764e1099cdd47808c44a3895b35ceb1] | app.api.v1.versions | [c764e1099cdd47808c44a3895b35ceb1] 获取版本列表成功: total=2
2026-01-23 17:18:58 | INFO | [8fe3faea726044d3b5b78e91bc3d3ae3] | app.api.v1.endpoints | [8fe3faea726044d3b5b78e91bc3d3ae3] 查询接口列表: skip=0, limit=10, user=admin, project_id=1, version_id=1
2026-01-23 17:18:58 | INFO | [73d860198a3f4656a8d570d4478e0275] | app.api.v1.projects | [73d860198a3f4656a8d570d4478e0275] 用户 admin 获取项目列表: page=1, page_size=100
2026-01-23 17:18:58 | INFO | [73d860198a3f4656a8d570d4478e0275] | app.api.v1.projects | [73d860198a3f4656a8d570d4478e0275] 获取项目列表成功: total=2
2026-01-23 17:18:58 | ERROR | [8fe3faea726044d3b5b78e91bc3d3ae3] | app.dependencies | 数据库会话异常: name 'VersionEndpoint' is not defined
Traceback (most recent call last):
  File "D:\code\BugSeek\backend\app\dependencies.py", line 19, in get_db
    yield db
  File "C:\Users\81026\AppData\Local\Programs\Python\Python310\lib\site-packages\fastapi\concurrency.py", line 29, in contextmanager_in_threadpool
    yield await run_in_threadpool(cm.__enter__)
  File "C:\Users\81026\AppData\Local\Programs\Python\Python310\lib\site-packages\fastapi\routing.py", line 101, in app
    response = await f(request)
  File "C:\Users\81026\AppData\Local\Programs\Python\Python310\lib\site-packages\fastapi\routing.py", line 355, in app
    raw_response = await run_endpoint_function(
  File "C:\Users\81026\AppData\Local\Programs\Python\Python310\lib\site-packages\fastapi\routing.py", line 243, in run_endpoint_function
    return await dependant.call(**values)
  File "D:\code\BugSeek\backend\app\api\v1\endpoints.py", line 191, in get_endpoints
    query = query.join(VersionEndpoint, ApiEndpoint.id == VersionEndpoint.endpoint_id).filter(
NameError: name 'VersionEndpoint' is not defined
2026-01-23 17:18:58 | ERROR | [8fe3faea726044d3b5b78e91bc3d3ae3] | app.main | 未捕获的异常: name 'VersionEndpoint' is not defined | 路径: /api/v1/api-integration/endpoints | 方法: GET
Traceback (most recent call last):
  File "C:\Users\81026\AppData\Local\Programs\Python\Python310\lib\site-packages\starlette\middleware\errors.py", line 164, in __call__
    await self.app(scope, receive, _send)
  File "C:\Users\81026\AppData\Local\Programs\Python\Python310\lib\site-packages\starlette\middleware\cors.py", line 85, in __call__
    await self.app(scope, receive, send)
  File "C:\Users\81026\AppData\Local\Programs\Python\Python310\lib\site-packages\starlette\middleware\base.py", line 191, in __call__
    with recv_stream, send_stream, collapse_excgroups():
  File "C:\Users\81026\AppData\Local\Programs\Python\Python310\lib\contextlib.py", line 153, in __exit__
    self.gen.throw(typ, value, traceback)
  File "C:\Users\81026\AppData\Local\Programs\Python\Python310\lib\site-packages\starlette\_utils.py", line 85, in collapse_excgroups
    raise exc
  File "C:\Users\81026\AppData\Local\Programs\Python\Python310\lib\site-packages\starlette\middleware\base.py", line 193, in __call__
    response = await self.dispatch_func(request, call_next)
  File "D:\code\BugSeek\backend\app\main.py", line 29, in trace_id_middleware
    response = await call_next(request)
  File "C:\Users\81026\AppData\Local\Programs\Python\Python310\lib\site-packages\starlette\middleware\base.py", line 168, in call_next
    raise app_exc from app_exc.__cause__ or app_exc.__context__
  File "C:\Users\81026\AppData\Local\Programs\Python\Python310\lib\site-packages\starlette\middleware\base.py", line 144, in coro
    await self.app(scope, receive_or_disconnect, send_no_error)
  File "C:\Users\81026\AppData\Local\Programs\Python\Python310\lib\site-packages\starlette\middleware\exceptions.py", line 63, in __call__
    await wrap_app_handling_exceptions(self.app, conn)(scope, receive, send)
  File "C:\Users\81026\AppData\Local\Programs\Python\Python310\lib\site-packages\starlette\_exception_handler.py", line 53, in wrapped_app
    raise exc
  File "C:\Users\81026\AppData\Local\Programs\Python\Python310\lib\site-packages\starlette\_exception_handler.py", line 42, in wrapped_app
    await app(scope, receive, sender)
  File "C:\Users\81026\AppData\Local\Programs\Python\Python310\lib\site-packages\fastapi\middleware\asyncexitstack.py", line 18, in __call__
    await self.app(scope, receive, send)
  File "C:\Users\81026\AppData\Local\Programs\Python\Python310\lib\site-packages\starlette\routing.py", line 716, in __call__
    await self.middleware_stack(scope, receive, send)
  File "C:\Users\81026\AppData\Local\Programs\Python\Python310\lib\site-packages\starlette\routing.py", line 736, in app
    await route.handle(scope, receive, send)
  File "C:\Users\81026\AppData\Local\Programs\Python\Python310\lib\site-packages\starlette\routing.py", line 290, in handle
    await self.app(scope, receive, send)
  File "C:\Users\81026\AppData\Local\Programs\Python\Python310\lib\site-packages\fastapi\routing.py", line 115, in app
    await wrap_app_handling_exceptions(app, request)(scope, receive, send)
  File "C:\Users\81026\AppData\Local\Programs\Python\Python310\lib\site-packages\starlette\_exception_handler.py", line 53, in wrapped_app
    raise exc
  File "C:\Users\81026\AppData\Local\Programs\Python\Python310\lib\site-packages\starlette\_exception_handler.py", line 42, in wrapped_app
    await app(scope, receive, sender)
  File "C:\Users\81026\AppData\Local\Programs\Python\Python310\lib\site-packages\fastapi\routing.py", line 101, in app
    response = await f(request)
  File "C:\Users\81026\AppData\Local\Programs\Python\Python310\lib\site-packages\fastapi\routing.py", line 355, in app
    raw_response = await run_endpoint_function(
  File "C:\Users\81026\AppData\Local\Programs\Python\Python310\lib\site-packages\fastapi\routing.py", line 243, in run_endpoint_function
    return await dependant.call(**values)
  File "D:\code\BugSeek\backend\app\api\v1\endpoints.py", line 191, in get_endpoints
    query = query.join(VersionEndpoint, ApiEndpoint.id == VersionEndpoint.endpoint_id).filter(
NameError: name 'VersionEndpoint' is not defined
2026-01-23 17:18:58 | INFO | [f9f2fa575feb4efbbabb0cecf3561347] | app.api.v1.versions | [f9f2fa575feb4efbbabb0cecf3561347] 用户 admin 获取版本列表: project_id=1, page=1, page_size=100
2026-01-23 17:18:58 | INFO | [f9f2fa575feb4efbbabb0cecf3561347] | app.api.v1.versions | [f9f2fa575feb4efbbabb0cecf3561347] 用户 admin 查看版本列表 项目 InvenTree (id=1) 的版本
2026-01-23 17:18:58 | INFO | [f9f2fa575feb4efbbabb0cecf3561347] | app.api.v1.versions | [f9f2fa575feb4efbbabb0cecf3561347] 获取版本列表成功: total=2
2026-01-23 17:18:58 | INFO | [309d178498194047b7e39bfa3c2d8076] | app.api.v1.projects | [309d178498194047b7e39bfa3c2d8076] 用户 admin 获取项目列表: page=1, page_size=100
2026-01-23 17:18:58 | INFO | [309d178498194047b7e39bfa3c2d8076] | app.api.v1.projects | [309d178498194047b7e39bfa3c2d8076] 获取项目列表成功: total=2
2026-01-23 17:18:58 | INFO | [f9206f8ca9f3443f9740837877f5a2fb] | app.api.v1.projects | [f9206f8ca9f3443f9740837877f5a2fb] 用户 admin 获取项目列表: page=1, page_size=100
2026-01-23 17:18:58 | INFO | [f9206f8ca9f3443f9740837877f5a2fb] | app.api.v1.projects | [f9206f8ca9f3443f9740837877f5a2fb] 获取项目列表成功: total=2
2026-01-23 17:18:58 | INFO | [9e83c5f301cf46aba4b7774ff5d722b4] | app.api.v1.projects | [9e83c5f301cf46aba4b7774ff5d722b4] 用户 admin 获取项目列表: page=1, page_size=100
2026-01-23 17:18:58 | INFO | [9e83c5f301cf46aba4b7774ff5d722b4] | app.api.v1.projects | [9e83c5f301cf46aba4b7774ff5d722b4] 获取项目列表成功: total=2
2026-01-23 17:19:15 | INFO | [b7ccdad97c0944178d84a927621f30c1] | app.api.v1.context | [b7ccdad97c0944178d84a927621f30c1] 切换用户上下文: user=admin, project_id=1, version_id=1
2026-01-23 17:19:15 | INFO | [b7ccdad97c0944178d84a927621f30c1] | app.context | [b7ccdad97c0944178d84a927621f30c1] 用户 admin 更新上下文: project_id=1, version_id=1
2026-01-23 17:19:15 | INFO | [99e26e8af11a4276aa070a0b96d0c480] | app.api.v1.endpoints | [99e26e8af11a4276aa070a0b96d0c480] 查询接口列表: skip=0, limit=10, user=admin, project_id=1, version_id=1
2026-01-23 17:19:15 | ERROR | [99e26e8af11a4276aa070a0b96d0c480] | app.dependencies | 数据库会话异常: name 'VersionEndpoint' is not defined
Traceback (most recent call last):
  File "D:\code\BugSeek\backend\app\dependencies.py", line 19, in get_db
    yield db
  File "C:\Users\81026\AppData\Local\Programs\Python\Python310\lib\site-packages\fastapi\concurrency.py", line 29, in contextmanager_in_threadpool
    yield await run_in_threadpool(cm.__enter__)
  File "C:\Users\81026\AppData\Local\Programs\Python\Python310\lib\site-packages\fastapi\routing.py", line 101, in app
    response = await f(request)
  File "C:\Users\81026\AppData\Local\Programs\Python\Python310\lib\site-packages\fastapi\routing.py", line 355, in app
    raw_response = await run_endpoint_function(
  File "C:\Users\81026\AppData\Local\Programs\Python\Python310\lib\site-packages\fastapi\routing.py", line 243, in run_endpoint_function
    return await dependant.call(**values)
  File "D:\code\BugSeek\backend\app\api\v1\endpoints.py", line 191, in get_endpoints
    query = query.join(VersionEndpoint, ApiEndpoint.id == VersionEndpoint.endpoint_id).filter(
NameError: name 'VersionEndpoint' is not defined
2026-01-23 17:19:15 | INFO | [4abf4a0659734ec9aae50a6d30078941] | app.api.v1.endpoints | [4abf4a0659734ec9aae50a6d30078941] 查询接口列表: skip=0, limit=10, user=admin, project_id=1, version_id=1
2026-01-23 17:19:15 | ERROR | [99e26e8af11a4276aa070a0b96d0c480] | app.main | 未捕获的异常: name 'VersionEndpoint' is not defined | 路径: /api/v1/api-integration/endpoints | 方法: GET
Traceback (most recent call last):
  File "C:\Users\81026\AppData\Local\Programs\Python\Python310\lib\site-packages\starlette\middleware\errors.py", line 164, in __call__
    await self.app(scope, receive, _send)
  File "C:\Users\81026\AppData\Local\Programs\Python\Python310\lib\site-packages\starlette\middleware\cors.py", line 85, in __call__
    await self.app(scope, receive, send)
  File "C:\Users\81026\AppData\Local\Programs\Python\Python310\lib\site-packages\starlette\middleware\base.py", line 191, in __call__
    with recv_stream, send_stream, collapse_excgroups():
  File "C:\Users\81026\AppData\Local\Programs\Python\Python310\lib\contextlib.py", line 153, in __exit__
    self.gen.throw(typ, value, traceback)
  File "C:\Users\81026\AppData\Local\Programs\Python\Python310\lib\site-packages\starlette\_utils.py", line 85, in collapse_excgroups
    raise exc
  File "C:\Users\81026\AppData\Local\Programs\Python\Python310\lib\site-packages\starlette\middleware\base.py", line 193, in __call__
    response = await self.dispatch_func(request, call_next)
  File "D:\code\BugSeek\backend\app\main.py", line 29, in trace_id_middleware
    response = await call_next(request)
  File "C:\Users\81026\AppData\Local\Programs\Python\Python310\lib\site-packages\starlette\middleware\base.py", line 168, in call_next
    raise app_exc from app_exc.__cause__ or app_exc.__context__
  File "C:\Users\81026\AppData\Local\Programs\Python\Python310\lib\site-packages\starlette\middleware\base.py", line 144, in coro
    await self.app(scope, receive_or_disconnect, send_no_error)
  File "C:\Users\81026\AppData\Local\Programs\Python\Python310\lib\site-packages\starlette\middleware\exceptions.py", line 63, in __call__
    await wrap_app_handling_exceptions(self.app, conn)(scope, receive, send)
  File "C:\Users\81026\AppData\Local\Programs\Python\Python310\lib\site-packages\starlette\_exception_handler.py", line 53, in wrapped_app
    raise exc
  File "C:\Users\81026\AppData\Local\Programs\Python\Python310\lib\site-packages\starlette\_exception_handler.py", line 42, in wrapped_app
    await app(scope, receive, sender)
  File "C:\Users\81026\AppData\Local\Programs\Python\Python310\lib\site-packages\fastapi\middleware\asyncexitstack.py", line 18, in __call__
    await self.app(scope, receive, send)
  File "C:\Users\81026\AppData\Local\Programs\Python\Python310\lib\site-packages\starlette\routing.py", line 716, in __call__
    await self.middleware_stack(scope, receive, send)
  File "C:\Users\81026\AppData\Local\Programs\Python\Python310\lib\site-packages\starlette\routing.py", line 736, in app
    await route.handle(scope, receive, send)
  File "C:\Users\81026\AppData\Local\Programs\Python\Python310\lib\site-packages\starlette\routing.py", line 290, in handle
    await self.app(scope, receive, send)
  File "C:\Users\81026\AppData\Local\Programs\Python\Python310\lib\site-packages\fastapi\routing.py", line 115, in app
    await wrap_app_handling_exceptions(app, request)(scope, receive, send)
  File "C:\Users\81026\AppData\Local\Programs\Python\Python310\lib\site-packages\starlette\_exception_handler.py", line 53, in wrapped_app
    raise exc
  File "C:\Users\81026\AppData\Local\Programs\Python\Python310\lib\site-packages\starlette\_exception_handler.py", line 42, in wrapped_app
    await app(scope, receive, sender)
  File "C:\Users\81026\AppData\Local\Programs\Python\Python310\lib\site-packages\fastapi\routing.py", line 101, in app
    response = await f(request)
  File "C:\Users\81026\AppData\Local\Programs\Python\Python310\lib\site-packages\fastapi\routing.py", line 355, in app
    raw_response = await run_endpoint_function(
  File "C:\Users\81026\AppData\Local\Programs\Python\Python310\lib\site-packages\fastapi\routing.py", line 243, in run_endpoint_function
    return await dependant.call(**values)
  File "D:\code\BugSeek\backend\app\api\v1\endpoints.py", line 191, in get_endpoints
    query = query.join(VersionEndpoint, ApiEndpoint.id == VersionEndpoint.endpoint_id).filter(
NameError: name 'VersionEndpoint' is not defined
2026-01-23 17:19:15 | ERROR | [4abf4a0659734ec9aae50a6d30078941] | app.dependencies | 数据库会话异常: name 'VersionEndpoint' is not defined
Traceback (most recent call last):
  File "D:\code\BugSeek\backend\app\dependencies.py", line 19, in get_db
    yield db
  File "C:\Users\81026\AppData\Local\Programs\Python\Python310\lib\site-packages\fastapi\concurrency.py", line 29, in contextmanager_in_threadpool
    yield await run_in_threadpool(cm.__enter__)
  File "C:\Users\81026\AppData\Local\Programs\Python\Python310\lib\site-packages\fastapi\routing.py", line 101, in app
    response = await f(request)
  File "C:\Users\81026\AppData\Local\Programs\Python\Python310\lib\site-packages\fastapi\routing.py", line 355, in app
    raw_response = await run_endpoint_function(
  File "C:\Users\81026\AppData\Local\Programs\Python\Python310\lib\site-packages\fastapi\routing.py", line 243, in run_endpoint_function
    return await dependant.call(**values)
  File "D:\code\BugSeek\backend\app\api\v1\endpoints.py", line 191, in get_endpoints
    query = query.join(VersionEndpoint, ApiEndpoint.id == VersionEndpoint.endpoint_id).filter(
NameError: name 'VersionEndpoint' is not defined
2026-01-23 17:19:15 | ERROR | [4abf4a0659734ec9aae50a6d30078941] | app.main | 未捕获的异常: name 'VersionEndpoint' is not defined | 路径: /api/v1/api-integration/endpoints | 方法: GET
Traceback (most recent call last):
  File "C:\Users\81026\AppData\Local\Programs\Python\Python310\lib\site-packages\starlette\middleware\errors.py", line 164, in __call__
    await self.app(scope, receive, _send)
  File "C:\Users\81026\AppData\Local\Programs\Python\Python310\lib\site-packages\starlette\middleware\cors.py", line 85, in __call__
    await self.app(scope, receive, send)
  File "C:\Users\81026\AppData\Local\Programs\Python\Python310\lib\site-packages\starlette\middleware\base.py", line 191, in __call__
    with recv_stream, send_stream, collapse_excgroups():
  File "C:\Users\81026\AppData\Local\Programs\Python\Python310\lib\contextlib.py", line 153, in __exit__
    self.gen.throw(typ, value, traceback)
  File "C:\Users\81026\AppData\Local\Programs\Python\Python310\lib\site-packages\starlette\_utils.py", line 85, in collapse_excgroups
    raise exc
  File "C:\Users\81026\AppData\Local\Programs\Python\Python310\lib\site-packages\starlette\middleware\base.py", line 193, in __call__
    response = await self.dispatch_func(request, call_next)
  File "D:\code\BugSeek\backend\app\main.py", line 29, in trace_id_middleware
    response = await call_next(request)
  File "C:\Users\81026\AppData\Local\Programs\Python\Python310\lib\site-packages\starlette\middleware\base.py", line 168, in call_next
    raise app_exc from app_exc.__cause__ or app_exc.__context__
  File "C:\Users\81026\AppData\Local\Programs\Python\Python310\lib\site-packages\starlette\middleware\base.py", line 144, in coro
    await self.app(scope, receive_or_disconnect, send_no_error)
  File "C:\Users\81026\AppData\Local\Programs\Python\Python310\lib\site-packages\starlette\middleware\exceptions.py", line 63, in __call__
    await wrap_app_handling_exceptions(self.app, conn)(scope, receive, send)
  File "C:\Users\81026\AppData\Local\Programs\Python\Python310\lib\site-packages\starlette\_exception_handler.py", line 53, in wrapped_app
    raise exc
  File "C:\Users\81026\AppData\Local\Programs\Python\Python310\lib\site-packages\starlette\_exception_handler.py", line 42, in wrapped_app
    await app(scope, receive, sender)
  File "C:\Users\81026\AppData\Local\Programs\Python\Python310\lib\site-packages\fastapi\middleware\asyncexitstack.py", line 18, in __call__
    await self.app(scope, receive, send)
  File "C:\Users\81026\AppData\Local\Programs\Python\Python310\lib\site-packages\starlette\routing.py", line 716, in __call__
    await self.middleware_stack(scope, receive, send)
  File "C:\Users\81026\AppData\Local\Programs\Python\Python310\lib\site-packages\starlette\routing.py", line 736, in app
    await route.handle(scope, receive, send)
  File "C:\Users\81026\AppData\Local\Programs\Python\Python310\lib\site-packages\starlette\routing.py", line 290, in handle
    await self.app(scope, receive, send)
  File "C:\Users\81026\AppData\Local\Programs\Python\Python310\lib\site-packages\fastapi\routing.py", line 115, in app
    await wrap_app_handling_exceptions(app, request)(scope, receive, send)
  File "C:\Users\81026\AppData\Local\Programs\Python\Python310\lib\site-packages\starlette\_exception_handler.py", line 53, in wrapped_app
    raise exc
  File "C:\Users\81026\AppData\Local\Programs\Python\Python310\lib\site-packages\starlette\_exception_handler.py", line 42, in wrapped_app
    await app(scope, receive, sender)
  File "C:\Users\81026\AppData\Local\Programs\Python\Python310\lib\site-packages\fastapi\routing.py", line 101, in app
    response = await f(request)
  File "C:\Users\81026\AppData\Local\Programs\Python\Python310\lib\site-packages\fastapi\routing.py", line 355, in app
    raw_response = await run_endpoint_function(
  File "C:\Users\81026\AppData\Local\Programs\Python\Python310\lib\site-packages\fastapi\routing.py", line 243, in run_endpoint_function
    return await dependant.call(**values)
  File "D:\code\BugSeek\backend\app\api\v1\endpoints.py", line 191, in get_endpoints
    query = query.join(VersionEndpoint, ApiEndpoint.id == VersionEndpoint.endpoint_id).filter(
NameError: name 'VersionEndpoint' is not defined
2026-01-23 17:19:15 | INFO | [02e87468cb7549bebc87bb547ce942eb] | app.api.v1.projects | [02e87468cb7549bebc87bb547ce942eb] 用户 admin 获取项目列表: page=1, page_size=100
2026-01-23 17:19:15 | INFO | [02e87468cb7549bebc87bb547ce942eb] | app.api.v1.projects | [02e87468cb7549bebc87bb547ce942eb] 获取项目列表成功: total=2
2026-01-23 17:19:15 | INFO | [9a591afa51264498837423ec83f7ad9d] | app.api.v1.projects | [9a591afa51264498837423ec83f7ad9d] 用户 admin 获取项目列表: page=1, page_size=100
2026-01-23 17:19:15 | INFO | [9a591afa51264498837423ec83f7ad9d] | app.api.v1.projects | [9a591afa51264498837423ec83f7ad9d] 获取项目列表成功: total=2
2026-01-23 17:19:15 | INFO | [73e6c599598a44b8b4240ea1c3cd7a02] | app.api.v1.projects | [73e6c599598a44b8b4240ea1c3cd7a02] 用户 admin 获取项目列表: page=1, page_size=100
2026-01-23 17:19:15 | INFO | [73e6c599598a44b8b4240ea1c3cd7a02] | app.api.v1.projects | [73e6c599598a44b8b4240ea1c3cd7a02] 获取项目列表成功: total=2
2026-01-23 17:19:15 | INFO | [b9abc4f9749c43a48f08893119517992] | app.api.v1.versions | [b9abc4f9749c43a48f08893119517992] 用户 admin 获取版本列表: project_id=1, page=1, page_size=100
2026-01-23 17:19:15 | INFO | [b9abc4f9749c43a48f08893119517992] | app.api.v1.versions | [b9abc4f9749c43a48f08893119517992] 用户 admin 查看版本列表 项目 InvenTree (id=1) 的版本
2026-01-23 17:19:15 | INFO | [b9abc4f9749c43a48f08893119517992] | app.api.v1.versions | [b9abc4f9749c43a48f08893119517992] 获取版本列表成功: total=2
2026-01-23 17:19:15 | INFO | [46e46ba4509445849c3295e1e983776c] | app.api.v1.versions | [46e46ba4509445849c3295e1e983776c] 用户 admin 获取版本列表: project_id=1, page=1, page_size=100
2026-01-23 17:19:15 | INFO | [46e46ba4509445849c3295e1e983776c] | app.api.v1.versions | [46e46ba4509445849c3295e1e983776c] 用户 admin 查看版本列表 项目 InvenTree (id=1) 的版本
2026-01-23 17:19:15 | INFO | [46e46ba4509445849c3295e1e983776c] | app.api.v1.versions | [46e46ba4509445849c3295e1e983776c] 获取版本列表成功: total=2
2026-01-23 17:19:15 | INFO | [ae8ef5ce2fdb477eac86a15e8f586aa9] | app.api.v1.projects | [ae8ef5ce2fdb477eac86a15e8f586aa9] 用户 admin 获取项目列表: page=1, page_size=100
2026-01-23 17:19:15 | INFO | [ae8ef5ce2fdb477eac86a15e8f586aa9] | app.api.v1.projects | [ae8ef5ce2fdb477eac86a15e8f586aa9] 获取项目列表成功: total=2
2026-01-23 17:20:35 | INFO | [2f7578e3c6474365b2d54d3457c13101] | app.api.v1.api_integration | 获取文档列表: skip=0, limit=100, user=admin, project_id=1, version_id=1
2026-01-23 17:20:35 | INFO | [2f7578e3c6474365b2d54d3457c13101] | app.api.v1.api_integration | 查询到 1 个文档，total=1
2026-01-23 17:20:36 | INFO | [fa3fcae3048c48d59aea78409a14a230] | app.api.v1.api_integration | 获取文档列表: skip=0, limit=100, user=admin, project_id=1, version_id=1
2026-01-23 17:20:36 | INFO | [fa3fcae3048c48d59aea78409a14a230] | app.api.v1.api_integration | 查询到 1 个文档，total=1
2026-01-23 17:20:36 | INFO | [270881130fc74d739587baa58ad24862] | app.api.v1.endpoints | [270881130fc74d739587baa58ad24862] 查询接口列表: skip=0, limit=10, user=admin, project_id=1, version_id=1
2026-01-23 17:20:36 | INFO | [270881130fc74d739587baa58ad24862] | app.api.v1.endpoints | [270881130fc74d739587baa58ad24862] 查询到 10 个接口，total=644
2026-01-23 17:20:36 | INFO | [a182136dea40458680fbdd90fe774429] | app.api.v1.endpoints | [a182136dea40458680fbdd90fe774429] 查询接口列表: skip=0, limit=10, user=admin, project_id=1, version_id=1
2026-01-23 17:20:36 | INFO | [a182136dea40458680fbdd90fe774429] | app.api.v1.endpoints | [a182136dea40458680fbdd90fe774429] 查询到 10 个接口，total=644
2026-01-23 17:20:42 | INFO | [1cdc53146e6b4d93a294ed1b04cb659a] | app.api.v1.endpoints | [1cdc53146e6b4d93a294ed1b04cb659a] 查询接口列表: skip=10, limit=10, user=admin, project_id=1, version_id=1
2026-01-23 17:20:42 | INFO | [1cdc53146e6b4d93a294ed1b04cb659a] | app.api.v1.endpoints | [1cdc53146e6b4d93a294ed1b04cb659a] 查询到 10 个接口，total=644
2026-01-23 17:20:44 | INFO | [b804b69d127b4d929a908dcb8a00565f] | app.api.v1.endpoints | [b804b69d127b4d929a908dcb8a00565f] 查询接口列表: skip=20, limit=10, user=admin, project_id=1, version_id=1
2026-01-23 17:20:44 | INFO | [b804b69d127b4d929a908dcb8a00565f] | app.api.v1.endpoints | [b804b69d127b4d929a908dcb8a00565f] 查询到 10 个接口，total=644
2026-01-23 17:20:45 | INFO | [124ccb8da91645c99c8943da782bdd6e] | app.api.v1.endpoints | [124ccb8da91645c99c8943da782bdd6e] 查询接口列表: skip=640, limit=10, user=admin, project_id=1, version_id=1
2026-01-23 17:20:45 | INFO | [124ccb8da91645c99c8943da782bdd6e] | app.api.v1.endpoints | [124ccb8da91645c99c8943da782bdd6e] 查询到 4 个接口，total=644
2026-01-23 17:20:48 | INFO | [ca133f89cfd24290a96afa0d370bbb46] | app.api.v1.endpoints | [ca133f89cfd24290a96afa0d370bbb46] 查询接口列表: skip=600, limit=100, user=admin, project_id=1, version_id=1
2026-01-23 17:20:48 | INFO | [ca133f89cfd24290a96afa0d370bbb46] | app.api.v1.endpoints | [ca133f89cfd24290a96afa0d370bbb46] 查询到 44 个接口，total=644
2026-01-23 17:21:42 | INFO | [96c38296cc1647b0a71a674a7dd68525] | app.api.v1.context | [96c38296cc1647b0a71a674a7dd68525] 切换用户上下文: user=admin, project_id=1, version_id=3
2026-01-23 17:21:42 | INFO | [96c38296cc1647b0a71a674a7dd68525] | app.context | [96c38296cc1647b0a71a674a7dd68525] 用户 admin 更新上下文: project_id=1, version_id=3
2026-01-23 17:21:43 | INFO | [6bf6e75a76a04d848818fb4c8ddf270c] | app.api.v1.endpoints | [6bf6e75a76a04d848818fb4c8ddf270c] 查询接口列表: skip=0, limit=10, user=admin, project_id=1, version_id=3
2026-01-23 17:21:43 | INFO | [6bf6e75a76a04d848818fb4c8ddf270c] | app.api.v1.endpoints | [6bf6e75a76a04d848818fb4c8ddf270c] 查询到 0 个接口，total=0
2026-01-23 17:21:43 | INFO | [d2ef8dd0c3d7463dab9c721435c287a4] | app.api.v1.endpoints | [d2ef8dd0c3d7463dab9c721435c287a4] 查询接口列表: skip=0, limit=10, user=admin, project_id=1, version_id=3
2026-01-23 17:21:43 | INFO | [d2ef8dd0c3d7463dab9c721435c287a4] | app.api.v1.endpoints | [d2ef8dd0c3d7463dab9c721435c287a4] 查询到 0 个接口，total=0
2026-01-23 17:21:43 | INFO | [ec536d11889c41fd9482aac2c24e3ff8] | app.api.v1.projects | [ec536d11889c41fd9482aac2c24e3ff8] 用户 admin 获取项目列表: page=1, page_size=100
2026-01-23 17:21:43 | INFO | [ec536d11889c41fd9482aac2c24e3ff8] | app.api.v1.projects | [ec536d11889c41fd9482aac2c24e3ff8] 获取项目列表成功: total=2
2026-01-23 17:21:43 | INFO | [78dae2c0f3bd4f6c87b0257608f34970] | app.api.v1.projects | [78dae2c0f3bd4f6c87b0257608f34970] 用户 admin 获取项目列表: page=1, page_size=100
2026-01-23 17:21:43 | INFO | [78dae2c0f3bd4f6c87b0257608f34970] | app.api.v1.projects | [78dae2c0f3bd4f6c87b0257608f34970] 获取项目列表成功: total=2
2026-01-23 17:21:43 | INFO | [bd5ca97801d647bab0536ca04e1b177e] | app.api.v1.projects | [bd5ca97801d647bab0536ca04e1b177e] 用户 admin 获取项目列表: page=1, page_size=100
2026-01-23 17:21:43 | INFO | [bd5ca97801d647bab0536ca04e1b177e] | app.api.v1.projects | [bd5ca97801d647bab0536ca04e1b177e] 获取项目列表成功: total=2
2026-01-23 17:21:43 | INFO | [d9d91828584c41709ed9bcca9389c787] | app.api.v1.versions | [d9d91828584c41709ed9bcca9389c787] 用户 admin 获取版本列表: project_id=1, page=1, page_size=100
2026-01-23 17:21:43 | INFO | [d9d91828584c41709ed9bcca9389c787] | app.api.v1.versions | [d9d91828584c41709ed9bcca9389c787] 用户 admin 查看版本列表 项目 InvenTree (id=1) 的版本
2026-01-23 17:21:43 | INFO | [d9d91828584c41709ed9bcca9389c787] | app.api.v1.versions | [d9d91828584c41709ed9bcca9389c787] 获取版本列表成功: total=2
2026-01-23 17:21:43 | INFO | [c3ce928090ca4ec0b3c008afeccd72a7] | app.api.v1.versions | [c3ce928090ca4ec0b3c008afeccd72a7] 用户 admin 获取版本列表: project_id=1, page=1, page_size=100
2026-01-23 17:21:43 | INFO | [c3ce928090ca4ec0b3c008afeccd72a7] | app.api.v1.versions | [c3ce928090ca4ec0b3c008afeccd72a7] 用户 admin 查看版本列表 项目 InvenTree (id=1) 的版本
2026-01-23 17:21:43 | INFO | [c3ce928090ca4ec0b3c008afeccd72a7] | app.api.v1.versions | [c3ce928090ca4ec0b3c008afeccd72a7] 获取版本列表成功: total=2
2026-01-23 17:21:43 | INFO | [5a7fa42402c14300a3afdf3bf34252b4] | app.api.v1.projects | [5a7fa42402c14300a3afdf3bf34252b4] 用户 admin 获取项目列表: page=1, page_size=100
2026-01-23 17:21:43 | INFO | [5a7fa42402c14300a3afdf3bf34252b4] | app.api.v1.projects | [5a7fa42402c14300a3afdf3bf34252b4] 获取项目列表成功: total=2
2026-01-23 17:21:46 | INFO | [7f26665402534e2dbc5441a81e22b811] | app.api.v1.context | [7f26665402534e2dbc5441a81e22b811] 切换用户上下文: user=admin, project_id=2, version_id=None
2026-01-23 17:21:46 | INFO | [7f26665402534e2dbc5441a81e22b811] | app.context | [7f26665402534e2dbc5441a81e22b811] 用户 admin 更新上下文: project_id=2, version_id=3
2026-01-23 17:21:47 | INFO | [3684dfddcbe84a94869d66030cd42a77] | app.api.v1.versions | [3684dfddcbe84a94869d66030cd42a77] 用户 admin 获取版本列表: project_id=2, page=1, page_size=100
2026-01-23 17:21:47 | INFO | [3684dfddcbe84a94869d66030cd42a77] | app.api.v1.versions | [3684dfddcbe84a94869d66030cd42a77] 用户 admin 查看版本列表 项目 TEST (id=2) 的版本
2026-01-23 17:21:47 | INFO | [3684dfddcbe84a94869d66030cd42a77] | app.api.v1.versions | [3684dfddcbe84a94869d66030cd42a77] 获取版本列表成功: total=1
2026-01-23 17:21:47 | INFO | [500b8e043d794df0af296c5a6248cf8b] | app.api.v1.endpoints | [500b8e043d794df0af296c5a6248cf8b] 查询接口列表: skip=0, limit=10, user=admin, project_id=2, version_id=3
2026-01-23 17:21:47 | INFO | [500b8e043d794df0af296c5a6248cf8b] | app.api.v1.endpoints | [500b8e043d794df0af296c5a6248cf8b] 查询到 0 个接口，total=0
2026-01-23 17:21:47 | INFO | [c3564665a8f04a8aa16f14a1abbef60d] | app.api.v1.endpoints | [c3564665a8f04a8aa16f14a1abbef60d] 查询接口列表: skip=0, limit=10, user=admin, project_id=2, version_id=3
2026-01-23 17:21:47 | INFO | [c3564665a8f04a8aa16f14a1abbef60d] | app.api.v1.endpoints | [c3564665a8f04a8aa16f14a1abbef60d] 查询到 0 个接口，total=0
2026-01-23 17:21:47 | INFO | [6ed4250f642c4847a96ee5048f463638] | app.api.v1.projects | [6ed4250f642c4847a96ee5048f463638] 用户 admin 获取项目列表: page=1, page_size=100
2026-01-23 17:21:47 | INFO | [6ed4250f642c4847a96ee5048f463638] | app.api.v1.projects | [6ed4250f642c4847a96ee5048f463638] 获取项目列表成功: total=2
2026-01-23 17:21:47 | INFO | [c68cda0d67894ac89bc20cd7cdcbfadf] | app.api.v1.versions | [c68cda0d67894ac89bc20cd7cdcbfadf] 用户 admin 获取版本列表: project_id=2, page=1, page_size=100
2026-01-23 17:21:47 | INFO | [c68cda0d67894ac89bc20cd7cdcbfadf] | app.api.v1.versions | [c68cda0d67894ac89bc20cd7cdcbfadf] 用户 admin 查看版本列表 项目 TEST (id=2) 的版本
2026-01-23 17:21:47 | INFO | [c68cda0d67894ac89bc20cd7cdcbfadf] | app.api.v1.versions | [c68cda0d67894ac89bc20cd7cdcbfadf] 获取版本列表成功: total=1
2026-01-23 17:21:47 | INFO | [73f0eb8997a64170a2af7d62898ae3d0] | app.api.v1.projects | [73f0eb8997a64170a2af7d62898ae3d0] 用户 admin 获取项目列表: page=1, page_size=100
2026-01-23 17:21:47 | INFO | [73f0eb8997a64170a2af7d62898ae3d0] | app.api.v1.projects | [73f0eb8997a64170a2af7d62898ae3d0] 获取项目列表成功: total=2
2026-01-23 17:21:47 | INFO | [ca15a3cf5b314917b472c48424b1dc0d] | app.api.v1.projects | [ca15a3cf5b314917b472c48424b1dc0d] 用户 admin 获取项目列表: page=1, page_size=100
2026-01-23 17:21:47 | INFO | [ca15a3cf5b314917b472c48424b1dc0d] | app.api.v1.projects | [ca15a3cf5b314917b472c48424b1dc0d] 获取项目列表成功: total=2
2026-01-23 17:21:47 | INFO | [88aba4b5a5784e599bdd58d9cceba280] | app.api.v1.versions | [88aba4b5a5784e599bdd58d9cceba280] 用户 admin 获取版本列表: project_id=2, page=1, page_size=100
2026-01-23 17:21:47 | INFO | [88aba4b5a5784e599bdd58d9cceba280] | app.api.v1.versions | [88aba4b5a5784e599bdd58d9cceba280] 用户 admin 查看版本列表 项目 TEST (id=2) 的版本
2026-01-23 17:21:47 | INFO | [88aba4b5a5784e599bdd58d9cceba280] | app.api.v1.versions | [88aba4b5a5784e599bdd58d9cceba280] 获取版本列表成功: total=1
2026-01-23 17:21:47 | INFO | [387722db420e4a439ced4c03377bc309] | app.api.v1.projects | [387722db420e4a439ced4c03377bc309] 用户 admin 获取项目列表: page=1, page_size=100
2026-01-23 17:21:47 | INFO | [387722db420e4a439ced4c03377bc309] | app.api.v1.projects | [387722db420e4a439ced4c03377bc309] 获取项目列表成功: total=2
2026-01-23 17:21:50 | INFO | [19ae80cf9d0545ccad896baa3cc144bd] | app.api.v1.context | [19ae80cf9d0545ccad896baa3cc144bd] 切换用户上下文: user=admin, project_id=2, version_id=4
2026-01-23 17:21:50 | INFO | [19ae80cf9d0545ccad896baa3cc144bd] | app.context | [19ae80cf9d0545ccad896baa3cc144bd] 用户 admin 更新上下文: project_id=2, version_id=4
2026-01-23 17:21:50 | INFO | [818e6379b79f4252aa0d170cbdb7e9d2] | app.api.v1.endpoints | [818e6379b79f4252aa0d170cbdb7e9d2] 查询接口列表: skip=0, limit=10, user=admin, project_id=2, version_id=4
2026-01-23 17:21:50 | INFO | [818e6379b79f4252aa0d170cbdb7e9d2] | app.api.v1.endpoints | [818e6379b79f4252aa0d170cbdb7e9d2] 查询到 10 个接口，total=644
2026-01-23 17:21:50 | INFO | [49786b1c90ee4c78a06796606990b35a] | app.api.v1.endpoints | [49786b1c90ee4c78a06796606990b35a] 查询接口列表: skip=0, limit=10, user=admin, project_id=2, version_id=4
2026-01-23 17:21:50 | INFO | [49786b1c90ee4c78a06796606990b35a] | app.api.v1.endpoints | [49786b1c90ee4c78a06796606990b35a] 查询到 10 个接口，total=644
2026-01-23 17:21:50 | INFO | [cc2cb905a27946ba87f2b8ff6b4e451d] | app.api.v1.projects | [cc2cb905a27946ba87f2b8ff6b4e451d] 用户 admin 获取项目列表: page=1, page_size=100
2026-01-23 17:21:50 | INFO | [cc2cb905a27946ba87f2b8ff6b4e451d] | app.api.v1.projects | [cc2cb905a27946ba87f2b8ff6b4e451d] 获取项目列表成功: total=2
2026-01-23 17:21:50 | INFO | [65fa7c169c5841b1aaa60ef5e9856a53] | app.api.v1.versions | [65fa7c169c5841b1aaa60ef5e9856a53] 用户 admin 获取版本列表: project_id=2, page=1, page_size=100
2026-01-23 17:21:50 | INFO | [65fa7c169c5841b1aaa60ef5e9856a53] | app.api.v1.versions | [65fa7c169c5841b1aaa60ef5e9856a53] 用户 admin 查看版本列表 项目 TEST (id=2) 的版本
2026-01-23 17:21:50 | INFO | [65fa7c169c5841b1aaa60ef5e9856a53] | app.api.v1.versions | [65fa7c169c5841b1aaa60ef5e9856a53] 获取版本列表成功: total=1
2026-01-23 17:21:50 | INFO | [6fb474470c994faeb27126e41aa247b4] | app.api.v1.projects | [6fb474470c994faeb27126e41aa247b4] 用户 admin 获取项目列表: page=1, page_size=100
2026-01-23 17:21:50 | INFO | [6fb474470c994faeb27126e41aa247b4] | app.api.v1.projects | [6fb474470c994faeb27126e41aa247b4] 获取项目列表成功: total=2
2026-01-23 17:21:50 | INFO | [794ff9c8220b4dce98fcc677fbb31573] | app.api.v1.projects | [794ff9c8220b4dce98fcc677fbb31573] 用户 admin 获取项目列表: page=1, page_size=100
2026-01-23 17:21:50 | INFO | [794ff9c8220b4dce98fcc677fbb31573] | app.api.v1.projects | [794ff9c8220b4dce98fcc677fbb31573] 获取项目列表成功: total=2
2026-01-23 17:21:50 | INFO | [fcdb677addfe4102ba1ec7eed93b3af0] | app.api.v1.projects | [fcdb677addfe4102ba1ec7eed93b3af0] 用户 admin 获取项目列表: page=1, page_size=100
2026-01-23 17:21:50 | INFO | [fcdb677addfe4102ba1ec7eed93b3af0] | app.api.v1.projects | [fcdb677addfe4102ba1ec7eed93b3af0] 获取项目列表成功: total=2
2026-01-23 17:21:50 | INFO | [b767897bd53948cfbfea4cb764970df4] | app.api.v1.versions | [b767897bd53948cfbfea4cb764970df4] 用户 admin 获取版本列表: project_id=2, page=1, page_size=100
2026-01-23 17:21:50 | INFO | [b767897bd53948cfbfea4cb764970df4] | app.api.v1.versions | [b767897bd53948cfbfea4cb764970df4] 用户 admin 查看版本列表 项目 TEST (id=2) 的版本
2026-01-23 17:21:50 | INFO | [b767897bd53948cfbfea4cb764970df4] | app.api.v1.versions | [b767897bd53948cfbfea4cb764970df4] 获取版本列表成功: total=1
2026-01-23 17:21:53 | INFO | [10c581ad4a17499aa22ae5413039197b] | app.api.v1.context | [10c581ad4a17499aa22ae5413039197b] 切换用户上下文: user=admin, project_id=1, version_id=None
2026-01-23 17:21:53 | INFO | [10c581ad4a17499aa22ae5413039197b] | app.context | [10c581ad4a17499aa22ae5413039197b] 用户 admin 更新上下文: project_id=1, version_id=4
2026-01-23 17:21:53 | INFO | [65f17557f32c4825a94c151bff6305cb] | app.api.v1.versions | [65f17557f32c4825a94c151bff6305cb] 用户 admin 获取版本列表: project_id=1, page=1, page_size=100
2026-01-23 17:21:53 | INFO | [65f17557f32c4825a94c151bff6305cb] | app.api.v1.versions | [65f17557f32c4825a94c151bff6305cb] 用户 admin 查看版本列表 项目 InvenTree (id=1) 的版本
2026-01-23 17:21:53 | INFO | [65f17557f32c4825a94c151bff6305cb] | app.api.v1.versions | [65f17557f32c4825a94c151bff6305cb] 获取版本列表成功: total=2
2026-01-23 17:21:53 | INFO | [b33ede213c244149bfb994e1f9e3d5a4] | app.api.v1.endpoints | [b33ede213c244149bfb994e1f9e3d5a4] 查询接口列表: skip=0, limit=10, user=admin, project_id=1, version_id=4
2026-01-23 17:21:53 | INFO | [b33ede213c244149bfb994e1f9e3d5a4] | app.api.v1.endpoints | [b33ede213c244149bfb994e1f9e3d5a4] 查询到 0 个接口，total=0
2026-01-23 17:21:53 | INFO | [ed2782eec2e14ac6910dae582c52a8b9] | app.api.v1.endpoints | [ed2782eec2e14ac6910dae582c52a8b9] 查询接口列表: skip=0, limit=10, user=admin, project_id=1, version_id=4
2026-01-23 17:21:53 | INFO | [ed2782eec2e14ac6910dae582c52a8b9] | app.api.v1.endpoints | [ed2782eec2e14ac6910dae582c52a8b9] 查询到 0 个接口，total=0
2026-01-23 17:21:53 | INFO | [0a5d184b914b486692a16c49982d248b] | app.api.v1.versions | [0a5d184b914b486692a16c49982d248b] 用户 admin 获取版本列表: project_id=1, page=1, page_size=100
2026-01-23 17:21:53 | INFO | [0a5d184b914b486692a16c49982d248b] | app.api.v1.versions | [0a5d184b914b486692a16c49982d248b] 用户 admin 查看版本列表 项目 InvenTree (id=1) 的版本
2026-01-23 17:21:53 | INFO | [0a5d184b914b486692a16c49982d248b] | app.api.v1.versions | [0a5d184b914b486692a16c49982d248b] 获取版本列表成功: total=2
2026-01-23 17:21:53 | INFO | [fdf6268edf9b4f16a897df23e13c1ce3] | app.api.v1.projects | [fdf6268edf9b4f16a897df23e13c1ce3] 用户 admin 获取项目列表: page=1, page_size=100
2026-01-23 17:21:53 | INFO | [fdf6268edf9b4f16a897df23e13c1ce3] | app.api.v1.projects | [fdf6268edf9b4f16a897df23e13c1ce3] 获取项目列表成功: total=2
2026-01-23 17:21:53 | INFO | [f4a1024104c040849cdbd0df3f6682da] | app.api.v1.projects | [f4a1024104c040849cdbd0df3f6682da] 用户 admin 获取项目列表: page=1, page_size=100
2026-01-23 17:21:53 | INFO | [f4a1024104c040849cdbd0df3f6682da] | app.api.v1.projects | [f4a1024104c040849cdbd0df3f6682da] 获取项目列表成功: total=2
2026-01-23 17:21:53 | INFO | [b2ed9541553649a0994d707db1ff6248] | app.api.v1.projects | [b2ed9541553649a0994d707db1ff6248] 用户 admin 获取项目列表: page=1, page_size=100
2026-01-23 17:21:53 | INFO | [b2ed9541553649a0994d707db1ff6248] | app.api.v1.projects | [b2ed9541553649a0994d707db1ff6248] 获取项目列表成功: total=2
2026-01-23 17:21:53 | INFO | [a9a45666c6674906858ad6e910c08473] | app.api.v1.versions | [a9a45666c6674906858ad6e910c08473] 用户 admin 获取版本列表: project_id=1, page=1, page_size=100
2026-01-23 17:21:53 | INFO | [a9a45666c6674906858ad6e910c08473] | app.api.v1.versions | [a9a45666c6674906858ad6e910c08473] 用户 admin 查看版本列表 项目 InvenTree (id=1) 的版本
2026-01-23 17:21:53 | INFO | [a9a45666c6674906858ad6e910c08473] | app.api.v1.versions | [a9a45666c6674906858ad6e910c08473] 获取版本列表成功: total=2
2026-01-23 17:21:53 | INFO | [752b8bb37fc54a67b20bc3abb1f3c88d] | app.api.v1.projects | [752b8bb37fc54a67b20bc3abb1f3c88d] 用户 admin 获取项目列表: page=1, page_size=100
2026-01-23 17:21:53 | INFO | [752b8bb37fc54a67b20bc3abb1f3c88d] | app.api.v1.projects | [752b8bb37fc54a67b20bc3abb1f3c88d] 获取项目列表成功: total=2
2026-01-23 17:21:54 | INFO | [e72c410a4e5f4e45b1ed1d89478fe581] | app.api.v1.context | [e72c410a4e5f4e45b1ed1d89478fe581] 切换用户上下文: user=admin, project_id=1, version_id=1
2026-01-23 17:21:54 | INFO | [e72c410a4e5f4e45b1ed1d89478fe581] | app.context | [e72c410a4e5f4e45b1ed1d89478fe581] 用户 admin 更新上下文: project_id=1, version_id=1
2026-01-23 17:21:55 | INFO | [84ece00be52a4a31880197052ff93386] | app.api.v1.endpoints | [84ece00be52a4a31880197052ff93386] 查询接口列表: skip=0, limit=10, user=admin, project_id=1, version_id=1
2026-01-23 17:21:55 | INFO | [84ece00be52a4a31880197052ff93386] | app.api.v1.endpoints | [84ece00be52a4a31880197052ff93386] 查询到 10 个接口，total=644
2026-01-23 17:21:55 | INFO | [324904b6cad142a298f6da89a1652cb9] | app.api.v1.endpoints | [324904b6cad142a298f6da89a1652cb9] 查询接口列表: skip=0, limit=10, user=admin, project_id=1, version_id=1
2026-01-23 17:21:55 | INFO | [324904b6cad142a298f6da89a1652cb9] | app.api.v1.endpoints | [324904b6cad142a298f6da89a1652cb9] 查询到 10 个接口，total=644
2026-01-23 17:21:55 | INFO | [fb03fe8461ed47fd948d56d5167bfc87] | app.api.v1.projects | [fb03fe8461ed47fd948d56d5167bfc87] 用户 admin 获取项目列表: page=1, page_size=100
2026-01-23 17:21:55 | INFO | [fb03fe8461ed47fd948d56d5167bfc87] | app.api.v1.projects | [fb03fe8461ed47fd948d56d5167bfc87] 获取项目列表成功: total=2
2026-01-23 17:21:55 | INFO | [b8a92699459f495f8c14592925c05635] | app.api.v1.versions | [b8a92699459f495f8c14592925c05635] 用户 admin 获取版本列表: project_id=1, page=1, page_size=100
2026-01-23 17:21:55 | INFO | [b8a92699459f495f8c14592925c05635] | app.api.v1.versions | [b8a92699459f495f8c14592925c05635] 用户 admin 查看版本列表 项目 InvenTree (id=1) 的版本
2026-01-23 17:21:55 | INFO | [b8a92699459f495f8c14592925c05635] | app.api.v1.versions | [b8a92699459f495f8c14592925c05635] 获取版本列表成功: total=2
2026-01-23 17:21:55 | INFO | [8cc057d02400459f957cb7dfe0aefe60] | app.api.v1.projects | [8cc057d02400459f957cb7dfe0aefe60] 用户 admin 获取项目列表: page=1, page_size=100
2026-01-23 17:21:55 | INFO | [8cc057d02400459f957cb7dfe0aefe60] | app.api.v1.projects | [8cc057d02400459f957cb7dfe0aefe60] 获取项目列表成功: total=2
2026-01-23 17:21:55 | INFO | [cd4fdbbb89c243148a54bc531ed0d49f] | app.api.v1.versions | [cd4fdbbb89c243148a54bc531ed0d49f] 用户 admin 获取版本列表: project_id=1, page=1, page_size=100
2026-01-23 17:21:55 | INFO | [cd4fdbbb89c243148a54bc531ed0d49f] | app.api.v1.versions | [cd4fdbbb89c243148a54bc531ed0d49f] 用户 admin 查看版本列表 项目 InvenTree (id=1) 的版本
2026-01-23 17:21:55 | INFO | [cd4fdbbb89c243148a54bc531ed0d49f] | app.api.v1.versions | [cd4fdbbb89c243148a54bc531ed0d49f] 获取版本列表成功: total=2
2026-01-23 17:21:55 | INFO | [81bb73e2e98f4657b990aeb9aa4af925] | app.api.v1.projects | [81bb73e2e98f4657b990aeb9aa4af925] 用户 admin 获取项目列表: page=1, page_size=100
2026-01-23 17:21:55 | INFO | [81bb73e2e98f4657b990aeb9aa4af925] | app.api.v1.projects | [81bb73e2e98f4657b990aeb9aa4af925] 获取项目列表成功: total=2
2026-01-23 17:21:55 | INFO | [8683a64f9cef4404a772f1ec0d09d61a] | app.api.v1.projects | [8683a64f9cef4404a772f1ec0d09d61a] 用户 admin 获取项目列表: page=1, page_size=100
2026-01-23 17:21:55 | INFO | [8683a64f9cef4404a772f1ec0d09d61a] | app.api.v1.projects | [8683a64f9cef4404a772f1ec0d09d61a] 获取项目列表成功: total=2
2026-01-23 17:37:05 | INFO | [c19f0a5bd9864397a6a42bf360e530a9] | app.api.v1.endpoints | [c19f0a5bd9864397a6a42bf360e530a9] 查询接口列表: skip=0, limit=10, user=admin, project_id=1, version_id=1
2026-01-23 17:37:05 | INFO | [c19f0a5bd9864397a6a42bf360e530a9] | app.api.v1.endpoints | [c19f0a5bd9864397a6a42bf360e530a9] 查询到 10 个接口，total=644
2026-01-23 17:37:05 | INFO | [0136968b33d74472aa5a7a774cf63616] | app.api.v1.endpoints | [0136968b33d74472aa5a7a774cf63616] 查询接口列表: skip=0, limit=10, user=admin, project_id=1, version_id=1
2026-01-23 17:37:05 | INFO | [0136968b33d74472aa5a7a774cf63616] | app.api.v1.endpoints | [0136968b33d74472aa5a7a774cf63616] 查询到 10 个接口，total=644
2026-01-23 17:37:19 | INFO | [30cba0701eb3406f825c891a01bf6d3a] | app.api.v1.endpoints | [30cba0701eb3406f825c891a01bf6d3a] 查询接口列表: skip=0, limit=10, user=admin, project_id=1, version_id=1
2026-01-23 17:37:19 | INFO | [30cba0701eb3406f825c891a01bf6d3a] | app.api.v1.endpoints | [30cba0701eb3406f825c891a01bf6d3a] 查询到 10 个接口，total=644
2026-01-23 17:37:32 | INFO | [de1ca0e7aacd4f91b9f0065584f3c3a2] | app.api.v1.endpoints | [de1ca0e7aacd4f91b9f0065584f3c3a2] 查询接口列表: skip=0, limit=10, user=admin, project_id=1, version_id=1
2026-01-23 17:37:32 | INFO | [de1ca0e7aacd4f91b9f0065584f3c3a2] | app.api.v1.endpoints | [de1ca0e7aacd4f91b9f0065584f3c3a2] 查询到 10 个接口，total=644
2026-01-23 17:37:39 | INFO | [314b3c89db7b43a7affc73f96f155e54] | app.api.v1.endpoints | [314b3c89db7b43a7affc73f96f155e54] 查询接口列表: skip=0, limit=10, user=admin, project_id=1, version_id=1
2026-01-23 17:37:39 | INFO | [314b3c89db7b43a7affc73f96f155e54] | app.api.v1.endpoints | [314b3c89db7b43a7affc73f96f155e54] 查询到 10 个接口，total=644
2026-01-23 17:37:53 | INFO | [a1639d64bd8a4e73b596a2698d64edf7] | app.api.v1.endpoints | [a1639d64bd8a4e73b596a2698d64edf7] 查询接口列表: skip=0, limit=10, user=admin, project_id=1, version_id=1
2026-01-23 17:37:53 | INFO | [a1639d64bd8a4e73b596a2698d64edf7] | app.api.v1.endpoints | [a1639d64bd8a4e73b596a2698d64edf7] 查询到 10 个接口，total=644
2026-01-23 17:39:55 | INFO | [20bd0f69e70342e39fd61ac4d503d730] | app.api.v1.endpoints | [20bd0f69e70342e39fd61ac4d503d730] 查询接口列表: skip=0, limit=10, user=admin, project_id=1, version_id=1
2026-01-23 17:39:55 | INFO | [20bd0f69e70342e39fd61ac4d503d730] | app.api.v1.endpoints | [20bd0f69e70342e39fd61ac4d503d730] 查询到 10 个接口，total=644
2026-01-23 17:40:02 | INFO | [afab9868b0da486894595636a5236be9] | app.api.v1.endpoints | [afab9868b0da486894595636a5236be9] 查询接口列表: skip=0, limit=10, user=admin, project_id=1, version_id=1
2026-01-23 17:40:02 | INFO | [afab9868b0da486894595636a5236be9] | app.api.v1.endpoints | [afab9868b0da486894595636a5236be9] 查询到 10 个接口，total=644
2026-01-23 17:40:02 | INFO | [1c6b154dd72c445899df64e0c0c86d83] | app.api.v1.endpoints | [1c6b154dd72c445899df64e0c0c86d83] 查询接口列表: skip=0, limit=10, user=admin, project_id=1, version_id=1
2026-01-23 17:40:02 | INFO | [1c6b154dd72c445899df64e0c0c86d83] | app.api.v1.endpoints | [1c6b154dd72c445899df64e0c0c86d83] 查询到 10 个接口，total=644
2026-01-23 17:40:21 | INFO | [debfa72fb22a416a8e5a9c48c7571987] | app.api.v1.endpoints | [debfa72fb22a416a8e5a9c48c7571987] 查询接口列表: skip=0, limit=10, user=admin, project_id=1, version_id=1
2026-01-23 17:40:21 | INFO | [debfa72fb22a416a8e5a9c48c7571987] | app.api.v1.endpoints | [debfa72fb22a416a8e5a9c48c7571987] 查询到 10 个接口，total=644
2026-01-23 17:40:21 | INFO | [736366ab97084311b649338a87b4ac05] | app.api.v1.endpoints | [736366ab97084311b649338a87b4ac05] 查询接口列表: skip=0, limit=10, user=admin, project_id=1, version_id=1
2026-01-23 17:40:21 | INFO | [736366ab97084311b649338a87b4ac05] | app.api.v1.endpoints | [736366ab97084311b649338a87b4ac05] 查询到 10 个接口，total=644
2026-01-23 17:40:34 | INFO | [bfd97ee2ab5548deb6d89a33a7220bda] | app.api.v1.endpoints | [bfd97ee2ab5548deb6d89a33a7220bda] 查询接口列表: skip=0, limit=10, user=admin, project_id=1, version_id=1
2026-01-23 17:40:34 | INFO | [bfd97ee2ab5548deb6d89a33a7220bda] | app.api.v1.endpoints | [bfd97ee2ab5548deb6d89a33a7220bda] 查询到 10 个接口，total=644
2026-01-23 17:40:34 | ERROR | [515d6601c2b4446c8262229a8fe7c2b6] | app.dependencies | 数据库会话异常: 1 validation error:
  {'type': 'int_parsing', 'loc': ('path', 'endpoint_id'), 'msg': 'Input should be a valid integer, unable to parse string as an integer', 'input': 'groups'}

  File "D:\code\BugSeek\backend\app\api\v1\endpoints.py", line 237, in get_endpoint
    GET /api/v1/api-integration/endpoints/{endpoint_id}
Traceback (most recent call last):
  File "D:\code\BugSeek\backend\app\dependencies.py", line 19, in get_db
    yield db
  File "C:\Users\81026\AppData\Local\Programs\Python\Python310\lib\site-packages\fastapi\concurrency.py", line 29, in contextmanager_in_threadpool
    yield await run_in_threadpool(cm.__enter__)
  File "C:\Users\81026\AppData\Local\Programs\Python\Python310\lib\site-packages\fastapi\routing.py", line 101, in app
    response = await f(request)
  File "C:\Users\81026\AppData\Local\Programs\Python\Python310\lib\site-packages\fastapi\routing.py", line 397, in app
    raise validation_error
fastapi.exceptions.RequestValidationError: 1 validation error:
  {'type': 'int_parsing', 'loc': ('path', 'endpoint_id'), 'msg': 'Input should be a valid integer, unable to parse string as an integer', 'input': 'groups'}

  File "D:\code\BugSeek\backend\app\api\v1\endpoints.py", line 237, in get_endpoint
    GET /api/v1/api-integration/endpoints/{endpoint_id}
2026-01-23 17:40:39 | INFO | [c839e09b65c44d538b7a82820ebc980a] | app.api.v1.endpoints | [c839e09b65c44d538b7a82820ebc980a] 查询接口列表: skip=0, limit=10, user=admin, project_id=1, version_id=1
2026-01-23 17:40:39 | INFO | [c839e09b65c44d538b7a82820ebc980a] | app.api.v1.endpoints | [c839e09b65c44d538b7a82820ebc980a] 查询到 10 个接口，total=644
2026-01-23 17:40:39 | ERROR | [bba0d98ed5e54fb79d2f599ab21d4f04] | app.dependencies | 数据库会话异常: 1 validation error:
  {'type': 'int_parsing', 'loc': ('path', 'endpoint_id'), 'msg': 'Input should be a valid integer, unable to parse string as an integer', 'input': 'groups'}

  File "D:\code\BugSeek\backend\app\api\v1\endpoints.py", line 237, in get_endpoint
    GET /api/v1/api-integration/endpoints/{endpoint_id}
Traceback (most recent call last):
  File "D:\code\BugSeek\backend\app\dependencies.py", line 19, in get_db
    yield db
  File "C:\Users\81026\AppData\Local\Programs\Python\Python310\lib\site-packages\fastapi\concurrency.py", line 29, in contextmanager_in_threadpool
    yield await run_in_threadpool(cm.__enter__)
  File "C:\Users\81026\AppData\Local\Programs\Python\Python310\lib\site-packages\fastapi\routing.py", line 101, in app
    response = await f(request)
  File "C:\Users\81026\AppData\Local\Programs\Python\Python310\lib\site-packages\fastapi\routing.py", line 397, in app
    raise validation_error
fastapi.exceptions.RequestValidationError: 1 validation error:
  {'type': 'int_parsing', 'loc': ('path', 'endpoint_id'), 'msg': 'Input should be a valid integer, unable to parse string as an integer', 'input': 'groups'}

  File "D:\code\BugSeek\backend\app\api\v1\endpoints.py", line 237, in get_endpoint
    GET /api/v1/api-integration/endpoints/{endpoint_id}
2026-01-23 17:40:56 | INFO | [6b385947c5ed47979b0dd6ff9e23cfaa] | app.api.v1.endpoints | [6b385947c5ed47979b0dd6ff9e23cfaa] 查询接口列表: skip=0, limit=10, user=admin, project_id=1, version_id=1
2026-01-23 17:40:56 | INFO | [6b385947c5ed47979b0dd6ff9e23cfaa] | app.api.v1.endpoints | [6b385947c5ed47979b0dd6ff9e23cfaa] 查询到 10 个接口，total=644
2026-01-23 17:40:56 | ERROR | [8a8419ae1fd3437e816f3eb99627f24e] | app.dependencies | 数据库会话异常: 1 validation error:
  {'type': 'int_parsing', 'loc': ('path', 'endpoint_id'), 'msg': 'Input should be a valid integer, unable to parse string as an integer', 'input': 'groups'}

  File "D:\code\BugSeek\backend\app\api\v1\endpoints.py", line 237, in get_endpoint
    GET /api/v1/api-integration/endpoints/{endpoint_id}
Traceback (most recent call last):
  File "D:\code\BugSeek\backend\app\dependencies.py", line 19, in get_db
    yield db
  File "C:\Users\81026\AppData\Local\Programs\Python\Python310\lib\site-packages\fastapi\concurrency.py", line 29, in contextmanager_in_threadpool
    yield await run_in_threadpool(cm.__enter__)
  File "C:\Users\81026\AppData\Local\Programs\Python\Python310\lib\site-packages\fastapi\routing.py", line 101, in app
    response = await f(request)
  File "C:\Users\81026\AppData\Local\Programs\Python\Python310\lib\site-packages\fastapi\routing.py", line 397, in app
    raise validation_error
fastapi.exceptions.RequestValidationError: 1 validation error:
  {'type': 'int_parsing', 'loc': ('path', 'endpoint_id'), 'msg': 'Input should be a valid integer, unable to parse string as an integer', 'input': 'groups'}

  File "D:\code\BugSeek\backend\app\api\v1\endpoints.py", line 237, in get_endpoint
    GET /api/v1/api-integration/endpoints/{endpoint_id}
2026-01-23 17:41:07 | INFO | [a501cbfbab624b1383159cba9e93cbbe] | app.api.v1.endpoints | [a501cbfbab624b1383159cba9e93cbbe] 查询接口列表: skip=0, limit=10, user=admin, project_id=1, version_id=1
2026-01-23 17:41:07 | INFO | [a501cbfbab624b1383159cba9e93cbbe] | app.api.v1.endpoints | [a501cbfbab624b1383159cba9e93cbbe] 查询到 10 个接口，total=644
2026-01-23 17:41:07 | ERROR | [69ad2fdd438d4010a16e93edfefa3568] | app.dependencies | 数据库会话异常: 1 validation error:
  {'type': 'int_parsing', 'loc': ('path', 'endpoint_id'), 'msg': 'Input should be a valid integer, unable to parse string as an integer', 'input': 'groups'}

  File "D:\code\BugSeek\backend\app\api\v1\endpoints.py", line 237, in get_endpoint
    GET /api/v1/api-integration/endpoints/{endpoint_id}
Traceback (most recent call last):
  File "D:\code\BugSeek\backend\app\dependencies.py", line 19, in get_db
    yield db
  File "C:\Users\81026\AppData\Local\Programs\Python\Python310\lib\site-packages\fastapi\concurrency.py", line 29, in contextmanager_in_threadpool
    yield await run_in_threadpool(cm.__enter__)
  File "C:\Users\81026\AppData\Local\Programs\Python\Python310\lib\site-packages\fastapi\routing.py", line 101, in app
    response = await f(request)
  File "C:\Users\81026\AppData\Local\Programs\Python\Python310\lib\site-packages\fastapi\routing.py", line 397, in app
    raise validation_error
fastapi.exceptions.RequestValidationError: 1 validation error:
  {'type': 'int_parsing', 'loc': ('path', 'endpoint_id'), 'msg': 'Input should be a valid integer, unable to parse string as an integer', 'input': 'groups'}

  File "D:\code\BugSeek\backend\app\api\v1\endpoints.py", line 237, in get_endpoint
    GET /api/v1/api-integration/endpoints/{endpoint_id}
2026-01-23 17:41:28 | INFO | [44b504e6f6fd45bb876987282eaae4f0] | app.api.v1.endpoints | [44b504e6f6fd45bb876987282eaae4f0] 查询接口列表: skip=0, limit=10, user=admin, project_id=1, version_id=1
2026-01-23 17:41:28 | INFO | [44b504e6f6fd45bb876987282eaae4f0] | app.api.v1.endpoints | [44b504e6f6fd45bb876987282eaae4f0] 查询到 10 个接口，total=644
2026-01-23 17:41:28 | ERROR | [716cb06988574ef7b65cbf6800ab4dd4] | app.dependencies | 数据库会话异常: 1 validation error:
  {'type': 'int_parsing', 'loc': ('path', 'endpoint_id'), 'msg': 'Input should be a valid integer, unable to parse string as an integer', 'input': 'groups'}

  File "D:\code\BugSeek\backend\app\api\v1\endpoints.py", line 237, in get_endpoint
    GET /api/v1/api-integration/endpoints/{endpoint_id}
Traceback (most recent call last):
  File "D:\code\BugSeek\backend\app\dependencies.py", line 19, in get_db
    yield db
  File "C:\Users\81026\AppData\Local\Programs\Python\Python310\lib\site-packages\fastapi\concurrency.py", line 29, in contextmanager_in_threadpool
    yield await run_in_threadpool(cm.__enter__)
  File "C:\Users\81026\AppData\Local\Programs\Python\Python310\lib\site-packages\fastapi\routing.py", line 101, in app
    response = await f(request)
  File "C:\Users\81026\AppData\Local\Programs\Python\Python310\lib\site-packages\fastapi\routing.py", line 397, in app
    raise validation_error
fastapi.exceptions.RequestValidationError: 1 validation error:
  {'type': 'int_parsing', 'loc': ('path', 'endpoint_id'), 'msg': 'Input should be a valid integer, unable to parse string as an integer', 'input': 'groups'}

  File "D:\code\BugSeek\backend\app\api\v1\endpoints.py", line 237, in get_endpoint
    GET /api/v1/api-integration/endpoints/{endpoint_id}
2026-01-23 17:41:39 | INFO | [9a2af63a12684eedb996c78dbffe4f17] | app.api.v1.endpoints | [9a2af63a12684eedb996c78dbffe4f17] 查询接口列表: skip=0, limit=10, user=admin, project_id=1, version_id=1
2026-01-23 17:41:39 | INFO | [9a2af63a12684eedb996c78dbffe4f17] | app.api.v1.endpoints | [9a2af63a12684eedb996c78dbffe4f17] 查询到 10 个接口，total=644
2026-01-23 17:41:39 | ERROR | [6e15a07a80fe4ef8b8a47041c02c8482] | app.dependencies | 数据库会话异常: 1 validation error:
  {'type': 'int_parsing', 'loc': ('path', 'endpoint_id'), 'msg': 'Input should be a valid integer, unable to parse string as an integer', 'input': 'groups'}

  File "D:\code\BugSeek\backend\app\api\v1\endpoints.py", line 237, in get_endpoint
    GET /api/v1/api-integration/endpoints/{endpoint_id}
Traceback (most recent call last):
  File "D:\code\BugSeek\backend\app\dependencies.py", line 19, in get_db
    yield db
  File "C:\Users\81026\AppData\Local\Programs\Python\Python310\lib\site-packages\fastapi\concurrency.py", line 29, in contextmanager_in_threadpool
    yield await run_in_threadpool(cm.__enter__)
  File "C:\Users\81026\AppData\Local\Programs\Python\Python310\lib\site-packages\fastapi\routing.py", line 101, in app
    response = await f(request)
  File "C:\Users\81026\AppData\Local\Programs\Python\Python310\lib\site-packages\fastapi\routing.py", line 397, in app
    raise validation_error
fastapi.exceptions.RequestValidationError: 1 validation error:
  {'type': 'int_parsing', 'loc': ('path', 'endpoint_id'), 'msg': 'Input should be a valid integer, unable to parse string as an integer', 'input': 'groups'}

  File "D:\code\BugSeek\backend\app\api\v1\endpoints.py", line 237, in get_endpoint
    GET /api/v1/api-integration/endpoints/{endpoint_id}
2026-01-23 17:41:39 | INFO | [bea11964813447d0b2c0371f9bbdd43c] | app.api.v1.endpoints | [bea11964813447d0b2c0371f9bbdd43c] 查询接口列表: skip=0, limit=10, user=admin, project_id=1, version_id=1
2026-01-23 17:41:39 | INFO | [bea11964813447d0b2c0371f9bbdd43c] | app.api.v1.endpoints | [bea11964813447d0b2c0371f9bbdd43c] 查询到 10 个接口，total=644
2026-01-23 17:41:39 | ERROR | [e6581f61d7eb4345a94a2081624d4813] | app.dependencies | 数据库会话异常: 1 validation error:
  {'type': 'int_parsing', 'loc': ('path', 'endpoint_id'), 'msg': 'Input should be a valid integer, unable to parse string as an integer', 'input': 'groups'}

  File "D:\code\BugSeek\backend\app\api\v1\endpoints.py", line 237, in get_endpoint
    GET /api/v1/api-integration/endpoints/{endpoint_id}
Traceback (most recent call last):
  File "D:\code\BugSeek\backend\app\dependencies.py", line 19, in get_db
    yield db
  File "C:\Users\81026\AppData\Local\Programs\Python\Python310\lib\site-packages\fastapi\concurrency.py", line 29, in contextmanager_in_threadpool
    yield await run_in_threadpool(cm.__enter__)
  File "C:\Users\81026\AppData\Local\Programs\Python\Python310\lib\site-packages\fastapi\routing.py", line 101, in app
    response = await f(request)
  File "C:\Users\81026\AppData\Local\Programs\Python\Python310\lib\site-packages\fastapi\routing.py", line 397, in app
    raise validation_error
fastapi.exceptions.RequestValidationError: 1 validation error:
  {'type': 'int_parsing', 'loc': ('path', 'endpoint_id'), 'msg': 'Input should be a valid integer, unable to parse string as an integer', 'input': 'groups'}

  File "D:\code\BugSeek\backend\app\api\v1\endpoints.py", line 237, in get_endpoint
    GET /api/v1/api-integration/endpoints/{endpoint_id}
2026-01-23 17:41:56 | INFO | [00f29abf870e4f8f9d7c4d6f5d94b73b] | app.api.v1.endpoints | [00f29abf870e4f8f9d7c4d6f5d94b73b] 查询接口列表: skip=0, limit=10, user=admin, project_id=1, version_id=1
2026-01-23 17:41:56 | INFO | [00f29abf870e4f8f9d7c4d6f5d94b73b] | app.api.v1.endpoints | [00f29abf870e4f8f9d7c4d6f5d94b73b] 查询到 10 个接口，total=644
2026-01-23 17:41:56 | ERROR | [2354a85c385345fdbcf47fa027209ac4] | app.dependencies | 数据库会话异常: 1 validation error:
  {'type': 'int_parsing', 'loc': ('path', 'endpoint_id'), 'msg': 'Input should be a valid integer, unable to parse string as an integer', 'input': 'groups'}

  File "D:\code\BugSeek\backend\app\api\v1\endpoints.py", line 237, in get_endpoint
    GET /api/v1/api-integration/endpoints/{endpoint_id}
Traceback (most recent call last):
  File "D:\code\BugSeek\backend\app\dependencies.py", line 19, in get_db
    yield db
  File "C:\Users\81026\AppData\Local\Programs\Python\Python310\lib\site-packages\fastapi\concurrency.py", line 29, in contextmanager_in_threadpool
    yield await run_in_threadpool(cm.__enter__)
  File "C:\Users\81026\AppData\Local\Programs\Python\Python310\lib\site-packages\fastapi\routing.py", line 101, in app
    response = await f(request)
  File "C:\Users\81026\AppData\Local\Programs\Python\Python310\lib\site-packages\fastapi\routing.py", line 397, in app
    raise validation_error
fastapi.exceptions.RequestValidationError: 1 validation error:
  {'type': 'int_parsing', 'loc': ('path', 'endpoint_id'), 'msg': 'Input should be a valid integer, unable to parse string as an integer', 'input': 'groups'}

  File "D:\code\BugSeek\backend\app\api\v1\endpoints.py", line 237, in get_endpoint
    GET /api/v1/api-integration/endpoints/{endpoint_id}
2026-01-23 17:42:08 | INFO | [3b64ce9241a548e3961dc616f7415a61] | app.api.v1.endpoints | [3b64ce9241a548e3961dc616f7415a61] 查询接口列表: skip=0, limit=10, user=admin, project_id=1, version_id=1
2026-01-23 17:42:08 | INFO | [3b64ce9241a548e3961dc616f7415a61] | app.api.v1.endpoints | [3b64ce9241a548e3961dc616f7415a61] 查询到 10 个接口，total=644
2026-01-23 17:42:08 | ERROR | [1322cdc780ce41cdb62b166f2ef6db29] | app.dependencies | 数据库会话异常: 1 validation error:
  {'type': 'int_parsing', 'loc': ('path', 'endpoint_id'), 'msg': 'Input should be a valid integer, unable to parse string as an integer', 'input': 'groups'}

  File "D:\code\BugSeek\backend\app\api\v1\endpoints.py", line 237, in get_endpoint
    GET /api/v1/api-integration/endpoints/{endpoint_id}
Traceback (most recent call last):
  File "D:\code\BugSeek\backend\app\dependencies.py", line 19, in get_db
    yield db
  File "C:\Users\81026\AppData\Local\Programs\Python\Python310\lib\site-packages\fastapi\concurrency.py", line 29, in contextmanager_in_threadpool
    yield await run_in_threadpool(cm.__enter__)
  File "C:\Users\81026\AppData\Local\Programs\Python\Python310\lib\site-packages\fastapi\routing.py", line 101, in app
    response = await f(request)
  File "C:\Users\81026\AppData\Local\Programs\Python\Python310\lib\site-packages\fastapi\routing.py", line 397, in app
    raise validation_error
fastapi.exceptions.RequestValidationError: 1 validation error:
  {'type': 'int_parsing', 'loc': ('path', 'endpoint_id'), 'msg': 'Input should be a valid integer, unable to parse string as an integer', 'input': 'groups'}

  File "D:\code\BugSeek\backend\app\api\v1\endpoints.py", line 237, in get_endpoint
    GET /api/v1/api-integration/endpoints/{endpoint_id}
2026-01-23 17:42:19 | INFO | [7b7eeff076e742b883fd14434a77c17d] | app.api.v1.endpoints | [7b7eeff076e742b883fd14434a77c17d] 查询接口列表: skip=0, limit=10, user=admin, project_id=1, version_id=1
2026-01-23 17:42:19 | INFO | [7b7eeff076e742b883fd14434a77c17d] | app.api.v1.endpoints | [7b7eeff076e742b883fd14434a77c17d] 查询到 10 个接口，total=644
2026-01-23 17:42:19 | ERROR | [89a4700209174f2bbf5b5c5adca5c73c] | app.dependencies | 数据库会话异常: 1 validation error:
  {'type': 'int_parsing', 'loc': ('path', 'endpoint_id'), 'msg': 'Input should be a valid integer, unable to parse string as an integer', 'input': 'groups'}

  File "D:\code\BugSeek\backend\app\api\v1\endpoints.py", line 237, in get_endpoint
    GET /api/v1/api-integration/endpoints/{endpoint_id}
Traceback (most recent call last):
  File "D:\code\BugSeek\backend\app\dependencies.py", line 19, in get_db
    yield db
  File "C:\Users\81026\AppData\Local\Programs\Python\Python310\lib\site-packages\fastapi\concurrency.py", line 29, in contextmanager_in_threadpool
    yield await run_in_threadpool(cm.__enter__)
  File "C:\Users\81026\AppData\Local\Programs\Python\Python310\lib\site-packages\fastapi\routing.py", line 101, in app
    response = await f(request)
  File "C:\Users\81026\AppData\Local\Programs\Python\Python310\lib\site-packages\fastapi\routing.py", line 397, in app
    raise validation_error
fastapi.exceptions.RequestValidationError: 1 validation error:
  {'type': 'int_parsing', 'loc': ('path', 'endpoint_id'), 'msg': 'Input should be a valid integer, unable to parse string as an integer', 'input': 'groups'}

  File "D:\code\BugSeek\backend\app\api\v1\endpoints.py", line 237, in get_endpoint
    GET /api/v1/api-integration/endpoints/{endpoint_id}
2026-01-23 17:42:31 | INFO | [5b8d388b112a4188abc5a97d3be8c23e] | app.api.v1.endpoints | [5b8d388b112a4188abc5a97d3be8c23e] 查询接口列表: skip=0, limit=10, user=admin, project_id=1, version_id=1
2026-01-23 17:42:31 | INFO | [5b8d388b112a4188abc5a97d3be8c23e] | app.api.v1.endpoints | [5b8d388b112a4188abc5a97d3be8c23e] 查询到 10 个接口，total=644
2026-01-23 17:42:31 | ERROR | [037404d4b7fe427db9e23e45078674dd] | app.dependencies | 数据库会话异常: 1 validation error:
  {'type': 'int_parsing', 'loc': ('path', 'endpoint_id'), 'msg': 'Input should be a valid integer, unable to parse string as an integer', 'input': 'groups'}

  File "D:\code\BugSeek\backend\app\api\v1\endpoints.py", line 237, in get_endpoint
    GET /api/v1/api-integration/endpoints/{endpoint_id}
Traceback (most recent call last):
  File "D:\code\BugSeek\backend\app\dependencies.py", line 19, in get_db
    yield db
  File "C:\Users\81026\AppData\Local\Programs\Python\Python310\lib\site-packages\fastapi\concurrency.py", line 29, in contextmanager_in_threadpool
    yield await run_in_threadpool(cm.__enter__)
  File "C:\Users\81026\AppData\Local\Programs\Python\Python310\lib\site-packages\fastapi\routing.py", line 101, in app
    response = await f(request)
  File "C:\Users\81026\AppData\Local\Programs\Python\Python310\lib\site-packages\fastapi\routing.py", line 397, in app
    raise validation_error
fastapi.exceptions.RequestValidationError: 1 validation error:
  {'type': 'int_parsing', 'loc': ('path', 'endpoint_id'), 'msg': 'Input should be a valid integer, unable to parse string as an integer', 'input': 'groups'}

  File "D:\code\BugSeek\backend\app\api\v1\endpoints.py", line 237, in get_endpoint
    GET /api/v1/api-integration/endpoints/{endpoint_id}
2026-01-23 17:42:31 | INFO | [6e6e6d1ee5c8455e8ca73e46d7ef1326] | app.api.v1.endpoints | [6e6e6d1ee5c8455e8ca73e46d7ef1326] 查询接口列表: skip=0, limit=10, user=admin, project_id=1, version_id=1
2026-01-23 17:42:31 | INFO | [6e6e6d1ee5c8455e8ca73e46d7ef1326] | app.api.v1.endpoints | [6e6e6d1ee5c8455e8ca73e46d7ef1326] 查询到 10 个接口，total=644
2026-01-23 17:42:31 | ERROR | [72ef907c1b6e486e837e2ae7b4db6819] | app.dependencies | 数据库会话异常: 1 validation error:
  {'type': 'int_parsing', 'loc': ('path', 'endpoint_id'), 'msg': 'Input should be a valid integer, unable to parse string as an integer', 'input': 'groups'}

  File "D:\code\BugSeek\backend\app\api\v1\endpoints.py", line 237, in get_endpoint
    GET /api/v1/api-integration/endpoints/{endpoint_id}
Traceback (most recent call last):
  File "D:\code\BugSeek\backend\app\dependencies.py", line 19, in get_db
    yield db
  File "C:\Users\81026\AppData\Local\Programs\Python\Python310\lib\site-packages\fastapi\concurrency.py", line 29, in contextmanager_in_threadpool
    yield await run_in_threadpool(cm.__enter__)
  File "C:\Users\81026\AppData\Local\Programs\Python\Python310\lib\site-packages\fastapi\routing.py", line 101, in app
    response = await f(request)
  File "C:\Users\81026\AppData\Local\Programs\Python\Python310\lib\site-packages\fastapi\routing.py", line 397, in app
    raise validation_error
fastapi.exceptions.RequestValidationError: 1 validation error:
  {'type': 'int_parsing', 'loc': ('path', 'endpoint_id'), 'msg': 'Input should be a valid integer, unable to parse string as an integer', 'input': 'groups'}

  File "D:\code\BugSeek\backend\app\api\v1\endpoints.py", line 237, in get_endpoint
    GET /api/v1/api-integration/endpoints/{endpoint_id}
2026-01-23 17:42:45 | INFO | [e79e94988ae94879826dafe624d4f078] | app.api.v1.endpoints | [e79e94988ae94879826dafe624d4f078] 查询接口列表: skip=0, limit=10, user=admin, project_id=1, version_id=1
2026-01-23 17:42:45 | INFO | [e79e94988ae94879826dafe624d4f078] | app.api.v1.endpoints | [e79e94988ae94879826dafe624d4f078] 查询到 10 个接口，total=644
2026-01-23 17:42:45 | ERROR | [ec71b204a4a64cfead3a9d7be6b2635e] | app.dependencies | 数据库会话异常: 1 validation error:
  {'type': 'int_parsing', 'loc': ('path', 'endpoint_id'), 'msg': 'Input should be a valid integer, unable to parse string as an integer', 'input': 'groups'}

  File "D:\code\BugSeek\backend\app\api\v1\endpoints.py", line 237, in get_endpoint
    GET /api/v1/api-integration/endpoints/{endpoint_id}
Traceback (most recent call last):
  File "D:\code\BugSeek\backend\app\dependencies.py", line 19, in get_db
    yield db
  File "C:\Users\81026\AppData\Local\Programs\Python\Python310\lib\site-packages\fastapi\concurrency.py", line 29, in contextmanager_in_threadpool
    yield await run_in_threadpool(cm.__enter__)
  File "C:\Users\81026\AppData\Local\Programs\Python\Python310\lib\site-packages\fastapi\routing.py", line 101, in app
    response = await f(request)
  File "C:\Users\81026\AppData\Local\Programs\Python\Python310\lib\site-packages\fastapi\routing.py", line 397, in app
    raise validation_error
fastapi.exceptions.RequestValidationError: 1 validation error:
  {'type': 'int_parsing', 'loc': ('path', 'endpoint_id'), 'msg': 'Input should be a valid integer, unable to parse string as an integer', 'input': 'groups'}

  File "D:\code\BugSeek\backend\app\api\v1\endpoints.py", line 237, in get_endpoint
    GET /api/v1/api-integration/endpoints/{endpoint_id}
2026-01-23 17:42:58 | INFO | [0f430235619b4f888d03da9dd3da8209] | app.api.v1.endpoints | [0f430235619b4f888d03da9dd3da8209] 查询接口列表: skip=0, limit=10, user=admin, project_id=1, version_id=1
2026-01-23 17:42:58 | INFO | [0f430235619b4f888d03da9dd3da8209] | app.api.v1.endpoints | [0f430235619b4f888d03da9dd3da8209] 查询到 10 个接口，total=644
2026-01-23 17:42:58 | ERROR | [08f8c92a87954698823ae596b9f3ea23] | app.dependencies | 数据库会话异常: 1 validation error:
  {'type': 'int_parsing', 'loc': ('path', 'endpoint_id'), 'msg': 'Input should be a valid integer, unable to parse string as an integer', 'input': 'groups'}

  File "D:\code\BugSeek\backend\app\api\v1\endpoints.py", line 237, in get_endpoint
    GET /api/v1/api-integration/endpoints/{endpoint_id}
Traceback (most recent call last):
  File "D:\code\BugSeek\backend\app\dependencies.py", line 19, in get_db
    yield db
  File "C:\Users\81026\AppData\Local\Programs\Python\Python310\lib\site-packages\fastapi\concurrency.py", line 29, in contextmanager_in_threadpool
    yield await run_in_threadpool(cm.__enter__)
  File "C:\Users\81026\AppData\Local\Programs\Python\Python310\lib\site-packages\fastapi\routing.py", line 101, in app
    response = await f(request)
  File "C:\Users\81026\AppData\Local\Programs\Python\Python310\lib\site-packages\fastapi\routing.py", line 397, in app
    raise validation_error
fastapi.exceptions.RequestValidationError: 1 validation error:
  {'type': 'int_parsing', 'loc': ('path', 'endpoint_id'), 'msg': 'Input should be a valid integer, unable to parse string as an integer', 'input': 'groups'}

  File "D:\code\BugSeek\backend\app\api\v1\endpoints.py", line 237, in get_endpoint
    GET /api/v1/api-integration/endpoints/{endpoint_id}
2026-01-23 17:43:07 | INFO | [2123c65d934041b39aa79d81b8bd61ed] | app.api.v1.endpoints | [2123c65d934041b39aa79d81b8bd61ed] 查询接口列表: skip=0, limit=10, user=admin, project_id=1, version_id=1
2026-01-23 17:43:07 | INFO | [2123c65d934041b39aa79d81b8bd61ed] | app.api.v1.endpoints | [2123c65d934041b39aa79d81b8bd61ed] 查询到 10 个接口，total=644
2026-01-23 17:43:07 | ERROR | [512aca1f15c9444b84b5b1be0727cd5c] | app.dependencies | 数据库会话异常: 1 validation error:
  {'type': 'int_parsing', 'loc': ('path', 'endpoint_id'), 'msg': 'Input should be a valid integer, unable to parse string as an integer', 'input': 'groups'}

  File "D:\code\BugSeek\backend\app\api\v1\endpoints.py", line 237, in get_endpoint
    GET /api/v1/api-integration/endpoints/{endpoint_id}
Traceback (most recent call last):
  File "D:\code\BugSeek\backend\app\dependencies.py", line 19, in get_db
    yield db
  File "C:\Users\81026\AppData\Local\Programs\Python\Python310\lib\site-packages\fastapi\concurrency.py", line 29, in contextmanager_in_threadpool
    yield await run_in_threadpool(cm.__enter__)
  File "C:\Users\81026\AppData\Local\Programs\Python\Python310\lib\site-packages\fastapi\routing.py", line 101, in app
    response = await f(request)
  File "C:\Users\81026\AppData\Local\Programs\Python\Python310\lib\site-packages\fastapi\routing.py", line 397, in app
    raise validation_error
fastapi.exceptions.RequestValidationError: 1 validation error:
  {'type': 'int_parsing', 'loc': ('path', 'endpoint_id'), 'msg': 'Input should be a valid integer, unable to parse string as an integer', 'input': 'groups'}

  File "D:\code\BugSeek\backend\app\api\v1\endpoints.py", line 237, in get_endpoint
    GET /api/v1/api-integration/endpoints/{endpoint_id}
2026-01-23 17:44:59 | INFO | [d619c0a8ae47439eb83e95cb7f60407e] | app.api.v1.endpoints | [d619c0a8ae47439eb83e95cb7f60407e] 查询接口列表: skip=0, limit=10, user=admin, project_id=1, version_id=1
2026-01-23 17:44:59 | INFO | [d619c0a8ae47439eb83e95cb7f60407e] | app.api.v1.endpoints | [d619c0a8ae47439eb83e95cb7f60407e] 查询到 10 个接口，total=644
2026-01-23 17:44:59 | ERROR | [1ed0f0e171334fb596d0ff449708e859] | app.dependencies | 数据库会话异常: 1 validation error:
  {'type': 'int_parsing', 'loc': ('path', 'endpoint_id'), 'msg': 'Input should be a valid integer, unable to parse string as an integer', 'input': 'groups'}

  File "D:\code\BugSeek\backend\app\api\v1\endpoints.py", line 237, in get_endpoint
    GET /api/v1/api-integration/endpoints/{endpoint_id}
Traceback (most recent call last):
  File "D:\code\BugSeek\backend\app\dependencies.py", line 19, in get_db
    yield db
  File "C:\Users\81026\AppData\Local\Programs\Python\Python310\lib\site-packages\fastapi\concurrency.py", line 29, in contextmanager_in_threadpool
    yield await run_in_threadpool(cm.__enter__)
  File "C:\Users\81026\AppData\Local\Programs\Python\Python310\lib\site-packages\fastapi\routing.py", line 101, in app
    response = await f(request)
  File "C:\Users\81026\AppData\Local\Programs\Python\Python310\lib\site-packages\fastapi\routing.py", line 397, in app
    raise validation_error
fastapi.exceptions.RequestValidationError: 1 validation error:
  {'type': 'int_parsing', 'loc': ('path', 'endpoint_id'), 'msg': 'Input should be a valid integer, unable to parse string as an integer', 'input': 'groups'}

  File "D:\code\BugSeek\backend\app\api\v1\endpoints.py", line 237, in get_endpoint
    GET /api/v1/api-integration/endpoints/{endpoint_id}
2026-01-23 17:44:59 | INFO | [aee61d5fafa6442ea9c5613276d48691] | app.api.v1.endpoints | [aee61d5fafa6442ea9c5613276d48691] 查询接口列表: skip=0, limit=10, user=admin, project_id=1, version_id=1
2026-01-23 17:44:59 | INFO | [aee61d5fafa6442ea9c5613276d48691] | app.api.v1.endpoints | [aee61d5fafa6442ea9c5613276d48691] 查询到 10 个接口，total=644
2026-01-23 17:44:59 | ERROR | [e386c26d70cd49d59db68870c6a7ed5c] | app.dependencies | 数据库会话异常: 1 validation error:
  {'type': 'int_parsing', 'loc': ('path', 'endpoint_id'), 'msg': 'Input should be a valid integer, unable to parse string as an integer', 'input': 'groups'}

  File "D:\code\BugSeek\backend\app\api\v1\endpoints.py", line 237, in get_endpoint
    GET /api/v1/api-integration/endpoints/{endpoint_id}
Traceback (most recent call last):
  File "D:\code\BugSeek\backend\app\dependencies.py", line 19, in get_db
    yield db
  File "C:\Users\81026\AppData\Local\Programs\Python\Python310\lib\site-packages\fastapi\concurrency.py", line 29, in contextmanager_in_threadpool
    yield await run_in_threadpool(cm.__enter__)
  File "C:\Users\81026\AppData\Local\Programs\Python\Python310\lib\site-packages\fastapi\routing.py", line 101, in app
    response = await f(request)
  File "C:\Users\81026\AppData\Local\Programs\Python\Python310\lib\site-packages\fastapi\routing.py", line 397, in app
    raise validation_error
fastapi.exceptions.RequestValidationError: 1 validation error:
  {'type': 'int_parsing', 'loc': ('path', 'endpoint_id'), 'msg': 'Input should be a valid integer, unable to parse string as an integer', 'input': 'groups'}

  File "D:\code\BugSeek\backend\app\api\v1\endpoints.py", line 237, in get_endpoint
    GET /api/v1/api-integration/endpoints/{endpoint_id}
2026-01-23 17:45:17 | INFO | [d1c2c1172de942b4a18b195def821cac] | app.api.v1.endpoints | [d1c2c1172de942b4a18b195def821cac] 高级搜索: user=admin, keyword=None, methods=[], tags=['user'], group_id=None
2026-01-23 17:45:17 | ERROR | [d1c2c1172de942b4a18b195def821cac] | app.dependencies | 数据库会话异常: (psycopg2.errors.UndefinedFunction) operator does not exist: json ~~ text
LINE 3: ..._endpoints.version_id = 1 AND (api_endpoints.tags LIKE '%' |...
                                                             ^
HINT:  No operator matches the given name and argument types. You might need to add explicit type casts.

[SQL: SELECT api_endpoints.id AS api_endpoints_id, api_endpoints.project_id AS api_endpoints_project_id, api_endpoints.document_id AS api_endpoints_document_id, api_endpoints.path AS api_endpoints_path, api_endpoints.method AS api_endpoints_method, api_endpoints.summary AS api_endpoints_summary, api_endpoints.description AS api_endpoints_description, api_endpoints.request_schema AS api_endpoints_request_schema, api_endpoints.response_schema AS api_endpoints_response_schema, api_endpoints.tags AS api_endpoints_tags, api_endpoints.group_id AS api_endpoints_group_id, api_endpoints.created_at AS api_endpoints_created_at, api_endpoints.updated_at AS api_endpoints_updated_at 
FROM api_endpoints JOIN version_endpoints ON api_endpoints.id = version_endpoints.endpoint_id LEFT OUTER JOIN api_endpoint_groups ON api_endpoint_groups.id = api_endpoints.group_id 
WHERE api_endpoints.project_id = %(project_id_1)s AND version_endpoints.version_id = %(version_id_1)s AND (api_endpoints.tags LIKE '%%' || %(tags_1)s::JSON || '%%') ORDER BY api_endpoints.id DESC]
[parameters: {'project_id_1': 1, 'version_id_1': 1, 'tags_1': '["user"]'}]
(Background on this error at: https://sqlalche.me/e/20/f405)
Traceback (most recent call last):
  File "C:\Users\81026\AppData\Local\Programs\Python\Python310\lib\site-packages\sqlalchemy\engine\base.py", line 1967, in _exec_single_context
    self.dialect.do_execute(
  File "C:\Users\81026\AppData\Local\Programs\Python\Python310\lib\site-packages\sqlalchemy\engine\default.py", line 952, in do_execute
    cursor.execute(statement, parameters)
psycopg2.errors.UndefinedFunction: operator does not exist: json ~~ text
LINE 3: ..._endpoints.version_id = 1 AND (api_endpoints.tags LIKE '%' |...
                                                             ^
HINT:  No operator matches the given name and argument types. You might need to add explicit type casts.


The above exception was the direct cause of the following exception:

Traceback (most recent call last):
  File "D:\code\BugSeek\backend\app\dependencies.py", line 19, in get_db
    yield db
  File "C:\Users\81026\AppData\Local\Programs\Python\Python310\lib\site-packages\fastapi\concurrency.py", line 29, in contextmanager_in_threadpool
    yield await run_in_threadpool(cm.__enter__)
  File "C:\Users\81026\AppData\Local\Programs\Python\Python310\lib\site-packages\fastapi\routing.py", line 101, in app
    response = await f(request)
  File "C:\Users\81026\AppData\Local\Programs\Python\Python310\lib\site-packages\fastapi\routing.py", line 355, in app
    raw_response = await run_endpoint_function(
  File "C:\Users\81026\AppData\Local\Programs\Python\Python310\lib\site-packages\fastapi\routing.py", line 243, in run_endpoint_function
    return await dependant.call(**values)
  File "D:\code\BugSeek\backend\app\api\v1\endpoints.py", line 767, in search_endpoints
    endpoints = query.order_by(ApiEndpoint.id.desc()).all()
  File "C:\Users\81026\AppData\Local\Programs\Python\Python310\lib\site-packages\sqlalchemy\orm\query.py", line 2704, in all
    return self._iter().all()  # type: ignore
  File "C:\Users\81026\AppData\Local\Programs\Python\Python310\lib\site-packages\sqlalchemy\orm\query.py", line 2857, in _iter
    result: Union[ScalarResult[_T], Result[_T]] = self.session.execute(
  File "C:\Users\81026\AppData\Local\Programs\Python\Python310\lib\site-packages\sqlalchemy\orm\session.py", line 2351, in execute
    return self._execute_internal(
  File "C:\Users\81026\AppData\Local\Programs\Python\Python310\lib\site-packages\sqlalchemy\orm\session.py", line 2249, in _execute_internal
    result: Result[Any] = compile_state_cls.orm_execute_statement(
  File "C:\Users\81026\AppData\Local\Programs\Python\Python310\lib\site-packages\sqlalchemy\orm\context.py", line 306, in orm_execute_statement
    result = conn.execute(
  File "C:\Users\81026\AppData\Local\Programs\Python\Python310\lib\site-packages\sqlalchemy\engine\base.py", line 1419, in execute
    return meth(
  File "C:\Users\81026\AppData\Local\Programs\Python\Python310\lib\site-packages\sqlalchemy\sql\elements.py", line 527, in _execute_on_connection
    return connection._execute_clauseelement(
  File "C:\Users\81026\AppData\Local\Programs\Python\Python310\lib\site-packages\sqlalchemy\engine\base.py", line 1641, in _execute_clauseelement
    ret = self._execute_context(
  File "C:\Users\81026\AppData\Local\Programs\Python\Python310\lib\site-packages\sqlalchemy\engine\base.py", line 1846, in _execute_context
    return self._exec_single_context(
  File "C:\Users\81026\AppData\Local\Programs\Python\Python310\lib\site-packages\sqlalchemy\engine\base.py", line 1986, in _exec_single_context
    self._handle_dbapi_exception(
  File "C:\Users\81026\AppData\Local\Programs\Python\Python310\lib\site-packages\sqlalchemy\engine\base.py", line 2363, in _handle_dbapi_exception
    raise sqlalchemy_exception.with_traceback(exc_info[2]) from e
  File "C:\Users\81026\AppData\Local\Programs\Python\Python310\lib\site-packages\sqlalchemy\engine\base.py", line 1967, in _exec_single_context
    self.dialect.do_execute(
  File "C:\Users\81026\AppData\Local\Programs\Python\Python310\lib\site-packages\sqlalchemy\engine\default.py", line 952, in do_execute
    cursor.execute(statement, parameters)
sqlalchemy.exc.ProgrammingError: (psycopg2.errors.UndefinedFunction) operator does not exist: json ~~ text
LINE 3: ..._endpoints.version_id = 1 AND (api_endpoints.tags LIKE '%' |...
                                                             ^
HINT:  No operator matches the given name and argument types. You might need to add explicit type casts.

[SQL: SELECT api_endpoints.id AS api_endpoints_id, api_endpoints.project_id AS api_endpoints_project_id, api_endpoints.document_id AS api_endpoints_document_id, api_endpoints.path AS api_endpoints_path, api_endpoints.method AS api_endpoints_method, api_endpoints.summary AS api_endpoints_summary, api_endpoints.description AS api_endpoints_description, api_endpoints.request_schema AS api_endpoints_request_schema, api_endpoints.response_schema AS api_endpoints_response_schema, api_endpoints.tags AS api_endpoints_tags, api_endpoints.group_id AS api_endpoints_group_id, api_endpoints.created_at AS api_endpoints_created_at, api_endpoints.updated_at AS api_endpoints_updated_at 
FROM api_endpoints JOIN version_endpoints ON api_endpoints.id = version_endpoints.endpoint_id LEFT OUTER JOIN api_endpoint_groups ON api_endpoint_groups.id = api_endpoints.group_id 
WHERE api_endpoints.project_id = %(project_id_1)s AND version_endpoints.version_id = %(version_id_1)s AND (api_endpoints.tags LIKE '%%' || %(tags_1)s::JSON || '%%') ORDER BY api_endpoints.id DESC]
[parameters: {'project_id_1': 1, 'version_id_1': 1, 'tags_1': '["user"]'}]
(Background on this error at: https://sqlalche.me/e/20/f405)
2026-01-23 17:45:17 | ERROR | [d1c2c1172de942b4a18b195def821cac] | app.main | 未捕获的异常: (psycopg2.errors.UndefinedFunction) operator does not exist: json ~~ text
LINE 3: ..._endpoints.version_id = 1 AND (api_endpoints.tags LIKE '%' |...
                                                             ^
HINT:  No operator matches the given name and argument types. You might need to add explicit type casts.

[SQL: SELECT api_endpoints.id AS api_endpoints_id, api_endpoints.project_id AS api_endpoints_project_id, api_endpoints.document_id AS api_endpoints_document_id, api_endpoints.path AS api_endpoints_path, api_endpoints.method AS api_endpoints_method, api_endpoints.summary AS api_endpoints_summary, api_endpoints.description AS api_endpoints_description, api_endpoints.request_schema AS api_endpoints_request_schema, api_endpoints.response_schema AS api_endpoints_response_schema, api_endpoints.tags AS api_endpoints_tags, api_endpoints.group_id AS api_endpoints_group_id, api_endpoints.created_at AS api_endpoints_created_at, api_endpoints.updated_at AS api_endpoints_updated_at 
FROM api_endpoints JOIN version_endpoints ON api_endpoints.id = version_endpoints.endpoint_id LEFT OUTER JOIN api_endpoint_groups ON api_endpoint_groups.id = api_endpoints.group_id 
WHERE api_endpoints.project_id = %(project_id_1)s AND version_endpoints.version_id = %(version_id_1)s AND (api_endpoints.tags LIKE '%%' || %(tags_1)s::JSON || '%%') ORDER BY api_endpoints.id DESC]
[parameters: {'project_id_1': 1, 'version_id_1': 1, 'tags_1': '["user"]'}]
(Background on this error at: https://sqlalche.me/e/20/f405) | 路径: /api/v1/api-integration/endpoints/search | 方法: POST
Traceback (most recent call last):
  File "C:\Users\81026\AppData\Local\Programs\Python\Python310\lib\site-packages\sqlalchemy\engine\base.py", line 1967, in _exec_single_context
    self.dialect.do_execute(
  File "C:\Users\81026\AppData\Local\Programs\Python\Python310\lib\site-packages\sqlalchemy\engine\default.py", line 952, in do_execute
    cursor.execute(statement, parameters)
psycopg2.errors.UndefinedFunction: operator does not exist: json ~~ text
LINE 3: ..._endpoints.version_id = 1 AND (api_endpoints.tags LIKE '%' |...
                                                             ^
HINT:  No operator matches the given name and argument types. You might need to add explicit type casts.


The above exception was the direct cause of the following exception:

Traceback (most recent call last):
  File "C:\Users\81026\AppData\Local\Programs\Python\Python310\lib\site-packages\starlette\middleware\errors.py", line 164, in __call__
    await self.app(scope, receive, _send)
  File "C:\Users\81026\AppData\Local\Programs\Python\Python310\lib\site-packages\starlette\middleware\cors.py", line 93, in __call__
    await self.simple_response(scope, receive, send, request_headers=headers)
  File "C:\Users\81026\AppData\Local\Programs\Python\Python310\lib\site-packages\starlette\middleware\cors.py", line 144, in simple_response
    await self.app(scope, receive, send)
  File "C:\Users\81026\AppData\Local\Programs\Python\Python310\lib\site-packages\starlette\middleware\base.py", line 191, in __call__
    with recv_stream, send_stream, collapse_excgroups():
  File "C:\Users\81026\AppData\Local\Programs\Python\Python310\lib\contextlib.py", line 153, in __exit__
    self.gen.throw(typ, value, traceback)
  File "C:\Users\81026\AppData\Local\Programs\Python\Python310\lib\site-packages\starlette\_utils.py", line 85, in collapse_excgroups
    raise exc
  File "C:\Users\81026\AppData\Local\Programs\Python\Python310\lib\site-packages\starlette\middleware\base.py", line 193, in __call__
    response = await self.dispatch_func(request, call_next)
  File "D:\code\BugSeek\backend\app\main.py", line 29, in trace_id_middleware
    response = await call_next(request)
  File "C:\Users\81026\AppData\Local\Programs\Python\Python310\lib\site-packages\starlette\middleware\base.py", line 168, in call_next
    raise app_exc from app_exc.__cause__ or app_exc.__context__
  File "C:\Users\81026\AppData\Local\Programs\Python\Python310\lib\site-packages\starlette\middleware\base.py", line 144, in coro
    await self.app(scope, receive_or_disconnect, send_no_error)
  File "C:\Users\81026\AppData\Local\Programs\Python\Python310\lib\site-packages\starlette\middleware\exceptions.py", line 63, in __call__
    await wrap_app_handling_exceptions(self.app, conn)(scope, receive, send)
  File "C:\Users\81026\AppData\Local\Programs\Python\Python310\lib\site-packages\starlette\_exception_handler.py", line 53, in wrapped_app
    raise exc
  File "C:\Users\81026\AppData\Local\Programs\Python\Python310\lib\site-packages\starlette\_exception_handler.py", line 42, in wrapped_app
    await app(scope, receive, sender)
  File "C:\Users\81026\AppData\Local\Programs\Python\Python310\lib\site-packages\fastapi\middleware\asyncexitstack.py", line 18, in __call__
    await self.app(scope, receive, send)
  File "C:\Users\81026\AppData\Local\Programs\Python\Python310\lib\site-packages\starlette\routing.py", line 716, in __call__
    await self.middleware_stack(scope, receive, send)
  File "C:\Users\81026\AppData\Local\Programs\Python\Python310\lib\site-packages\starlette\routing.py", line 736, in app
    await route.handle(scope, receive, send)
  File "C:\Users\81026\AppData\Local\Programs\Python\Python310\lib\site-packages\starlette\routing.py", line 290, in handle
    await self.app(scope, receive, send)
  File "C:\Users\81026\AppData\Local\Programs\Python\Python310\lib\site-packages\fastapi\routing.py", line 115, in app
    await wrap_app_handling_exceptions(app, request)(scope, receive, send)
  File "C:\Users\81026\AppData\Local\Programs\Python\Python310\lib\site-packages\starlette\_exception_handler.py", line 53, in wrapped_app
    raise exc
  File "C:\Users\81026\AppData\Local\Programs\Python\Python310\lib\site-packages\starlette\_exception_handler.py", line 42, in wrapped_app
    await app(scope, receive, sender)
  File "C:\Users\81026\AppData\Local\Programs\Python\Python310\lib\site-packages\fastapi\routing.py", line 101, in app
    response = await f(request)
  File "C:\Users\81026\AppData\Local\Programs\Python\Python310\lib\site-packages\fastapi\routing.py", line 355, in app
    raw_response = await run_endpoint_function(
  File "C:\Users\81026\AppData\Local\Programs\Python\Python310\lib\site-packages\fastapi\routing.py", line 243, in run_endpoint_function
    return await dependant.call(**values)
  File "D:\code\BugSeek\backend\app\api\v1\endpoints.py", line 767, in search_endpoints
    endpoints = query.order_by(ApiEndpoint.id.desc()).all()
  File "C:\Users\81026\AppData\Local\Programs\Python\Python310\lib\site-packages\sqlalchemy\orm\query.py", line 2704, in all
    return self._iter().all()  # type: ignore
  File "C:\Users\81026\AppData\Local\Programs\Python\Python310\lib\site-packages\sqlalchemy\orm\query.py", line 2857, in _iter
    result: Union[ScalarResult[_T], Result[_T]] = self.session.execute(
  File "C:\Users\81026\AppData\Local\Programs\Python\Python310\lib\site-packages\sqlalchemy\orm\session.py", line 2351, in execute
    return self._execute_internal(
  File "C:\Users\81026\AppData\Local\Programs\Python\Python310\lib\site-packages\sqlalchemy\orm\session.py", line 2249, in _execute_internal
    result: Result[Any] = compile_state_cls.orm_execute_statement(
  File "C:\Users\81026\AppData\Local\Programs\Python\Python310\lib\site-packages\sqlalchemy\orm\context.py", line 306, in orm_execute_statement
    result = conn.execute(
  File "C:\Users\81026\AppData\Local\Programs\Python\Python310\lib\site-packages\sqlalchemy\engine\base.py", line 1419, in execute
    return meth(
  File "C:\Users\81026\AppData\Local\Programs\Python\Python310\lib\site-packages\sqlalchemy\sql\elements.py", line 527, in _execute_on_connection
    return connection._execute_clauseelement(
  File "C:\Users\81026\AppData\Local\Programs\Python\Python310\lib\site-packages\sqlalchemy\engine\base.py", line 1641, in _execute_clauseelement
    ret = self._execute_context(
  File "C:\Users\81026\AppData\Local\Programs\Python\Python310\lib\site-packages\sqlalchemy\engine\base.py", line 1846, in _execute_context
    return self._exec_single_context(
  File "C:\Users\81026\AppData\Local\Programs\Python\Python310\lib\site-packages\sqlalchemy\engine\base.py", line 1986, in _exec_single_context
    self._handle_dbapi_exception(
  File "C:\Users\81026\AppData\Local\Programs\Python\Python310\lib\site-packages\sqlalchemy\engine\base.py", line 2363, in _handle_dbapi_exception
    raise sqlalchemy_exception.with_traceback(exc_info[2]) from e
  File "C:\Users\81026\AppData\Local\Programs\Python\Python310\lib\site-packages\sqlalchemy\engine\base.py", line 1967, in _exec_single_context
    self.dialect.do_execute(
  File "C:\Users\81026\AppData\Local\Programs\Python\Python310\lib\site-packages\sqlalchemy\engine\default.py", line 952, in do_execute
    cursor.execute(statement, parameters)
sqlalchemy.exc.ProgrammingError: (psycopg2.errors.UndefinedFunction) operator does not exist: json ~~ text
LINE 3: ..._endpoints.version_id = 1 AND (api_endpoints.tags LIKE '%' |...
                                                             ^
HINT:  No operator matches the given name and argument types. You might need to add explicit type casts.

[SQL: SELECT api_endpoints.id AS api_endpoints_id, api_endpoints.project_id AS api_endpoints_project_id, api_endpoints.document_id AS api_endpoints_document_id, api_endpoints.path AS api_endpoints_path, api_endpoints.method AS api_endpoints_method, api_endpoints.summary AS api_endpoints_summary, api_endpoints.description AS api_endpoints_description, api_endpoints.request_schema AS api_endpoints_request_schema, api_endpoints.response_schema AS api_endpoints_response_schema, api_endpoints.tags AS api_endpoints_tags, api_endpoints.group_id AS api_endpoints_group_id, api_endpoints.created_at AS api_endpoints_created_at, api_endpoints.updated_at AS api_endpoints_updated_at 
FROM api_endpoints JOIN version_endpoints ON api_endpoints.id = version_endpoints.endpoint_id LEFT OUTER JOIN api_endpoint_groups ON api_endpoint_groups.id = api_endpoints.group_id 
WHERE api_endpoints.project_id = %(project_id_1)s AND version_endpoints.version_id = %(version_id_1)s AND (api_endpoints.tags LIKE '%%' || %(tags_1)s::JSON || '%%') ORDER BY api_endpoints.id DESC]
[parameters: {'project_id_1': 1, 'version_id_1': 1, 'tags_1': '["user"]'}]
(Background on this error at: https://sqlalche.me/e/20/f405)
2026-01-23 17:45:26 | INFO | [409b22dff8dd460db38f949f2c5b60e8] | app.api.v1.endpoints | [409b22dff8dd460db38f949f2c5b60e8] 高级搜索: user=admin, keyword=None, methods=[], tags=['user'], group_id=None
2026-01-23 17:45:26 | ERROR | [409b22dff8dd460db38f949f2c5b60e8] | app.dependencies | 数据库会话异常: (psycopg2.errors.UndefinedFunction) operator does not exist: json ~~ text
LINE 3: ..._endpoints.version_id = 1 AND (api_endpoints.tags LIKE '%' |...
                                                             ^
HINT:  No operator matches the given name and argument types. You might need to add explicit type casts.

[SQL: SELECT api_endpoints.id AS api_endpoints_id, api_endpoints.project_id AS api_endpoints_project_id, api_endpoints.document_id AS api_endpoints_document_id, api_endpoints.path AS api_endpoints_path, api_endpoints.method AS api_endpoints_method, api_endpoints.summary AS api_endpoints_summary, api_endpoints.description AS api_endpoints_description, api_endpoints.request_schema AS api_endpoints_request_schema, api_endpoints.response_schema AS api_endpoints_response_schema, api_endpoints.tags AS api_endpoints_tags, api_endpoints.group_id AS api_endpoints_group_id, api_endpoints.created_at AS api_endpoints_created_at, api_endpoints.updated_at AS api_endpoints_updated_at 
FROM api_endpoints JOIN version_endpoints ON api_endpoints.id = version_endpoints.endpoint_id LEFT OUTER JOIN api_endpoint_groups ON api_endpoint_groups.id = api_endpoints.group_id 
WHERE api_endpoints.project_id = %(project_id_1)s AND version_endpoints.version_id = %(version_id_1)s AND (api_endpoints.tags LIKE '%%' || %(tags_1)s::JSON || '%%') ORDER BY api_endpoints.id DESC]
[parameters: {'project_id_1': 1, 'version_id_1': 1, 'tags_1': '["user"]'}]
(Background on this error at: https://sqlalche.me/e/20/f405)
Traceback (most recent call last):
  File "C:\Users\81026\AppData\Local\Programs\Python\Python310\lib\site-packages\sqlalchemy\engine\base.py", line 1967, in _exec_single_context
    self.dialect.do_execute(
  File "C:\Users\81026\AppData\Local\Programs\Python\Python310\lib\site-packages\sqlalchemy\engine\default.py", line 952, in do_execute
    cursor.execute(statement, parameters)
psycopg2.errors.UndefinedFunction: operator does not exist: json ~~ text
LINE 3: ..._endpoints.version_id = 1 AND (api_endpoints.tags LIKE '%' |...
                                                             ^
HINT:  No operator matches the given name and argument types. You might need to add explicit type casts.


The above exception was the direct cause of the following exception:

Traceback (most recent call last):
  File "D:\code\BugSeek\backend\app\dependencies.py", line 19, in get_db
    yield db
  File "C:\Users\81026\AppData\Local\Programs\Python\Python310\lib\site-packages\fastapi\concurrency.py", line 29, in contextmanager_in_threadpool
    yield await run_in_threadpool(cm.__enter__)
  File "C:\Users\81026\AppData\Local\Programs\Python\Python310\lib\site-packages\fastapi\routing.py", line 101, in app
    response = await f(request)
  File "C:\Users\81026\AppData\Local\Programs\Python\Python310\lib\site-packages\fastapi\routing.py", line 355, in app
    raw_response = await run_endpoint_function(
  File "C:\Users\81026\AppData\Local\Programs\Python\Python310\lib\site-packages\fastapi\routing.py", line 243, in run_endpoint_function
    return await dependant.call(**values)
  File "D:\code\BugSeek\backend\app\api\v1\endpoints.py", line 767, in search_endpoints
    endpoints = query.order_by(ApiEndpoint.id.desc()).all()
  File "C:\Users\81026\AppData\Local\Programs\Python\Python310\lib\site-packages\sqlalchemy\orm\query.py", line 2704, in all
    return self._iter().all()  # type: ignore
  File "C:\Users\81026\AppData\Local\Programs\Python\Python310\lib\site-packages\sqlalchemy\orm\query.py", line 2857, in _iter
    result: Union[ScalarResult[_T], Result[_T]] = self.session.execute(
  File "C:\Users\81026\AppData\Local\Programs\Python\Python310\lib\site-packages\sqlalchemy\orm\session.py", line 2351, in execute
    return self._execute_internal(
  File "C:\Users\81026\AppData\Local\Programs\Python\Python310\lib\site-packages\sqlalchemy\orm\session.py", line 2249, in _execute_internal
    result: Result[Any] = compile_state_cls.orm_execute_statement(
  File "C:\Users\81026\AppData\Local\Programs\Python\Python310\lib\site-packages\sqlalchemy\orm\context.py", line 306, in orm_execute_statement
    result = conn.execute(
  File "C:\Users\81026\AppData\Local\Programs\Python\Python310\lib\site-packages\sqlalchemy\engine\base.py", line 1419, in execute
    return meth(
  File "C:\Users\81026\AppData\Local\Programs\Python\Python310\lib\site-packages\sqlalchemy\sql\elements.py", line 527, in _execute_on_connection
    return connection._execute_clauseelement(
  File "C:\Users\81026\AppData\Local\Programs\Python\Python310\lib\site-packages\sqlalchemy\engine\base.py", line 1641, in _execute_clauseelement
    ret = self._execute_context(
  File "C:\Users\81026\AppData\Local\Programs\Python\Python310\lib\site-packages\sqlalchemy\engine\base.py", line 1846, in _execute_context
    return self._exec_single_context(
  File "C:\Users\81026\AppData\Local\Programs\Python\Python310\lib\site-packages\sqlalchemy\engine\base.py", line 1986, in _exec_single_context
    self._handle_dbapi_exception(
  File "C:\Users\81026\AppData\Local\Programs\Python\Python310\lib\site-packages\sqlalchemy\engine\base.py", line 2363, in _handle_dbapi_exception
    raise sqlalchemy_exception.with_traceback(exc_info[2]) from e
  File "C:\Users\81026\AppData\Local\Programs\Python\Python310\lib\site-packages\sqlalchemy\engine\base.py", line 1967, in _exec_single_context
    self.dialect.do_execute(
  File "C:\Users\81026\AppData\Local\Programs\Python\Python310\lib\site-packages\sqlalchemy\engine\default.py", line 952, in do_execute
    cursor.execute(statement, parameters)
sqlalchemy.exc.ProgrammingError: (psycopg2.errors.UndefinedFunction) operator does not exist: json ~~ text
LINE 3: ..._endpoints.version_id = 1 AND (api_endpoints.tags LIKE '%' |...
                                                             ^
HINT:  No operator matches the given name and argument types. You might need to add explicit type casts.

[SQL: SELECT api_endpoints.id AS api_endpoints_id, api_endpoints.project_id AS api_endpoints_project_id, api_endpoints.document_id AS api_endpoints_document_id, api_endpoints.path AS api_endpoints_path, api_endpoints.method AS api_endpoints_method, api_endpoints.summary AS api_endpoints_summary, api_endpoints.description AS api_endpoints_description, api_endpoints.request_schema AS api_endpoints_request_schema, api_endpoints.response_schema AS api_endpoints_response_schema, api_endpoints.tags AS api_endpoints_tags, api_endpoints.group_id AS api_endpoints_group_id, api_endpoints.created_at AS api_endpoints_created_at, api_endpoints.updated_at AS api_endpoints_updated_at 
FROM api_endpoints JOIN version_endpoints ON api_endpoints.id = version_endpoints.endpoint_id LEFT OUTER JOIN api_endpoint_groups ON api_endpoint_groups.id = api_endpoints.group_id 
WHERE api_endpoints.project_id = %(project_id_1)s AND version_endpoints.version_id = %(version_id_1)s AND (api_endpoints.tags LIKE '%%' || %(tags_1)s::JSON || '%%') ORDER BY api_endpoints.id DESC]
[parameters: {'project_id_1': 1, 'version_id_1': 1, 'tags_1': '["user"]'}]
(Background on this error at: https://sqlalche.me/e/20/f405)
2026-01-23 17:45:26 | ERROR | [409b22dff8dd460db38f949f2c5b60e8] | app.main | 未捕获的异常: (psycopg2.errors.UndefinedFunction) operator does not exist: json ~~ text
LINE 3: ..._endpoints.version_id = 1 AND (api_endpoints.tags LIKE '%' |...
                                                             ^
HINT:  No operator matches the given name and argument types. You might need to add explicit type casts.

[SQL: SELECT api_endpoints.id AS api_endpoints_id, api_endpoints.project_id AS api_endpoints_project_id, api_endpoints.document_id AS api_endpoints_document_id, api_endpoints.path AS api_endpoints_path, api_endpoints.method AS api_endpoints_method, api_endpoints.summary AS api_endpoints_summary, api_endpoints.description AS api_endpoints_description, api_endpoints.request_schema AS api_endpoints_request_schema, api_endpoints.response_schema AS api_endpoints_response_schema, api_endpoints.tags AS api_endpoints_tags, api_endpoints.group_id AS api_endpoints_group_id, api_endpoints.created_at AS api_endpoints_created_at, api_endpoints.updated_at AS api_endpoints_updated_at 
FROM api_endpoints JOIN version_endpoints ON api_endpoints.id = version_endpoints.endpoint_id LEFT OUTER JOIN api_endpoint_groups ON api_endpoint_groups.id = api_endpoints.group_id 
WHERE api_endpoints.project_id = %(project_id_1)s AND version_endpoints.version_id = %(version_id_1)s AND (api_endpoints.tags LIKE '%%' || %(tags_1)s::JSON || '%%') ORDER BY api_endpoints.id DESC]
[parameters: {'project_id_1': 1, 'version_id_1': 1, 'tags_1': '["user"]'}]
(Background on this error at: https://sqlalche.me/e/20/f405) | 路径: /api/v1/api-integration/endpoints/search | 方法: POST
Traceback (most recent call last):
  File "C:\Users\81026\AppData\Local\Programs\Python\Python310\lib\site-packages\sqlalchemy\engine\base.py", line 1967, in _exec_single_context
    self.dialect.do_execute(
  File "C:\Users\81026\AppData\Local\Programs\Python\Python310\lib\site-packages\sqlalchemy\engine\default.py", line 952, in do_execute
    cursor.execute(statement, parameters)
psycopg2.errors.UndefinedFunction: operator does not exist: json ~~ text
LINE 3: ..._endpoints.version_id = 1 AND (api_endpoints.tags LIKE '%' |...
                                                             ^
HINT:  No operator matches the given name and argument types. You might need to add explicit type casts.


The above exception was the direct cause of the following exception:

Traceback (most recent call last):
  File "C:\Users\81026\AppData\Local\Programs\Python\Python310\lib\site-packages\starlette\middleware\errors.py", line 164, in __call__
    await self.app(scope, receive, _send)
  File "C:\Users\81026\AppData\Local\Programs\Python\Python310\lib\site-packages\starlette\middleware\cors.py", line 93, in __call__
    await self.simple_response(scope, receive, send, request_headers=headers)
  File "C:\Users\81026\AppData\Local\Programs\Python\Python310\lib\site-packages\starlette\middleware\cors.py", line 144, in simple_response
    await self.app(scope, receive, send)
  File "C:\Users\81026\AppData\Local\Programs\Python\Python310\lib\site-packages\starlette\middleware\base.py", line 191, in __call__
    with recv_stream, send_stream, collapse_excgroups():
  File "C:\Users\81026\AppData\Local\Programs\Python\Python310\lib\contextlib.py", line 153, in __exit__
    self.gen.throw(typ, value, traceback)
  File "C:\Users\81026\AppData\Local\Programs\Python\Python310\lib\site-packages\starlette\_utils.py", line 85, in collapse_excgroups
    raise exc
  File "C:\Users\81026\AppData\Local\Programs\Python\Python310\lib\site-packages\starlette\middleware\base.py", line 193, in __call__
    response = await self.dispatch_func(request, call_next)
  File "D:\code\BugSeek\backend\app\main.py", line 29, in trace_id_middleware
    response = await call_next(request)
  File "C:\Users\81026\AppData\Local\Programs\Python\Python310\lib\site-packages\starlette\middleware\base.py", line 168, in call_next
    raise app_exc from app_exc.__cause__ or app_exc.__context__
  File "C:\Users\81026\AppData\Local\Programs\Python\Python310\lib\site-packages\starlette\middleware\base.py", line 144, in coro
    await self.app(scope, receive_or_disconnect, send_no_error)
  File "C:\Users\81026\AppData\Local\Programs\Python\Python310\lib\site-packages\starlette\middleware\exceptions.py", line 63, in __call__
    await wrap_app_handling_exceptions(self.app, conn)(scope, receive, send)
  File "C:\Users\81026\AppData\Local\Programs\Python\Python310\lib\site-packages\starlette\_exception_handler.py", line 53, in wrapped_app
    raise exc
  File "C:\Users\81026\AppData\Local\Programs\Python\Python310\lib\site-packages\starlette\_exception_handler.py", line 42, in wrapped_app
    await app(scope, receive, sender)
  File "C:\Users\81026\AppData\Local\Programs\Python\Python310\lib\site-packages\fastapi\middleware\asyncexitstack.py", line 18, in __call__
    await self.app(scope, receive, send)
  File "C:\Users\81026\AppData\Local\Programs\Python\Python310\lib\site-packages\starlette\routing.py", line 716, in __call__
    await self.middleware_stack(scope, receive, send)
  File "C:\Users\81026\AppData\Local\Programs\Python\Python310\lib\site-packages\starlette\routing.py", line 736, in app
    await route.handle(scope, receive, send)
  File "C:\Users\81026\AppData\Local\Programs\Python\Python310\lib\site-packages\starlette\routing.py", line 290, in handle
    await self.app(scope, receive, send)
  File "C:\Users\81026\AppData\Local\Programs\Python\Python310\lib\site-packages\fastapi\routing.py", line 115, in app
    await wrap_app_handling_exceptions(app, request)(scope, receive, send)
  File "C:\Users\81026\AppData\Local\Programs\Python\Python310\lib\site-packages\starlette\_exception_handler.py", line 53, in wrapped_app
    raise exc
  File "C:\Users\81026\AppData\Local\Programs\Python\Python310\lib\site-packages\starlette\_exception_handler.py", line 42, in wrapped_app
    await app(scope, receive, sender)
  File "C:\Users\81026\AppData\Local\Programs\Python\Python310\lib\site-packages\fastapi\routing.py", line 101, in app
    response = await f(request)
  File "C:\Users\81026\AppData\Local\Programs\Python\Python310\lib\site-packages\fastapi\routing.py", line 355, in app
    raw_response = await run_endpoint_function(
  File "C:\Users\81026\AppData\Local\Programs\Python\Python310\lib\site-packages\fastapi\routing.py", line 243, in run_endpoint_function
    return await dependant.call(**values)
  File "D:\code\BugSeek\backend\app\api\v1\endpoints.py", line 767, in search_endpoints
    endpoints = query.order_by(ApiEndpoint.id.desc()).all()
  File "C:\Users\81026\AppData\Local\Programs\Python\Python310\lib\site-packages\sqlalchemy\orm\query.py", line 2704, in all
    return self._iter().all()  # type: ignore
  File "C:\Users\81026\AppData\Local\Programs\Python\Python310\lib\site-packages\sqlalchemy\orm\query.py", line 2857, in _iter
    result: Union[ScalarResult[_T], Result[_T]] = self.session.execute(
  File "C:\Users\81026\AppData\Local\Programs\Python\Python310\lib\site-packages\sqlalchemy\orm\session.py", line 2351, in execute
    return self._execute_internal(
  File "C:\Users\81026\AppData\Local\Programs\Python\Python310\lib\site-packages\sqlalchemy\orm\session.py", line 2249, in _execute_internal
    result: Result[Any] = compile_state_cls.orm_execute_statement(
  File "C:\Users\81026\AppData\Local\Programs\Python\Python310\lib\site-packages\sqlalchemy\orm\context.py", line 306, in orm_execute_statement
    result = conn.execute(
  File "C:\Users\81026\AppData\Local\Programs\Python\Python310\lib\site-packages\sqlalchemy\engine\base.py", line 1419, in execute
    return meth(
  File "C:\Users\81026\AppData\Local\Programs\Python\Python310\lib\site-packages\sqlalchemy\sql\elements.py", line 527, in _execute_on_connection
    return connection._execute_clauseelement(
  File "C:\Users\81026\AppData\Local\Programs\Python\Python310\lib\site-packages\sqlalchemy\engine\base.py", line 1641, in _execute_clauseelement
    ret = self._execute_context(
  File "C:\Users\81026\AppData\Local\Programs\Python\Python310\lib\site-packages\sqlalchemy\engine\base.py", line 1846, in _execute_context
    return self._exec_single_context(
  File "C:\Users\81026\AppData\Local\Programs\Python\Python310\lib\site-packages\sqlalchemy\engine\base.py", line 1986, in _exec_single_context
    self._handle_dbapi_exception(
  File "C:\Users\81026\AppData\Local\Programs\Python\Python310\lib\site-packages\sqlalchemy\engine\base.py", line 2363, in _handle_dbapi_exception
    raise sqlalchemy_exception.with_traceback(exc_info[2]) from e
  File "C:\Users\81026\AppData\Local\Programs\Python\Python310\lib\site-packages\sqlalchemy\engine\base.py", line 1967, in _exec_single_context
    self.dialect.do_execute(
  File "C:\Users\81026\AppData\Local\Programs\Python\Python310\lib\site-packages\sqlalchemy\engine\default.py", line 952, in do_execute
    cursor.execute(statement, parameters)
sqlalchemy.exc.ProgrammingError: (psycopg2.errors.UndefinedFunction) operator does not exist: json ~~ text
LINE 3: ..._endpoints.version_id = 1 AND (api_endpoints.tags LIKE '%' |...
                                                             ^
HINT:  No operator matches the given name and argument types. You might need to add explicit type casts.

[SQL: SELECT api_endpoints.id AS api_endpoints_id, api_endpoints.project_id AS api_endpoints_project_id, api_endpoints.document_id AS api_endpoints_document_id, api_endpoints.path AS api_endpoints_path, api_endpoints.method AS api_endpoints_method, api_endpoints.summary AS api_endpoints_summary, api_endpoints.description AS api_endpoints_description, api_endpoints.request_schema AS api_endpoints_request_schema, api_endpoints.response_schema AS api_endpoints_response_schema, api_endpoints.tags AS api_endpoints_tags, api_endpoints.group_id AS api_endpoints_group_id, api_endpoints.created_at AS api_endpoints_created_at, api_endpoints.updated_at AS api_endpoints_updated_at 
FROM api_endpoints JOIN version_endpoints ON api_endpoints.id = version_endpoints.endpoint_id LEFT OUTER JOIN api_endpoint_groups ON api_endpoint_groups.id = api_endpoints.group_id 
WHERE api_endpoints.project_id = %(project_id_1)s AND version_endpoints.version_id = %(version_id_1)s AND (api_endpoints.tags LIKE '%%' || %(tags_1)s::JSON || '%%') ORDER BY api_endpoints.id DESC]
[parameters: {'project_id_1': 1, 'version_id_1': 1, 'tags_1': '["user"]'}]
(Background on this error at: https://sqlalche.me/e/20/f405)
2026-01-23 17:45:52 | INFO | [71642c0891a249aca96f35098a472c58] | app.api.v1.endpoints | [71642c0891a249aca96f35098a472c58] 高级搜索: user=admin, keyword=None, methods=[], tags=['user'], group_id=None
2026-01-23 17:45:52 | ERROR | [71642c0891a249aca96f35098a472c58] | app.dependencies | 数据库会话异常: (psycopg2.errors.UndefinedFunction) operator does not exist: json ~~ text
LINE 3: ..._endpoints.version_id = 1 AND (api_endpoints.tags LIKE '%' |...
                                                             ^
HINT:  No operator matches the given name and argument types. You might need to add explicit type casts.

[SQL: SELECT api_endpoints.id AS api_endpoints_id, api_endpoints.project_id AS api_endpoints_project_id, api_endpoints.document_id AS api_endpoints_document_id, api_endpoints.path AS api_endpoints_path, api_endpoints.method AS api_endpoints_method, api_endpoints.summary AS api_endpoints_summary, api_endpoints.description AS api_endpoints_description, api_endpoints.request_schema AS api_endpoints_request_schema, api_endpoints.response_schema AS api_endpoints_response_schema, api_endpoints.tags AS api_endpoints_tags, api_endpoints.group_id AS api_endpoints_group_id, api_endpoints.created_at AS api_endpoints_created_at, api_endpoints.updated_at AS api_endpoints_updated_at 
FROM api_endpoints JOIN version_endpoints ON api_endpoints.id = version_endpoints.endpoint_id LEFT OUTER JOIN api_endpoint_groups ON api_endpoint_groups.id = api_endpoints.group_id 
WHERE api_endpoints.project_id = %(project_id_1)s AND version_endpoints.version_id = %(version_id_1)s AND (api_endpoints.tags LIKE '%%' || %(tags_1)s::JSON || '%%') ORDER BY api_endpoints.id DESC]
[parameters: {'project_id_1': 1, 'version_id_1': 1, 'tags_1': '["user"]'}]
(Background on this error at: https://sqlalche.me/e/20/f405)
Traceback (most recent call last):
  File "C:\Users\81026\AppData\Local\Programs\Python\Python310\lib\site-packages\sqlalchemy\engine\base.py", line 1967, in _exec_single_context
    self.dialect.do_execute(
  File "C:\Users\81026\AppData\Local\Programs\Python\Python310\lib\site-packages\sqlalchemy\engine\default.py", line 952, in do_execute
    cursor.execute(statement, parameters)
psycopg2.errors.UndefinedFunction: operator does not exist: json ~~ text
LINE 3: ..._endpoints.version_id = 1 AND (api_endpoints.tags LIKE '%' |...
                                                             ^
HINT:  No operator matches the given name and argument types. You might need to add explicit type casts.


The above exception was the direct cause of the following exception:

Traceback (most recent call last):
  File "D:\code\BugSeek\backend\app\dependencies.py", line 19, in get_db
    yield db
  File "C:\Users\81026\AppData\Local\Programs\Python\Python310\lib\site-packages\fastapi\concurrency.py", line 29, in contextmanager_in_threadpool
    yield await run_in_threadpool(cm.__enter__)
  File "C:\Users\81026\AppData\Local\Programs\Python\Python310\lib\site-packages\fastapi\routing.py", line 101, in app
    response = await f(request)
  File "C:\Users\81026\AppData\Local\Programs\Python\Python310\lib\site-packages\fastapi\routing.py", line 355, in app
    raw_response = await run_endpoint_function(
  File "C:\Users\81026\AppData\Local\Programs\Python\Python310\lib\site-packages\fastapi\routing.py", line 243, in run_endpoint_function
    return await dependant.call(**values)
  File "D:\code\BugSeek\backend\app\api\v1\endpoints.py", line 767, in search_endpoints
    endpoints = query.order_by(ApiEndpoint.id.desc()).all()
  File "C:\Users\81026\AppData\Local\Programs\Python\Python310\lib\site-packages\sqlalchemy\orm\query.py", line 2704, in all
    return self._iter().all()  # type: ignore
  File "C:\Users\81026\AppData\Local\Programs\Python\Python310\lib\site-packages\sqlalchemy\orm\query.py", line 2857, in _iter
    result: Union[ScalarResult[_T], Result[_T]] = self.session.execute(
  File "C:\Users\81026\AppData\Local\Programs\Python\Python310\lib\site-packages\sqlalchemy\orm\session.py", line 2351, in execute
    return self._execute_internal(
  File "C:\Users\81026\AppData\Local\Programs\Python\Python310\lib\site-packages\sqlalchemy\orm\session.py", line 2249, in _execute_internal
    result: Result[Any] = compile_state_cls.orm_execute_statement(
  File "C:\Users\81026\AppData\Local\Programs\Python\Python310\lib\site-packages\sqlalchemy\orm\context.py", line 306, in orm_execute_statement
    result = conn.execute(
  File "C:\Users\81026\AppData\Local\Programs\Python\Python310\lib\site-packages\sqlalchemy\engine\base.py", line 1419, in execute
    return meth(
  File "C:\Users\81026\AppData\Local\Programs\Python\Python310\lib\site-packages\sqlalchemy\sql\elements.py", line 527, in _execute_on_connection
    return connection._execute_clauseelement(
  File "C:\Users\81026\AppData\Local\Programs\Python\Python310\lib\site-packages\sqlalchemy\engine\base.py", line 1641, in _execute_clauseelement
    ret = self._execute_context(
  File "C:\Users\81026\AppData\Local\Programs\Python\Python310\lib\site-packages\sqlalchemy\engine\base.py", line 1846, in _execute_context
    return self._exec_single_context(
  File "C:\Users\81026\AppData\Local\Programs\Python\Python310\lib\site-packages\sqlalchemy\engine\base.py", line 1986, in _exec_single_context
    self._handle_dbapi_exception(
  File "C:\Users\81026\AppData\Local\Programs\Python\Python310\lib\site-packages\sqlalchemy\engine\base.py", line 2363, in _handle_dbapi_exception
    raise sqlalchemy_exception.with_traceback(exc_info[2]) from e
  File "C:\Users\81026\AppData\Local\Programs\Python\Python310\lib\site-packages\sqlalchemy\engine\base.py", line 1967, in _exec_single_context
    self.dialect.do_execute(
  File "C:\Users\81026\AppData\Local\Programs\Python\Python310\lib\site-packages\sqlalchemy\engine\default.py", line 952, in do_execute
    cursor.execute(statement, parameters)
sqlalchemy.exc.ProgrammingError: (psycopg2.errors.UndefinedFunction) operator does not exist: json ~~ text
LINE 3: ..._endpoints.version_id = 1 AND (api_endpoints.tags LIKE '%' |...
                                                             ^
HINT:  No operator matches the given name and argument types. You might need to add explicit type casts.

[SQL: SELECT api_endpoints.id AS api_endpoints_id, api_endpoints.project_id AS api_endpoints_project_id, api_endpoints.document_id AS api_endpoints_document_id, api_endpoints.path AS api_endpoints_path, api_endpoints.method AS api_endpoints_method, api_endpoints.summary AS api_endpoints_summary, api_endpoints.description AS api_endpoints_description, api_endpoints.request_schema AS api_endpoints_request_schema, api_endpoints.response_schema AS api_endpoints_response_schema, api_endpoints.tags AS api_endpoints_tags, api_endpoints.group_id AS api_endpoints_group_id, api_endpoints.created_at AS api_endpoints_created_at, api_endpoints.updated_at AS api_endpoints_updated_at 
FROM api_endpoints JOIN version_endpoints ON api_endpoints.id = version_endpoints.endpoint_id LEFT OUTER JOIN api_endpoint_groups ON api_endpoint_groups.id = api_endpoints.group_id 
WHERE api_endpoints.project_id = %(project_id_1)s AND version_endpoints.version_id = %(version_id_1)s AND (api_endpoints.tags LIKE '%%' || %(tags_1)s::JSON || '%%') ORDER BY api_endpoints.id DESC]
[parameters: {'project_id_1': 1, 'version_id_1': 1, 'tags_1': '["user"]'}]
(Background on this error at: https://sqlalche.me/e/20/f405)
2026-01-23 17:45:52 | ERROR | [71642c0891a249aca96f35098a472c58] | app.main | 未捕获的异常: (psycopg2.errors.UndefinedFunction) operator does not exist: json ~~ text
LINE 3: ..._endpoints.version_id = 1 AND (api_endpoints.tags LIKE '%' |...
                                                             ^
HINT:  No operator matches the given name and argument types. You might need to add explicit type casts.

[SQL: SELECT api_endpoints.id AS api_endpoints_id, api_endpoints.project_id AS api_endpoints_project_id, api_endpoints.document_id AS api_endpoints_document_id, api_endpoints.path AS api_endpoints_path, api_endpoints.method AS api_endpoints_method, api_endpoints.summary AS api_endpoints_summary, api_endpoints.description AS api_endpoints_description, api_endpoints.request_schema AS api_endpoints_request_schema, api_endpoints.response_schema AS api_endpoints_response_schema, api_endpoints.tags AS api_endpoints_tags, api_endpoints.group_id AS api_endpoints_group_id, api_endpoints.created_at AS api_endpoints_created_at, api_endpoints.updated_at AS api_endpoints_updated_at 
FROM api_endpoints JOIN version_endpoints ON api_endpoints.id = version_endpoints.endpoint_id LEFT OUTER JOIN api_endpoint_groups ON api_endpoint_groups.id = api_endpoints.group_id 
WHERE api_endpoints.project_id = %(project_id_1)s AND version_endpoints.version_id = %(version_id_1)s AND (api_endpoints.tags LIKE '%%' || %(tags_1)s::JSON || '%%') ORDER BY api_endpoints.id DESC]
[parameters: {'project_id_1': 1, 'version_id_1': 1, 'tags_1': '["user"]'}]
(Background on this error at: https://sqlalche.me/e/20/f405) | 路径: /api/v1/api-integration/endpoints/search | 方法: POST
Traceback (most recent call last):
  File "C:\Users\81026\AppData\Local\Programs\Python\Python310\lib\site-packages\sqlalchemy\engine\base.py", line 1967, in _exec_single_context
    self.dialect.do_execute(
  File "C:\Users\81026\AppData\Local\Programs\Python\Python310\lib\site-packages\sqlalchemy\engine\default.py", line 952, in do_execute
    cursor.execute(statement, parameters)
psycopg2.errors.UndefinedFunction: operator does not exist: json ~~ text
LINE 3: ..._endpoints.version_id = 1 AND (api_endpoints.tags LIKE '%' |...
                                                             ^
HINT:  No operator matches the given name and argument types. You might need to add explicit type casts.


The above exception was the direct cause of the following exception:

Traceback (most recent call last):
  File "C:\Users\81026\AppData\Local\Programs\Python\Python310\lib\site-packages\starlette\middleware\errors.py", line 164, in __call__
    await self.app(scope, receive, _send)
  File "C:\Users\81026\AppData\Local\Programs\Python\Python310\lib\site-packages\starlette\middleware\cors.py", line 93, in __call__
    await self.simple_response(scope, receive, send, request_headers=headers)
  File "C:\Users\81026\AppData\Local\Programs\Python\Python310\lib\site-packages\starlette\middleware\cors.py", line 144, in simple_response
    await self.app(scope, receive, send)
  File "C:\Users\81026\AppData\Local\Programs\Python\Python310\lib\site-packages\starlette\middleware\base.py", line 191, in __call__
    with recv_stream, send_stream, collapse_excgroups():
  File "C:\Users\81026\AppData\Local\Programs\Python\Python310\lib\contextlib.py", line 153, in __exit__
    self.gen.throw(typ, value, traceback)
  File "C:\Users\81026\AppData\Local\Programs\Python\Python310\lib\site-packages\starlette\_utils.py", line 85, in collapse_excgroups
    raise exc
  File "C:\Users\81026\AppData\Local\Programs\Python\Python310\lib\site-packages\starlette\middleware\base.py", line 193, in __call__
    response = await self.dispatch_func(request, call_next)
  File "D:\code\BugSeek\backend\app\main.py", line 29, in trace_id_middleware
    response = await call_next(request)
  File "C:\Users\81026\AppData\Local\Programs\Python\Python310\lib\site-packages\starlette\middleware\base.py", line 168, in call_next
    raise app_exc from app_exc.__cause__ or app_exc.__context__
  File "C:\Users\81026\AppData\Local\Programs\Python\Python310\lib\site-packages\starlette\middleware\base.py", line 144, in coro
    await self.app(scope, receive_or_disconnect, send_no_error)
  File "C:\Users\81026\AppData\Local\Programs\Python\Python310\lib\site-packages\starlette\middleware\exceptions.py", line 63, in __call__
    await wrap_app_handling_exceptions(self.app, conn)(scope, receive, send)
  File "C:\Users\81026\AppData\Local\Programs\Python\Python310\lib\site-packages\starlette\_exception_handler.py", line 53, in wrapped_app
    raise exc
  File "C:\Users\81026\AppData\Local\Programs\Python\Python310\lib\site-packages\starlette\_exception_handler.py", line 42, in wrapped_app
    await app(scope, receive, sender)
  File "C:\Users\81026\AppData\Local\Programs\Python\Python310\lib\site-packages\fastapi\middleware\asyncexitstack.py", line 18, in __call__
    await self.app(scope, receive, send)
  File "C:\Users\81026\AppData\Local\Programs\Python\Python310\lib\site-packages\starlette\routing.py", line 716, in __call__
    await self.middleware_stack(scope, receive, send)
  File "C:\Users\81026\AppData\Local\Programs\Python\Python310\lib\site-packages\starlette\routing.py", line 736, in app
    await route.handle(scope, receive, send)
  File "C:\Users\81026\AppData\Local\Programs\Python\Python310\lib\site-packages\starlette\routing.py", line 290, in handle
    await self.app(scope, receive, send)
  File "C:\Users\81026\AppData\Local\Programs\Python\Python310\lib\site-packages\fastapi\routing.py", line 115, in app
    await wrap_app_handling_exceptions(app, request)(scope, receive, send)
  File "C:\Users\81026\AppData\Local\Programs\Python\Python310\lib\site-packages\starlette\_exception_handler.py", line 53, in wrapped_app
    raise exc
  File "C:\Users\81026\AppData\Local\Programs\Python\Python310\lib\site-packages\starlette\_exception_handler.py", line 42, in wrapped_app
    await app(scope, receive, sender)
  File "C:\Users\81026\AppData\Local\Programs\Python\Python310\lib\site-packages\fastapi\routing.py", line 101, in app
    response = await f(request)
  File "C:\Users\81026\AppData\Local\Programs\Python\Python310\lib\site-packages\fastapi\routing.py", line 355, in app
    raw_response = await run_endpoint_function(
  File "C:\Users\81026\AppData\Local\Programs\Python\Python310\lib\site-packages\fastapi\routing.py", line 243, in run_endpoint_function
    return await dependant.call(**values)
  File "D:\code\BugSeek\backend\app\api\v1\endpoints.py", line 767, in search_endpoints
    endpoints = query.order_by(ApiEndpoint.id.desc()).all()
  File "C:\Users\81026\AppData\Local\Programs\Python\Python310\lib\site-packages\sqlalchemy\orm\query.py", line 2704, in all
    return self._iter().all()  # type: ignore
  File "C:\Users\81026\AppData\Local\Programs\Python\Python310\lib\site-packages\sqlalchemy\orm\query.py", line 2857, in _iter
    result: Union[ScalarResult[_T], Result[_T]] = self.session.execute(
  File "C:\Users\81026\AppData\Local\Programs\Python\Python310\lib\site-packages\sqlalchemy\orm\session.py", line 2351, in execute
    return self._execute_internal(
  File "C:\Users\81026\AppData\Local\Programs\Python\Python310\lib\site-packages\sqlalchemy\orm\session.py", line 2249, in _execute_internal
    result: Result[Any] = compile_state_cls.orm_execute_statement(
  File "C:\Users\81026\AppData\Local\Programs\Python\Python310\lib\site-packages\sqlalchemy\orm\context.py", line 306, in orm_execute_statement
    result = conn.execute(
  File "C:\Users\81026\AppData\Local\Programs\Python\Python310\lib\site-packages\sqlalchemy\engine\base.py", line 1419, in execute
    return meth(
  File "C:\Users\81026\AppData\Local\Programs\Python\Python310\lib\site-packages\sqlalchemy\sql\elements.py", line 527, in _execute_on_connection
    return connection._execute_clauseelement(
  File "C:\Users\81026\AppData\Local\Programs\Python\Python310\lib\site-packages\sqlalchemy\engine\base.py", line 1641, in _execute_clauseelement
    ret = self._execute_context(
  File "C:\Users\81026\AppData\Local\Programs\Python\Python310\lib\site-packages\sqlalchemy\engine\base.py", line 1846, in _execute_context
    return self._exec_single_context(
  File "C:\Users\81026\AppData\Local\Programs\Python\Python310\lib\site-packages\sqlalchemy\engine\base.py", line 1986, in _exec_single_context
    self._handle_dbapi_exception(
  File "C:\Users\81026\AppData\Local\Programs\Python\Python310\lib\site-packages\sqlalchemy\engine\base.py", line 2363, in _handle_dbapi_exception
    raise sqlalchemy_exception.with_traceback(exc_info[2]) from e
  File "C:\Users\81026\AppData\Local\Programs\Python\Python310\lib\site-packages\sqlalchemy\engine\base.py", line 1967, in _exec_single_context
    self.dialect.do_execute(
  File "C:\Users\81026\AppData\Local\Programs\Python\Python310\lib\site-packages\sqlalchemy\engine\default.py", line 952, in do_execute
    cursor.execute(statement, parameters)
sqlalchemy.exc.ProgrammingError: (psycopg2.errors.UndefinedFunction) operator does not exist: json ~~ text
LINE 3: ..._endpoints.version_id = 1 AND (api_endpoints.tags LIKE '%' |...
                                                             ^
HINT:  No operator matches the given name and argument types. You might need to add explicit type casts.

[SQL: SELECT api_endpoints.id AS api_endpoints_id, api_endpoints.project_id AS api_endpoints_project_id, api_endpoints.document_id AS api_endpoints_document_id, api_endpoints.path AS api_endpoints_path, api_endpoints.method AS api_endpoints_method, api_endpoints.summary AS api_endpoints_summary, api_endpoints.description AS api_endpoints_description, api_endpoints.request_schema AS api_endpoints_request_schema, api_endpoints.response_schema AS api_endpoints_response_schema, api_endpoints.tags AS api_endpoints_tags, api_endpoints.group_id AS api_endpoints_group_id, api_endpoints.created_at AS api_endpoints_created_at, api_endpoints.updated_at AS api_endpoints_updated_at 
FROM api_endpoints JOIN version_endpoints ON api_endpoints.id = version_endpoints.endpoint_id LEFT OUTER JOIN api_endpoint_groups ON api_endpoint_groups.id = api_endpoints.group_id 
WHERE api_endpoints.project_id = %(project_id_1)s AND version_endpoints.version_id = %(version_id_1)s AND (api_endpoints.tags LIKE '%%' || %(tags_1)s::JSON || '%%') ORDER BY api_endpoints.id DESC]
[parameters: {'project_id_1': 1, 'version_id_1': 1, 'tags_1': '["user"]'}]
(Background on this error at: https://sqlalche.me/e/20/f405)
2026-01-23 17:46:18 | INFO | [9303b1513c6a45838603ff60b85aa272] | app.api.v1.api_integration | 获取文档列表: skip=0, limit=100, user=admin, project_id=1, version_id=1
2026-01-23 17:46:18 | INFO | [9303b1513c6a45838603ff60b85aa272] | app.api.v1.api_integration | 查询到 1 个文档，total=1
2026-01-23 17:46:18 | INFO | [5990764d2b8349a6afcf7920f9bddc14] | app.api.v1.api_integration | 获取文档列表: skip=0, limit=100, user=admin, project_id=1, version_id=1
2026-01-23 17:46:18 | INFO | [5990764d2b8349a6afcf7920f9bddc14] | app.api.v1.api_integration | 查询到 1 个文档，total=1
2026-01-23 17:46:31 | INFO | [3d4e815a75c04ba88453cc62f3874eb9] | app.api.v1.endpoints | [3d4e815a75c04ba88453cc62f3874eb9] 查询接口列表: skip=0, limit=10, user=admin, project_id=1, version_id=1
2026-01-23 17:46:31 | INFO | [3d4e815a75c04ba88453cc62f3874eb9] | app.api.v1.endpoints | [3d4e815a75c04ba88453cc62f3874eb9] 查询到 10 个接口，total=644
2026-01-23 17:46:31 | ERROR | [da0e0cc1f2384dd095d7da5096331327] | app.dependencies | 数据库会话异常: 1 validation error:
  {'type': 'int_parsing', 'loc': ('path', 'endpoint_id'), 'msg': 'Input should be a valid integer, unable to parse string as an integer', 'input': 'groups'}

  File "D:\code\BugSeek\backend\app\api\v1\endpoints.py", line 237, in get_endpoint
    GET /api/v1/api-integration/endpoints/{endpoint_id}
Traceback (most recent call last):
  File "D:\code\BugSeek\backend\app\dependencies.py", line 19, in get_db
    yield db
  File "C:\Users\81026\AppData\Local\Programs\Python\Python310\lib\site-packages\fastapi\concurrency.py", line 29, in contextmanager_in_threadpool
    yield await run_in_threadpool(cm.__enter__)
  File "C:\Users\81026\AppData\Local\Programs\Python\Python310\lib\site-packages\fastapi\routing.py", line 101, in app
    response = await f(request)
  File "C:\Users\81026\AppData\Local\Programs\Python\Python310\lib\site-packages\fastapi\routing.py", line 397, in app
    raise validation_error
fastapi.exceptions.RequestValidationError: 1 validation error:
  {'type': 'int_parsing', 'loc': ('path', 'endpoint_id'), 'msg': 'Input should be a valid integer, unable to parse string as an integer', 'input': 'groups'}

  File "D:\code\BugSeek\backend\app\api\v1\endpoints.py", line 237, in get_endpoint
    GET /api/v1/api-integration/endpoints/{endpoint_id}
2026-01-23 17:46:31 | INFO | [6260e46602ec400390ab4a383683898e] | app.api.v1.endpoints | [6260e46602ec400390ab4a383683898e] 查询接口列表: skip=0, limit=10, user=admin, project_id=1, version_id=1
2026-01-23 17:46:31 | INFO | [6260e46602ec400390ab4a383683898e] | app.api.v1.endpoints | [6260e46602ec400390ab4a383683898e] 查询到 10 个接口，total=644
2026-01-23 17:46:31 | ERROR | [ff05d4a6accf40738b1c28e7bf033fcf] | app.dependencies | 数据库会话异常: 1 validation error:
  {'type': 'int_parsing', 'loc': ('path', 'endpoint_id'), 'msg': 'Input should be a valid integer, unable to parse string as an integer', 'input': 'groups'}

  File "D:\code\BugSeek\backend\app\api\v1\endpoints.py", line 237, in get_endpoint
    GET /api/v1/api-integration/endpoints/{endpoint_id}
Traceback (most recent call last):
  File "D:\code\BugSeek\backend\app\dependencies.py", line 19, in get_db
    yield db
  File "C:\Users\81026\AppData\Local\Programs\Python\Python310\lib\site-packages\fastapi\concurrency.py", line 29, in contextmanager_in_threadpool
    yield await run_in_threadpool(cm.__enter__)
  File "C:\Users\81026\AppData\Local\Programs\Python\Python310\lib\site-packages\fastapi\routing.py", line 101, in app
    response = await f(request)
  File "C:\Users\81026\AppData\Local\Programs\Python\Python310\lib\site-packages\fastapi\routing.py", line 397, in app
    raise validation_error
fastapi.exceptions.RequestValidationError: 1 validation error:
  {'type': 'int_parsing', 'loc': ('path', 'endpoint_id'), 'msg': 'Input should be a valid integer, unable to parse string as an integer', 'input': 'groups'}

  File "D:\code\BugSeek\backend\app\api\v1\endpoints.py", line 237, in get_endpoint
    GET /api/v1/api-integration/endpoints/{endpoint_id}
2026-01-23 17:46:45 | INFO | [169880f371e2498b862fb83e9fe1fd3c] | app.api.v1.context | [169880f371e2498b862fb83e9fe1fd3c] 切换用户上下文: user=admin, project_id=2, version_id=None
2026-01-23 17:46:45 | INFO | [169880f371e2498b862fb83e9fe1fd3c] | app.context | [169880f371e2498b862fb83e9fe1fd3c] 用户 admin 更新上下文: project_id=2, version_id=1
2026-01-23 17:46:45 | INFO | [151068cf525947c6a81889f8bf5ca490] | app.api.v1.versions | [151068cf525947c6a81889f8bf5ca490] 用户 admin 获取版本列表: project_id=2, page=1, page_size=100
2026-01-23 17:46:45 | INFO | [151068cf525947c6a81889f8bf5ca490] | app.api.v1.versions | [151068cf525947c6a81889f8bf5ca490] 用户 admin 查看版本列表 项目 TEST (id=2) 的版本
2026-01-23 17:46:45 | INFO | [151068cf525947c6a81889f8bf5ca490] | app.api.v1.versions | [151068cf525947c6a81889f8bf5ca490] 获取版本列表成功: total=1
2026-01-23 17:46:45 | INFO | [605ba9cbf26f407b9e5e992445dfd744] | app.api.v1.endpoints | [605ba9cbf26f407b9e5e992445dfd744] 查询接口列表: skip=0, limit=10, user=admin, project_id=2, version_id=1
2026-01-23 17:46:45 | INFO | [605ba9cbf26f407b9e5e992445dfd744] | app.api.v1.endpoints | [605ba9cbf26f407b9e5e992445dfd744] 查询到 0 个接口，total=0
2026-01-23 17:46:45 | ERROR | [dc0ce8a480ce4d9aadb6addb213d3982] | app.dependencies | 数据库会话异常: 1 validation error:
  {'type': 'int_parsing', 'loc': ('path', 'endpoint_id'), 'msg': 'Input should be a valid integer, unable to parse string as an integer', 'input': 'groups'}

  File "D:\code\BugSeek\backend\app\api\v1\endpoints.py", line 237, in get_endpoint
    GET /api/v1/api-integration/endpoints/{endpoint_id}
Traceback (most recent call last):
  File "D:\code\BugSeek\backend\app\dependencies.py", line 19, in get_db
    yield db
  File "C:\Users\81026\AppData\Local\Programs\Python\Python310\lib\site-packages\fastapi\concurrency.py", line 29, in contextmanager_in_threadpool
    yield await run_in_threadpool(cm.__enter__)
  File "C:\Users\81026\AppData\Local\Programs\Python\Python310\lib\site-packages\fastapi\routing.py", line 101, in app
    response = await f(request)
  File "C:\Users\81026\AppData\Local\Programs\Python\Python310\lib\site-packages\fastapi\routing.py", line 397, in app
    raise validation_error
fastapi.exceptions.RequestValidationError: 1 validation error:
  {'type': 'int_parsing', 'loc': ('path', 'endpoint_id'), 'msg': 'Input should be a valid integer, unable to parse string as an integer', 'input': 'groups'}

  File "D:\code\BugSeek\backend\app\api\v1\endpoints.py", line 237, in get_endpoint
    GET /api/v1/api-integration/endpoints/{endpoint_id}
2026-01-23 17:46:45 | INFO | [aa7431c00d9c4debabbaf8ea5d29e6ef] | app.api.v1.endpoints | [aa7431c00d9c4debabbaf8ea5d29e6ef] 查询接口列表: skip=0, limit=10, user=admin, project_id=2, version_id=1
2026-01-23 17:46:45 | INFO | [aa7431c00d9c4debabbaf8ea5d29e6ef] | app.api.v1.endpoints | [aa7431c00d9c4debabbaf8ea5d29e6ef] 查询到 0 个接口，total=0
2026-01-23 17:46:46 | ERROR | [8759f97f84d74694b2c14246ede3f005] | app.dependencies | 数据库会话异常: 1 validation error:
  {'type': 'int_parsing', 'loc': ('path', 'endpoint_id'), 'msg': 'Input should be a valid integer, unable to parse string as an integer', 'input': 'groups'}

  File "D:\code\BugSeek\backend\app\api\v1\endpoints.py", line 237, in get_endpoint
    GET /api/v1/api-integration/endpoints/{endpoint_id}
Traceback (most recent call last):
  File "D:\code\BugSeek\backend\app\dependencies.py", line 19, in get_db
    yield db
  File "C:\Users\81026\AppData\Local\Programs\Python\Python310\lib\site-packages\fastapi\concurrency.py", line 29, in contextmanager_in_threadpool
    yield await run_in_threadpool(cm.__enter__)
  File "C:\Users\81026\AppData\Local\Programs\Python\Python310\lib\site-packages\fastapi\routing.py", line 101, in app
    response = await f(request)
  File "C:\Users\81026\AppData\Local\Programs\Python\Python310\lib\site-packages\fastapi\routing.py", line 397, in app
    raise validation_error
fastapi.exceptions.RequestValidationError: 1 validation error:
  {'type': 'int_parsing', 'loc': ('path', 'endpoint_id'), 'msg': 'Input should be a valid integer, unable to parse string as an integer', 'input': 'groups'}

  File "D:\code\BugSeek\backend\app\api\v1\endpoints.py", line 237, in get_endpoint
    GET /api/v1/api-integration/endpoints/{endpoint_id}
2026-01-23 17:46:46 | INFO | [3468c918f3a546a68b4c5c2b6c911003] | app.api.v1.projects | [3468c918f3a546a68b4c5c2b6c911003] 用户 admin 获取项目列表: page=1, page_size=100
2026-01-23 17:46:46 | INFO | [3468c918f3a546a68b4c5c2b6c911003] | app.api.v1.projects | [3468c918f3a546a68b4c5c2b6c911003] 获取项目列表成功: total=2
2026-01-23 17:46:46 | INFO | [f00b829b06af493e94ff5f1057921e1c] | app.api.v1.versions | [f00b829b06af493e94ff5f1057921e1c] 用户 admin 获取版本列表: project_id=2, page=1, page_size=100
2026-01-23 17:46:46 | INFO | [f00b829b06af493e94ff5f1057921e1c] | app.api.v1.versions | [f00b829b06af493e94ff5f1057921e1c] 用户 admin 查看版本列表 项目 TEST (id=2) 的版本
2026-01-23 17:46:46 | INFO | [f00b829b06af493e94ff5f1057921e1c] | app.api.v1.versions | [f00b829b06af493e94ff5f1057921e1c] 获取版本列表成功: total=1
2026-01-23 17:46:46 | INFO | [39d6af7ca16242a9a4c5d49b59ac34c6] | app.api.v1.projects | [39d6af7ca16242a9a4c5d49b59ac34c6] 用户 admin 获取项目列表: page=1, page_size=100
2026-01-23 17:46:46 | INFO | [39d6af7ca16242a9a4c5d49b59ac34c6] | app.api.v1.projects | [39d6af7ca16242a9a4c5d49b59ac34c6] 获取项目列表成功: total=2
2026-01-23 17:46:46 | INFO | [8d884b42cd3942cf8cab9f9159257441] | app.api.v1.versions | [8d884b42cd3942cf8cab9f9159257441] 用户 admin 获取版本列表: project_id=2, page=1, page_size=100
2026-01-23 17:46:46 | INFO | [8d884b42cd3942cf8cab9f9159257441] | app.api.v1.versions | [8d884b42cd3942cf8cab9f9159257441] 用户 admin 查看版本列表 项目 TEST (id=2) 的版本
2026-01-23 17:46:46 | INFO | [8d884b42cd3942cf8cab9f9159257441] | app.api.v1.versions | [8d884b42cd3942cf8cab9f9159257441] 获取版本列表成功: total=1
2026-01-23 17:46:46 | INFO | [e359efae748841ee9e794563385ed11b] | app.api.v1.projects | [e359efae748841ee9e794563385ed11b] 用户 admin 获取项目列表: page=1, page_size=100
2026-01-23 17:46:46 | INFO | [e359efae748841ee9e794563385ed11b] | app.api.v1.projects | [e359efae748841ee9e794563385ed11b] 获取项目列表成功: total=2
2026-01-23 17:46:46 | INFO | [bb9b2acfc37f4397801aee6a6feee008] | app.api.v1.projects | [bb9b2acfc37f4397801aee6a6feee008] 用户 admin 获取项目列表: page=1, page_size=100
2026-01-23 17:46:46 | INFO | [bb9b2acfc37f4397801aee6a6feee008] | app.api.v1.projects | [bb9b2acfc37f4397801aee6a6feee008] 获取项目列表成功: total=2
2026-01-23 17:46:48 | INFO | [b97df7a749b046e7874b655bd269b4fb] | app.api.v1.context | [b97df7a749b046e7874b655bd269b4fb] 切换用户上下文: user=admin, project_id=2, version_id=4
2026-01-23 17:46:48 | INFO | [b97df7a749b046e7874b655bd269b4fb] | app.context | [b97df7a749b046e7874b655bd269b4fb] 用户 admin 更新上下文: project_id=2, version_id=4
2026-01-23 17:46:48 | INFO | [4a6a8ef201a24c61a535b1ce8a72990d] | app.api.v1.endpoints | [4a6a8ef201a24c61a535b1ce8a72990d] 查询接口列表: skip=0, limit=10, user=admin, project_id=2, version_id=4
2026-01-23 17:46:48 | INFO | [4a6a8ef201a24c61a535b1ce8a72990d] | app.api.v1.endpoints | [4a6a8ef201a24c61a535b1ce8a72990d] 查询到 10 个接口，total=644
2026-01-23 17:46:48 | ERROR | [eabed88f6bb3481fbdd1aac3b62f67d4] | app.dependencies | 数据库会话异常: 1 validation error:
  {'type': 'int_parsing', 'loc': ('path', 'endpoint_id'), 'msg': 'Input should be a valid integer, unable to parse string as an integer', 'input': 'groups'}

  File "D:\code\BugSeek\backend\app\api\v1\endpoints.py", line 237, in get_endpoint
    GET /api/v1/api-integration/endpoints/{endpoint_id}
Traceback (most recent call last):
  File "D:\code\BugSeek\backend\app\dependencies.py", line 19, in get_db
    yield db
  File "C:\Users\81026\AppData\Local\Programs\Python\Python310\lib\site-packages\fastapi\concurrency.py", line 29, in contextmanager_in_threadpool
    yield await run_in_threadpool(cm.__enter__)
  File "C:\Users\81026\AppData\Local\Programs\Python\Python310\lib\site-packages\fastapi\routing.py", line 101, in app
    response = await f(request)
  File "C:\Users\81026\AppData\Local\Programs\Python\Python310\lib\site-packages\fastapi\routing.py", line 397, in app
    raise validation_error
fastapi.exceptions.RequestValidationError: 1 validation error:
  {'type': 'int_parsing', 'loc': ('path', 'endpoint_id'), 'msg': 'Input should be a valid integer, unable to parse string as an integer', 'input': 'groups'}

  File "D:\code\BugSeek\backend\app\api\v1\endpoints.py", line 237, in get_endpoint
    GET /api/v1/api-integration/endpoints/{endpoint_id}
2026-01-23 17:46:48 | INFO | [1542e9bfe27d42c2a09893dc59a5cb6e] | app.api.v1.endpoints | [1542e9bfe27d42c2a09893dc59a5cb6e] 查询接口列表: skip=0, limit=10, user=admin, project_id=2, version_id=4
2026-01-23 17:46:48 | INFO | [1542e9bfe27d42c2a09893dc59a5cb6e] | app.api.v1.endpoints | [1542e9bfe27d42c2a09893dc59a5cb6e] 查询到 10 个接口，total=644
2026-01-23 17:46:48 | ERROR | [df640c8850ef4f9c86c03c32abd22820] | app.dependencies | 数据库会话异常: 1 validation error:
  {'type': 'int_parsing', 'loc': ('path', 'endpoint_id'), 'msg': 'Input should be a valid integer, unable to parse string as an integer', 'input': 'groups'}

  File "D:\code\BugSeek\backend\app\api\v1\endpoints.py", line 237, in get_endpoint
    GET /api/v1/api-integration/endpoints/{endpoint_id}
Traceback (most recent call last):
  File "D:\code\BugSeek\backend\app\dependencies.py", line 19, in get_db
    yield db
  File "C:\Users\81026\AppData\Local\Programs\Python\Python310\lib\site-packages\fastapi\concurrency.py", line 29, in contextmanager_in_threadpool
    yield await run_in_threadpool(cm.__enter__)
  File "C:\Users\81026\AppData\Local\Programs\Python\Python310\lib\site-packages\fastapi\routing.py", line 101, in app
    response = await f(request)
  File "C:\Users\81026\AppData\Local\Programs\Python\Python310\lib\site-packages\fastapi\routing.py", line 397, in app
    raise validation_error
fastapi.exceptions.RequestValidationError: 1 validation error:
  {'type': 'int_parsing', 'loc': ('path', 'endpoint_id'), 'msg': 'Input should be a valid integer, unable to parse string as an integer', 'input': 'groups'}

  File "D:\code\BugSeek\backend\app\api\v1\endpoints.py", line 237, in get_endpoint
    GET /api/v1/api-integration/endpoints/{endpoint_id}
2026-01-23 17:46:48 | INFO | [8a39efa3a31c485c9cf63db276c90287] | app.api.v1.projects | [8a39efa3a31c485c9cf63db276c90287] 用户 admin 获取项目列表: page=1, page_size=100
2026-01-23 17:46:48 | INFO | [8a39efa3a31c485c9cf63db276c90287] | app.api.v1.projects | [8a39efa3a31c485c9cf63db276c90287] 获取项目列表成功: total=2
2026-01-23 17:46:48 | INFO | [2a597f87e77a4178ac10de58a85f4ff8] | app.api.v1.versions | [2a597f87e77a4178ac10de58a85f4ff8] 用户 admin 获取版本列表: project_id=2, page=1, page_size=100
2026-01-23 17:46:48 | INFO | [2a597f87e77a4178ac10de58a85f4ff8] | app.api.v1.versions | [2a597f87e77a4178ac10de58a85f4ff8] 用户 admin 查看版本列表 项目 TEST (id=2) 的版本
2026-01-23 17:46:48 | INFO | [2a597f87e77a4178ac10de58a85f4ff8] | app.api.v1.versions | [2a597f87e77a4178ac10de58a85f4ff8] 获取版本列表成功: total=1
2026-01-23 17:46:48 | INFO | [a2ce60eaa0c34001b8a5761b321550e0] | app.api.v1.projects | [a2ce60eaa0c34001b8a5761b321550e0] 用户 admin 获取项目列表: page=1, page_size=100
2026-01-23 17:46:48 | INFO | [a2ce60eaa0c34001b8a5761b321550e0] | app.api.v1.projects | [a2ce60eaa0c34001b8a5761b321550e0] 获取项目列表成功: total=2
2026-01-23 17:46:48 | INFO | [3f2e98e8078640d584a4cc6d94314278] | app.api.v1.versions | [3f2e98e8078640d584a4cc6d94314278] 用户 admin 获取版本列表: project_id=2, page=1, page_size=100
2026-01-23 17:46:48 | INFO | [3f2e98e8078640d584a4cc6d94314278] | app.api.v1.versions | [3f2e98e8078640d584a4cc6d94314278] 用户 admin 查看版本列表 项目 TEST (id=2) 的版本
2026-01-23 17:46:48 | INFO | [3f2e98e8078640d584a4cc6d94314278] | app.api.v1.versions | [3f2e98e8078640d584a4cc6d94314278] 获取版本列表成功: total=1
2026-01-23 17:46:48 | INFO | [eec4fa4f37944e3da76e17790d6bf779] | app.api.v1.projects | [eec4fa4f37944e3da76e17790d6bf779] 用户 admin 获取项目列表: page=1, page_size=100
2026-01-23 17:46:48 | INFO | [eec4fa4f37944e3da76e17790d6bf779] | app.api.v1.projects | [eec4fa4f37944e3da76e17790d6bf779] 获取项目列表成功: total=2
2026-01-23 17:46:48 | INFO | [936ec30f5b5c4ad997b4b1d20a40835a] | app.api.v1.projects | [936ec30f5b5c4ad997b4b1d20a40835a] 用户 admin 获取项目列表: page=1, page_size=100
2026-01-23 17:46:48 | INFO | [936ec30f5b5c4ad997b4b1d20a40835a] | app.api.v1.projects | [936ec30f5b5c4ad997b4b1d20a40835a] 获取项目列表成功: total=2
2026-01-23 17:46:54 | INFO | [17a2754f8262415e89920a2555f1f2c7] | app.api.v1.endpoints | [17a2754f8262415e89920a2555f1f2c7] 删除接口: id=3220, force=False, user=admin
2026-01-23 17:46:54 | WARNING | [17a2754f8262415e89920a2555f1f2c7] | app.api.v1.endpoints | [17a2754f8262415e89920a2555f1f2c7] 接口存在关联，无法删除: dependencies=[{'type': 'version', 'count': 1, 'message': '该接口被 1 个版本引用'}]
2026-01-23 17:46:54 | ERROR | [17a2754f8262415e89920a2555f1f2c7] | app.dependencies | 数据库会话异常: 400: {'code': 'DEPENDENCY_EXISTS', 'message': '该接口存在关联内容，无法删除', 'dependencies': [{'type': 'version', 'count': 1, 'message': '该接口被 1 个版本引用'}], 'hint': '如需强制删除，请设置 force=true 参数'}
Traceback (most recent call last):
  File "D:\code\BugSeek\backend\app\dependencies.py", line 19, in get_db
    yield db
  File "C:\Users\81026\AppData\Local\Programs\Python\Python310\lib\site-packages\fastapi\concurrency.py", line 29, in contextmanager_in_threadpool
    yield await run_in_threadpool(cm.__enter__)
  File "C:\Users\81026\AppData\Local\Programs\Python\Python310\lib\site-packages\fastapi\routing.py", line 101, in app
    response = await f(request)
  File "C:\Users\81026\AppData\Local\Programs\Python\Python310\lib\site-packages\fastapi\routing.py", line 355, in app
    raw_response = await run_endpoint_function(
  File "C:\Users\81026\AppData\Local\Programs\Python\Python310\lib\site-packages\fastapi\routing.py", line 243, in run_endpoint_function
    return await dependant.call(**values)
  File "D:\code\BugSeek\backend\app\api\v1\endpoints.py", line 871, in delete_endpoint
    raise HTTPException(
fastapi.exceptions.HTTPException: 400: {'code': 'DEPENDENCY_EXISTS', 'message': '该接口存在关联内容，无法删除', 'dependencies': [{'type': 'version', 'count': 1, 'message': '该接口被 1 个版本引用'}], 'hint': '如需强制删除，请设置 force=true 参数'}
2026-01-23 17:48:57 | INFO | [5e614b76a9d140e1ac698661b5aec441] | app.api.v1.projects | [5e614b76a9d140e1ac698661b5aec441] 用户 admin 获取项目列表: page=1, page_size=10
2026-01-23 17:48:57 | INFO | [5e614b76a9d140e1ac698661b5aec441] | app.api.v1.projects | [5e614b76a9d140e1ac698661b5aec441] 获取项目列表成功: total=2
2026-01-23 17:48:57 | INFO | [021b1980fef1416782b57c688b9bff1c] | app.api.v1.projects | [021b1980fef1416782b57c688b9bff1c] 用户 admin 获取项目列表: page=1, page_size=10
2026-01-23 17:48:57 | INFO | [021b1980fef1416782b57c688b9bff1c] | app.api.v1.projects | [021b1980fef1416782b57c688b9bff1c] 获取项目列表成功: total=2
2026-01-23 17:48:59 | INFO | [c8b6189f8e084d2db5ff5b541ab20c93] | app.api.v1.projects | [c8b6189f8e084d2db5ff5b541ab20c93] 用户 admin 获取项目详情: project_id=2
2026-01-23 17:48:59 | INFO | [c8b6189f8e084d2db5ff5b541ab20c93] | app.api.v1.projects | [c8b6189f8e084d2db5ff5b541ab20c93] 用户 admin 查看 项目 TEST (id=2)
2026-01-23 17:48:59 | INFO | [c8b6189f8e084d2db5ff5b541ab20c93] | app.api.v1.projects | [c8b6189f8e084d2db5ff5b541ab20c93] 获取项目详情成功: project_id=2
2026-01-23 17:48:59 | INFO | [e4b2afd510fe47cfbe6e2fe886d200db] | app.api.v1.projects | [e4b2afd510fe47cfbe6e2fe886d200db] 用户 admin 获取项目详情: project_id=2
2026-01-23 17:48:59 | INFO | [e4b2afd510fe47cfbe6e2fe886d200db] | app.api.v1.projects | [e4b2afd510fe47cfbe6e2fe886d200db] 用户 admin 查看 项目 TEST (id=2)
2026-01-23 17:48:59 | INFO | [e4b2afd510fe47cfbe6e2fe886d200db] | app.api.v1.projects | [e4b2afd510fe47cfbe6e2fe886d200db] 获取项目详情成功: project_id=2
2026-01-23 17:48:59 | INFO | [12516dfb37c54a128bbd32ab4e764729] | app.api.v1.versions | [12516dfb37c54a128bbd32ab4e764729] 用户 admin 获取版本列表: project_id=2, page=1, page_size=10
2026-01-23 17:48:59 | INFO | [12516dfb37c54a128bbd32ab4e764729] | app.api.v1.versions | [12516dfb37c54a128bbd32ab4e764729] 用户 admin 查看版本列表 项目 TEST (id=2) 的版本
2026-01-23 17:48:59 | INFO | [12516dfb37c54a128bbd32ab4e764729] | app.api.v1.versions | [12516dfb37c54a128bbd32ab4e764729] 获取版本列表成功: total=1
2026-01-23 17:48:59 | INFO | [e7ffd9433abe4381beb1d41040263ef6] | app.api.v1.versions | [e7ffd9433abe4381beb1d41040263ef6] 用户 admin 获取版本列表: project_id=2, page=1, page_size=10
2026-01-23 17:48:59 | INFO | [e7ffd9433abe4381beb1d41040263ef6] | app.api.v1.versions | [e7ffd9433abe4381beb1d41040263ef6] 用户 admin 查看版本列表 项目 TEST (id=2) 的版本
2026-01-23 17:48:59 | INFO | [e7ffd9433abe4381beb1d41040263ef6] | app.api.v1.versions | [e7ffd9433abe4381beb1d41040263ef6] 获取版本列表成功: total=1
2026-01-23 17:49:00 | INFO | [f6fbbc6bc7564ca3a944be8623f60557] | app.api.v1.projects | [f6fbbc6bc7564ca3a944be8623f60557] 用户 admin 获取项目列表: page=1, page_size=10
2026-01-23 17:49:00 | INFO | [f6fbbc6bc7564ca3a944be8623f60557] | app.api.v1.projects | [f6fbbc6bc7564ca3a944be8623f60557] 获取项目列表成功: total=2
2026-01-23 17:49:00 | INFO | [a9a2528a6ea14bdd9f009a27987088b2] | app.api.v1.projects | [a9a2528a6ea14bdd9f009a27987088b2] 用户 admin 获取项目列表: page=1, page_size=10
2026-01-23 17:49:00 | INFO | [a9a2528a6ea14bdd9f009a27987088b2] | app.api.v1.projects | [a9a2528a6ea14bdd9f009a27987088b2] 获取项目列表成功: total=2
2026-01-23 17:49:02 | INFO | [bed6abd802de4ef4a8b320e165fe5be2] | app.api.v1.api_integration | 获取文档列表: skip=0, limit=100, user=admin, project_id=2, version_id=4
2026-01-23 17:49:02 | INFO | [bed6abd802de4ef4a8b320e165fe5be2] | app.api.v1.api_integration | 查询到 1 个文档，total=1
2026-01-23 17:49:02 | INFO | [172795348e5549e386b6f2284398beeb] | app.api.v1.api_integration | 获取文档列表: skip=0, limit=100, user=admin, project_id=2, version_id=4
2026-01-23 17:49:02 | INFO | [172795348e5549e386b6f2284398beeb] | app.api.v1.api_integration | 查询到 1 个文档，total=1
2026-01-23 17:49:05 | INFO | [d13d373f518a4646a2fe8b31d3243bcd] | app.api.v1.endpoints | [d13d373f518a4646a2fe8b31d3243bcd] 查询接口列表: skip=0, limit=10, user=admin, project_id=2, version_id=4
2026-01-23 17:49:05 | INFO | [d13d373f518a4646a2fe8b31d3243bcd] | app.api.v1.endpoints | [d13d373f518a4646a2fe8b31d3243bcd] 查询到 10 个接口，total=644
2026-01-23 17:49:05 | ERROR | [3dc38f80214e49bb87400ed98883694c] | app.dependencies | 数据库会话异常: 1 validation error:
  {'type': 'int_parsing', 'loc': ('path', 'endpoint_id'), 'msg': 'Input should be a valid integer, unable to parse string as an integer', 'input': 'groups'}

  File "D:\code\BugSeek\backend\app\api\v1\endpoints.py", line 237, in get_endpoint
    GET /api/v1/api-integration/endpoints/{endpoint_id}
Traceback (most recent call last):
  File "D:\code\BugSeek\backend\app\dependencies.py", line 19, in get_db
    yield db
  File "C:\Users\81026\AppData\Local\Programs\Python\Python310\lib\site-packages\fastapi\concurrency.py", line 29, in contextmanager_in_threadpool
    yield await run_in_threadpool(cm.__enter__)
  File "C:\Users\81026\AppData\Local\Programs\Python\Python310\lib\site-packages\fastapi\routing.py", line 101, in app
    response = await f(request)
  File "C:\Users\81026\AppData\Local\Programs\Python\Python310\lib\site-packages\fastapi\routing.py", line 397, in app
    raise validation_error
fastapi.exceptions.RequestValidationError: 1 validation error:
  {'type': 'int_parsing', 'loc': ('path', 'endpoint_id'), 'msg': 'Input should be a valid integer, unable to parse string as an integer', 'input': 'groups'}

  File "D:\code\BugSeek\backend\app\api\v1\endpoints.py", line 237, in get_endpoint
    GET /api/v1/api-integration/endpoints/{endpoint_id}
2026-01-23 17:49:05 | INFO | [12241925ff424b789ab4d221058931e5] | app.api.v1.endpoints | [12241925ff424b789ab4d221058931e5] 查询接口列表: skip=0, limit=10, user=admin, project_id=2, version_id=4
2026-01-23 17:49:05 | INFO | [12241925ff424b789ab4d221058931e5] | app.api.v1.endpoints | [12241925ff424b789ab4d221058931e5] 查询到 10 个接口，total=644
2026-01-23 17:49:05 | ERROR | [07171a3fd28a4edabbf38987762742b7] | app.dependencies | 数据库会话异常: 1 validation error:
  {'type': 'int_parsing', 'loc': ('path', 'endpoint_id'), 'msg': 'Input should be a valid integer, unable to parse string as an integer', 'input': 'groups'}

  File "D:\code\BugSeek\backend\app\api\v1\endpoints.py", line 237, in get_endpoint
    GET /api/v1/api-integration/endpoints/{endpoint_id}
Traceback (most recent call last):
  File "D:\code\BugSeek\backend\app\dependencies.py", line 19, in get_db
    yield db
  File "C:\Users\81026\AppData\Local\Programs\Python\Python310\lib\site-packages\fastapi\concurrency.py", line 29, in contextmanager_in_threadpool
    yield await run_in_threadpool(cm.__enter__)
  File "C:\Users\81026\AppData\Local\Programs\Python\Python310\lib\site-packages\fastapi\routing.py", line 101, in app
    response = await f(request)
  File "C:\Users\81026\AppData\Local\Programs\Python\Python310\lib\site-packages\fastapi\routing.py", line 397, in app
    raise validation_error
fastapi.exceptions.RequestValidationError: 1 validation error:
  {'type': 'int_parsing', 'loc': ('path', 'endpoint_id'), 'msg': 'Input should be a valid integer, unable to parse string as an integer', 'input': 'groups'}

  File "D:\code\BugSeek\backend\app\api\v1\endpoints.py", line 237, in get_endpoint
    GET /api/v1/api-integration/endpoints/{endpoint_id}
2026-01-23 17:49:39 | INFO | [bbf9c7f402de44c0929dba1ced3b7c98] | app.api.v1.endpoints | [bbf9c7f402de44c0929dba1ced3b7c98] 查询接口列表: skip=0, limit=10, user=admin, project_id=2, version_id=4
2026-01-23 17:49:39 | INFO | [bbf9c7f402de44c0929dba1ced3b7c98] | app.api.v1.endpoints | [bbf9c7f402de44c0929dba1ced3b7c98] 查询到 10 个接口，total=224
2026-01-23 17:49:39 | ERROR | [b09ef87b9ab24261ad2f6ef5aaf43c2f] | app.dependencies | 数据库会话异常: 1 validation error:
  {'type': 'int_parsing', 'loc': ('path', 'endpoint_id'), 'msg': 'Input should be a valid integer, unable to parse string as an integer', 'input': 'groups'}

  File "D:\code\BugSeek\backend\app\api\v1\endpoints.py", line 237, in get_endpoint
    GET /api/v1/api-integration/endpoints/{endpoint_id}
Traceback (most recent call last):
  File "D:\code\BugSeek\backend\app\dependencies.py", line 19, in get_db
    yield db
  File "C:\Users\81026\AppData\Local\Programs\Python\Python310\lib\site-packages\fastapi\concurrency.py", line 29, in contextmanager_in_threadpool
    yield await run_in_threadpool(cm.__enter__)
  File "C:\Users\81026\AppData\Local\Programs\Python\Python310\lib\site-packages\fastapi\routing.py", line 101, in app
    response = await f(request)
  File "C:\Users\81026\AppData\Local\Programs\Python\Python310\lib\site-packages\fastapi\routing.py", line 397, in app
    raise validation_error
fastapi.exceptions.RequestValidationError: 1 validation error:
  {'type': 'int_parsing', 'loc': ('path', 'endpoint_id'), 'msg': 'Input should be a valid integer, unable to parse string as an integer', 'input': 'groups'}

  File "D:\code\BugSeek\backend\app\api\v1\endpoints.py", line 237, in get_endpoint
    GET /api/v1/api-integration/endpoints/{endpoint_id}
2026-01-23 17:49:41 | INFO | [cea50848603246768f07080008fa7a14] | app.api.v1.endpoints | [cea50848603246768f07080008fa7a14] 查询接口列表: skip=0, limit=10, user=admin, project_id=2, version_id=4
2026-01-23 17:49:41 | INFO | [cea50848603246768f07080008fa7a14] | app.api.v1.endpoints | [cea50848603246768f07080008fa7a14] 查询到 10 个接口，total=118
2026-01-23 17:49:41 | ERROR | [70fcf613bed3435c938a914bd9738e4a] | app.dependencies | 数据库会话异常: 1 validation error:
  {'type': 'int_parsing', 'loc': ('path', 'endpoint_id'), 'msg': 'Input should be a valid integer, unable to parse string as an integer', 'input': 'groups'}

  File "D:\code\BugSeek\backend\app\api\v1\endpoints.py", line 237, in get_endpoint
    GET /api/v1/api-integration/endpoints/{endpoint_id}
Traceback (most recent call last):
  File "D:\code\BugSeek\backend\app\dependencies.py", line 19, in get_db
    yield db
  File "C:\Users\81026\AppData\Local\Programs\Python\Python310\lib\site-packages\fastapi\concurrency.py", line 29, in contextmanager_in_threadpool
    yield await run_in_threadpool(cm.__enter__)
  File "C:\Users\81026\AppData\Local\Programs\Python\Python310\lib\site-packages\fastapi\routing.py", line 101, in app
    response = await f(request)
  File "C:\Users\81026\AppData\Local\Programs\Python\Python310\lib\site-packages\fastapi\routing.py", line 397, in app
    raise validation_error
fastapi.exceptions.RequestValidationError: 1 validation error:
  {'type': 'int_parsing', 'loc': ('path', 'endpoint_id'), 'msg': 'Input should be a valid integer, unable to parse string as an integer', 'input': 'groups'}

  File "D:\code\BugSeek\backend\app\api\v1\endpoints.py", line 237, in get_endpoint
    GET /api/v1/api-integration/endpoints/{endpoint_id}
2026-01-23 17:49:52 | INFO | [f032c52a031940798348f739034fe5fc] | app.api.v1.endpoints | [f032c52a031940798348f739034fe5fc] 查询接口列表: skip=0, limit=10, user=admin, project_id=2, version_id=4
2026-01-23 17:49:52 | INFO | [f032c52a031940798348f739034fe5fc] | app.api.v1.endpoints | [f032c52a031940798348f739034fe5fc] 查询到 10 个接口，total=109
2026-01-23 17:49:52 | ERROR | [5be1512de4df4d42839fa8e6b8a0bfb1] | app.dependencies | 数据库会话异常: 1 validation error:
  {'type': 'int_parsing', 'loc': ('path', 'endpoint_id'), 'msg': 'Input should be a valid integer, unable to parse string as an integer', 'input': 'groups'}

  File "D:\code\BugSeek\backend\app\api\v1\endpoints.py", line 237, in get_endpoint
    GET /api/v1/api-integration/endpoints/{endpoint_id}
Traceback (most recent call last):
  File "D:\code\BugSeek\backend\app\dependencies.py", line 19, in get_db
    yield db
  File "C:\Users\81026\AppData\Local\Programs\Python\Python310\lib\site-packages\fastapi\concurrency.py", line 29, in contextmanager_in_threadpool
    yield await run_in_threadpool(cm.__enter__)
  File "C:\Users\81026\AppData\Local\Programs\Python\Python310\lib\site-packages\fastapi\routing.py", line 101, in app
    response = await f(request)
  File "C:\Users\81026\AppData\Local\Programs\Python\Python310\lib\site-packages\fastapi\routing.py", line 397, in app
    raise validation_error
fastapi.exceptions.RequestValidationError: 1 validation error:
  {'type': 'int_parsing', 'loc': ('path', 'endpoint_id'), 'msg': 'Input should be a valid integer, unable to parse string as an integer', 'input': 'groups'}

  File "D:\code\BugSeek\backend\app\api\v1\endpoints.py", line 237, in get_endpoint
    GET /api/v1/api-integration/endpoints/{endpoint_id}
2026-01-23 17:50:11 | INFO | [f5606ba0733743048ce1e0d1c27a7406] | app.api.v1.endpoints | [f5606ba0733743048ce1e0d1c27a7406] 高级搜索: user=admin, keyword=None, methods=[], tags=['user'], group_id=None
2026-01-23 17:50:11 | ERROR | [f5606ba0733743048ce1e0d1c27a7406] | app.dependencies | 数据库会话异常: (psycopg2.errors.UndefinedFunction) operator does not exist: json @> unknown
LINE 3: ..._endpoints.version_id = 4 AND (api_endpoints.tags @> '["user...
                                                             ^
HINT:  No operator matches the given name and argument types. You might need to add explicit type casts.

[SQL: SELECT api_endpoints.id AS api_endpoints_id, api_endpoints.project_id AS api_endpoints_project_id, api_endpoints.document_id AS api_endpoints_document_id, api_endpoints.path AS api_endpoints_path, api_endpoints.method AS api_endpoints_method, api_endpoints.summary AS api_endpoints_summary, api_endpoints.description AS api_endpoints_description, api_endpoints.request_schema AS api_endpoints_request_schema, api_endpoints.response_schema AS api_endpoints_response_schema, api_endpoints.tags AS api_endpoints_tags, api_endpoints.group_id AS api_endpoints_group_id, api_endpoints.created_at AS api_endpoints_created_at, api_endpoints.updated_at AS api_endpoints_updated_at 
FROM api_endpoints JOIN version_endpoints ON api_endpoints.id = version_endpoints.endpoint_id LEFT OUTER JOIN api_endpoint_groups ON api_endpoint_groups.id = api_endpoints.group_id 
WHERE api_endpoints.project_id = %(project_id_1)s AND version_endpoints.version_id = %(version_id_1)s AND (api_endpoints.tags @> %(tags_1)s) ORDER BY api_endpoints.id DESC]
[parameters: {'project_id_1': 2, 'version_id_1': 4, 'tags_1': '["user"]'}]
(Background on this error at: https://sqlalche.me/e/20/f405)
Traceback (most recent call last):
  File "C:\Users\81026\AppData\Local\Programs\Python\Python310\lib\site-packages\sqlalchemy\engine\base.py", line 1967, in _exec_single_context
    self.dialect.do_execute(
  File "C:\Users\81026\AppData\Local\Programs\Python\Python310\lib\site-packages\sqlalchemy\engine\default.py", line 952, in do_execute
    cursor.execute(statement, parameters)
psycopg2.errors.UndefinedFunction: operator does not exist: json @> unknown
LINE 3: ..._endpoints.version_id = 4 AND (api_endpoints.tags @> '["user...
                                                             ^
HINT:  No operator matches the given name and argument types. You might need to add explicit type casts.


The above exception was the direct cause of the following exception:

Traceback (most recent call last):
  File "D:\code\BugSeek\backend\app\dependencies.py", line 19, in get_db
    yield db
  File "C:\Users\81026\AppData\Local\Programs\Python\Python310\lib\site-packages\fastapi\concurrency.py", line 29, in contextmanager_in_threadpool
    yield await run_in_threadpool(cm.__enter__)
  File "C:\Users\81026\AppData\Local\Programs\Python\Python310\lib\site-packages\fastapi\routing.py", line 101, in app
    response = await f(request)
  File "C:\Users\81026\AppData\Local\Programs\Python\Python310\lib\site-packages\fastapi\routing.py", line 355, in app
    raw_response = await run_endpoint_function(
  File "C:\Users\81026\AppData\Local\Programs\Python\Python310\lib\site-packages\fastapi\routing.py", line 243, in run_endpoint_function
    return await dependant.call(**values)
  File "D:\code\BugSeek\backend\app\api\v1\endpoints.py", line 768, in search_endpoints
    endpoints = query.order_by(ApiEndpoint.id.desc()).all()
  File "C:\Users\81026\AppData\Local\Programs\Python\Python310\lib\site-packages\sqlalchemy\orm\query.py", line 2704, in all
    return self._iter().all()  # type: ignore
  File "C:\Users\81026\AppData\Local\Programs\Python\Python310\lib\site-packages\sqlalchemy\orm\query.py", line 2857, in _iter
    result: Union[ScalarResult[_T], Result[_T]] = self.session.execute(
  File "C:\Users\81026\AppData\Local\Programs\Python\Python310\lib\site-packages\sqlalchemy\orm\session.py", line 2351, in execute
    return self._execute_internal(
  File "C:\Users\81026\AppData\Local\Programs\Python\Python310\lib\site-packages\sqlalchemy\orm\session.py", line 2249, in _execute_internal
    result: Result[Any] = compile_state_cls.orm_execute_statement(
  File "C:\Users\81026\AppData\Local\Programs\Python\Python310\lib\site-packages\sqlalchemy\orm\context.py", line 306, in orm_execute_statement
    result = conn.execute(
  File "C:\Users\81026\AppData\Local\Programs\Python\Python310\lib\site-packages\sqlalchemy\engine\base.py", line 1419, in execute
    return meth(
  File "C:\Users\81026\AppData\Local\Programs\Python\Python310\lib\site-packages\sqlalchemy\sql\elements.py", line 527, in _execute_on_connection
    return connection._execute_clauseelement(
  File "C:\Users\81026\AppData\Local\Programs\Python\Python310\lib\site-packages\sqlalchemy\engine\base.py", line 1641, in _execute_clauseelement
    ret = self._execute_context(
  File "C:\Users\81026\AppData\Local\Programs\Python\Python310\lib\site-packages\sqlalchemy\engine\base.py", line 1846, in _execute_context
    return self._exec_single_context(
  File "C:\Users\81026\AppData\Local\Programs\Python\Python310\lib\site-packages\sqlalchemy\engine\base.py", line 1986, in _exec_single_context
    self._handle_dbapi_exception(
  File "C:\Users\81026\AppData\Local\Programs\Python\Python310\lib\site-packages\sqlalchemy\engine\base.py", line 2363, in _handle_dbapi_exception
    raise sqlalchemy_exception.with_traceback(exc_info[2]) from e
  File "C:\Users\81026\AppData\Local\Programs\Python\Python310\lib\site-packages\sqlalchemy\engine\base.py", line 1967, in _exec_single_context
    self.dialect.do_execute(
  File "C:\Users\81026\AppData\Local\Programs\Python\Python310\lib\site-packages\sqlalchemy\engine\default.py", line 952, in do_execute
    cursor.execute(statement, parameters)
sqlalchemy.exc.ProgrammingError: (psycopg2.errors.UndefinedFunction) operator does not exist: json @> unknown
LINE 3: ..._endpoints.version_id = 4 AND (api_endpoints.tags @> '["user...
                                                             ^
HINT:  No operator matches the given name and argument types. You might need to add explicit type casts.

[SQL: SELECT api_endpoints.id AS api_endpoints_id, api_endpoints.project_id AS api_endpoints_project_id, api_endpoints.document_id AS api_endpoints_document_id, api_endpoints.path AS api_endpoints_path, api_endpoints.method AS api_endpoints_method, api_endpoints.summary AS api_endpoints_summary, api_endpoints.description AS api_endpoints_description, api_endpoints.request_schema AS api_endpoints_request_schema, api_endpoints.response_schema AS api_endpoints_response_schema, api_endpoints.tags AS api_endpoints_tags, api_endpoints.group_id AS api_endpoints_group_id, api_endpoints.created_at AS api_endpoints_created_at, api_endpoints.updated_at AS api_endpoints_updated_at 
FROM api_endpoints JOIN version_endpoints ON api_endpoints.id = version_endpoints.endpoint_id LEFT OUTER JOIN api_endpoint_groups ON api_endpoint_groups.id = api_endpoints.group_id 
WHERE api_endpoints.project_id = %(project_id_1)s AND version_endpoints.version_id = %(version_id_1)s AND (api_endpoints.tags @> %(tags_1)s) ORDER BY api_endpoints.id DESC]
[parameters: {'project_id_1': 2, 'version_id_1': 4, 'tags_1': '["user"]'}]
(Background on this error at: https://sqlalche.me/e/20/f405)
2026-01-23 17:50:11 | ERROR | [f5606ba0733743048ce1e0d1c27a7406] | app.main | 未捕获的异常: (psycopg2.errors.UndefinedFunction) operator does not exist: json @> unknown
LINE 3: ..._endpoints.version_id = 4 AND (api_endpoints.tags @> '["user...
                                                             ^
HINT:  No operator matches the given name and argument types. You might need to add explicit type casts.

[SQL: SELECT api_endpoints.id AS api_endpoints_id, api_endpoints.project_id AS api_endpoints_project_id, api_endpoints.document_id AS api_endpoints_document_id, api_endpoints.path AS api_endpoints_path, api_endpoints.method AS api_endpoints_method, api_endpoints.summary AS api_endpoints_summary, api_endpoints.description AS api_endpoints_description, api_endpoints.request_schema AS api_endpoints_request_schema, api_endpoints.response_schema AS api_endpoints_response_schema, api_endpoints.tags AS api_endpoints_tags, api_endpoints.group_id AS api_endpoints_group_id, api_endpoints.created_at AS api_endpoints_created_at, api_endpoints.updated_at AS api_endpoints_updated_at 
FROM api_endpoints JOIN version_endpoints ON api_endpoints.id = version_endpoints.endpoint_id LEFT OUTER JOIN api_endpoint_groups ON api_endpoint_groups.id = api_endpoints.group_id 
WHERE api_endpoints.project_id = %(project_id_1)s AND version_endpoints.version_id = %(version_id_1)s AND (api_endpoints.tags @> %(tags_1)s) ORDER BY api_endpoints.id DESC]
[parameters: {'project_id_1': 2, 'version_id_1': 4, 'tags_1': '["user"]'}]
(Background on this error at: https://sqlalche.me/e/20/f405) | 路径: /api/v1/api-integration/endpoints/search | 方法: POST
Traceback (most recent call last):
  File "C:\Users\81026\AppData\Local\Programs\Python\Python310\lib\site-packages\sqlalchemy\engine\base.py", line 1967, in _exec_single_context
    self.dialect.do_execute(
  File "C:\Users\81026\AppData\Local\Programs\Python\Python310\lib\site-packages\sqlalchemy\engine\default.py", line 952, in do_execute
    cursor.execute(statement, parameters)
psycopg2.errors.UndefinedFunction: operator does not exist: json @> unknown
LINE 3: ..._endpoints.version_id = 4 AND (api_endpoints.tags @> '["user...
                                                             ^
HINT:  No operator matches the given name and argument types. You might need to add explicit type casts.


The above exception was the direct cause of the following exception:

Traceback (most recent call last):
  File "C:\Users\81026\AppData\Local\Programs\Python\Python310\lib\site-packages\starlette\middleware\errors.py", line 164, in __call__
    await self.app(scope, receive, _send)
  File "C:\Users\81026\AppData\Local\Programs\Python\Python310\lib\site-packages\starlette\middleware\cors.py", line 93, in __call__
    await self.simple_response(scope, receive, send, request_headers=headers)
  File "C:\Users\81026\AppData\Local\Programs\Python\Python310\lib\site-packages\starlette\middleware\cors.py", line 144, in simple_response
    await self.app(scope, receive, send)
  File "C:\Users\81026\AppData\Local\Programs\Python\Python310\lib\site-packages\starlette\middleware\base.py", line 191, in __call__
    with recv_stream, send_stream, collapse_excgroups():
  File "C:\Users\81026\AppData\Local\Programs\Python\Python310\lib\contextlib.py", line 153, in __exit__
    self.gen.throw(typ, value, traceback)
  File "C:\Users\81026\AppData\Local\Programs\Python\Python310\lib\site-packages\starlette\_utils.py", line 85, in collapse_excgroups
    raise exc
  File "C:\Users\81026\AppData\Local\Programs\Python\Python310\lib\site-packages\starlette\middleware\base.py", line 193, in __call__
    response = await self.dispatch_func(request, call_next)
  File "D:\code\BugSeek\backend\app\main.py", line 29, in trace_id_middleware
    response = await call_next(request)
  File "C:\Users\81026\AppData\Local\Programs\Python\Python310\lib\site-packages\starlette\middleware\base.py", line 168, in call_next
    raise app_exc from app_exc.__cause__ or app_exc.__context__
  File "C:\Users\81026\AppData\Local\Programs\Python\Python310\lib\site-packages\starlette\middleware\base.py", line 144, in coro
    await self.app(scope, receive_or_disconnect, send_no_error)
  File "C:\Users\81026\AppData\Local\Programs\Python\Python310\lib\site-packages\starlette\middleware\exceptions.py", line 63, in __call__
    await wrap_app_handling_exceptions(self.app, conn)(scope, receive, send)
  File "C:\Users\81026\AppData\Local\Programs\Python\Python310\lib\site-packages\starlette\_exception_handler.py", line 53, in wrapped_app
    raise exc
  File "C:\Users\81026\AppData\Local\Programs\Python\Python310\lib\site-packages\starlette\_exception_handler.py", line 42, in wrapped_app
    await app(scope, receive, sender)
  File "C:\Users\81026\AppData\Local\Programs\Python\Python310\lib\site-packages\fastapi\middleware\asyncexitstack.py", line 18, in __call__
    await self.app(scope, receive, send)
  File "C:\Users\81026\AppData\Local\Programs\Python\Python310\lib\site-packages\starlette\routing.py", line 716, in __call__
    await self.middleware_stack(scope, receive, send)
  File "C:\Users\81026\AppData\Local\Programs\Python\Python310\lib\site-packages\starlette\routing.py", line 736, in app
    await route.handle(scope, receive, send)
  File "C:\Users\81026\AppData\Local\Programs\Python\Python310\lib\site-packages\starlette\routing.py", line 290, in handle
    await self.app(scope, receive, send)
  File "C:\Users\81026\AppData\Local\Programs\Python\Python310\lib\site-packages\fastapi\routing.py", line 115, in app
    await wrap_app_handling_exceptions(app, request)(scope, receive, send)
  File "C:\Users\81026\AppData\Local\Programs\Python\Python310\lib\site-packages\starlette\_exception_handler.py", line 53, in wrapped_app
    raise exc
  File "C:\Users\81026\AppData\Local\Programs\Python\Python310\lib\site-packages\starlette\_exception_handler.py", line 42, in wrapped_app
    await app(scope, receive, sender)
  File "C:\Users\81026\AppData\Local\Programs\Python\Python310\lib\site-packages\fastapi\routing.py", line 101, in app
    response = await f(request)
  File "C:\Users\81026\AppData\Local\Programs\Python\Python310\lib\site-packages\fastapi\routing.py", line 355, in app
    raw_response = await run_endpoint_function(
  File "C:\Users\81026\AppData\Local\Programs\Python\Python310\lib\site-packages\fastapi\routing.py", line 243, in run_endpoint_function
    return await dependant.call(**values)
  File "D:\code\BugSeek\backend\app\api\v1\endpoints.py", line 768, in search_endpoints
    endpoints = query.order_by(ApiEndpoint.id.desc()).all()
  File "C:\Users\81026\AppData\Local\Programs\Python\Python310\lib\site-packages\sqlalchemy\orm\query.py", line 2704, in all
    return self._iter().all()  # type: ignore
  File "C:\Users\81026\AppData\Local\Programs\Python\Python310\lib\site-packages\sqlalchemy\orm\query.py", line 2857, in _iter
    result: Union[ScalarResult[_T], Result[_T]] = self.session.execute(
  File "C:\Users\81026\AppData\Local\Programs\Python\Python310\lib\site-packages\sqlalchemy\orm\session.py", line 2351, in execute
    return self._execute_internal(
  File "C:\Users\81026\AppData\Local\Programs\Python\Python310\lib\site-packages\sqlalchemy\orm\session.py", line 2249, in _execute_internal
    result: Result[Any] = compile_state_cls.orm_execute_statement(
  File "C:\Users\81026\AppData\Local\Programs\Python\Python310\lib\site-packages\sqlalchemy\orm\context.py", line 306, in orm_execute_statement
    result = conn.execute(
  File "C:\Users\81026\AppData\Local\Programs\Python\Python310\lib\site-packages\sqlalchemy\engine\base.py", line 1419, in execute
    return meth(
  File "C:\Users\81026\AppData\Local\Programs\Python\Python310\lib\site-packages\sqlalchemy\sql\elements.py", line 527, in _execute_on_connection
    return connection._execute_clauseelement(
  File "C:\Users\81026\AppData\Local\Programs\Python\Python310\lib\site-packages\sqlalchemy\engine\base.py", line 1641, in _execute_clauseelement
    ret = self._execute_context(
  File "C:\Users\81026\AppData\Local\Programs\Python\Python310\lib\site-packages\sqlalchemy\engine\base.py", line 1846, in _execute_context
    return self._exec_single_context(
  File "C:\Users\81026\AppData\Local\Programs\Python\Python310\lib\site-packages\sqlalchemy\engine\base.py", line 1986, in _exec_single_context
    self._handle_dbapi_exception(
  File "C:\Users\81026\AppData\Local\Programs\Python\Python310\lib\site-packages\sqlalchemy\engine\base.py", line 2363, in _handle_dbapi_exception
    raise sqlalchemy_exception.with_traceback(exc_info[2]) from e
  File "C:\Users\81026\AppData\Local\Programs\Python\Python310\lib\site-packages\sqlalchemy\engine\base.py", line 1967, in _exec_single_context
    self.dialect.do_execute(
  File "C:\Users\81026\AppData\Local\Programs\Python\Python310\lib\site-packages\sqlalchemy\engine\default.py", line 952, in do_execute
    cursor.execute(statement, parameters)
sqlalchemy.exc.ProgrammingError: (psycopg2.errors.UndefinedFunction) operator does not exist: json @> unknown
LINE 3: ..._endpoints.version_id = 4 AND (api_endpoints.tags @> '["user...
                                                             ^
HINT:  No operator matches the given name and argument types. You might need to add explicit type casts.

[SQL: SELECT api_endpoints.id AS api_endpoints_id, api_endpoints.project_id AS api_endpoints_project_id, api_endpoints.document_id AS api_endpoints_document_id, api_endpoints.path AS api_endpoints_path, api_endpoints.method AS api_endpoints_method, api_endpoints.summary AS api_endpoints_summary, api_endpoints.description AS api_endpoints_description, api_endpoints.request_schema AS api_endpoints_request_schema, api_endpoints.response_schema AS api_endpoints_response_schema, api_endpoints.tags AS api_endpoints_tags, api_endpoints.group_id AS api_endpoints_group_id, api_endpoints.created_at AS api_endpoints_created_at, api_endpoints.updated_at AS api_endpoints_updated_at 
FROM api_endpoints JOIN version_endpoints ON api_endpoints.id = version_endpoints.endpoint_id LEFT OUTER JOIN api_endpoint_groups ON api_endpoint_groups.id = api_endpoints.group_id 
WHERE api_endpoints.project_id = %(project_id_1)s AND version_endpoints.version_id = %(version_id_1)s AND (api_endpoints.tags @> %(tags_1)s) ORDER BY api_endpoints.id DESC]
[parameters: {'project_id_1': 2, 'version_id_1': 4, 'tags_1': '["user"]'}]
(Background on this error at: https://sqlalche.me/e/20/f405)
2026-01-23 17:50:27 | INFO | [df9172de029f4368a8bdb7dc10a01798] | app.api.v1.endpoints | [df9172de029f4368a8bdb7dc10a01798] 查询接口列表: skip=0, limit=10, user=admin, project_id=2, version_id=4
2026-01-23 17:50:27 | INFO | [df9172de029f4368a8bdb7dc10a01798] | app.api.v1.endpoints | [df9172de029f4368a8bdb7dc10a01798] 查询到 10 个接口，total=644
2026-01-23 17:50:27 | ERROR | [1a689fed5c9c4afbacc5e821e67fb3ab] | app.dependencies | 数据库会话异常: 1 validation error:
  {'type': 'int_parsing', 'loc': ('path', 'endpoint_id'), 'msg': 'Input should be a valid integer, unable to parse string as an integer', 'input': 'groups'}

  File "D:\code\BugSeek\backend\app\api\v1\endpoints.py", line 237, in get_endpoint
    GET /api/v1/api-integration/endpoints/{endpoint_id}
Traceback (most recent call last):
  File "D:\code\BugSeek\backend\app\dependencies.py", line 19, in get_db
    yield db
  File "C:\Users\81026\AppData\Local\Programs\Python\Python310\lib\site-packages\fastapi\concurrency.py", line 29, in contextmanager_in_threadpool
    yield await run_in_threadpool(cm.__enter__)
  File "C:\Users\81026\AppData\Local\Programs\Python\Python310\lib\site-packages\fastapi\routing.py", line 101, in app
    response = await f(request)
  File "C:\Users\81026\AppData\Local\Programs\Python\Python310\lib\site-packages\fastapi\routing.py", line 397, in app
    raise validation_error
fastapi.exceptions.RequestValidationError: 1 validation error:
  {'type': 'int_parsing', 'loc': ('path', 'endpoint_id'), 'msg': 'Input should be a valid integer, unable to parse string as an integer', 'input': 'groups'}

  File "D:\code\BugSeek\backend\app\api\v1\endpoints.py", line 237, in get_endpoint
    GET /api/v1/api-integration/endpoints/{endpoint_id}
2026-01-23 17:50:27 | INFO | [aad91a55fe7f46558b56030782a00999] | app.api.v1.endpoints | [aad91a55fe7f46558b56030782a00999] 查询接口列表: skip=0, limit=10, user=admin, project_id=2, version_id=4
2026-01-23 17:50:27 | INFO | [aad91a55fe7f46558b56030782a00999] | app.api.v1.endpoints | [aad91a55fe7f46558b56030782a00999] 查询到 10 个接口，total=644
2026-01-23 17:50:27 | ERROR | [eaadc4fdf3534ac6bc8c95a463b62d9b] | app.dependencies | 数据库会话异常: 1 validation error:
  {'type': 'int_parsing', 'loc': ('path', 'endpoint_id'), 'msg': 'Input should be a valid integer, unable to parse string as an integer', 'input': 'groups'}

  File "D:\code\BugSeek\backend\app\api\v1\endpoints.py", line 237, in get_endpoint
    GET /api/v1/api-integration/endpoints/{endpoint_id}
Traceback (most recent call last):
  File "D:\code\BugSeek\backend\app\dependencies.py", line 19, in get_db
    yield db
  File "C:\Users\81026\AppData\Local\Programs\Python\Python310\lib\site-packages\fastapi\concurrency.py", line 29, in contextmanager_in_threadpool
    yield await run_in_threadpool(cm.__enter__)
  File "C:\Users\81026\AppData\Local\Programs\Python\Python310\lib\site-packages\fastapi\routing.py", line 101, in app
    response = await f(request)
  File "C:\Users\81026\AppData\Local\Programs\Python\Python310\lib\site-packages\fastapi\routing.py", line 397, in app
    raise validation_error
fastapi.exceptions.RequestValidationError: 1 validation error:
  {'type': 'int_parsing', 'loc': ('path', 'endpoint_id'), 'msg': 'Input should be a valid integer, unable to parse string as an integer', 'input': 'groups'}

  File "D:\code\BugSeek\backend\app\api\v1\endpoints.py", line 237, in get_endpoint
    GET /api/v1/api-integration/endpoints/{endpoint_id}
2026-01-23 17:50:27 | INFO | [2e2aa0ef3b02440da7011b224041a928] | app.api.v1.projects | [2e2aa0ef3b02440da7011b224041a928] 用户 admin 获取项目列表: page=1, page_size=100
2026-01-23 17:50:27 | INFO | [2e2aa0ef3b02440da7011b224041a928] | app.api.v1.projects | [2e2aa0ef3b02440da7011b224041a928] 获取项目列表成功: total=2
2026-01-23 17:50:27 | INFO | [472c0b73cb064614b4fd003b4e0ff769] | app.api.v1.versions | [472c0b73cb064614b4fd003b4e0ff769] 用户 admin 获取版本列表: project_id=2, page=1, page_size=100
2026-01-23 17:50:27 | INFO | [472c0b73cb064614b4fd003b4e0ff769] | app.api.v1.versions | [472c0b73cb064614b4fd003b4e0ff769] 用户 admin 查看版本列表 项目 TEST (id=2) 的版本
2026-01-23 17:50:27 | INFO | [472c0b73cb064614b4fd003b4e0ff769] | app.api.v1.versions | [472c0b73cb064614b4fd003b4e0ff769] 获取版本列表成功: total=1
2026-01-23 17:50:27 | INFO | [67b1e91553bd40d996d268570a39df93] | app.api.v1.projects | [67b1e91553bd40d996d268570a39df93] 用户 admin 获取项目列表: page=1, page_size=100
2026-01-23 17:50:27 | INFO | [67b1e91553bd40d996d268570a39df93] | app.api.v1.projects | [67b1e91553bd40d996d268570a39df93] 获取项目列表成功: total=2
2026-01-23 17:50:27 | INFO | [7ebb25e6b9ac49cf96a40c9773eb43af] | app.api.v1.versions | [7ebb25e6b9ac49cf96a40c9773eb43af] 用户 admin 获取版本列表: project_id=2, page=1, page_size=100
2026-01-23 17:50:27 | INFO | [7ebb25e6b9ac49cf96a40c9773eb43af] | app.api.v1.versions | [7ebb25e6b9ac49cf96a40c9773eb43af] 用户 admin 查看版本列表 项目 TEST (id=2) 的版本
2026-01-23 17:50:27 | INFO | [7ebb25e6b9ac49cf96a40c9773eb43af] | app.api.v1.versions | [7ebb25e6b9ac49cf96a40c9773eb43af] 获取版本列表成功: total=1
2026-01-23 17:50:27 | INFO | [1148593c1b7f44db9d3704d48c5b1b33] | app.api.v1.projects | [1148593c1b7f44db9d3704d48c5b1b33] 用户 admin 获取项目列表: page=1, page_size=100
2026-01-23 17:50:27 | INFO | [1148593c1b7f44db9d3704d48c5b1b33] | app.api.v1.projects | [1148593c1b7f44db9d3704d48c5b1b33] 获取项目列表成功: total=2
2026-01-23 17:50:27 | INFO | [8335cb0456474b0e90b468cb3697317a] | app.api.v1.projects | [8335cb0456474b0e90b468cb3697317a] 用户 admin 获取项目列表: page=1, page_size=100
2026-01-23 17:50:27 | INFO | [8335cb0456474b0e90b468cb3697317a] | app.api.v1.projects | [8335cb0456474b0e90b468cb3697317a] 获取项目列表成功: total=2
2026-01-23 17:50:36 | INFO | [6700ec87827e4dd4921b88ca53ce5530] | app.api.v1.endpoints | [6700ec87827e4dd4921b88ca53ce5530] 高级搜索: user=admin, keyword=None, methods=[], tags=['user'], group_id=None
2026-01-23 17:50:36 | ERROR | [6700ec87827e4dd4921b88ca53ce5530] | app.dependencies | 数据库会话异常: (psycopg2.errors.UndefinedFunction) operator does not exist: json @> unknown
LINE 3: ..._endpoints.version_id = 4 AND (api_endpoints.tags @> '["user...
                                                             ^
HINT:  No operator matches the given name and argument types. You might need to add explicit type casts.

[SQL: SELECT api_endpoints.id AS api_endpoints_id, api_endpoints.project_id AS api_endpoints_project_id, api_endpoints.document_id AS api_endpoints_document_id, api_endpoints.path AS api_endpoints_path, api_endpoints.method AS api_endpoints_method, api_endpoints.summary AS api_endpoints_summary, api_endpoints.description AS api_endpoints_description, api_endpoints.request_schema AS api_endpoints_request_schema, api_endpoints.response_schema AS api_endpoints_response_schema, api_endpoints.tags AS api_endpoints_tags, api_endpoints.group_id AS api_endpoints_group_id, api_endpoints.created_at AS api_endpoints_created_at, api_endpoints.updated_at AS api_endpoints_updated_at 
FROM api_endpoints JOIN version_endpoints ON api_endpoints.id = version_endpoints.endpoint_id LEFT OUTER JOIN api_endpoint_groups ON api_endpoint_groups.id = api_endpoints.group_id 
WHERE api_endpoints.project_id = %(project_id_1)s AND version_endpoints.version_id = %(version_id_1)s AND (api_endpoints.tags @> %(tags_1)s) ORDER BY api_endpoints.id DESC]
[parameters: {'project_id_1': 2, 'version_id_1': 4, 'tags_1': '["user"]'}]
(Background on this error at: https://sqlalche.me/e/20/f405)
Traceback (most recent call last):
  File "C:\Users\81026\AppData\Local\Programs\Python\Python310\lib\site-packages\sqlalchemy\engine\base.py", line 1967, in _exec_single_context
    self.dialect.do_execute(
  File "C:\Users\81026\AppData\Local\Programs\Python\Python310\lib\site-packages\sqlalchemy\engine\default.py", line 952, in do_execute
    cursor.execute(statement, parameters)
psycopg2.errors.UndefinedFunction: operator does not exist: json @> unknown
LINE 3: ..._endpoints.version_id = 4 AND (api_endpoints.tags @> '["user...
                                                             ^
HINT:  No operator matches the given name and argument types. You might need to add explicit type casts.


The above exception was the direct cause of the following exception:

Traceback (most recent call last):
  File "D:\code\BugSeek\backend\app\dependencies.py", line 19, in get_db
    yield db
  File "C:\Users\81026\AppData\Local\Programs\Python\Python310\lib\site-packages\fastapi\concurrency.py", line 29, in contextmanager_in_threadpool
    yield await run_in_threadpool(cm.__enter__)
  File "C:\Users\81026\AppData\Local\Programs\Python\Python310\lib\site-packages\fastapi\routing.py", line 101, in app
    response = await f(request)
  File "C:\Users\81026\AppData\Local\Programs\Python\Python310\lib\site-packages\fastapi\routing.py", line 355, in app
    raw_response = await run_endpoint_function(
  File "C:\Users\81026\AppData\Local\Programs\Python\Python310\lib\site-packages\fastapi\routing.py", line 243, in run_endpoint_function
    return await dependant.call(**values)
  File "D:\code\BugSeek\backend\app\api\v1\endpoints.py", line 768, in search_endpoints
    endpoints = query.order_by(ApiEndpoint.id.desc()).all()
  File "C:\Users\81026\AppData\Local\Programs\Python\Python310\lib\site-packages\sqlalchemy\orm\query.py", line 2704, in all
    return self._iter().all()  # type: ignore
  File "C:\Users\81026\AppData\Local\Programs\Python\Python310\lib\site-packages\sqlalchemy\orm\query.py", line 2857, in _iter
    result: Union[ScalarResult[_T], Result[_T]] = self.session.execute(
  File "C:\Users\81026\AppData\Local\Programs\Python\Python310\lib\site-packages\sqlalchemy\orm\session.py", line 2351, in execute
    return self._execute_internal(
  File "C:\Users\81026\AppData\Local\Programs\Python\Python310\lib\site-packages\sqlalchemy\orm\session.py", line 2249, in _execute_internal
    result: Result[Any] = compile_state_cls.orm_execute_statement(
  File "C:\Users\81026\AppData\Local\Programs\Python\Python310\lib\site-packages\sqlalchemy\orm\context.py", line 306, in orm_execute_statement
    result = conn.execute(
  File "C:\Users\81026\AppData\Local\Programs\Python\Python310\lib\site-packages\sqlalchemy\engine\base.py", line 1419, in execute
    return meth(
  File "C:\Users\81026\AppData\Local\Programs\Python\Python310\lib\site-packages\sqlalchemy\sql\elements.py", line 527, in _execute_on_connection
    return connection._execute_clauseelement(
  File "C:\Users\81026\AppData\Local\Programs\Python\Python310\lib\site-packages\sqlalchemy\engine\base.py", line 1641, in _execute_clauseelement
    ret = self._execute_context(
  File "C:\Users\81026\AppData\Local\Programs\Python\Python310\lib\site-packages\sqlalchemy\engine\base.py", line 1846, in _execute_context
    return self._exec_single_context(
  File "C:\Users\81026\AppData\Local\Programs\Python\Python310\lib\site-packages\sqlalchemy\engine\base.py", line 1986, in _exec_single_context
    self._handle_dbapi_exception(
  File "C:\Users\81026\AppData\Local\Programs\Python\Python310\lib\site-packages\sqlalchemy\engine\base.py", line 2363, in _handle_dbapi_exception
    raise sqlalchemy_exception.with_traceback(exc_info[2]) from e
  File "C:\Users\81026\AppData\Local\Programs\Python\Python310\lib\site-packages\sqlalchemy\engine\base.py", line 1967, in _exec_single_context
    self.dialect.do_execute(
  File "C:\Users\81026\AppData\Local\Programs\Python\Python310\lib\site-packages\sqlalchemy\engine\default.py", line 952, in do_execute
    cursor.execute(statement, parameters)
sqlalchemy.exc.ProgrammingError: (psycopg2.errors.UndefinedFunction) operator does not exist: json @> unknown
LINE 3: ..._endpoints.version_id = 4 AND (api_endpoints.tags @> '["user...
                                                             ^
HINT:  No operator matches the given name and argument types. You might need to add explicit type casts.

[SQL: SELECT api_endpoints.id AS api_endpoints_id, api_endpoints.project_id AS api_endpoints_project_id, api_endpoints.document_id AS api_endpoints_document_id, api_endpoints.path AS api_endpoints_path, api_endpoints.method AS api_endpoints_method, api_endpoints.summary AS api_endpoints_summary, api_endpoints.description AS api_endpoints_description, api_endpoints.request_schema AS api_endpoints_request_schema, api_endpoints.response_schema AS api_endpoints_response_schema, api_endpoints.tags AS api_endpoints_tags, api_endpoints.group_id AS api_endpoints_group_id, api_endpoints.created_at AS api_endpoints_created_at, api_endpoints.updated_at AS api_endpoints_updated_at 
FROM api_endpoints JOIN version_endpoints ON api_endpoints.id = version_endpoints.endpoint_id LEFT OUTER JOIN api_endpoint_groups ON api_endpoint_groups.id = api_endpoints.group_id 
WHERE api_endpoints.project_id = %(project_id_1)s AND version_endpoints.version_id = %(version_id_1)s AND (api_endpoints.tags @> %(tags_1)s) ORDER BY api_endpoints.id DESC]
[parameters: {'project_id_1': 2, 'version_id_1': 4, 'tags_1': '["user"]'}]
(Background on this error at: https://sqlalche.me/e/20/f405)
2026-01-23 17:50:36 | ERROR | [6700ec87827e4dd4921b88ca53ce5530] | app.main | 未捕获的异常: (psycopg2.errors.UndefinedFunction) operator does not exist: json @> unknown
LINE 3: ..._endpoints.version_id = 4 AND (api_endpoints.tags @> '["user...
                                                             ^
HINT:  No operator matches the given name and argument types. You might need to add explicit type casts.

[SQL: SELECT api_endpoints.id AS api_endpoints_id, api_endpoints.project_id AS api_endpoints_project_id, api_endpoints.document_id AS api_endpoints_document_id, api_endpoints.path AS api_endpoints_path, api_endpoints.method AS api_endpoints_method, api_endpoints.summary AS api_endpoints_summary, api_endpoints.description AS api_endpoints_description, api_endpoints.request_schema AS api_endpoints_request_schema, api_endpoints.response_schema AS api_endpoints_response_schema, api_endpoints.tags AS api_endpoints_tags, api_endpoints.group_id AS api_endpoints_group_id, api_endpoints.created_at AS api_endpoints_created_at, api_endpoints.updated_at AS api_endpoints_updated_at 
FROM api_endpoints JOIN version_endpoints ON api_endpoints.id = version_endpoints.endpoint_id LEFT OUTER JOIN api_endpoint_groups ON api_endpoint_groups.id = api_endpoints.group_id 
WHERE api_endpoints.project_id = %(project_id_1)s AND version_endpoints.version_id = %(version_id_1)s AND (api_endpoints.tags @> %(tags_1)s) ORDER BY api_endpoints.id DESC]
[parameters: {'project_id_1': 2, 'version_id_1': 4, 'tags_1': '["user"]'}]
(Background on this error at: https://sqlalche.me/e/20/f405) | 路径: /api/v1/api-integration/endpoints/search | 方法: POST
Traceback (most recent call last):
  File "C:\Users\81026\AppData\Local\Programs\Python\Python310\lib\site-packages\sqlalchemy\engine\base.py", line 1967, in _exec_single_context
    self.dialect.do_execute(
  File "C:\Users\81026\AppData\Local\Programs\Python\Python310\lib\site-packages\sqlalchemy\engine\default.py", line 952, in do_execute
    cursor.execute(statement, parameters)
psycopg2.errors.UndefinedFunction: operator does not exist: json @> unknown
LINE 3: ..._endpoints.version_id = 4 AND (api_endpoints.tags @> '["user...
                                                             ^
HINT:  No operator matches the given name and argument types. You might need to add explicit type casts.


The above exception was the direct cause of the following exception:

Traceback (most recent call last):
  File "C:\Users\81026\AppData\Local\Programs\Python\Python310\lib\site-packages\starlette\middleware\errors.py", line 164, in __call__
    await self.app(scope, receive, _send)
  File "C:\Users\81026\AppData\Local\Programs\Python\Python310\lib\site-packages\starlette\middleware\cors.py", line 93, in __call__
    await self.simple_response(scope, receive, send, request_headers=headers)
  File "C:\Users\81026\AppData\Local\Programs\Python\Python310\lib\site-packages\starlette\middleware\cors.py", line 144, in simple_response
    await self.app(scope, receive, send)
  File "C:\Users\81026\AppData\Local\Programs\Python\Python310\lib\site-packages\starlette\middleware\base.py", line 191, in __call__
    with recv_stream, send_stream, collapse_excgroups():
  File "C:\Users\81026\AppData\Local\Programs\Python\Python310\lib\contextlib.py", line 153, in __exit__
    self.gen.throw(typ, value, traceback)
  File "C:\Users\81026\AppData\Local\Programs\Python\Python310\lib\site-packages\starlette\_utils.py", line 85, in collapse_excgroups
    raise exc
  File "C:\Users\81026\AppData\Local\Programs\Python\Python310\lib\site-packages\starlette\middleware\base.py", line 193, in __call__
    response = await self.dispatch_func(request, call_next)
  File "D:\code\BugSeek\backend\app\main.py", line 29, in trace_id_middleware
    response = await call_next(request)
  File "C:\Users\81026\AppData\Local\Programs\Python\Python310\lib\site-packages\starlette\middleware\base.py", line 168, in call_next
    raise app_exc from app_exc.__cause__ or app_exc.__context__
  File "C:\Users\81026\AppData\Local\Programs\Python\Python310\lib\site-packages\starlette\middleware\base.py", line 144, in coro
    await self.app(scope, receive_or_disconnect, send_no_error)
  File "C:\Users\81026\AppData\Local\Programs\Python\Python310\lib\site-packages\starlette\middleware\exceptions.py", line 63, in __call__
    await wrap_app_handling_exceptions(self.app, conn)(scope, receive, send)
  File "C:\Users\81026\AppData\Local\Programs\Python\Python310\lib\site-packages\starlette\_exception_handler.py", line 53, in wrapped_app
    raise exc
  File "C:\Users\81026\AppData\Local\Programs\Python\Python310\lib\site-packages\starlette\_exception_handler.py", line 42, in wrapped_app
    await app(scope, receive, sender)
  File "C:\Users\81026\AppData\Local\Programs\Python\Python310\lib\site-packages\fastapi\middleware\asyncexitstack.py", line 18, in __call__
    await self.app(scope, receive, send)
  File "C:\Users\81026\AppData\Local\Programs\Python\Python310\lib\site-packages\starlette\routing.py", line 716, in __call__
    await self.middleware_stack(scope, receive, send)
  File "C:\Users\81026\AppData\Local\Programs\Python\Python310\lib\site-packages\starlette\routing.py", line 736, in app
    await route.handle(scope, receive, send)
  File "C:\Users\81026\AppData\Local\Programs\Python\Python310\lib\site-packages\starlette\routing.py", line 290, in handle
    await self.app(scope, receive, send)
  File "C:\Users\81026\AppData\Local\Programs\Python\Python310\lib\site-packages\fastapi\routing.py", line 115, in app
    await wrap_app_handling_exceptions(app, request)(scope, receive, send)
  File "C:\Users\81026\AppData\Local\Programs\Python\Python310\lib\site-packages\starlette\_exception_handler.py", line 53, in wrapped_app
    raise exc
  File "C:\Users\81026\AppData\Local\Programs\Python\Python310\lib\site-packages\starlette\_exception_handler.py", line 42, in wrapped_app
    await app(scope, receive, sender)
  File "C:\Users\81026\AppData\Local\Programs\Python\Python310\lib\site-packages\fastapi\routing.py", line 101, in app
    response = await f(request)
  File "C:\Users\81026\AppData\Local\Programs\Python\Python310\lib\site-packages\fastapi\routing.py", line 355, in app
    raw_response = await run_endpoint_function(
  File "C:\Users\81026\AppData\Local\Programs\Python\Python310\lib\site-packages\fastapi\routing.py", line 243, in run_endpoint_function
    return await dependant.call(**values)
  File "D:\code\BugSeek\backend\app\api\v1\endpoints.py", line 768, in search_endpoints
    endpoints = query.order_by(ApiEndpoint.id.desc()).all()
  File "C:\Users\81026\AppData\Local\Programs\Python\Python310\lib\site-packages\sqlalchemy\orm\query.py", line 2704, in all
    return self._iter().all()  # type: ignore
  File "C:\Users\81026\AppData\Local\Programs\Python\Python310\lib\site-packages\sqlalchemy\orm\query.py", line 2857, in _iter
    result: Union[ScalarResult[_T], Result[_T]] = self.session.execute(
  File "C:\Users\81026\AppData\Local\Programs\Python\Python310\lib\site-packages\sqlalchemy\orm\session.py", line 2351, in execute
    return self._execute_internal(
  File "C:\Users\81026\AppData\Local\Programs\Python\Python310\lib\site-packages\sqlalchemy\orm\session.py", line 2249, in _execute_internal
    result: Result[Any] = compile_state_cls.orm_execute_statement(
  File "C:\Users\81026\AppData\Local\Programs\Python\Python310\lib\site-packages\sqlalchemy\orm\context.py", line 306, in orm_execute_statement
    result = conn.execute(
  File "C:\Users\81026\AppData\Local\Programs\Python\Python310\lib\site-packages\sqlalchemy\engine\base.py", line 1419, in execute
    return meth(
  File "C:\Users\81026\AppData\Local\Programs\Python\Python310\lib\site-packages\sqlalchemy\sql\elements.py", line 527, in _execute_on_connection
    return connection._execute_clauseelement(
  File "C:\Users\81026\AppData\Local\Programs\Python\Python310\lib\site-packages\sqlalchemy\engine\base.py", line 1641, in _execute_clauseelement
    ret = self._execute_context(
  File "C:\Users\81026\AppData\Local\Programs\Python\Python310\lib\site-packages\sqlalchemy\engine\base.py", line 1846, in _execute_context
    return self._exec_single_context(
  File "C:\Users\81026\AppData\Local\Programs\Python\Python310\lib\site-packages\sqlalchemy\engine\base.py", line 1986, in _exec_single_context
    self._handle_dbapi_exception(
  File "C:\Users\81026\AppData\Local\Programs\Python\Python310\lib\site-packages\sqlalchemy\engine\base.py", line 2363, in _handle_dbapi_exception
    raise sqlalchemy_exception.with_traceback(exc_info[2]) from e
  File "C:\Users\81026\AppData\Local\Programs\Python\Python310\lib\site-packages\sqlalchemy\engine\base.py", line 1967, in _exec_single_context
    self.dialect.do_execute(
  File "C:\Users\81026\AppData\Local\Programs\Python\Python310\lib\site-packages\sqlalchemy\engine\default.py", line 952, in do_execute
    cursor.execute(statement, parameters)
sqlalchemy.exc.ProgrammingError: (psycopg2.errors.UndefinedFunction) operator does not exist: json @> unknown
LINE 3: ..._endpoints.version_id = 4 AND (api_endpoints.tags @> '["user...
                                                             ^
HINT:  No operator matches the given name and argument types. You might need to add explicit type casts.

[SQL: SELECT api_endpoints.id AS api_endpoints_id, api_endpoints.project_id AS api_endpoints_project_id, api_endpoints.document_id AS api_endpoints_document_id, api_endpoints.path AS api_endpoints_path, api_endpoints.method AS api_endpoints_method, api_endpoints.summary AS api_endpoints_summary, api_endpoints.description AS api_endpoints_description, api_endpoints.request_schema AS api_endpoints_request_schema, api_endpoints.response_schema AS api_endpoints_response_schema, api_endpoints.tags AS api_endpoints_tags, api_endpoints.group_id AS api_endpoints_group_id, api_endpoints.created_at AS api_endpoints_created_at, api_endpoints.updated_at AS api_endpoints_updated_at 
FROM api_endpoints JOIN version_endpoints ON api_endpoints.id = version_endpoints.endpoint_id LEFT OUTER JOIN api_endpoint_groups ON api_endpoint_groups.id = api_endpoints.group_id 
WHERE api_endpoints.project_id = %(project_id_1)s AND version_endpoints.version_id = %(version_id_1)s AND (api_endpoints.tags @> %(tags_1)s) ORDER BY api_endpoints.id DESC]
[parameters: {'project_id_1': 2, 'version_id_1': 4, 'tags_1': '["user"]'}]
(Background on this error at: https://sqlalche.me/e/20/f405)
2026-01-23 17:51:10 | INFO | [3e824d6b841f48279060ccfdb59209a4] | app.api.v1.endpoints | [3e824d6b841f48279060ccfdb59209a4] 高级搜索: user=admin, keyword=api, methods=[], tags=[], group_id=None
2026-01-23 17:51:10 | INFO | [3e824d6b841f48279060ccfdb59209a4] | app.api.v1.endpoints | [3e824d6b841f48279060ccfdb59209a4] 高级搜索结果: 找到 644 个接口
2026-01-23 17:51:16 | INFO | [c1c74c846b194a548ffe7bbbdcb043e8] | app.api.v1.endpoints | [c1c74c846b194a548ffe7bbbdcb043e8] 高级搜索: user=admin, keyword=user, methods=[], tags=[], group_id=None
2026-01-23 17:51:16 | INFO | [c1c74c846b194a548ffe7bbbdcb043e8] | app.api.v1.endpoints | [c1c74c846b194a548ffe7bbbdcb043e8] 高级搜索结果: 找到 59 个接口
2026-01-23 17:51:20 | INFO | [a48e7ec657ad4d6596742a94d8bdb137] | app.api.v1.endpoints | [a48e7ec657ad4d6596742a94d8bdb137] 查询接口列表: skip=50, limit=10, user=admin, project_id=2, version_id=4
2026-01-23 17:51:20 | INFO | [a48e7ec657ad4d6596742a94d8bdb137] | app.api.v1.endpoints | [a48e7ec657ad4d6596742a94d8bdb137] 查询到 10 个接口，total=644
2026-01-23 17:51:20 | ERROR | [4c33fefb9d9047fb8fdf3e06220db1fe] | app.dependencies | 数据库会话异常: 1 validation error:
  {'type': 'int_parsing', 'loc': ('path', 'endpoint_id'), 'msg': 'Input should be a valid integer, unable to parse string as an integer', 'input': 'groups'}

  File "D:\code\BugSeek\backend\app\api\v1\endpoints.py", line 237, in get_endpoint
    GET /api/v1/api-integration/endpoints/{endpoint_id}
Traceback (most recent call last):
  File "D:\code\BugSeek\backend\app\dependencies.py", line 19, in get_db
    yield db
  File "C:\Users\81026\AppData\Local\Programs\Python\Python310\lib\site-packages\fastapi\concurrency.py", line 29, in contextmanager_in_threadpool
    yield await run_in_threadpool(cm.__enter__)
  File "C:\Users\81026\AppData\Local\Programs\Python\Python310\lib\site-packages\fastapi\routing.py", line 101, in app
    response = await f(request)
  File "C:\Users\81026\AppData\Local\Programs\Python\Python310\lib\site-packages\fastapi\routing.py", line 397, in app
    raise validation_error
fastapi.exceptions.RequestValidationError: 1 validation error:
  {'type': 'int_parsing', 'loc': ('path', 'endpoint_id'), 'msg': 'Input should be a valid integer, unable to parse string as an integer', 'input': 'groups'}

  File "D:\code\BugSeek\backend\app\api\v1\endpoints.py", line 237, in get_endpoint
    GET /api/v1/api-integration/endpoints/{endpoint_id}
2026-01-23 17:51:23 | INFO | [260ac85b64de4fdbaeedc59ce9c0d7ef] | app.api.v1.endpoints | [260ac85b64de4fdbaeedc59ce9c0d7ef] 查询接口列表: skip=0, limit=10, user=admin, project_id=2, version_id=4
2026-01-23 17:51:23 | INFO | [260ac85b64de4fdbaeedc59ce9c0d7ef] | app.api.v1.endpoints | [260ac85b64de4fdbaeedc59ce9c0d7ef] 查询到 10 个接口，total=644
2026-01-23 17:51:23 | ERROR | [1ca4c5828e904d80baf5204e64a6b7ad] | app.dependencies | 数据库会话异常: 1 validation error:
  {'type': 'int_parsing', 'loc': ('path', 'endpoint_id'), 'msg': 'Input should be a valid integer, unable to parse string as an integer', 'input': 'groups'}

  File "D:\code\BugSeek\backend\app\api\v1\endpoints.py", line 237, in get_endpoint
    GET /api/v1/api-integration/endpoints/{endpoint_id}
Traceback (most recent call last):
  File "D:\code\BugSeek\backend\app\dependencies.py", line 19, in get_db
    yield db
  File "C:\Users\81026\AppData\Local\Programs\Python\Python310\lib\site-packages\fastapi\concurrency.py", line 29, in contextmanager_in_threadpool
    yield await run_in_threadpool(cm.__enter__)
  File "C:\Users\81026\AppData\Local\Programs\Python\Python310\lib\site-packages\fastapi\routing.py", line 101, in app
    response = await f(request)
  File "C:\Users\81026\AppData\Local\Programs\Python\Python310\lib\site-packages\fastapi\routing.py", line 397, in app
    raise validation_error
fastapi.exceptions.RequestValidationError: 1 validation error:
  {'type': 'int_parsing', 'loc': ('path', 'endpoint_id'), 'msg': 'Input should be a valid integer, unable to parse string as an integer', 'input': 'groups'}

  File "D:\code\BugSeek\backend\app\api\v1\endpoints.py", line 237, in get_endpoint
    GET /api/v1/api-integration/endpoints/{endpoint_id}
2026-01-23 17:51:33 | INFO | [6fcb46c25d7c42b2a31ad9331251ce44] | app.api.v1.api_integration | 获取文档列表: skip=0, limit=100, user=admin, project_id=2, version_id=4
2026-01-23 17:51:33 | INFO | [6fcb46c25d7c42b2a31ad9331251ce44] | app.api.v1.api_integration | 查询到 1 个文档，total=1
2026-01-23 17:51:33 | INFO | [5f9d6c626a1e45db92947eebb9561dce] | app.api.v1.api_integration | 获取文档列表: skip=0, limit=100, user=admin, project_id=2, version_id=4
2026-01-23 17:51:33 | INFO | [5f9d6c626a1e45db92947eebb9561dce] | app.api.v1.api_integration | 查询到 1 个文档，total=1
2026-01-23 17:51:36 | INFO | [85e6b8cc75ff4061a0da63e3c74ad491] | app.parsers.base | 创建解析器: type=swagger, source_url=None
2026-01-23 17:51:40 | INFO | [85e6b8cc75ff4061a0da63e3c74ad491] | app.parsers.swagger | Swagger/OpenAPI 文档解析成功: title=InvenTree API, version=3.0.3, endpoints=644
2026-01-23 17:51:41 | ERROR | [85e6b8cc75ff4061a0da63e3c74ad491] | app.api.v1.api_integration | 解析文档时出错: document_id=5, error=(psycopg2.errors.NotNullViolation) null value in column "endpoint_id" of relation "version_endpoints" violates not-null constraint
DETAIL:  Failing row contains (1289, 4, null, 2026-01-23 09:51:41.21349, 2026-01-23 09:51:41.21349).

[SQL: INSERT INTO version_endpoints (version_id, endpoint_id, created_at, updated_at) SELECT p0::INTEGER, p1::INTEGER, p2::TIMESTAMP WITHOUT TIME ZONE, p3::TIMESTAMP WITHOUT TIME ZONE FROM (VALUES (%(version_id__0)s, %(endpoint_id__0)s, %(created_at__0)s,  ... 58661 characters truncated ...  p3, sen_counter) ORDER BY sen_counter RETURNING version_endpoints.id, version_endpoints.id AS id__1]
[parameters: {'endpoint_id__0': None, 'created_at__0': datetime.datetime(2026, 1, 23, 9, 51, 41, 213490, tzinfo=datetime.timezone.utc), 'version_id__0': 4, 'updated_at__0': datetime.datetime(2026, 1, 23, 9, 51, 41, 213490, tzinfo=datetime.timezone.utc), 'endpoint_id__1': None, 'created_at__1': datetime.datetime(2026, 1, 23, 9, 51, 41, 213490, tzinfo=datetime.timezone.utc), 'version_id__1': 4, 'updated_at__1': datetime.datetime(2026, 1, 23, 9, 51, 41, 213490, tzinfo=datetime.timezone.utc), 'endpoint_id__2': None, 'created_at__2': datetime.datetime(2026, 1, 23, 9, 51, 41, 213490, tzinfo=datetime.timezone.utc), 'version_id__2': 4, 'updated_at__2': datetime.datetime(2026, 1, 23, 9, 51, 41, 213490, tzinfo=datetime.timezone.utc), 'endpoint_id__3': None, 'created_at__3': datetime.datetime(2026, 1, 23, 9, 51, 41, 213490, tzinfo=datetime.timezone.utc), 'version_id__3': 4, 'updated_at__3': datetime.datetime(2026, 1, 23, 9, 51, 41, 213490, tzinfo=datetime.timezone.utc), 'endpoint_id__4': None, 'created_at__4': datetime.datetime(2026, 1, 23, 9, 51, 41, 213490, tzinfo=datetime.timezone.utc), 'version_id__4': 4, 'updated_at__4': datetime.datetime(2026, 1, 23, 9, 51, 41, 213490, tzinfo=datetime.timezone.utc), 'endpoint_id__5': None, 'created_at__5': datetime.datetime(2026, 1, 23, 9, 51, 41, 213490, tzinfo=datetime.timezone.utc), 'version_id__5': 4, 'updated_at__5': datetime.datetime(2026, 1, 23, 9, 51, 41, 213490, tzinfo=datetime.timezone.utc), 'endpoint_id__6': None, 'created_at__6': datetime.datetime(2026, 1, 23, 9, 51, 41, 213490, tzinfo=datetime.timezone.utc), 'version_id__6': 4, 'updated_at__6': datetime.datetime(2026, 1, 23, 9, 51, 41, 213490, tzinfo=datetime.timezone.utc), 'endpoint_id__7': None, 'created_at__7': datetime.datetime(2026, 1, 23, 9, 51, 41, 213490, tzinfo=datetime.timezone.utc), 'version_id__7': 4, 'updated_at__7': datetime.datetime(2026, 1, 23, 9, 51, 41, 213490, tzinfo=datetime.timezone.utc), 'endpoint_id__8': None, 'created_at__8': datetime.datetime(2026, 1, 23, 9, 51, 41, 213490, tzinfo=datetime.timezone.utc), 'version_id__8': 4, 'updated_at__8': datetime.datetime(2026, 1, 23, 9, 51, 41, 213490, tzinfo=datetime.timezone.utc), 'endpoint_id__9': None, 'created_at__9': datetime.datetime(2026, 1, 23, 9, 51, 41, 213490, tzinfo=datetime.timezone.utc), 'version_id__9': 4, 'updated_at__9': datetime.datetime(2026, 1, 23, 9, 51, 41, 213490, tzinfo=datetime.timezone.utc), 'endpoint_id__10': None, 'created_at__10': datetime.datetime(2026, 1, 23, 9, 51, 41, 213490, tzinfo=datetime.timezone.utc), 'version_id__10': 4, 'updated_at__10': datetime.datetime(2026, 1, 23, 9, 51, 41, 213490, tzinfo=datetime.timezone.utc), 'endpoint_id__11': None, 'created_at__11': datetime.datetime(2026, 1, 23, 9, 51, 41, 213490, tzinfo=datetime.timezone.utc), 'version_id__11': 4, 'updated_at__11': datetime.datetime(2026, 1, 23, 9, 51, 41, 213490, tzinfo=datetime.timezone.utc), 'endpoint_id__12': None, 'created_at__12': datetime.datetime(2026, 1, 23, 9, 51, 41, 213490, tzinfo=datetime.timezone.utc) ... 2476 parameters truncated ... 'version_id__631': 4, 'updated_at__631': datetime.datetime(2026, 1, 23, 9, 51, 41, 213490, tzinfo=datetime.timezone.utc), 'endpoint_id__632': None, 'created_at__632': datetime.datetime(2026, 1, 23, 9, 51, 41, 213490, tzinfo=datetime.timezone.utc), 'version_id__632': 4, 'updated_at__632': datetime.datetime(2026, 1, 23, 9, 51, 41, 213490, tzinfo=datetime.timezone.utc), 'endpoint_id__633': None, 'created_at__633': datetime.datetime(2026, 1, 23, 9, 51, 41, 213490, tzinfo=datetime.timezone.utc), 'version_id__633': 4, 'updated_at__633': datetime.datetime(2026, 1, 23, 9, 51, 41, 213490, tzinfo=datetime.timezone.utc), 'endpoint_id__634': None, 'created_at__634': datetime.datetime(2026, 1, 23, 9, 51, 41, 213490, tzinfo=datetime.timezone.utc), 'version_id__634': 4, 'updated_at__634': datetime.datetime(2026, 1, 23, 9, 51, 41, 213490, tzinfo=datetime.timezone.utc), 'endpoint_id__635': None, 'created_at__635': datetime.datetime(2026, 1, 23, 9, 51, 41, 213490, tzinfo=datetime.timezone.utc), 'version_id__635': 4, 'updated_at__635': datetime.datetime(2026, 1, 23, 9, 51, 41, 213490, tzinfo=datetime.timezone.utc), 'endpoint_id__636': None, 'created_at__636': datetime.datetime(2026, 1, 23, 9, 51, 41, 213490, tzinfo=datetime.timezone.utc), 'version_id__636': 4, 'updated_at__636': datetime.datetime(2026, 1, 23, 9, 51, 41, 213490, tzinfo=datetime.timezone.utc), 'endpoint_id__637': None, 'created_at__637': datetime.datetime(2026, 1, 23, 9, 51, 41, 213490, tzinfo=datetime.timezone.utc), 'version_id__637': 4, 'updated_at__637': datetime.datetime(2026, 1, 23, 9, 51, 41, 213490, tzinfo=datetime.timezone.utc), 'endpoint_id__638': None, 'created_at__638': datetime.datetime(2026, 1, 23, 9, 51, 41, 213490, tzinfo=datetime.timezone.utc), 'version_id__638': 4, 'updated_at__638': datetime.datetime(2026, 1, 23, 9, 51, 41, 213490, tzinfo=datetime.timezone.utc), 'endpoint_id__639': None, 'created_at__639': datetime.datetime(2026, 1, 23, 9, 51, 41, 213490, tzinfo=datetime.timezone.utc), 'version_id__639': 4, 'updated_at__639': datetime.datetime(2026, 1, 23, 9, 51, 41, 213490, tzinfo=datetime.timezone.utc), 'endpoint_id__640': None, 'created_at__640': datetime.datetime(2026, 1, 23, 9, 51, 41, 213490, tzinfo=datetime.timezone.utc), 'version_id__640': 4, 'updated_at__640': datetime.datetime(2026, 1, 23, 9, 51, 41, 213490, tzinfo=datetime.timezone.utc), 'endpoint_id__641': None, 'created_at__641': datetime.datetime(2026, 1, 23, 9, 51, 41, 213490, tzinfo=datetime.timezone.utc), 'version_id__641': 4, 'updated_at__641': datetime.datetime(2026, 1, 23, 9, 51, 41, 213490, tzinfo=datetime.timezone.utc), 'endpoint_id__642': None, 'created_at__642': datetime.datetime(2026, 1, 23, 9, 51, 41, 213490, tzinfo=datetime.timezone.utc), 'version_id__642': 4, 'updated_at__642': datetime.datetime(2026, 1, 23, 9, 51, 41, 213490, tzinfo=datetime.timezone.utc), 'endpoint_id__643': None, 'created_at__643': datetime.datetime(2026, 1, 23, 9, 51, 41, 213490, tzinfo=datetime.timezone.utc), 'version_id__643': 4, 'updated_at__643': datetime.datetime(2026, 1, 23, 9, 51, 41, 213490, tzinfo=datetime.timezone.utc)}]
(Background on this error at: https://sqlalche.me/e/20/gkpj)
2026-01-23 17:51:41 | ERROR | [85e6b8cc75ff4061a0da63e3c74ad491] | app.dependencies | 数据库会话异常: 500: 文档解析失败，请检查文档格式
Traceback (most recent call last):
  File "C:\Users\81026\AppData\Local\Programs\Python\Python310\lib\site-packages\sqlalchemy\engine\base.py", line 2125, in _exec_insertmany_context
    dialect.do_execute(
  File "C:\Users\81026\AppData\Local\Programs\Python\Python310\lib\site-packages\sqlalchemy\engine\default.py", line 952, in do_execute
    cursor.execute(statement, parameters)
psycopg2.errors.NotNullViolation: null value in column "endpoint_id" of relation "version_endpoints" violates not-null constraint
DETAIL:  Failing row contains (1289, 4, null, 2026-01-23 09:51:41.21349, 2026-01-23 09:51:41.21349).


The above exception was the direct cause of the following exception:

Traceback (most recent call last):
  File "D:\code\BugSeek\backend\app\api\v1\api_integration.py", line 342, in parse_document
    db.commit()
  File "C:\Users\81026\AppData\Local\Programs\Python\Python310\lib\site-packages\sqlalchemy\orm\session.py", line 2030, in commit
    trans.commit(_to_root=True)
  File "<string>", line 2, in commit
  File "C:\Users\81026\AppData\Local\Programs\Python\Python310\lib\site-packages\sqlalchemy\orm\state_changes.py", line 137, in _go
    ret_value = fn(self, *arg, **kw)
  File "C:\Users\81026\AppData\Local\Programs\Python\Python310\lib\site-packages\sqlalchemy\orm\session.py", line 1311, in commit
    self._prepare_impl()
  File "<string>", line 2, in _prepare_impl
  File "C:\Users\81026\AppData\Local\Programs\Python\Python310\lib\site-packages\sqlalchemy\orm\state_changes.py", line 137, in _go
    ret_value = fn(self, *arg, **kw)
  File "C:\Users\81026\AppData\Local\Programs\Python\Python310\lib\site-packages\sqlalchemy\orm\session.py", line 1286, in _prepare_impl
    self.session.flush()
  File "C:\Users\81026\AppData\Local\Programs\Python\Python310\lib\site-packages\sqlalchemy\orm\session.py", line 4331, in flush
    self._flush(objects)
  File "C:\Users\81026\AppData\Local\Programs\Python\Python310\lib\site-packages\sqlalchemy\orm\session.py", line 4466, in _flush
    with util.safe_reraise():
  File "C:\Users\81026\AppData\Local\Programs\Python\Python310\lib\site-packages\sqlalchemy\util\langhelpers.py", line 224, in __exit__
    raise exc_value.with_traceback(exc_tb)
  File "C:\Users\81026\AppData\Local\Programs\Python\Python310\lib\site-packages\sqlalchemy\orm\session.py", line 4427, in _flush
    flush_context.execute()
  File "C:\Users\81026\AppData\Local\Programs\Python\Python310\lib\site-packages\sqlalchemy\orm\unitofwork.py", line 466, in execute
    rec.execute(self)
  File "C:\Users\81026\AppData\Local\Programs\Python\Python310\lib\site-packages\sqlalchemy\orm\unitofwork.py", line 642, in execute
    util.preloaded.orm_persistence.save_obj(
  File "C:\Users\81026\AppData\Local\Programs\Python\Python310\lib\site-packages\sqlalchemy\orm\persistence.py", line 93, in save_obj
    _emit_insert_statements(
  File "C:\Users\81026\AppData\Local\Programs\Python\Python310\lib\site-packages\sqlalchemy\orm\persistence.py", line 1143, in _emit_insert_statements
    result = connection.execute(
  File "C:\Users\81026\AppData\Local\Programs\Python\Python310\lib\site-packages\sqlalchemy\engine\base.py", line 1419, in execute
    return meth(
  File "C:\Users\81026\AppData\Local\Programs\Python\Python310\lib\site-packages\sqlalchemy\sql\elements.py", line 527, in _execute_on_connection
    return connection._execute_clauseelement(
  File "C:\Users\81026\AppData\Local\Programs\Python\Python310\lib\site-packages\sqlalchemy\engine\base.py", line 1641, in _execute_clauseelement
    ret = self._execute_context(
  File "C:\Users\81026\AppData\Local\Programs\Python\Python310\lib\site-packages\sqlalchemy\engine\base.py", line 1844, in _execute_context
    return self._exec_insertmany_context(dialect, context)
  File "C:\Users\81026\AppData\Local\Programs\Python\Python310\lib\site-packages\sqlalchemy\engine\base.py", line 2133, in _exec_insertmany_context
    self._handle_dbapi_exception(
  File "C:\Users\81026\AppData\Local\Programs\Python\Python310\lib\site-packages\sqlalchemy\engine\base.py", line 2363, in _handle_dbapi_exception
    raise sqlalchemy_exception.with_traceback(exc_info[2]) from e
  File "C:\Users\81026\AppData\Local\Programs\Python\Python310\lib\site-packages\sqlalchemy\engine\base.py", line 2125, in _exec_insertmany_context
    dialect.do_execute(
  File "C:\Users\81026\AppData\Local\Programs\Python\Python310\lib\site-packages\sqlalchemy\engine\default.py", line 952, in do_execute
    cursor.execute(statement, parameters)
sqlalchemy.exc.IntegrityError: (psycopg2.errors.NotNullViolation) null value in column "endpoint_id" of relation "version_endpoints" violates not-null constraint
DETAIL:  Failing row contains (1289, 4, null, 2026-01-23 09:51:41.21349, 2026-01-23 09:51:41.21349).

[SQL: INSERT INTO version_endpoints (version_id, endpoint_id, created_at, updated_at) SELECT p0::INTEGER, p1::INTEGER, p2::TIMESTAMP WITHOUT TIME ZONE, p3::TIMESTAMP WITHOUT TIME ZONE FROM (VALUES (%(version_id__0)s, %(endpoint_id__0)s, %(created_at__0)s,  ... 58661 characters truncated ...  p3, sen_counter) ORDER BY sen_counter RETURNING version_endpoints.id, version_endpoints.id AS id__1]
[parameters: {'endpoint_id__0': None, 'created_at__0': datetime.datetime(2026, 1, 23, 9, 51, 41, 213490, tzinfo=datetime.timezone.utc), 'version_id__0': 4, 'updated_at__0': datetime.datetime(2026, 1, 23, 9, 51, 41, 213490, tzinfo=datetime.timezone.utc), 'endpoint_id__1': None, 'created_at__1': datetime.datetime(2026, 1, 23, 9, 51, 41, 213490, tzinfo=datetime.timezone.utc), 'version_id__1': 4, 'updated_at__1': datetime.datetime(2026, 1, 23, 9, 51, 41, 213490, tzinfo=datetime.timezone.utc), 'endpoint_id__2': None, 'created_at__2': datetime.datetime(2026, 1, 23, 9, 51, 41, 213490, tzinfo=datetime.timezone.utc), 'version_id__2': 4, 'updated_at__2': datetime.datetime(2026, 1, 23, 9, 51, 41, 213490, tzinfo=datetime.timezone.utc), 'endpoint_id__3': None, 'created_at__3': datetime.datetime(2026, 1, 23, 9, 51, 41, 213490, tzinfo=datetime.timezone.utc), 'version_id__3': 4, 'updated_at__3': datetime.datetime(2026, 1, 23, 9, 51, 41, 213490, tzinfo=datetime.timezone.utc), 'endpoint_id__4': None, 'created_at__4': datetime.datetime(2026, 1, 23, 9, 51, 41, 213490, tzinfo=datetime.timezone.utc), 'version_id__4': 4, 'updated_at__4': datetime.datetime(2026, 1, 23, 9, 51, 41, 213490, tzinfo=datetime.timezone.utc), 'endpoint_id__5': None, 'created_at__5': datetime.datetime(2026, 1, 23, 9, 51, 41, 213490, tzinfo=datetime.timezone.utc), 'version_id__5': 4, 'updated_at__5': datetime.datetime(2026, 1, 23, 9, 51, 41, 213490, tzinfo=datetime.timezone.utc), 'endpoint_id__6': None, 'created_at__6': datetime.datetime(2026, 1, 23, 9, 51, 41, 213490, tzinfo=datetime.timezone.utc), 'version_id__6': 4, 'updated_at__6': datetime.datetime(2026, 1, 23, 9, 51, 41, 213490, tzinfo=datetime.timezone.utc), 'endpoint_id__7': None, 'created_at__7': datetime.datetime(2026, 1, 23, 9, 51, 41, 213490, tzinfo=datetime.timezone.utc), 'version_id__7': 4, 'updated_at__7': datetime.datetime(2026, 1, 23, 9, 51, 41, 213490, tzinfo=datetime.timezone.utc), 'endpoint_id__8': None, 'created_at__8': datetime.datetime(2026, 1, 23, 9, 51, 41, 213490, tzinfo=datetime.timezone.utc), 'version_id__8': 4, 'updated_at__8': datetime.datetime(2026, 1, 23, 9, 51, 41, 213490, tzinfo=datetime.timezone.utc), 'endpoint_id__9': None, 'created_at__9': datetime.datetime(2026, 1, 23, 9, 51, 41, 213490, tzinfo=datetime.timezone.utc), 'version_id__9': 4, 'updated_at__9': datetime.datetime(2026, 1, 23, 9, 51, 41, 213490, tzinfo=datetime.timezone.utc), 'endpoint_id__10': None, 'created_at__10': datetime.datetime(2026, 1, 23, 9, 51, 41, 213490, tzinfo=datetime.timezone.utc), 'version_id__10': 4, 'updated_at__10': datetime.datetime(2026, 1, 23, 9, 51, 41, 213490, tzinfo=datetime.timezone.utc), 'endpoint_id__11': None, 'created_at__11': datetime.datetime(2026, 1, 23, 9, 51, 41, 213490, tzinfo=datetime.timezone.utc), 'version_id__11': 4, 'updated_at__11': datetime.datetime(2026, 1, 23, 9, 51, 41, 213490, tzinfo=datetime.timezone.utc), 'endpoint_id__12': None, 'created_at__12': datetime.datetime(2026, 1, 23, 9, 51, 41, 213490, tzinfo=datetime.timezone.utc) ... 2476 parameters truncated ... 'version_id__631': 4, 'updated_at__631': datetime.datetime(2026, 1, 23, 9, 51, 41, 213490, tzinfo=datetime.timezone.utc), 'endpoint_id__632': None, 'created_at__632': datetime.datetime(2026, 1, 23, 9, 51, 41, 213490, tzinfo=datetime.timezone.utc), 'version_id__632': 4, 'updated_at__632': datetime.datetime(2026, 1, 23, 9, 51, 41, 213490, tzinfo=datetime.timezone.utc), 'endpoint_id__633': None, 'created_at__633': datetime.datetime(2026, 1, 23, 9, 51, 41, 213490, tzinfo=datetime.timezone.utc), 'version_id__633': 4, 'updated_at__633': datetime.datetime(2026, 1, 23, 9, 51, 41, 213490, tzinfo=datetime.timezone.utc), 'endpoint_id__634': None, 'created_at__634': datetime.datetime(2026, 1, 23, 9, 51, 41, 213490, tzinfo=datetime.timezone.utc), 'version_id__634': 4, 'updated_at__634': datetime.datetime(2026, 1, 23, 9, 51, 41, 213490, tzinfo=datetime.timezone.utc), 'endpoint_id__635': None, 'created_at__635': datetime.datetime(2026, 1, 23, 9, 51, 41, 213490, tzinfo=datetime.timezone.utc), 'version_id__635': 4, 'updated_at__635': datetime.datetime(2026, 1, 23, 9, 51, 41, 213490, tzinfo=datetime.timezone.utc), 'endpoint_id__636': None, 'created_at__636': datetime.datetime(2026, 1, 23, 9, 51, 41, 213490, tzinfo=datetime.timezone.utc), 'version_id__636': 4, 'updated_at__636': datetime.datetime(2026, 1, 23, 9, 51, 41, 213490, tzinfo=datetime.timezone.utc), 'endpoint_id__637': None, 'created_at__637': datetime.datetime(2026, 1, 23, 9, 51, 41, 213490, tzinfo=datetime.timezone.utc), 'version_id__637': 4, 'updated_at__637': datetime.datetime(2026, 1, 23, 9, 51, 41, 213490, tzinfo=datetime.timezone.utc), 'endpoint_id__638': None, 'created_at__638': datetime.datetime(2026, 1, 23, 9, 51, 41, 213490, tzinfo=datetime.timezone.utc), 'version_id__638': 4, 'updated_at__638': datetime.datetime(2026, 1, 23, 9, 51, 41, 213490, tzinfo=datetime.timezone.utc), 'endpoint_id__639': None, 'created_at__639': datetime.datetime(2026, 1, 23, 9, 51, 41, 213490, tzinfo=datetime.timezone.utc), 'version_id__639': 4, 'updated_at__639': datetime.datetime(2026, 1, 23, 9, 51, 41, 213490, tzinfo=datetime.timezone.utc), 'endpoint_id__640': None, 'created_at__640': datetime.datetime(2026, 1, 23, 9, 51, 41, 213490, tzinfo=datetime.timezone.utc), 'version_id__640': 4, 'updated_at__640': datetime.datetime(2026, 1, 23, 9, 51, 41, 213490, tzinfo=datetime.timezone.utc), 'endpoint_id__641': None, 'created_at__641': datetime.datetime(2026, 1, 23, 9, 51, 41, 213490, tzinfo=datetime.timezone.utc), 'version_id__641': 4, 'updated_at__641': datetime.datetime(2026, 1, 23, 9, 51, 41, 213490, tzinfo=datetime.timezone.utc), 'endpoint_id__642': None, 'created_at__642': datetime.datetime(2026, 1, 23, 9, 51, 41, 213490, tzinfo=datetime.timezone.utc), 'version_id__642': 4, 'updated_at__642': datetime.datetime(2026, 1, 23, 9, 51, 41, 213490, tzinfo=datetime.timezone.utc), 'endpoint_id__643': None, 'created_at__643': datetime.datetime(2026, 1, 23, 9, 51, 41, 213490, tzinfo=datetime.timezone.utc), 'version_id__643': 4, 'updated_at__643': datetime.datetime(2026, 1, 23, 9, 51, 41, 213490, tzinfo=datetime.timezone.utc)}]
(Background on this error at: https://sqlalche.me/e/20/gkpj)

During handling of the above exception, another exception occurred:

Traceback (most recent call last):
  File "D:\code\BugSeek\backend\app\dependencies.py", line 19, in get_db
    yield db
  File "C:\Users\81026\AppData\Local\Programs\Python\Python310\lib\site-packages\fastapi\concurrency.py", line 29, in contextmanager_in_threadpool
    yield await run_in_threadpool(cm.__enter__)
  File "C:\Users\81026\AppData\Local\Programs\Python\Python310\lib\site-packages\fastapi\routing.py", line 101, in app
    response = await f(request)
  File "C:\Users\81026\AppData\Local\Programs\Python\Python310\lib\site-packages\fastapi\routing.py", line 355, in app
    raw_response = await run_endpoint_function(
  File "C:\Users\81026\AppData\Local\Programs\Python\Python310\lib\site-packages\fastapi\routing.py", line 243, in run_endpoint_function
    return await dependant.call(**values)
  File "D:\code\BugSeek\backend\app\core\rate_limit.py", line 67, in wrapper
    return await func(*args, **kwargs)
  File "D:\code\BugSeek\backend\app\api\v1\api_integration.py", line 357, in parse_document
    raise HTTPException(
fastapi.exceptions.HTTPException: 500: 文档解析失败，请检查文档格式
2026-01-23 17:51:41 | INFO | [f0435fe8b2134392bb97174178f8ac5d] | app.api.v1.endpoints | [f0435fe8b2134392bb97174178f8ac5d] 查询接口列表: skip=0, limit=10, user=admin, project_id=2, version_id=4
2026-01-23 17:51:41 | INFO | [f0435fe8b2134392bb97174178f8ac5d] | app.api.v1.endpoints | [f0435fe8b2134392bb97174178f8ac5d] 查询到 10 个接口，total=644
2026-01-23 17:51:41 | INFO | [79fe52d26cba4f81a7060fc6ce81f223] | app.api.v1.endpoints | [79fe52d26cba4f81a7060fc6ce81f223] 查询接口列表: skip=0, limit=10, user=admin, project_id=2, version_id=4
2026-01-23 17:51:41 | INFO | [79fe52d26cba4f81a7060fc6ce81f223] | app.api.v1.endpoints | [79fe52d26cba4f81a7060fc6ce81f223] 查询到 10 个接口，total=644
2026-01-23 17:51:41 | ERROR | [f16d094688a94da7bdb0ee983fdbd02f] | app.dependencies | 数据库会话异常: 1 validation error:
  {'type': 'int_parsing', 'loc': ('path', 'endpoint_id'), 'msg': 'Input should be a valid integer, unable to parse string as an integer', 'input': 'groups'}

  File "D:\code\BugSeek\backend\app\api\v1\endpoints.py", line 237, in get_endpoint
    GET /api/v1/api-integration/endpoints/{endpoint_id}
Traceback (most recent call last):
  File "D:\code\BugSeek\backend\app\dependencies.py", line 19, in get_db
    yield db
  File "C:\Users\81026\AppData\Local\Programs\Python\Python310\lib\site-packages\fastapi\concurrency.py", line 29, in contextmanager_in_threadpool
    yield await run_in_threadpool(cm.__enter__)
  File "C:\Users\81026\AppData\Local\Programs\Python\Python310\lib\site-packages\fastapi\routing.py", line 101, in app
    response = await f(request)
  File "C:\Users\81026\AppData\Local\Programs\Python\Python310\lib\site-packages\fastapi\routing.py", line 397, in app
    raise validation_error
fastapi.exceptions.RequestValidationError: 1 validation error:
  {'type': 'int_parsing', 'loc': ('path', 'endpoint_id'), 'msg': 'Input should be a valid integer, unable to parse string as an integer', 'input': 'groups'}

  File "D:\code\BugSeek\backend\app\api\v1\endpoints.py", line 237, in get_endpoint
    GET /api/v1/api-integration/endpoints/{endpoint_id}
2026-01-23 17:51:41 | ERROR | [b4cbafe74e4d4c7bb1ba11fd52cea7cb] | app.dependencies | 数据库会话异常: 1 validation error:
  {'type': 'int_parsing', 'loc': ('path', 'endpoint_id'), 'msg': 'Input should be a valid integer, unable to parse string as an integer', 'input': 'groups'}

  File "D:\code\BugSeek\backend\app\api\v1\endpoints.py", line 237, in get_endpoint
    GET /api/v1/api-integration/endpoints/{endpoint_id}
Traceback (most recent call last):
  File "D:\code\BugSeek\backend\app\dependencies.py", line 19, in get_db
    yield db
  File "C:\Users\81026\AppData\Local\Programs\Python\Python310\lib\site-packages\fastapi\concurrency.py", line 29, in contextmanager_in_threadpool
    yield await run_in_threadpool(cm.__enter__)
  File "C:\Users\81026\AppData\Local\Programs\Python\Python310\lib\site-packages\fastapi\routing.py", line 101, in app
    response = await f(request)
  File "C:\Users\81026\AppData\Local\Programs\Python\Python310\lib\site-packages\fastapi\routing.py", line 397, in app
    raise validation_error
fastapi.exceptions.RequestValidationError: 1 validation error:
  {'type': 'int_parsing', 'loc': ('path', 'endpoint_id'), 'msg': 'Input should be a valid integer, unable to parse string as an integer', 'input': 'groups'}

  File "D:\code\BugSeek\backend\app\api\v1\endpoints.py", line 237, in get_endpoint
    GET /api/v1/api-integration/endpoints/{endpoint_id}
2026-01-23 17:51:54 | INFO | [81bc004e8fae406f9e6f58743485bb33] | app.api.v1.api_integration | 获取文档列表: skip=0, limit=100, user=admin, project_id=2, version_id=4
2026-01-23 17:51:54 | INFO | [81bc004e8fae406f9e6f58743485bb33] | app.api.v1.api_integration | 查询到 1 个文档，total=1
2026-01-23 17:51:54 | INFO | [0dd25fcd54ae4f0b9439bf89fa0bc82e] | app.api.v1.api_integration | 获取文档列表: skip=0, limit=100, user=admin, project_id=2, version_id=4
2026-01-23 17:51:54 | INFO | [0dd25fcd54ae4f0b9439bf89fa0bc82e] | app.api.v1.api_integration | 查询到 1 个文档，total=1
2026-01-23 17:51:58 | INFO | [c23124e98c544271a1575efc12a994c9] | app.api.v1.endpoints | [c23124e98c544271a1575efc12a994c9] 查询接口列表: skip=0, limit=10, user=admin, project_id=2, version_id=4
2026-01-23 17:51:58 | INFO | [c23124e98c544271a1575efc12a994c9] | app.api.v1.endpoints | [c23124e98c544271a1575efc12a994c9] 查询到 10 个接口，total=644
2026-01-23 17:51:58 | ERROR | [a9283bab37484d7498735887c098d805] | app.dependencies | 数据库会话异常: 1 validation error:
  {'type': 'int_parsing', 'loc': ('path', 'endpoint_id'), 'msg': 'Input should be a valid integer, unable to parse string as an integer', 'input': 'groups'}

  File "D:\code\BugSeek\backend\app\api\v1\endpoints.py", line 237, in get_endpoint
    GET /api/v1/api-integration/endpoints/{endpoint_id}
Traceback (most recent call last):
  File "D:\code\BugSeek\backend\app\dependencies.py", line 19, in get_db
    yield db
  File "C:\Users\81026\AppData\Local\Programs\Python\Python310\lib\site-packages\fastapi\concurrency.py", line 29, in contextmanager_in_threadpool
    yield await run_in_threadpool(cm.__enter__)
  File "C:\Users\81026\AppData\Local\Programs\Python\Python310\lib\site-packages\fastapi\routing.py", line 101, in app
    response = await f(request)
  File "C:\Users\81026\AppData\Local\Programs\Python\Python310\lib\site-packages\fastapi\routing.py", line 397, in app
    raise validation_error
fastapi.exceptions.RequestValidationError: 1 validation error:
  {'type': 'int_parsing', 'loc': ('path', 'endpoint_id'), 'msg': 'Input should be a valid integer, unable to parse string as an integer', 'input': 'groups'}

  File "D:\code\BugSeek\backend\app\api\v1\endpoints.py", line 237, in get_endpoint
    GET /api/v1/api-integration/endpoints/{endpoint_id}
2026-01-23 17:51:58 | INFO | [039d44a5214849129c8c70c8b9698a89] | app.api.v1.endpoints | [039d44a5214849129c8c70c8b9698a89] 查询接口列表: skip=0, limit=10, user=admin, project_id=2, version_id=4
2026-01-23 17:51:58 | INFO | [039d44a5214849129c8c70c8b9698a89] | app.api.v1.endpoints | [039d44a5214849129c8c70c8b9698a89] 查询到 10 个接口，total=644
2026-01-23 17:51:58 | ERROR | [fd63c4eca4ea4533ba2bc421a6b6fafa] | app.dependencies | 数据库会话异常: 1 validation error:
  {'type': 'int_parsing', 'loc': ('path', 'endpoint_id'), 'msg': 'Input should be a valid integer, unable to parse string as an integer', 'input': 'groups'}

  File "D:\code\BugSeek\backend\app\api\v1\endpoints.py", line 237, in get_endpoint
    GET /api/v1/api-integration/endpoints/{endpoint_id}
Traceback (most recent call last):
  File "D:\code\BugSeek\backend\app\dependencies.py", line 19, in get_db
    yield db
  File "C:\Users\81026\AppData\Local\Programs\Python\Python310\lib\site-packages\fastapi\concurrency.py", line 29, in contextmanager_in_threadpool
    yield await run_in_threadpool(cm.__enter__)
  File "C:\Users\81026\AppData\Local\Programs\Python\Python310\lib\site-packages\fastapi\routing.py", line 101, in app
    response = await f(request)
  File "C:\Users\81026\AppData\Local\Programs\Python\Python310\lib\site-packages\fastapi\routing.py", line 397, in app
    raise validation_error
fastapi.exceptions.RequestValidationError: 1 validation error:
  {'type': 'int_parsing', 'loc': ('path', 'endpoint_id'), 'msg': 'Input should be a valid integer, unable to parse string as an integer', 'input': 'groups'}

  File "D:\code\BugSeek\backend\app\api\v1\endpoints.py", line 237, in get_endpoint
    GET /api/v1/api-integration/endpoints/{endpoint_id}
2026-01-23 17:57:46 | INFO | [d92694c95cf940cba7a959baa5f4eee5] | app.api.v1.api_integration | 获取文档列表: skip=0, limit=100, user=admin, project_id=2, version_id=4
2026-01-23 17:57:46 | INFO | [d92694c95cf940cba7a959baa5f4eee5] | app.api.v1.api_integration | 查询到 1 个文档，total=1
2026-01-23 17:57:46 | INFO | [4251ab160d9e454ca4697a1a9818d606] | app.api.v1.api_integration | 获取文档列表: skip=0, limit=100, user=admin, project_id=2, version_id=4
2026-01-23 17:57:46 | INFO | [4251ab160d9e454ca4697a1a9818d606] | app.api.v1.api_integration | 查询到 1 个文档，total=1
2026-01-23 17:57:50 | INFO | [88145841fc654dabb25e70ec6ed4afb8] | app.api.v1.endpoints | [88145841fc654dabb25e70ec6ed4afb8] 查询接口列表: skip=0, limit=10, user=admin, project_id=2, version_id=4
2026-01-23 17:57:50 | INFO | [88145841fc654dabb25e70ec6ed4afb8] | app.api.v1.endpoints | [88145841fc654dabb25e70ec6ed4afb8] 查询到 10 个接口，total=644
2026-01-23 17:57:50 | ERROR | [69a988d6a3284bcc85862468f4dd7bd0] | app.dependencies | 数据库会话异常: 1 validation error:
  {'type': 'int_parsing', 'loc': ('path', 'endpoint_id'), 'msg': 'Input should be a valid integer, unable to parse string as an integer', 'input': 'groups'}

  File "D:\code\BugSeek\backend\app\api\v1\endpoints.py", line 237, in get_endpoint
    GET /api/v1/api-integration/endpoints/{endpoint_id}
Traceback (most recent call last):
  File "D:\code\BugSeek\backend\app\dependencies.py", line 19, in get_db
    yield db
  File "C:\Users\81026\AppData\Local\Programs\Python\Python310\lib\site-packages\fastapi\concurrency.py", line 29, in contextmanager_in_threadpool
    yield await run_in_threadpool(cm.__enter__)
  File "C:\Users\81026\AppData\Local\Programs\Python\Python310\lib\site-packages\fastapi\routing.py", line 101, in app
    response = await f(request)
  File "C:\Users\81026\AppData\Local\Programs\Python\Python310\lib\site-packages\fastapi\routing.py", line 397, in app
    raise validation_error
fastapi.exceptions.RequestValidationError: 1 validation error:
  {'type': 'int_parsing', 'loc': ('path', 'endpoint_id'), 'msg': 'Input should be a valid integer, unable to parse string as an integer', 'input': 'groups'}

  File "D:\code\BugSeek\backend\app\api\v1\endpoints.py", line 237, in get_endpoint
    GET /api/v1/api-integration/endpoints/{endpoint_id}
2026-01-23 17:57:50 | INFO | [15defe35ef204c989de9ff847b95500f] | app.api.v1.endpoints | [15defe35ef204c989de9ff847b95500f] 查询接口列表: skip=0, limit=10, user=admin, project_id=2, version_id=4
2026-01-23 17:57:50 | INFO | [15defe35ef204c989de9ff847b95500f] | app.api.v1.endpoints | [15defe35ef204c989de9ff847b95500f] 查询到 10 个接口，total=644
2026-01-23 17:57:50 | ERROR | [23d7c56db4d44bf7adc5e8b80eb62ac8] | app.dependencies | 数据库会话异常: 1 validation error:
  {'type': 'int_parsing', 'loc': ('path', 'endpoint_id'), 'msg': 'Input should be a valid integer, unable to parse string as an integer', 'input': 'groups'}

  File "D:\code\BugSeek\backend\app\api\v1\endpoints.py", line 237, in get_endpoint
    GET /api/v1/api-integration/endpoints/{endpoint_id}
Traceback (most recent call last):
  File "D:\code\BugSeek\backend\app\dependencies.py", line 19, in get_db
    yield db
  File "C:\Users\81026\AppData\Local\Programs\Python\Python310\lib\site-packages\fastapi\concurrency.py", line 29, in contextmanager_in_threadpool
    yield await run_in_threadpool(cm.__enter__)
  File "C:\Users\81026\AppData\Local\Programs\Python\Python310\lib\site-packages\fastapi\routing.py", line 101, in app
    response = await f(request)
  File "C:\Users\81026\AppData\Local\Programs\Python\Python310\lib\site-packages\fastapi\routing.py", line 397, in app
    raise validation_error
fastapi.exceptions.RequestValidationError: 1 validation error:
  {'type': 'int_parsing', 'loc': ('path', 'endpoint_id'), 'msg': 'Input should be a valid integer, unable to parse string as an integer', 'input': 'groups'}

  File "D:\code\BugSeek\backend\app\api\v1\endpoints.py", line 237, in get_endpoint
    GET /api/v1/api-integration/endpoints/{endpoint_id}
2026-01-23 17:57:53 | INFO | [7f522ab2a16f4f2a83fa0c499594e888] | app.api.v1.api_integration | 获取文档列表: skip=0, limit=100, user=admin, project_id=2, version_id=4
2026-01-23 17:57:53 | INFO | [7f522ab2a16f4f2a83fa0c499594e888] | app.api.v1.api_integration | 查询到 1 个文档，total=1
2026-01-23 17:57:53 | INFO | [029b9b6d741f433b87b7cf44e56131f3] | app.api.v1.api_integration | 获取文档列表: skip=0, limit=100, user=admin, project_id=2, version_id=4
2026-01-23 17:57:53 | INFO | [029b9b6d741f433b87b7cf44e56131f3] | app.api.v1.api_integration | 查询到 1 个文档，total=1
2026-01-23 17:57:55 | INFO | [7e7b2df2487543c69d8e3d8f22645ff6] | app.api.v1.endpoints | [7e7b2df2487543c69d8e3d8f22645ff6] 查询接口列表: skip=0, limit=10, user=admin, project_id=2, version_id=4
2026-01-23 17:57:55 | INFO | [7e7b2df2487543c69d8e3d8f22645ff6] | app.api.v1.endpoints | [7e7b2df2487543c69d8e3d8f22645ff6] 查询到 10 个接口，total=644
2026-01-23 17:57:55 | INFO | [07028c94080247619fbd825137f74a1e] | app.api.v1.endpoints | [07028c94080247619fbd825137f74a1e] 查询接口列表: skip=0, limit=10, user=admin, project_id=2, version_id=4
2026-01-23 17:57:55 | INFO | [07028c94080247619fbd825137f74a1e] | app.api.v1.endpoints | [07028c94080247619fbd825137f74a1e] 查询到 10 个接口，total=644
2026-01-23 17:57:55 | ERROR | [8b8d5652a1a64f36b655297e7b095e9a] | app.dependencies | 数据库会话异常: 1 validation error:
  {'type': 'int_parsing', 'loc': ('path', 'endpoint_id'), 'msg': 'Input should be a valid integer, unable to parse string as an integer', 'input': 'groups'}

  File "D:\code\BugSeek\backend\app\api\v1\endpoints.py", line 237, in get_endpoint
    GET /api/v1/api-integration/endpoints/{endpoint_id}
Traceback (most recent call last):
  File "D:\code\BugSeek\backend\app\dependencies.py", line 19, in get_db
    yield db
  File "C:\Users\81026\AppData\Local\Programs\Python\Python310\lib\site-packages\fastapi\concurrency.py", line 29, in contextmanager_in_threadpool
    yield await run_in_threadpool(cm.__enter__)
  File "C:\Users\81026\AppData\Local\Programs\Python\Python310\lib\site-packages\fastapi\routing.py", line 101, in app
    response = await f(request)
  File "C:\Users\81026\AppData\Local\Programs\Python\Python310\lib\site-packages\fastapi\routing.py", line 397, in app
    raise validation_error
fastapi.exceptions.RequestValidationError: 1 validation error:
  {'type': 'int_parsing', 'loc': ('path', 'endpoint_id'), 'msg': 'Input should be a valid integer, unable to parse string as an integer', 'input': 'groups'}

  File "D:\code\BugSeek\backend\app\api\v1\endpoints.py", line 237, in get_endpoint
    GET /api/v1/api-integration/endpoints/{endpoint_id}
2026-01-23 17:57:55 | ERROR | [5c8cc490d0864724aa35b4e868c7bb0a] | app.dependencies | 数据库会话异常: 1 validation error:
  {'type': 'int_parsing', 'loc': ('path', 'endpoint_id'), 'msg': 'Input should be a valid integer, unable to parse string as an integer', 'input': 'groups'}

  File "D:\code\BugSeek\backend\app\api\v1\endpoints.py", line 237, in get_endpoint
    GET /api/v1/api-integration/endpoints/{endpoint_id}
Traceback (most recent call last):
  File "D:\code\BugSeek\backend\app\dependencies.py", line 19, in get_db
    yield db
  File "C:\Users\81026\AppData\Local\Programs\Python\Python310\lib\site-packages\fastapi\concurrency.py", line 29, in contextmanager_in_threadpool
    yield await run_in_threadpool(cm.__enter__)
  File "C:\Users\81026\AppData\Local\Programs\Python\Python310\lib\site-packages\fastapi\routing.py", line 101, in app
    response = await f(request)
  File "C:\Users\81026\AppData\Local\Programs\Python\Python310\lib\site-packages\fastapi\routing.py", line 397, in app
    raise validation_error
fastapi.exceptions.RequestValidationError: 1 validation error:
  {'type': 'int_parsing', 'loc': ('path', 'endpoint_id'), 'msg': 'Input should be a valid integer, unable to parse string as an integer', 'input': 'groups'}

  File "D:\code\BugSeek\backend\app\api\v1\endpoints.py", line 237, in get_endpoint
    GET /api/v1/api-integration/endpoints/{endpoint_id}
