2026-03-11 08:19:08 | INFO | [a049a4b5e8c24673a5e485029ee3ee74] | root | 日志系统初始化完成
2026-03-11 08:19:09 | INFO | [a049a4b5e8c24673a5e485029ee3ee74] | app.main | 应用启动事件执行中...
2026-03-11 08:19:09 | INFO | [a049a4b5e8c24673a5e485029ee3ee74] | app.main | Celery 实例: bugseek
2026-03-11 08:19:09 | INFO | [a049a4b5e8c24673a5e485029ee3ee74] | app.main | Broker URL: redis://127.0.0.1:6380/0
2026-03-11 08:19:09 | INFO | [a049a4b5e8c24673a5e485029ee3ee74] | app.main | Result Backend: redis://127.0.0.1:6380/1
2026-03-11 08:19:09 | INFO | [a049a4b5e8c24673a5e485029ee3ee74] | app.main | 字段映射任务已注册: app.celery.tasks.execute_field_mapping_task
2026-03-11 08:19:09 | INFO | [a049a4b5e8c24673a5e485029ee3ee74] | app.main | 开始预热向量索引...
2026-03-11 08:19:09 | INFO | [a049a4b5e8c24673a5e485029ee3ee74] | app.main | 应用启动事件执行完成
2026-03-11 08:19:09 | INFO | [a049a4b5e8c24673a5e485029ee3ee74] | app.main | 提示: 请确保 Celery Worker 正在运行
2026-03-11 08:19:09 | INFO | [a049a4b5e8c24673a5e485029ee3ee74] | app.main | 启动命令: celery -A app.celery_config worker --loglevel=info --pool=solo
2026-03-11 08:19:09 | INFO | [a049a4b5e8c24673a5e485029ee3ee74] | app.utils.vector_index | VectorIndexManager 单例初始化完成
2026-03-11 08:19:09 | INFO | [a049a4b5e8c24673a5e485029ee3ee74] | app.utils.vector_index | [a049a4b5e8c24673a5e485029ee3ee74] 从缓存加载向量索引成功: 289 个列
2026-03-11 08:19:09 | INFO | [a049a4b5e8c24673a5e485029ee3ee74] | app.utils.vector_index | VectorIndexManager 缓存加载成功: 289 个列
2026-03-11 08:19:09 | INFO | [a049a4b5e8c24673a5e485029ee3ee74] | app.main | 向量索引已从缓存加载
2026-03-11 08:19:39 | INFO | [bb12ec0f7e70435188d62419557f680f] | app.api.v1.projects | [bb12ec0f7e70435188d62419557f680f] 用户 admin 获取项目列表: page=1, page_size=100
2026-03-11 08:19:39 | INFO | [bb12ec0f7e70435188d62419557f680f] | app.api.v1.projects | [bb12ec0f7e70435188d62419557f680f] 获取项目列表成功: total=3
2026-03-11 08:19:39 | INFO | [1d06b288704f40579ed09a752bda650a] | app.api.v1.versions | [1d06b288704f40579ed09a752bda650a] 查询版本列表: project_id=1, page=1, page_size=100, user=admin
2026-03-11 08:19:39 | INFO | [dc10c5d89c3640deb97c273ce635d4d0] | app.api.v1.projects | [dc10c5d89c3640deb97c273ce635d4d0] 用户 admin 获取项目列表: page=1, page_size=100
2026-03-11 08:19:39 | INFO | [dc10c5d89c3640deb97c273ce635d4d0] | app.api.v1.projects | [dc10c5d89c3640deb97c273ce635d4d0] 获取项目列表成功: total=3
2026-03-11 08:19:39 | INFO | [35d3740148fd4bc79199b3f3d6483e03] | app.api.v1.versions | [35d3740148fd4bc79199b3f3d6483e03] 查询版本列表: project_id=1, page=1, page_size=100, user=admin
2026-03-11 08:19:39 | INFO | [1fd53f602ea440ed886e6388b6708585] | app.dependencies | 连接池状态 - 大小: 20, 溢出: -18, 已检出: 1, 空闲: 19, 统计 - 创建: 4, 检出: 10, 检入: 8, 溢出: 0, 错误: 0, 最大并发: 1
2026-03-11 08:19:39 | INFO | [1fd53f602ea440ed886e6388b6708585] | app.api.v1.projects | [1fd53f602ea440ed886e6388b6708585] 用户 admin 获取项目列表: page=1, page_size=100
2026-03-11 08:19:39 | INFO | [1fd53f602ea440ed886e6388b6708585] | app.api.v1.projects | [1fd53f602ea440ed886e6388b6708585] 获取项目列表成功: total=3
2026-03-11 08:19:39 | INFO | [628f1c57bf214fddbb9d4612b94f1441] | app.api.v1.projects | [628f1c57bf214fddbb9d4612b94f1441] 用户 admin 获取项目列表: page=1, page_size=100
2026-03-11 08:19:39 | INFO | [628f1c57bf214fddbb9d4612b94f1441] | app.api.v1.projects | [628f1c57bf214fddbb9d4612b94f1441] 获取项目列表成功: total=3
2026-03-11 08:20:30 | INFO | [79edd025ac59471ebe74a45d790e09b5] | app.api.v1.api_definitions | [79edd025ac59471ebe74a45d790e09b5] 查询 API 定义列表: skip=0, limit=20, user=admin, project_id=1, version_id=1
2026-03-11 08:20:30 | INFO | [64d59f60227b401291827955690c1db0] | app.api.v1.api_definitions | [64d59f60227b401291827955690c1db0] 查询 API 定义列表: skip=0, limit=20, user=admin, project_id=1, version_id=1
2026-03-11 08:20:30 | INFO | [9786eb8b87cc46a68c42cb942c4cee58] | app.api.v1.api_definitions | [9786eb8b87cc46a68c42cb942c4cee58] 查询 API 定义列表: skip=0, limit=20, user=admin, project_id=1, version_id=1
2026-03-11 08:20:34 | INFO | [35056122e6f5453d91c9908e2c75ec73] | app.dependencies | 连接池状态 - 大小: 20, 溢出: -18, 已检出: 1, 空闲: 19, 统计 - 创建: 4, 检出: 20, 检入: 18, 溢出: 0, 错误: 0, 最大并发: 1
2026-03-11 08:20:34 | INFO | [35056122e6f5453d91c9908e2c75ec73] | app.api.v1.api_cases | [35056122e6f5453d91c9908e2c75ec73] 查询 API 用例列表: skip=0, limit=20, user=admin, project_id=1
2026-03-11 08:20:34 | INFO | [f4b76f8550f541ad96de96d9543915cb] | app.api.v1.api_definitions | [f4b76f8550f541ad96de96d9543915cb] 查询 API 定义列表: skip=0, limit=200, user=admin, project_id=1, version_id=1
2026-03-11 08:20:34 | INFO | [5781f0a6e6d240179756b26cb33e1abb] | app.api.v1.environments | [5781f0a6e6d240179756b26cb33e1abb] 用户 admin 获取环境列表: project_id=1
2026-03-11 08:20:34 | INFO | [5781f0a6e6d240179756b26cb33e1abb] | app.api.v1.environments | [5781f0a6e6d240179756b26cb33e1abb] 用户 admin 查看环境 项目 InvenTree (id=1) 的环境
2026-03-11 08:20:34 | INFO | [5781f0a6e6d240179756b26cb33e1abb] | app.api.v1.environments | [5781f0a6e6d240179756b26cb33e1abb] 获取环境列表成功: total=2
2026-03-11 08:20:34 | INFO | [79140e8ac2e1495bb015da50ee187d32] | app.api.v1.api_cases | [79140e8ac2e1495bb015da50ee187d32] 查询 API 用例列表: skip=0, limit=20, user=admin, project_id=1
2026-03-11 08:20:34 | INFO | [a0fa5dc16e4b4dec93cbc3197c18aaa9] | app.api.v1.api_definitions | [a0fa5dc16e4b4dec93cbc3197c18aaa9] 查询 API 定义列表: skip=0, limit=200, user=admin, project_id=1, version_id=1
2026-03-11 08:20:34 | INFO | [53eeb2708ab341e09637112ee4c4d88d] | app.dependencies | 连接池状态 - 大小: 20, 溢出: -17, 已检出: 2, 空闲: 18, 统计 - 创建: 6, 检出: 30, 检入: 26, 溢出: 0, 错误: 0, 最大并发: 2
2026-03-11 08:20:35 | INFO | [53eeb2708ab341e09637112ee4c4d88d] | app.api.v1.environments | [53eeb2708ab341e09637112ee4c4d88d] 用户 admin 获取环境列表: project_id=1
2026-03-11 08:20:35 | INFO | [53eeb2708ab341e09637112ee4c4d88d] | app.api.v1.environments | [53eeb2708ab341e09637112ee4c4d88d] 用户 admin 查看环境 项目 InvenTree (id=1) 的环境
2026-03-11 08:20:35 | INFO | [53eeb2708ab341e09637112ee4c4d88d] | app.api.v1.environments | [53eeb2708ab341e09637112ee4c4d88d] 获取环境列表成功: total=2
2026-03-11 08:20:41 | INFO | [f12f77ab26cb4ebbb9f90bba797de9c4] | app.api.v1.projects | [f12f77ab26cb4ebbb9f90bba797de9c4] 用户 admin 获取项目列表: page=1, page_size=100
2026-03-11 08:20:41 | INFO | [f12f77ab26cb4ebbb9f90bba797de9c4] | app.api.v1.projects | [f12f77ab26cb4ebbb9f90bba797de9c4] 获取项目列表成功: total=3
2026-03-11 08:20:41 | INFO | [37683f96743f46ea845e7864489f444b] | app.api.v1.versions | [37683f96743f46ea845e7864489f444b] 查询版本列表: project_id=1, page=1, page_size=100, user=admin
2026-03-11 08:20:41 | INFO | [26e6628f58804687b1c070a3a0b5eeec] | app.api.v1.projects | [26e6628f58804687b1c070a3a0b5eeec] 用户 admin 获取项目列表: page=1, page_size=100
2026-03-11 08:20:41 | INFO | [26e6628f58804687b1c070a3a0b5eeec] | app.api.v1.projects | [26e6628f58804687b1c070a3a0b5eeec] 获取项目列表成功: total=3
2026-03-11 08:20:41 | INFO | [913f39023f3c4e149f9cbf43a7370b04] | app.api.v1.versions | [913f39023f3c4e149f9cbf43a7370b04] 查询版本列表: project_id=1, page=1, page_size=100, user=admin
2026-03-11 08:20:41 | INFO | [8cfdbf57413a4bb4add491f6b2660a95] | app.dependencies | 连接池状态 - 大小: 20, 溢出: -17, 已检出: 1, 空闲: 19, 统计 - 创建: 6, 检出: 40, 检入: 38, 溢出: 0, 错误: 0, 最大并发: 2
2026-03-11 08:20:41 | INFO | [8cfdbf57413a4bb4add491f6b2660a95] | app.api.v1.projects | [8cfdbf57413a4bb4add491f6b2660a95] 用户 admin 获取项目列表: page=1, page_size=100
2026-03-11 08:20:41 | INFO | [8cfdbf57413a4bb4add491f6b2660a95] | app.api.v1.projects | [8cfdbf57413a4bb4add491f6b2660a95] 获取项目列表成功: total=3
2026-03-11 08:20:41 | INFO | [9fe3d096a29a40dcb55e580dcb81679f] | app.api.v1.projects | [9fe3d096a29a40dcb55e580dcb81679f] 用户 admin 获取项目列表: page=1, page_size=100
2026-03-11 08:20:41 | INFO | [9fe3d096a29a40dcb55e580dcb81679f] | app.api.v1.projects | [9fe3d096a29a40dcb55e580dcb81679f] 获取项目列表成功: total=3
2026-03-11 08:20:53 | INFO | [799531fc119946c6b71f3a716fd4fbc2] | app.api.v1.projects | [799531fc119946c6b71f3a716fd4fbc2] 用户 admin 获取项目列表: page=1, page_size=10
2026-03-11 08:20:53 | INFO | [799531fc119946c6b71f3a716fd4fbc2] | app.api.v1.projects | [799531fc119946c6b71f3a716fd4fbc2] 获取项目列表成功: total=3
2026-03-11 08:20:53 | INFO | [33f95c6a00d343eeb0fc5686ebe11957] | app.api.v1.projects | [33f95c6a00d343eeb0fc5686ebe11957] 用户 admin 获取项目列表: page=1, page_size=10
2026-03-11 08:20:53 | INFO | [33f95c6a00d343eeb0fc5686ebe11957] | app.api.v1.projects | [33f95c6a00d343eeb0fc5686ebe11957] 获取项目列表成功: total=3
2026-03-11 08:20:56 | INFO | [f301abea4e3d487385de46b9f3b7b7b3] | app.api.v1.environments | [f301abea4e3d487385de46b9f3b7b7b3] 用户 admin 获取环境列表: project_id=5, page=1, page_size=100
2026-03-11 08:20:56 | INFO | [f301abea4e3d487385de46b9f3b7b7b3] | app.api.v1.environments | [f301abea4e3d487385de46b9f3b7b7b3] 用户 admin 查看环境 项目 Test Project (id=5) 的环境
2026-03-11 08:20:56 | INFO | [f301abea4e3d487385de46b9f3b7b7b3] | app.api.v1.environments | [f301abea4e3d487385de46b9f3b7b7b3] 获取环境列表成功: total=0
2026-03-11 08:21:03 | INFO | [3df9266222fe445199acfad06f5954a9] | app.dependencies | 连接池状态 - 大小: 20, 溢出: -17, 已检出: 1, 空闲: 19, 统计 - 创建: 6, 检出: 50, 检入: 48, 溢出: 0, 错误: 0, 最大并发: 2
2026-03-11 08:21:03 | INFO | [3df9266222fe445199acfad06f5954a9] | app.api.v1.environments | [3df9266222fe445199acfad06f5954a9] 用户 admin 获取环境列表: project_id=5, page=1, page_size=100
2026-03-11 08:21:03 | INFO | [3df9266222fe445199acfad06f5954a9] | app.api.v1.environments | [3df9266222fe445199acfad06f5954a9] 用户 admin 查看环境 项目 Test Project (id=5) 的环境
2026-03-11 08:21:03 | INFO | [3df9266222fe445199acfad06f5954a9] | app.api.v1.environments | [3df9266222fe445199acfad06f5954a9] 获取环境列表成功: total=0
2026-03-11 08:21:07 | INFO | [7b97e664a9a140faa77bf7ca36e63e45] | app.api.v1.environments | [7b97e664a9a140faa77bf7ca36e63e45] 用户 admin 创建环境请求: project_id=5, name=1
2026-03-11 08:21:07 | INFO | [7b97e664a9a140faa77bf7ca36e63e45] | app.api.v1.environments | [7b97e664a9a140faa77bf7ca36e63e45] 用户 admin 创建环境 项目 Test Project (id=5) 的环境
2026-03-11 08:21:08 | INFO | [7b97e664a9a140faa77bf7ca36e63e45] | app.api.v1.environments | [7b97e664a9a140faa77bf7ca36e63e45] 环境创建成功: environment_id=5
2026-03-11 08:21:08 | INFO | [52717a2185f2419d833faebf0b424f4f] | app.api.v1.projects | [52717a2185f2419d833faebf0b424f4f] 用户 admin 获取项目详情: project_id=5
2026-03-11 08:21:08 | INFO | [52717a2185f2419d833faebf0b424f4f] | app.api.v1.projects | [52717a2185f2419d833faebf0b424f4f] 用户 admin 查看 项目 Test Project (id=5)
2026-03-11 08:21:08 | INFO | [52717a2185f2419d833faebf0b424f4f] | app.api.v1.projects | [52717a2185f2419d833faebf0b424f4f] 获取项目详情成功: project_id=5, environments_count=1
2026-03-11 08:21:08 | INFO | [6da01adce8054a84a94d965be9bb4ef6] | app.api.v1.environments | [6da01adce8054a84a94d965be9bb4ef6] 用户 admin 获取环境列表: project_id=5, page=1, page_size=100
2026-03-11 08:21:08 | INFO | [6da01adce8054a84a94d965be9bb4ef6] | app.api.v1.environments | [6da01adce8054a84a94d965be9bb4ef6] 用户 admin 查看环境 项目 Test Project (id=5) 的环境
2026-03-11 08:21:08 | INFO | [6da01adce8054a84a94d965be9bb4ef6] | app.api.v1.environments | [6da01adce8054a84a94d965be9bb4ef6] 获取环境列表成功: total=1
2026-03-11 08:21:19 | INFO | [8495d5bc6dba4bf19c5bdcd39861fecc] | app.dependencies | 连接池状态 - 大小: 20, 溢出: -17, 已检出: 1, 空闲: 19, 统计 - 创建: 6, 检出: 60, 检入: 58, 溢出: 0, 错误: 0, 最大并发: 2
2026-03-11 08:21:19 | INFO | [8495d5bc6dba4bf19c5bdcd39861fecc] | app.api.v1.projects | [8495d5bc6dba4bf19c5bdcd39861fecc] 用户 admin 删除项目: project_id=5
2026-03-11 08:21:19 | INFO | [8495d5bc6dba4bf19c5bdcd39861fecc] | app.api.v1.projects | [8495d5bc6dba4bf19c5bdcd39861fecc] 用户 admin 删除 项目 Test Project (id=5)
2026-03-11 08:21:19 | INFO | [8495d5bc6dba4bf19c5bdcd39861fecc] | app.api.v1.projects | [8495d5bc6dba4bf19c5bdcd39861fecc] 项目删除成功: project_id=5
2026-03-11 08:21:19 | INFO | [97333eb0ebf648988a3ff66523724e0c] | app.api.v1.projects | [97333eb0ebf648988a3ff66523724e0c] 用户 admin 获取项目列表: page=1, page_size=10
2026-03-11 08:21:19 | INFO | [97333eb0ebf648988a3ff66523724e0c] | app.api.v1.projects | [97333eb0ebf648988a3ff66523724e0c] 获取项目列表成功: total=2
2026-03-11 08:21:21 | INFO | [9f73d4a6413f42c390fc7d473064b28c] | app.api.v1.projects | [9f73d4a6413f42c390fc7d473064b28c] 用户 admin 获取项目详情: project_id=1
2026-03-11 08:21:21 | INFO | [9f73d4a6413f42c390fc7d473064b28c] | app.api.v1.projects | [9f73d4a6413f42c390fc7d473064b28c] 用户 admin 查看 项目 InvenTree (id=1)
2026-03-11 08:21:21 | INFO | [9f73d4a6413f42c390fc7d473064b28c] | app.api.v1.projects | [9f73d4a6413f42c390fc7d473064b28c] 获取项目详情成功: project_id=1, environments_count=2
2026-03-11 08:21:21 | INFO | [78531ce9182e43cdb7a347071a931bec] | app.api.v1.versions | [78531ce9182e43cdb7a347071a931bec] 查询版本列表: project_id=1, page=1, page_size=10, user=admin
2026-03-11 08:21:21 | INFO | [3dd7df73a084489586d1250f43105f6c] | app.api.v1.projects | [3dd7df73a084489586d1250f43105f6c] 用户 admin 获取项目详情: project_id=1
2026-03-11 08:21:21 | INFO | [3dd7df73a084489586d1250f43105f6c] | app.api.v1.projects | [3dd7df73a084489586d1250f43105f6c] 用户 admin 查看 项目 InvenTree (id=1)
2026-03-11 08:21:21 | INFO | [3dd7df73a084489586d1250f43105f6c] | app.api.v1.projects | [3dd7df73a084489586d1250f43105f6c] 获取项目详情成功: project_id=1, environments_count=2
2026-03-11 08:21:21 | INFO | [0c2c8015146948aeb23bcbd43bc4f5ee] | app.dependencies | 连接池状态 - 大小: 20, 溢出: -17, 已检出: 1, 空闲: 19, 统计 - 创建: 6, 检出: 70, 检入: 68, 溢出: 0, 错误: 0, 最大并发: 2
2026-03-11 08:21:21 | INFO | [0c2c8015146948aeb23bcbd43bc4f5ee] | app.api.v1.versions | [0c2c8015146948aeb23bcbd43bc4f5ee] 查询版本列表: project_id=1, page=1, page_size=10, user=admin
2026-03-11 08:21:29 | INFO | [1c569c9baaf14818997754adb475b4f9] | app.api.v1.db_schemas | [1c569c9baaf14818997754adb475b4f9] 查询数据库结构列表: project_id=1, version_id=1
2026-03-11 08:21:29 | INFO | [0d93a4fa0e984f60ab966a94d881ce57] | app.api.v1.db_schemas | [0d93a4fa0e984f60ab966a94d881ce57] 查询数据库结构列表: project_id=1, version_id=1
2026-03-11 08:21:37 | INFO | [adc17afe8f3b4bbbb28b83cc8c87858c] | app.api.v1.db_schemas | [adc17afe8f3b4bbbb28b83cc8c87858c] 获取数据库结构详情: id=4
2026-03-11 08:21:44 | INFO | [65686b9953d647728fee607805f21ce8] | app.api.v1.db_schemas | [65686b9953d647728fee607805f21ce8] 查询数据库结构列表: project_id=1, version_id=1
2026-03-11 08:21:44 | INFO | [5810f1af5625446f825daef7d4da1ff6] | app.dependencies | 连接池状态 - 大小: 20, 溢出: -17, 已检出: 2, 空闲: 18, 统计 - 创建: 6, 检出: 80, 检入: 76, 溢出: 0, 错误: 0, 最大并发: 2
2026-03-11 08:21:44 | INFO | [5810f1af5625446f825daef7d4da1ff6] | app.api.v1.field_mappings_async | [5810f1af5625446f825daef7d4da1ff6] 查询任务列表: task_type=field_mapping_suggest, project_id=1, version_id=None, status_filter=None, limit=20, offset=0
2026-03-11 08:21:44 | INFO | [5810f1af5625446f825daef7d4da1ff6] | app.api.v1.field_mappings_async | [5810f1af5625446f825daef7d4da1ff6] 查询任务列表完成: total=1, returned=1
2026-03-11 08:21:44 | INFO | [feb7d459d2aa4ec1879f2f3e792663e5] | app.api.v1.field_mappings | [feb7d459d2aa4ec1879f2f3e792663e5] 查询字段映射列表: project_id=1, version_id=1
2026-03-11 08:21:44 | INFO | [255f3b97d855462fb8693b54246e3e7f] | app.api.v1.db_schemas | [255f3b97d855462fb8693b54246e3e7f] 查询数据库结构列表: project_id=1, version_id=1
2026-03-11 08:21:44 | INFO | [3a27e3dc9f2a4ef9bd2f97abc799e17a] | app.api.v1.field_mappings_async | [3a27e3dc9f2a4ef9bd2f97abc799e17a] 查询任务列表: task_type=field_mapping_suggest, project_id=1, version_id=None, status_filter=None, limit=20, offset=0
2026-03-11 08:21:44 | INFO | [3a27e3dc9f2a4ef9bd2f97abc799e17a] | app.api.v1.field_mappings_async | [3a27e3dc9f2a4ef9bd2f97abc799e17a] 查询任务列表完成: total=1, returned=1
2026-03-11 08:21:44 | INFO | [fabfab997ad94f11991721ccb11a6781] | app.api.v1.field_mappings_async | [fabfab997ad94f11991721ccb11a6781] 获取字段映射建议结果: task_id=8, status_filter=None, search=None, page=1, size=20
2026-03-11 08:21:44 | INFO | [0b2b158de0a44c889d221f9a12d6eb6b] | app.dependencies | 连接池状态 - 大小: 20, 溢出: -17, 已检出: 3, 空闲: 17, 统计 - 创建: 6, 检出: 90, 检入: 84, 溢出: 0, 错误: 0, 最大并发: 3
2026-03-11 08:21:44 | INFO | [0b2b158de0a44c889d221f9a12d6eb6b] | app.api.v1.field_mappings | [0b2b158de0a44c889d221f9a12d6eb6b] 查询字段映射列表: project_id=1, version_id=1
2026-03-11 08:21:44 | INFO | [a4d15963aa0b4184bfb1c482947163aa] | app.api.v1.field_mappings_async | [a4d15963aa0b4184bfb1c482947163aa] 获取字段映射建议结果: task_id=8, status_filter=None, search=None, page=1, size=20
2026-03-11 08:25:09 | INFO | [2dd9554d4093486ab915e9ba9a413027] | app.api.v1.projects | [2dd9554d4093486ab915e9ba9a413027] 用户 admin 获取项目列表: page=1, page_size=100
2026-03-11 08:25:09 | INFO | [2dd9554d4093486ab915e9ba9a413027] | app.api.v1.projects | [2dd9554d4093486ab915e9ba9a413027] 获取项目列表成功: total=2
2026-03-11 08:25:09 | INFO | [a903443d92c444ccbff7d3c300b99b5b] | app.api.v1.sync_tasks | [a903443d92c444ccbff7d3c300b99b5b] 查询同步任务列表: skip=0, limit=20, user=admin, project_id=1
2026-03-11 08:25:09 | INFO | [93f00dd704994e1f8e3f1ec225786375] | app.api.v1.versions | [93f00dd704994e1f8e3f1ec225786375] 查询版本列表: project_id=1, page=1, page_size=100, user=admin
2026-03-11 08:25:09 | ERROR | [a903443d92c444ccbff7d3c300b99b5b] | app.dependencies | 数据库会话异常: (psycopg2.errors.UndefinedColumn) column sync_tasks.celery_task_id does not exist
LINE 2: ...ersion, sync_tasks.task_id AS sync_tasks_task_id, sync_tasks...
                                                             ^

[SQL: SELECT count(*) AS count_1 
FROM (SELECT sync_tasks.id AS sync_tasks_id, sync_tasks.project_id AS sync_tasks_project_id, sync_tasks.version_id AS sync_tasks_version_id, sync_tasks.name AS sync_tasks_name, sync_tasks.source_type AS sync_tasks_source_type, sync_tasks.source_url AS sync_tasks_source_url, sync_tasks.source_version AS sync_tasks_source_version, sync_tasks.task_id AS sync_tasks_task_id, sync_tasks.celery_task_id AS sync_tasks_celery_task_id, sync_tasks.status AS sync_tasks_status, sync_tasks.progress AS sync_tasks_progress, sync_tasks.total_count AS sync_tasks_total_count, sync_tasks.added_count AS sync_tasks_added_count, sync_tasks.updated_count AS sync_tasks_updated_count, sync_tasks.deleted_count AS sync_tasks_deleted_count, sync_tasks.conflict_count AS sync_tasks_conflict_count, sync_tasks.error_message AS sync_tasks_error_message, sync_tasks.execution_log AS sync_tasks_execution_log, sync_tasks.diff_data AS sync_tasks_diff_data, sync_tasks.impact_analysis AS sync_tasks_impact_analysis, sync_tasks.fix_data AS sync_tasks_fix_data, sync_tasks.started_at AS sync_tasks_started_at, sync_tasks.completed_at AS sync_tasks_completed_at, sync_tasks.created_by AS sync_tasks_created_by, sync_tasks.created_at AS sync_tasks_created_at, sync_tasks.updated_at AS sync_tasks_updated_at 
FROM sync_tasks 
WHERE sync_tasks.project_id = %(project_id_1)s) AS anon_1]
[parameters: {'project_id_1': 1}]
(Background on this error at: https://sqlalche.me/e/20/f405)
Traceback (most recent call last):
  File "C:\Users\81026\AppData\Local\Programs\Python\Python310\lib\site-packages\sqlalchemy\engine\base.py", line 1967, in _exec_single_context
    self.dialect.do_execute(
  File "C:\Users\81026\AppData\Local\Programs\Python\Python310\lib\site-packages\sqlalchemy\engine\default.py", line 952, in do_execute
    cursor.execute(statement, parameters)
psycopg2.errors.UndefinedColumn: column sync_tasks.celery_task_id does not exist
LINE 2: ...ersion, sync_tasks.task_id AS sync_tasks_task_id, sync_tasks...
                                                             ^


The above exception was the direct cause of the following exception:

Traceback (most recent call last):
  File "D:\code\BugSeek\backend\app\dependencies.py", line 196, in get_db
    yield db
  File "C:\Users\81026\AppData\Local\Programs\Python\Python310\lib\site-packages\fastapi\concurrency.py", line 29, in contextmanager_in_threadpool
    yield await run_in_threadpool(cm.__enter__)
  File "C:\Users\81026\AppData\Local\Programs\Python\Python310\lib\site-packages\fastapi\routing.py", line 101, in app
    response = await f(request)
  File "C:\Users\81026\AppData\Local\Programs\Python\Python310\lib\site-packages\fastapi\routing.py", line 355, in app
    raw_response = await run_endpoint_function(
  File "C:\Users\81026\AppData\Local\Programs\Python\Python310\lib\site-packages\fastapi\routing.py", line 243, in run_endpoint_function
    return await dependant.call(**values)
  File "D:\code\BugSeek\backend\app\api\v1\sync_tasks.py", line 217, in get_sync_tasks
    total = query.count()
  File "C:\Users\81026\AppData\Local\Programs\Python\Python310\lib\site-packages\sqlalchemy\orm\query.py", line 3146, in count
    self._legacy_from_self(col).enable_eagerloads(False).scalar()
  File "C:\Users\81026\AppData\Local\Programs\Python\Python310\lib\site-packages\sqlalchemy\orm\query.py", line 2835, in scalar
    ret = self.one()
  File "C:\Users\81026\AppData\Local\Programs\Python\Python310\lib\site-packages\sqlalchemy\orm\query.py", line 2808, in one
    return self._iter().one()  # type: ignore
  File "C:\Users\81026\AppData\Local\Programs\Python\Python310\lib\site-packages\sqlalchemy\orm\query.py", line 2857, in _iter
    result: Union[ScalarResult[_T], Result[_T]] = self.session.execute(
  File "C:\Users\81026\AppData\Local\Programs\Python\Python310\lib\site-packages\sqlalchemy\orm\session.py", line 2351, in execute
    return self._execute_internal(
  File "C:\Users\81026\AppData\Local\Programs\Python\Python310\lib\site-packages\sqlalchemy\orm\session.py", line 2249, in _execute_internal
    result: Result[Any] = compile_state_cls.orm_execute_statement(
  File "C:\Users\81026\AppData\Local\Programs\Python\Python310\lib\site-packages\sqlalchemy\orm\context.py", line 306, in orm_execute_statement
    result = conn.execute(
  File "C:\Users\81026\AppData\Local\Programs\Python\Python310\lib\site-packages\sqlalchemy\engine\base.py", line 1419, in execute
    return meth(
  File "C:\Users\81026\AppData\Local\Programs\Python\Python310\lib\site-packages\sqlalchemy\sql\elements.py", line 527, in _execute_on_connection
    return connection._execute_clauseelement(
  File "C:\Users\81026\AppData\Local\Programs\Python\Python310\lib\site-packages\sqlalchemy\engine\base.py", line 1641, in _execute_clauseelement
    ret = self._execute_context(
  File "C:\Users\81026\AppData\Local\Programs\Python\Python310\lib\site-packages\sqlalchemy\engine\base.py", line 1846, in _execute_context
    return self._exec_single_context(
  File "C:\Users\81026\AppData\Local\Programs\Python\Python310\lib\site-packages\sqlalchemy\engine\base.py", line 1986, in _exec_single_context
    self._handle_dbapi_exception(
  File "C:\Users\81026\AppData\Local\Programs\Python\Python310\lib\site-packages\sqlalchemy\engine\base.py", line 2363, in _handle_dbapi_exception
    raise sqlalchemy_exception.with_traceback(exc_info[2]) from e
  File "C:\Users\81026\AppData\Local\Programs\Python\Python310\lib\site-packages\sqlalchemy\engine\base.py", line 1967, in _exec_single_context
    self.dialect.do_execute(
  File "C:\Users\81026\AppData\Local\Programs\Python\Python310\lib\site-packages\sqlalchemy\engine\default.py", line 952, in do_execute
    cursor.execute(statement, parameters)
sqlalchemy.exc.ProgrammingError: (psycopg2.errors.UndefinedColumn) column sync_tasks.celery_task_id does not exist
LINE 2: ...ersion, sync_tasks.task_id AS sync_tasks_task_id, sync_tasks...
                                                             ^

[SQL: SELECT count(*) AS count_1 
FROM (SELECT sync_tasks.id AS sync_tasks_id, sync_tasks.project_id AS sync_tasks_project_id, sync_tasks.version_id AS sync_tasks_version_id, sync_tasks.name AS sync_tasks_name, sync_tasks.source_type AS sync_tasks_source_type, sync_tasks.source_url AS sync_tasks_source_url, sync_tasks.source_version AS sync_tasks_source_version, sync_tasks.task_id AS sync_tasks_task_id, sync_tasks.celery_task_id AS sync_tasks_celery_task_id, sync_tasks.status AS sync_tasks_status, sync_tasks.progress AS sync_tasks_progress, sync_tasks.total_count AS sync_tasks_total_count, sync_tasks.added_count AS sync_tasks_added_count, sync_tasks.updated_count AS sync_tasks_updated_count, sync_tasks.deleted_count AS sync_tasks_deleted_count, sync_tasks.conflict_count AS sync_tasks_conflict_count, sync_tasks.error_message AS sync_tasks_error_message, sync_tasks.execution_log AS sync_tasks_execution_log, sync_tasks.diff_data AS sync_tasks_diff_data, sync_tasks.impact_analysis AS sync_tasks_impact_analysis, sync_tasks.fix_data AS sync_tasks_fix_data, sync_tasks.started_at AS sync_tasks_started_at, sync_tasks.completed_at AS sync_tasks_completed_at, sync_tasks.created_by AS sync_tasks_created_by, sync_tasks.created_at AS sync_tasks_created_at, sync_tasks.updated_at AS sync_tasks_updated_at 
FROM sync_tasks 
WHERE sync_tasks.project_id = %(project_id_1)s) AS anon_1]
[parameters: {'project_id_1': 1}]
(Background on this error at: https://sqlalche.me/e/20/f405)
2026-03-11 08:25:09 | INFO | [665e7030b43147a883f466a86027144f] | app.dependencies | 连接池状态 - 大小: 20, 溢出: -17, 已检出: 2, 空闲: 18, 统计 - 创建: 6, 检出: 100, 检入: 96, 溢出: 0, 错误: 0, 最大并发: 3
2026-03-11 08:25:09 | INFO | [665e7030b43147a883f466a86027144f] | app.api.v1.projects | [665e7030b43147a883f466a86027144f] 用户 admin 获取项目列表: page=1, page_size=100
2026-03-11 08:25:09 | INFO | [665e7030b43147a883f466a86027144f] | app.api.v1.projects | [665e7030b43147a883f466a86027144f] 获取项目列表成功: total=2
2026-03-11 08:25:09 | ERROR | [a903443d92c444ccbff7d3c300b99b5b] | app.main | 未捕获的异常: (psycopg2.errors.UndefinedColumn) column sync_tasks.celery_task_id does not exist
LINE 2: ...ersion, sync_tasks.task_id AS sync_tasks_task_id, sync_tasks...
                                                             ^

[SQL: SELECT count(*) AS count_1 
FROM (SELECT sync_tasks.id AS sync_tasks_id, sync_tasks.project_id AS sync_tasks_project_id, sync_tasks.version_id AS sync_tasks_version_id, sync_tasks.name AS sync_tasks_name, sync_tasks.source_type AS sync_tasks_source_type, sync_tasks.source_url AS sync_tasks_source_url, sync_tasks.source_version AS sync_tasks_source_version, sync_tasks.task_id AS sync_tasks_task_id, sync_tasks.celery_task_id AS sync_tasks_celery_task_id, sync_tasks.status AS sync_tasks_status, sync_tasks.progress AS sync_tasks_progress, sync_tasks.total_count AS sync_tasks_total_count, sync_tasks.added_count AS sync_tasks_added_count, sync_tasks.updated_count AS sync_tasks_updated_count, sync_tasks.deleted_count AS sync_tasks_deleted_count, sync_tasks.conflict_count AS sync_tasks_conflict_count, sync_tasks.error_message AS sync_tasks_error_message, sync_tasks.execution_log AS sync_tasks_execution_log, sync_tasks.diff_data AS sync_tasks_diff_data, sync_tasks.impact_analysis AS sync_tasks_impact_analysis, sync_tasks.fix_data AS sync_tasks_fix_data, sync_tasks.started_at AS sync_tasks_started_at, sync_tasks.completed_at AS sync_tasks_completed_at, sync_tasks.created_by AS sync_tasks_created_by, sync_tasks.created_at AS sync_tasks_created_at, sync_tasks.updated_at AS sync_tasks_updated_at 
FROM sync_tasks 
WHERE sync_tasks.project_id = %(project_id_1)s) AS anon_1]
[parameters: {'project_id_1': 1}]
(Background on this error at: https://sqlalche.me/e/20/f405) | 路径: /api/v1/sync-tasks | 方法: GET
Traceback (most recent call last):
  File "C:\Users\81026\AppData\Local\Programs\Python\Python310\lib\site-packages\sqlalchemy\engine\base.py", line 1967, in _exec_single_context
    self.dialect.do_execute(
  File "C:\Users\81026\AppData\Local\Programs\Python\Python310\lib\site-packages\sqlalchemy\engine\default.py", line 952, in do_execute
    cursor.execute(statement, parameters)
psycopg2.errors.UndefinedColumn: column sync_tasks.celery_task_id does not exist
LINE 2: ...ersion, sync_tasks.task_id AS sync_tasks_task_id, sync_tasks...
                                                             ^


The above exception was the direct cause of the following exception:

Traceback (most recent call last):
  File "C:\Users\81026\AppData\Local\Programs\Python\Python310\lib\site-packages\starlette\middleware\errors.py", line 164, in __call__
    await self.app(scope, receive, _send)
  File "C:\Users\81026\AppData\Local\Programs\Python\Python310\lib\site-packages\starlette\middleware\base.py", line 191, in __call__
    with recv_stream, send_stream, collapse_excgroups():
  File "C:\Users\81026\AppData\Local\Programs\Python\Python310\lib\contextlib.py", line 153, in __exit__
    self.gen.throw(typ, value, traceback)
  File "C:\Users\81026\AppData\Local\Programs\Python\Python310\lib\site-packages\starlette\_utils.py", line 85, in collapse_excgroups
    raise exc
  File "C:\Users\81026\AppData\Local\Programs\Python\Python310\lib\site-packages\starlette\middleware\base.py", line 193, in __call__
    response = await self.dispatch_func(request, call_next)
  File "D:\code\BugSeek\backend\app\main.py", line 45, in trace_id_middleware
    response = await call_next(request)
  File "C:\Users\81026\AppData\Local\Programs\Python\Python310\lib\site-packages\starlette\middleware\base.py", line 168, in call_next
    raise app_exc from app_exc.__cause__ or app_exc.__context__
  File "C:\Users\81026\AppData\Local\Programs\Python\Python310\lib\site-packages\starlette\middleware\base.py", line 144, in coro
    await self.app(scope, receive_or_disconnect, send_no_error)
  File "C:\Users\81026\AppData\Local\Programs\Python\Python310\lib\site-packages\starlette\middleware\cors.py", line 85, in __call__
    await self.app(scope, receive, send)
  File "C:\Users\81026\AppData\Local\Programs\Python\Python310\lib\site-packages\starlette\middleware\exceptions.py", line 63, in __call__
    await wrap_app_handling_exceptions(self.app, conn)(scope, receive, send)
  File "C:\Users\81026\AppData\Local\Programs\Python\Python310\lib\site-packages\starlette\_exception_handler.py", line 53, in wrapped_app
    raise exc
  File "C:\Users\81026\AppData\Local\Programs\Python\Python310\lib\site-packages\starlette\_exception_handler.py", line 42, in wrapped_app
    await app(scope, receive, sender)
  File "C:\Users\81026\AppData\Local\Programs\Python\Python310\lib\site-packages\fastapi\middleware\asyncexitstack.py", line 18, in __call__
    await self.app(scope, receive, send)
  File "C:\Users\81026\AppData\Local\Programs\Python\Python310\lib\site-packages\starlette\routing.py", line 716, in __call__
    await self.middleware_stack(scope, receive, send)
  File "C:\Users\81026\AppData\Local\Programs\Python\Python310\lib\site-packages\starlette\routing.py", line 736, in app
    await route.handle(scope, receive, send)
  File "C:\Users\81026\AppData\Local\Programs\Python\Python310\lib\site-packages\starlette\routing.py", line 290, in handle
    await self.app(scope, receive, send)
  File "C:\Users\81026\AppData\Local\Programs\Python\Python310\lib\site-packages\fastapi\routing.py", line 115, in app
    await wrap_app_handling_exceptions(app, request)(scope, receive, send)
  File "C:\Users\81026\AppData\Local\Programs\Python\Python310\lib\site-packages\starlette\_exception_handler.py", line 53, in wrapped_app
    raise exc
  File "C:\Users\81026\AppData\Local\Programs\Python\Python310\lib\site-packages\starlette\_exception_handler.py", line 42, in wrapped_app
    await app(scope, receive, sender)
  File "C:\Users\81026\AppData\Local\Programs\Python\Python310\lib\site-packages\fastapi\routing.py", line 101, in app
    response = await f(request)
  File "C:\Users\81026\AppData\Local\Programs\Python\Python310\lib\site-packages\fastapi\routing.py", line 355, in app
    raw_response = await run_endpoint_function(
  File "C:\Users\81026\AppData\Local\Programs\Python\Python310\lib\site-packages\fastapi\routing.py", line 243, in run_endpoint_function
    return await dependant.call(**values)
  File "D:\code\BugSeek\backend\app\api\v1\sync_tasks.py", line 217, in get_sync_tasks
    total = query.count()
  File "C:\Users\81026\AppData\Local\Programs\Python\Python310\lib\site-packages\sqlalchemy\orm\query.py", line 3146, in count
    self._legacy_from_self(col).enable_eagerloads(False).scalar()
  File "C:\Users\81026\AppData\Local\Programs\Python\Python310\lib\site-packages\sqlalchemy\orm\query.py", line 2835, in scalar
    ret = self.one()
  File "C:\Users\81026\AppData\Local\Programs\Python\Python310\lib\site-packages\sqlalchemy\orm\query.py", line 2808, in one
    return self._iter().one()  # type: ignore
  File "C:\Users\81026\AppData\Local\Programs\Python\Python310\lib\site-packages\sqlalchemy\orm\query.py", line 2857, in _iter
    result: Union[ScalarResult[_T], Result[_T]] = self.session.execute(
  File "C:\Users\81026\AppData\Local\Programs\Python\Python310\lib\site-packages\sqlalchemy\orm\session.py", line 2351, in execute
    return self._execute_internal(
  File "C:\Users\81026\AppData\Local\Programs\Python\Python310\lib\site-packages\sqlalchemy\orm\session.py", line 2249, in _execute_internal
    result: Result[Any] = compile_state_cls.orm_execute_statement(
  File "C:\Users\81026\AppData\Local\Programs\Python\Python310\lib\site-packages\sqlalchemy\orm\context.py", line 306, in orm_execute_statement
    result = conn.execute(
  File "C:\Users\81026\AppData\Local\Programs\Python\Python310\lib\site-packages\sqlalchemy\engine\base.py", line 1419, in execute
    return meth(
  File "C:\Users\81026\AppData\Local\Programs\Python\Python310\lib\site-packages\sqlalchemy\sql\elements.py", line 527, in _execute_on_connection
    return connection._execute_clauseelement(
  File "C:\Users\81026\AppData\Local\Programs\Python\Python310\lib\site-packages\sqlalchemy\engine\base.py", line 1641, in _execute_clauseelement
    ret = self._execute_context(
  File "C:\Users\81026\AppData\Local\Programs\Python\Python310\lib\site-packages\sqlalchemy\engine\base.py", line 1846, in _execute_context
    return self._exec_single_context(
  File "C:\Users\81026\AppData\Local\Programs\Python\Python310\lib\site-packages\sqlalchemy\engine\base.py", line 1986, in _exec_single_context
    self._handle_dbapi_exception(
  File "C:\Users\81026\AppData\Local\Programs\Python\Python310\lib\site-packages\sqlalchemy\engine\base.py", line 2363, in _handle_dbapi_exception
    raise sqlalchemy_exception.with_traceback(exc_info[2]) from e
  File "C:\Users\81026\AppData\Local\Programs\Python\Python310\lib\site-packages\sqlalchemy\engine\base.py", line 1967, in _exec_single_context
    self.dialect.do_execute(
  File "C:\Users\81026\AppData\Local\Programs\Python\Python310\lib\site-packages\sqlalchemy\engine\default.py", line 952, in do_execute
    cursor.execute(statement, parameters)
sqlalchemy.exc.ProgrammingError: (psycopg2.errors.UndefinedColumn) column sync_tasks.celery_task_id does not exist
LINE 2: ...ersion, sync_tasks.task_id AS sync_tasks_task_id, sync_tasks...
                                                             ^

[SQL: SELECT count(*) AS count_1 
FROM (SELECT sync_tasks.id AS sync_tasks_id, sync_tasks.project_id AS sync_tasks_project_id, sync_tasks.version_id AS sync_tasks_version_id, sync_tasks.name AS sync_tasks_name, sync_tasks.source_type AS sync_tasks_source_type, sync_tasks.source_url AS sync_tasks_source_url, sync_tasks.source_version AS sync_tasks_source_version, sync_tasks.task_id AS sync_tasks_task_id, sync_tasks.celery_task_id AS sync_tasks_celery_task_id, sync_tasks.status AS sync_tasks_status, sync_tasks.progress AS sync_tasks_progress, sync_tasks.total_count AS sync_tasks_total_count, sync_tasks.added_count AS sync_tasks_added_count, sync_tasks.updated_count AS sync_tasks_updated_count, sync_tasks.deleted_count AS sync_tasks_deleted_count, sync_tasks.conflict_count AS sync_tasks_conflict_count, sync_tasks.error_message AS sync_tasks_error_message, sync_tasks.execution_log AS sync_tasks_execution_log, sync_tasks.diff_data AS sync_tasks_diff_data, sync_tasks.impact_analysis AS sync_tasks_impact_analysis, sync_tasks.fix_data AS sync_tasks_fix_data, sync_tasks.started_at AS sync_tasks_started_at, sync_tasks.completed_at AS sync_tasks_completed_at, sync_tasks.created_by AS sync_tasks_created_by, sync_tasks.created_at AS sync_tasks_created_at, sync_tasks.updated_at AS sync_tasks_updated_at 
FROM sync_tasks 
WHERE sync_tasks.project_id = %(project_id_1)s) AS anon_1]
[parameters: {'project_id_1': 1}]
(Background on this error at: https://sqlalche.me/e/20/f405)
2026-03-11 08:25:10 | INFO | [f375bbe7c3f44b53851514dc990906f2] | app.api.v1.versions | [f375bbe7c3f44b53851514dc990906f2] 查询版本列表: project_id=1, page=1, page_size=100, user=admin
2026-03-11 08:25:10 | INFO | [71e4046a4d264570b5ffca603577f12b] | app.api.v1.projects | [71e4046a4d264570b5ffca603577f12b] 用户 admin 获取项目列表: page=1, page_size=100
2026-03-11 08:25:10 | INFO | [71e4046a4d264570b5ffca603577f12b] | app.api.v1.projects | [71e4046a4d264570b5ffca603577f12b] 获取项目列表成功: total=2
2026-03-11 08:25:10 | INFO | [1aef2cba317e4548b0f449452a5eb2c6] | app.api.v1.projects | [1aef2cba317e4548b0f449452a5eb2c6] 用户 admin 获取项目列表: page=1, page_size=100
2026-03-11 08:25:10 | INFO | [1aef2cba317e4548b0f449452a5eb2c6] | app.api.v1.projects | [1aef2cba317e4548b0f449452a5eb2c6] 获取项目列表成功: total=2
2026-03-11 08:25:10 | INFO | [0b744c1465274de2a91701856b72e065] | app.api.v1.sync_tasks | [0b744c1465274de2a91701856b72e065] 查询同步任务列表: skip=0, limit=20, user=admin, project_id=1
2026-03-11 08:25:10 | INFO | [d3e047563b0342b7b9956e69931c6e9b] | app.dependencies | 连接池状态 - 大小: 20, 溢出: -17, 已检出: 3, 空闲: 17, 统计 - 创建: 6, 检出: 110, 检入: 104, 溢出: 0, 错误: 0, 最大并发: 3
2026-03-11 08:25:10 | INFO | [d3e047563b0342b7b9956e69931c6e9b] | app.api.v1.versions | [d3e047563b0342b7b9956e69931c6e9b] 查询版本列表: project_id=1, page=1, page_size=100, user=admin
2026-03-11 08:25:10 | ERROR | [0b744c1465274de2a91701856b72e065] | app.dependencies | 数据库会话异常: (psycopg2.errors.UndefinedColumn) column sync_tasks.celery_task_id does not exist
LINE 2: ...ersion, sync_tasks.task_id AS sync_tasks_task_id, sync_tasks...
                                                             ^

[SQL: SELECT count(*) AS count_1 
FROM (SELECT sync_tasks.id AS sync_tasks_id, sync_tasks.project_id AS sync_tasks_project_id, sync_tasks.version_id AS sync_tasks_version_id, sync_tasks.name AS sync_tasks_name, sync_tasks.source_type AS sync_tasks_source_type, sync_tasks.source_url AS sync_tasks_source_url, sync_tasks.source_version AS sync_tasks_source_version, sync_tasks.task_id AS sync_tasks_task_id, sync_tasks.celery_task_id AS sync_tasks_celery_task_id, sync_tasks.status AS sync_tasks_status, sync_tasks.progress AS sync_tasks_progress, sync_tasks.total_count AS sync_tasks_total_count, sync_tasks.added_count AS sync_tasks_added_count, sync_tasks.updated_count AS sync_tasks_updated_count, sync_tasks.deleted_count AS sync_tasks_deleted_count, sync_tasks.conflict_count AS sync_tasks_conflict_count, sync_tasks.error_message AS sync_tasks_error_message, sync_tasks.execution_log AS sync_tasks_execution_log, sync_tasks.diff_data AS sync_tasks_diff_data, sync_tasks.impact_analysis AS sync_tasks_impact_analysis, sync_tasks.fix_data AS sync_tasks_fix_data, sync_tasks.started_at AS sync_tasks_started_at, sync_tasks.completed_at AS sync_tasks_completed_at, sync_tasks.created_by AS sync_tasks_created_by, sync_tasks.created_at AS sync_tasks_created_at, sync_tasks.updated_at AS sync_tasks_updated_at 
FROM sync_tasks 
WHERE sync_tasks.project_id = %(project_id_1)s) AS anon_1]
[parameters: {'project_id_1': 1}]
(Background on this error at: https://sqlalche.me/e/20/f405)
Traceback (most recent call last):
  File "C:\Users\81026\AppData\Local\Programs\Python\Python310\lib\site-packages\sqlalchemy\engine\base.py", line 1967, in _exec_single_context
    self.dialect.do_execute(
  File "C:\Users\81026\AppData\Local\Programs\Python\Python310\lib\site-packages\sqlalchemy\engine\default.py", line 952, in do_execute
    cursor.execute(statement, parameters)
psycopg2.errors.UndefinedColumn: column sync_tasks.celery_task_id does not exist
LINE 2: ...ersion, sync_tasks.task_id AS sync_tasks_task_id, sync_tasks...
                                                             ^


The above exception was the direct cause of the following exception:

Traceback (most recent call last):
  File "D:\code\BugSeek\backend\app\dependencies.py", line 196, in get_db
    yield db
  File "C:\Users\81026\AppData\Local\Programs\Python\Python310\lib\site-packages\fastapi\concurrency.py", line 29, in contextmanager_in_threadpool
    yield await run_in_threadpool(cm.__enter__)
  File "C:\Users\81026\AppData\Local\Programs\Python\Python310\lib\site-packages\fastapi\routing.py", line 101, in app
    response = await f(request)
  File "C:\Users\81026\AppData\Local\Programs\Python\Python310\lib\site-packages\fastapi\routing.py", line 355, in app
    raw_response = await run_endpoint_function(
  File "C:\Users\81026\AppData\Local\Programs\Python\Python310\lib\site-packages\fastapi\routing.py", line 243, in run_endpoint_function
    return await dependant.call(**values)
  File "D:\code\BugSeek\backend\app\api\v1\sync_tasks.py", line 217, in get_sync_tasks
    total = query.count()
  File "C:\Users\81026\AppData\Local\Programs\Python\Python310\lib\site-packages\sqlalchemy\orm\query.py", line 3146, in count
    self._legacy_from_self(col).enable_eagerloads(False).scalar()
  File "C:\Users\81026\AppData\Local\Programs\Python\Python310\lib\site-packages\sqlalchemy\orm\query.py", line 2835, in scalar
    ret = self.one()
  File "C:\Users\81026\AppData\Local\Programs\Python\Python310\lib\site-packages\sqlalchemy\orm\query.py", line 2808, in one
    return self._iter().one()  # type: ignore
  File "C:\Users\81026\AppData\Local\Programs\Python\Python310\lib\site-packages\sqlalchemy\orm\query.py", line 2857, in _iter
    result: Union[ScalarResult[_T], Result[_T]] = self.session.execute(
  File "C:\Users\81026\AppData\Local\Programs\Python\Python310\lib\site-packages\sqlalchemy\orm\session.py", line 2351, in execute
    return self._execute_internal(
  File "C:\Users\81026\AppData\Local\Programs\Python\Python310\lib\site-packages\sqlalchemy\orm\session.py", line 2249, in _execute_internal
    result: Result[Any] = compile_state_cls.orm_execute_statement(
  File "C:\Users\81026\AppData\Local\Programs\Python\Python310\lib\site-packages\sqlalchemy\orm\context.py", line 306, in orm_execute_statement
    result = conn.execute(
  File "C:\Users\81026\AppData\Local\Programs\Python\Python310\lib\site-packages\sqlalchemy\engine\base.py", line 1419, in execute
    return meth(
  File "C:\Users\81026\AppData\Local\Programs\Python\Python310\lib\site-packages\sqlalchemy\sql\elements.py", line 527, in _execute_on_connection
    return connection._execute_clauseelement(
  File "C:\Users\81026\AppData\Local\Programs\Python\Python310\lib\site-packages\sqlalchemy\engine\base.py", line 1641, in _execute_clauseelement
    ret = self._execute_context(
  File "C:\Users\81026\AppData\Local\Programs\Python\Python310\lib\site-packages\sqlalchemy\engine\base.py", line 1846, in _execute_context
    return self._exec_single_context(
  File "C:\Users\81026\AppData\Local\Programs\Python\Python310\lib\site-packages\sqlalchemy\engine\base.py", line 1986, in _exec_single_context
    self._handle_dbapi_exception(
  File "C:\Users\81026\AppData\Local\Programs\Python\Python310\lib\site-packages\sqlalchemy\engine\base.py", line 2363, in _handle_dbapi_exception
    raise sqlalchemy_exception.with_traceback(exc_info[2]) from e
  File "C:\Users\81026\AppData\Local\Programs\Python\Python310\lib\site-packages\sqlalchemy\engine\base.py", line 1967, in _exec_single_context
    self.dialect.do_execute(
  File "C:\Users\81026\AppData\Local\Programs\Python\Python310\lib\site-packages\sqlalchemy\engine\default.py", line 952, in do_execute
    cursor.execute(statement, parameters)
sqlalchemy.exc.ProgrammingError: (psycopg2.errors.UndefinedColumn) column sync_tasks.celery_task_id does not exist
LINE 2: ...ersion, sync_tasks.task_id AS sync_tasks_task_id, sync_tasks...
                                                             ^

[SQL: SELECT count(*) AS count_1 
FROM (SELECT sync_tasks.id AS sync_tasks_id, sync_tasks.project_id AS sync_tasks_project_id, sync_tasks.version_id AS sync_tasks_version_id, sync_tasks.name AS sync_tasks_name, sync_tasks.source_type AS sync_tasks_source_type, sync_tasks.source_url AS sync_tasks_source_url, sync_tasks.source_version AS sync_tasks_source_version, sync_tasks.task_id AS sync_tasks_task_id, sync_tasks.celery_task_id AS sync_tasks_celery_task_id, sync_tasks.status AS sync_tasks_status, sync_tasks.progress AS sync_tasks_progress, sync_tasks.total_count AS sync_tasks_total_count, sync_tasks.added_count AS sync_tasks_added_count, sync_tasks.updated_count AS sync_tasks_updated_count, sync_tasks.deleted_count AS sync_tasks_deleted_count, sync_tasks.conflict_count AS sync_tasks_conflict_count, sync_tasks.error_message AS sync_tasks_error_message, sync_tasks.execution_log AS sync_tasks_execution_log, sync_tasks.diff_data AS sync_tasks_diff_data, sync_tasks.impact_analysis AS sync_tasks_impact_analysis, sync_tasks.fix_data AS sync_tasks_fix_data, sync_tasks.started_at AS sync_tasks_started_at, sync_tasks.completed_at AS sync_tasks_completed_at, sync_tasks.created_by AS sync_tasks_created_by, sync_tasks.created_at AS sync_tasks_created_at, sync_tasks.updated_at AS sync_tasks_updated_at 
FROM sync_tasks 
WHERE sync_tasks.project_id = %(project_id_1)s) AS anon_1]
[parameters: {'project_id_1': 1}]
(Background on this error at: https://sqlalche.me/e/20/f405)
2026-03-11 08:25:10 | INFO | [e1504c42ea814bc2a30e1d55139f5cc5] | app.api.v1.projects | [e1504c42ea814bc2a30e1d55139f5cc5] 用户 admin 获取项目列表: page=1, page_size=100
2026-03-11 08:25:10 | INFO | [e1504c42ea814bc2a30e1d55139f5cc5] | app.api.v1.projects | [e1504c42ea814bc2a30e1d55139f5cc5] 获取项目列表成功: total=2
2026-03-11 08:25:10 | ERROR | [0b744c1465274de2a91701856b72e065] | app.main | 未捕获的异常: (psycopg2.errors.UndefinedColumn) column sync_tasks.celery_task_id does not exist
LINE 2: ...ersion, sync_tasks.task_id AS sync_tasks_task_id, sync_tasks...
                                                             ^

[SQL: SELECT count(*) AS count_1 
FROM (SELECT sync_tasks.id AS sync_tasks_id, sync_tasks.project_id AS sync_tasks_project_id, sync_tasks.version_id AS sync_tasks_version_id, sync_tasks.name AS sync_tasks_name, sync_tasks.source_type AS sync_tasks_source_type, sync_tasks.source_url AS sync_tasks_source_url, sync_tasks.source_version AS sync_tasks_source_version, sync_tasks.task_id AS sync_tasks_task_id, sync_tasks.celery_task_id AS sync_tasks_celery_task_id, sync_tasks.status AS sync_tasks_status, sync_tasks.progress AS sync_tasks_progress, sync_tasks.total_count AS sync_tasks_total_count, sync_tasks.added_count AS sync_tasks_added_count, sync_tasks.updated_count AS sync_tasks_updated_count, sync_tasks.deleted_count AS sync_tasks_deleted_count, sync_tasks.conflict_count AS sync_tasks_conflict_count, sync_tasks.error_message AS sync_tasks_error_message, sync_tasks.execution_log AS sync_tasks_execution_log, sync_tasks.diff_data AS sync_tasks_diff_data, sync_tasks.impact_analysis AS sync_tasks_impact_analysis, sync_tasks.fix_data AS sync_tasks_fix_data, sync_tasks.started_at AS sync_tasks_started_at, sync_tasks.completed_at AS sync_tasks_completed_at, sync_tasks.created_by AS sync_tasks_created_by, sync_tasks.created_at AS sync_tasks_created_at, sync_tasks.updated_at AS sync_tasks_updated_at 
FROM sync_tasks 
WHERE sync_tasks.project_id = %(project_id_1)s) AS anon_1]
[parameters: {'project_id_1': 1}]
(Background on this error at: https://sqlalche.me/e/20/f405) | 路径: /api/v1/sync-tasks | 方法: GET
Traceback (most recent call last):
  File "C:\Users\81026\AppData\Local\Programs\Python\Python310\lib\site-packages\sqlalchemy\engine\base.py", line 1967, in _exec_single_context
    self.dialect.do_execute(
  File "C:\Users\81026\AppData\Local\Programs\Python\Python310\lib\site-packages\sqlalchemy\engine\default.py", line 952, in do_execute
    cursor.execute(statement, parameters)
psycopg2.errors.UndefinedColumn: column sync_tasks.celery_task_id does not exist
LINE 2: ...ersion, sync_tasks.task_id AS sync_tasks_task_id, sync_tasks...
                                                             ^


The above exception was the direct cause of the following exception:

Traceback (most recent call last):
  File "C:\Users\81026\AppData\Local\Programs\Python\Python310\lib\site-packages\starlette\middleware\errors.py", line 164, in __call__
    await self.app(scope, receive, _send)
  File "C:\Users\81026\AppData\Local\Programs\Python\Python310\lib\site-packages\starlette\middleware\base.py", line 191, in __call__
    with recv_stream, send_stream, collapse_excgroups():
  File "C:\Users\81026\AppData\Local\Programs\Python\Python310\lib\contextlib.py", line 153, in __exit__
    self.gen.throw(typ, value, traceback)
  File "C:\Users\81026\AppData\Local\Programs\Python\Python310\lib\site-packages\starlette\_utils.py", line 85, in collapse_excgroups
    raise exc
  File "C:\Users\81026\AppData\Local\Programs\Python\Python310\lib\site-packages\starlette\middleware\base.py", line 193, in __call__
    response = await self.dispatch_func(request, call_next)
  File "D:\code\BugSeek\backend\app\main.py", line 45, in trace_id_middleware
    response = await call_next(request)
  File "C:\Users\81026\AppData\Local\Programs\Python\Python310\lib\site-packages\starlette\middleware\base.py", line 168, in call_next
    raise app_exc from app_exc.__cause__ or app_exc.__context__
  File "C:\Users\81026\AppData\Local\Programs\Python\Python310\lib\site-packages\starlette\middleware\base.py", line 144, in coro
    await self.app(scope, receive_or_disconnect, send_no_error)
  File "C:\Users\81026\AppData\Local\Programs\Python\Python310\lib\site-packages\starlette\middleware\cors.py", line 85, in __call__
    await self.app(scope, receive, send)
  File "C:\Users\81026\AppData\Local\Programs\Python\Python310\lib\site-packages\starlette\middleware\exceptions.py", line 63, in __call__
    await wrap_app_handling_exceptions(self.app, conn)(scope, receive, send)
  File "C:\Users\81026\AppData\Local\Programs\Python\Python310\lib\site-packages\starlette\_exception_handler.py", line 53, in wrapped_app
    raise exc
  File "C:\Users\81026\AppData\Local\Programs\Python\Python310\lib\site-packages\starlette\_exception_handler.py", line 42, in wrapped_app
    await app(scope, receive, sender)
  File "C:\Users\81026\AppData\Local\Programs\Python\Python310\lib\site-packages\fastapi\middleware\asyncexitstack.py", line 18, in __call__
    await self.app(scope, receive, send)
  File "C:\Users\81026\AppData\Local\Programs\Python\Python310\lib\site-packages\starlette\routing.py", line 716, in __call__
    await self.middleware_stack(scope, receive, send)
  File "C:\Users\81026\AppData\Local\Programs\Python\Python310\lib\site-packages\starlette\routing.py", line 736, in app
    await route.handle(scope, receive, send)
  File "C:\Users\81026\AppData\Local\Programs\Python\Python310\lib\site-packages\starlette\routing.py", line 290, in handle
    await self.app(scope, receive, send)
  File "C:\Users\81026\AppData\Local\Programs\Python\Python310\lib\site-packages\fastapi\routing.py", line 115, in app
    await wrap_app_handling_exceptions(app, request)(scope, receive, send)
  File "C:\Users\81026\AppData\Local\Programs\Python\Python310\lib\site-packages\starlette\_exception_handler.py", line 53, in wrapped_app
    raise exc
  File "C:\Users\81026\AppData\Local\Programs\Python\Python310\lib\site-packages\starlette\_exception_handler.py", line 42, in wrapped_app
    await app(scope, receive, sender)
  File "C:\Users\81026\AppData\Local\Programs\Python\Python310\lib\site-packages\fastapi\routing.py", line 101, in app
    response = await f(request)
  File "C:\Users\81026\AppData\Local\Programs\Python\Python310\lib\site-packages\fastapi\routing.py", line 355, in app
    raw_response = await run_endpoint_function(
  File "C:\Users\81026\AppData\Local\Programs\Python\Python310\lib\site-packages\fastapi\routing.py", line 243, in run_endpoint_function
    return await dependant.call(**values)
  File "D:\code\BugSeek\backend\app\api\v1\sync_tasks.py", line 217, in get_sync_tasks
    total = query.count()
  File "C:\Users\81026\AppData\Local\Programs\Python\Python310\lib\site-packages\sqlalchemy\orm\query.py", line 3146, in count
    self._legacy_from_self(col).enable_eagerloads(False).scalar()
  File "C:\Users\81026\AppData\Local\Programs\Python\Python310\lib\site-packages\sqlalchemy\orm\query.py", line 2835, in scalar
    ret = self.one()
  File "C:\Users\81026\AppData\Local\Programs\Python\Python310\lib\site-packages\sqlalchemy\orm\query.py", line 2808, in one
    return self._iter().one()  # type: ignore
  File "C:\Users\81026\AppData\Local\Programs\Python\Python310\lib\site-packages\sqlalchemy\orm\query.py", line 2857, in _iter
    result: Union[ScalarResult[_T], Result[_T]] = self.session.execute(
  File "C:\Users\81026\AppData\Local\Programs\Python\Python310\lib\site-packages\sqlalchemy\orm\session.py", line 2351, in execute
    return self._execute_internal(
  File "C:\Users\81026\AppData\Local\Programs\Python\Python310\lib\site-packages\sqlalchemy\orm\session.py", line 2249, in _execute_internal
    result: Result[Any] = compile_state_cls.orm_execute_statement(
  File "C:\Users\81026\AppData\Local\Programs\Python\Python310\lib\site-packages\sqlalchemy\orm\context.py", line 306, in orm_execute_statement
    result = conn.execute(
  File "C:\Users\81026\AppData\Local\Programs\Python\Python310\lib\site-packages\sqlalchemy\engine\base.py", line 1419, in execute
    return meth(
  File "C:\Users\81026\AppData\Local\Programs\Python\Python310\lib\site-packages\sqlalchemy\sql\elements.py", line 527, in _execute_on_connection
    return connection._execute_clauseelement(
  File "C:\Users\81026\AppData\Local\Programs\Python\Python310\lib\site-packages\sqlalchemy\engine\base.py", line 1641, in _execute_clauseelement
    ret = self._execute_context(
  File "C:\Users\81026\AppData\Local\Programs\Python\Python310\lib\site-packages\sqlalchemy\engine\base.py", line 1846, in _execute_context
    return self._exec_single_context(
  File "C:\Users\81026\AppData\Local\Programs\Python\Python310\lib\site-packages\sqlalchemy\engine\base.py", line 1986, in _exec_single_context
    self._handle_dbapi_exception(
  File "C:\Users\81026\AppData\Local\Programs\Python\Python310\lib\site-packages\sqlalchemy\engine\base.py", line 2363, in _handle_dbapi_exception
    raise sqlalchemy_exception.with_traceback(exc_info[2]) from e
  File "C:\Users\81026\AppData\Local\Programs\Python\Python310\lib\site-packages\sqlalchemy\engine\base.py", line 1967, in _exec_single_context
    self.dialect.do_execute(
  File "C:\Users\81026\AppData\Local\Programs\Python\Python310\lib\site-packages\sqlalchemy\engine\default.py", line 952, in do_execute
    cursor.execute(statement, parameters)
sqlalchemy.exc.ProgrammingError: (psycopg2.errors.UndefinedColumn) column sync_tasks.celery_task_id does not exist
LINE 2: ...ersion, sync_tasks.task_id AS sync_tasks_task_id, sync_tasks...
                                                             ^

[SQL: SELECT count(*) AS count_1 
FROM (SELECT sync_tasks.id AS sync_tasks_id, sync_tasks.project_id AS sync_tasks_project_id, sync_tasks.version_id AS sync_tasks_version_id, sync_tasks.name AS sync_tasks_name, sync_tasks.source_type AS sync_tasks_source_type, sync_tasks.source_url AS sync_tasks_source_url, sync_tasks.source_version AS sync_tasks_source_version, sync_tasks.task_id AS sync_tasks_task_id, sync_tasks.celery_task_id AS sync_tasks_celery_task_id, sync_tasks.status AS sync_tasks_status, sync_tasks.progress AS sync_tasks_progress, sync_tasks.total_count AS sync_tasks_total_count, sync_tasks.added_count AS sync_tasks_added_count, sync_tasks.updated_count AS sync_tasks_updated_count, sync_tasks.deleted_count AS sync_tasks_deleted_count, sync_tasks.conflict_count AS sync_tasks_conflict_count, sync_tasks.error_message AS sync_tasks_error_message, sync_tasks.execution_log AS sync_tasks_execution_log, sync_tasks.diff_data AS sync_tasks_diff_data, sync_tasks.impact_analysis AS sync_tasks_impact_analysis, sync_tasks.fix_data AS sync_tasks_fix_data, sync_tasks.started_at AS sync_tasks_started_at, sync_tasks.completed_at AS sync_tasks_completed_at, sync_tasks.created_by AS sync_tasks_created_by, sync_tasks.created_at AS sync_tasks_created_at, sync_tasks.updated_at AS sync_tasks_updated_at 
FROM sync_tasks 
WHERE sync_tasks.project_id = %(project_id_1)s) AS anon_1]
[parameters: {'project_id_1': 1}]
(Background on this error at: https://sqlalche.me/e/20/f405)
2026-03-11 08:25:10 | INFO | [8e1d58753e2e4cbfad6d5f278b0ebdbe] | app.api.v1.versions | [8e1d58753e2e4cbfad6d5f278b0ebdbe] 查询版本列表: project_id=1, page=1, page_size=100, user=admin
2026-03-11 08:25:10 | INFO | [26b1a9ece59544c0b35664424b5676b8] | app.api.v1.sync_tasks | [26b1a9ece59544c0b35664424b5676b8] 查询同步任务列表: skip=0, limit=20, user=admin, project_id=1
2026-03-11 08:25:10 | INFO | [1e20a2205b6f4c80b3be3568d672767e] | app.api.v1.projects | [1e20a2205b6f4c80b3be3568d672767e] 用户 admin 获取项目列表: page=1, page_size=100
2026-03-11 08:25:10 | INFO | [1e20a2205b6f4c80b3be3568d672767e] | app.api.v1.projects | [1e20a2205b6f4c80b3be3568d672767e] 获取项目列表成功: total=2
2026-03-11 08:25:10 | ERROR | [26b1a9ece59544c0b35664424b5676b8] | app.dependencies | 数据库会话异常: (psycopg2.errors.UndefinedColumn) column sync_tasks.celery_task_id does not exist
LINE 2: ...ersion, sync_tasks.task_id AS sync_tasks_task_id, sync_tasks...
                                                             ^

[SQL: SELECT count(*) AS count_1 
FROM (SELECT sync_tasks.id AS sync_tasks_id, sync_tasks.project_id AS sync_tasks_project_id, sync_tasks.version_id AS sync_tasks_version_id, sync_tasks.name AS sync_tasks_name, sync_tasks.source_type AS sync_tasks_source_type, sync_tasks.source_url AS sync_tasks_source_url, sync_tasks.source_version AS sync_tasks_source_version, sync_tasks.task_id AS sync_tasks_task_id, sync_tasks.celery_task_id AS sync_tasks_celery_task_id, sync_tasks.status AS sync_tasks_status, sync_tasks.progress AS sync_tasks_progress, sync_tasks.total_count AS sync_tasks_total_count, sync_tasks.added_count AS sync_tasks_added_count, sync_tasks.updated_count AS sync_tasks_updated_count, sync_tasks.deleted_count AS sync_tasks_deleted_count, sync_tasks.conflict_count AS sync_tasks_conflict_count, sync_tasks.error_message AS sync_tasks_error_message, sync_tasks.execution_log AS sync_tasks_execution_log, sync_tasks.diff_data AS sync_tasks_diff_data, sync_tasks.impact_analysis AS sync_tasks_impact_analysis, sync_tasks.fix_data AS sync_tasks_fix_data, sync_tasks.started_at AS sync_tasks_started_at, sync_tasks.completed_at AS sync_tasks_completed_at, sync_tasks.created_by AS sync_tasks_created_by, sync_tasks.created_at AS sync_tasks_created_at, sync_tasks.updated_at AS sync_tasks_updated_at 
FROM sync_tasks 
WHERE sync_tasks.project_id = %(project_id_1)s) AS anon_1]
[parameters: {'project_id_1': 1}]
(Background on this error at: https://sqlalche.me/e/20/f405)
Traceback (most recent call last):
  File "C:\Users\81026\AppData\Local\Programs\Python\Python310\lib\site-packages\sqlalchemy\engine\base.py", line 1967, in _exec_single_context
    self.dialect.do_execute(
  File "C:\Users\81026\AppData\Local\Programs\Python\Python310\lib\site-packages\sqlalchemy\engine\default.py", line 952, in do_execute
    cursor.execute(statement, parameters)
psycopg2.errors.UndefinedColumn: column sync_tasks.celery_task_id does not exist
LINE 2: ...ersion, sync_tasks.task_id AS sync_tasks_task_id, sync_tasks...
                                                             ^


The above exception was the direct cause of the following exception:

Traceback (most recent call last):
  File "D:\code\BugSeek\backend\app\dependencies.py", line 196, in get_db
    yield db
  File "C:\Users\81026\AppData\Local\Programs\Python\Python310\lib\site-packages\fastapi\concurrency.py", line 29, in contextmanager_in_threadpool
    yield await run_in_threadpool(cm.__enter__)
  File "C:\Users\81026\AppData\Local\Programs\Python\Python310\lib\site-packages\fastapi\routing.py", line 101, in app
    response = await f(request)
  File "C:\Users\81026\AppData\Local\Programs\Python\Python310\lib\site-packages\fastapi\routing.py", line 355, in app
    raw_response = await run_endpoint_function(
  File "C:\Users\81026\AppData\Local\Programs\Python\Python310\lib\site-packages\fastapi\routing.py", line 243, in run_endpoint_function
    return await dependant.call(**values)
  File "D:\code\BugSeek\backend\app\api\v1\sync_tasks.py", line 217, in get_sync_tasks
    total = query.count()
  File "C:\Users\81026\AppData\Local\Programs\Python\Python310\lib\site-packages\sqlalchemy\orm\query.py", line 3146, in count
    self._legacy_from_self(col).enable_eagerloads(False).scalar()
  File "C:\Users\81026\AppData\Local\Programs\Python\Python310\lib\site-packages\sqlalchemy\orm\query.py", line 2835, in scalar
    ret = self.one()
  File "C:\Users\81026\AppData\Local\Programs\Python\Python310\lib\site-packages\sqlalchemy\orm\query.py", line 2808, in one
    return self._iter().one()  # type: ignore
  File "C:\Users\81026\AppData\Local\Programs\Python\Python310\lib\site-packages\sqlalchemy\orm\query.py", line 2857, in _iter
    result: Union[ScalarResult[_T], Result[_T]] = self.session.execute(
  File "C:\Users\81026\AppData\Local\Programs\Python\Python310\lib\site-packages\sqlalchemy\orm\session.py", line 2351, in execute
    return self._execute_internal(
  File "C:\Users\81026\AppData\Local\Programs\Python\Python310\lib\site-packages\sqlalchemy\orm\session.py", line 2249, in _execute_internal
    result: Result[Any] = compile_state_cls.orm_execute_statement(
  File "C:\Users\81026\AppData\Local\Programs\Python\Python310\lib\site-packages\sqlalchemy\orm\context.py", line 306, in orm_execute_statement
    result = conn.execute(
  File "C:\Users\81026\AppData\Local\Programs\Python\Python310\lib\site-packages\sqlalchemy\engine\base.py", line 1419, in execute
    return meth(
  File "C:\Users\81026\AppData\Local\Programs\Python\Python310\lib\site-packages\sqlalchemy\sql\elements.py", line 527, in _execute_on_connection
    return connection._execute_clauseelement(
  File "C:\Users\81026\AppData\Local\Programs\Python\Python310\lib\site-packages\sqlalchemy\engine\base.py", line 1641, in _execute_clauseelement
    ret = self._execute_context(
  File "C:\Users\81026\AppData\Local\Programs\Python\Python310\lib\site-packages\sqlalchemy\engine\base.py", line 1846, in _execute_context
    return self._exec_single_context(
  File "C:\Users\81026\AppData\Local\Programs\Python\Python310\lib\site-packages\sqlalchemy\engine\base.py", line 1986, in _exec_single_context
    self._handle_dbapi_exception(
  File "C:\Users\81026\AppData\Local\Programs\Python\Python310\lib\site-packages\sqlalchemy\engine\base.py", line 2363, in _handle_dbapi_exception
    raise sqlalchemy_exception.with_traceback(exc_info[2]) from e
  File "C:\Users\81026\AppData\Local\Programs\Python\Python310\lib\site-packages\sqlalchemy\engine\base.py", line 1967, in _exec_single_context
    self.dialect.do_execute(
  File "C:\Users\81026\AppData\Local\Programs\Python\Python310\lib\site-packages\sqlalchemy\engine\default.py", line 952, in do_execute
    cursor.execute(statement, parameters)
sqlalchemy.exc.ProgrammingError: (psycopg2.errors.UndefinedColumn) column sync_tasks.celery_task_id does not exist
LINE 2: ...ersion, sync_tasks.task_id AS sync_tasks_task_id, sync_tasks...
                                                             ^

[SQL: SELECT count(*) AS count_1 
FROM (SELECT sync_tasks.id AS sync_tasks_id, sync_tasks.project_id AS sync_tasks_project_id, sync_tasks.version_id AS sync_tasks_version_id, sync_tasks.name AS sync_tasks_name, sync_tasks.source_type AS sync_tasks_source_type, sync_tasks.source_url AS sync_tasks_source_url, sync_tasks.source_version AS sync_tasks_source_version, sync_tasks.task_id AS sync_tasks_task_id, sync_tasks.celery_task_id AS sync_tasks_celery_task_id, sync_tasks.status AS sync_tasks_status, sync_tasks.progress AS sync_tasks_progress, sync_tasks.total_count AS sync_tasks_total_count, sync_tasks.added_count AS sync_tasks_added_count, sync_tasks.updated_count AS sync_tasks_updated_count, sync_tasks.deleted_count AS sync_tasks_deleted_count, sync_tasks.conflict_count AS sync_tasks_conflict_count, sync_tasks.error_message AS sync_tasks_error_message, sync_tasks.execution_log AS sync_tasks_execution_log, sync_tasks.diff_data AS sync_tasks_diff_data, sync_tasks.impact_analysis AS sync_tasks_impact_analysis, sync_tasks.fix_data AS sync_tasks_fix_data, sync_tasks.started_at AS sync_tasks_started_at, sync_tasks.completed_at AS sync_tasks_completed_at, sync_tasks.created_by AS sync_tasks_created_by, sync_tasks.created_at AS sync_tasks_created_at, sync_tasks.updated_at AS sync_tasks_updated_at 
FROM sync_tasks 
WHERE sync_tasks.project_id = %(project_id_1)s) AS anon_1]
[parameters: {'project_id_1': 1}]
(Background on this error at: https://sqlalche.me/e/20/f405)
2026-03-11 08:25:10 | ERROR | [26b1a9ece59544c0b35664424b5676b8] | app.main | 未捕获的异常: (psycopg2.errors.UndefinedColumn) column sync_tasks.celery_task_id does not exist
LINE 2: ...ersion, sync_tasks.task_id AS sync_tasks_task_id, sync_tasks...
                                                             ^

[SQL: SELECT count(*) AS count_1 
FROM (SELECT sync_tasks.id AS sync_tasks_id, sync_tasks.project_id AS sync_tasks_project_id, sync_tasks.version_id AS sync_tasks_version_id, sync_tasks.name AS sync_tasks_name, sync_tasks.source_type AS sync_tasks_source_type, sync_tasks.source_url AS sync_tasks_source_url, sync_tasks.source_version AS sync_tasks_source_version, sync_tasks.task_id AS sync_tasks_task_id, sync_tasks.celery_task_id AS sync_tasks_celery_task_id, sync_tasks.status AS sync_tasks_status, sync_tasks.progress AS sync_tasks_progress, sync_tasks.total_count AS sync_tasks_total_count, sync_tasks.added_count AS sync_tasks_added_count, sync_tasks.updated_count AS sync_tasks_updated_count, sync_tasks.deleted_count AS sync_tasks_deleted_count, sync_tasks.conflict_count AS sync_tasks_conflict_count, sync_tasks.error_message AS sync_tasks_error_message, sync_tasks.execution_log AS sync_tasks_execution_log, sync_tasks.diff_data AS sync_tasks_diff_data, sync_tasks.impact_analysis AS sync_tasks_impact_analysis, sync_tasks.fix_data AS sync_tasks_fix_data, sync_tasks.started_at AS sync_tasks_started_at, sync_tasks.completed_at AS sync_tasks_completed_at, sync_tasks.created_by AS sync_tasks_created_by, sync_tasks.created_at AS sync_tasks_created_at, sync_tasks.updated_at AS sync_tasks_updated_at 
FROM sync_tasks 
WHERE sync_tasks.project_id = %(project_id_1)s) AS anon_1]
[parameters: {'project_id_1': 1}]
(Background on this error at: https://sqlalche.me/e/20/f405) | 路径: /api/v1/sync-tasks | 方法: GET
Traceback (most recent call last):
  File "C:\Users\81026\AppData\Local\Programs\Python\Python310\lib\site-packages\sqlalchemy\engine\base.py", line 1967, in _exec_single_context
    self.dialect.do_execute(
  File "C:\Users\81026\AppData\Local\Programs\Python\Python310\lib\site-packages\sqlalchemy\engine\default.py", line 952, in do_execute
    cursor.execute(statement, parameters)
psycopg2.errors.UndefinedColumn: column sync_tasks.celery_task_id does not exist
LINE 2: ...ersion, sync_tasks.task_id AS sync_tasks_task_id, sync_tasks...
                                                             ^


The above exception was the direct cause of the following exception:

Traceback (most recent call last):
  File "C:\Users\81026\AppData\Local\Programs\Python\Python310\lib\site-packages\starlette\middleware\errors.py", line 164, in __call__
    await self.app(scope, receive, _send)
  File "C:\Users\81026\AppData\Local\Programs\Python\Python310\lib\site-packages\starlette\middleware\base.py", line 191, in __call__
    with recv_stream, send_stream, collapse_excgroups():
  File "C:\Users\81026\AppData\Local\Programs\Python\Python310\lib\contextlib.py", line 153, in __exit__
    self.gen.throw(typ, value, traceback)
  File "C:\Users\81026\AppData\Local\Programs\Python\Python310\lib\site-packages\starlette\_utils.py", line 85, in collapse_excgroups
    raise exc
  File "C:\Users\81026\AppData\Local\Programs\Python\Python310\lib\site-packages\starlette\middleware\base.py", line 193, in __call__
    response = await self.dispatch_func(request, call_next)
  File "D:\code\BugSeek\backend\app\main.py", line 45, in trace_id_middleware
    response = await call_next(request)
  File "C:\Users\81026\AppData\Local\Programs\Python\Python310\lib\site-packages\starlette\middleware\base.py", line 168, in call_next
    raise app_exc from app_exc.__cause__ or app_exc.__context__
  File "C:\Users\81026\AppData\Local\Programs\Python\Python310\lib\site-packages\starlette\middleware\base.py", line 144, in coro
    await self.app(scope, receive_or_disconnect, send_no_error)
  File "C:\Users\81026\AppData\Local\Programs\Python\Python310\lib\site-packages\starlette\middleware\cors.py", line 85, in __call__
    await self.app(scope, receive, send)
  File "C:\Users\81026\AppData\Local\Programs\Python\Python310\lib\site-packages\starlette\middleware\exceptions.py", line 63, in __call__
    await wrap_app_handling_exceptions(self.app, conn)(scope, receive, send)
  File "C:\Users\81026\AppData\Local\Programs\Python\Python310\lib\site-packages\starlette\_exception_handler.py", line 53, in wrapped_app
    raise exc
  File "C:\Users\81026\AppData\Local\Programs\Python\Python310\lib\site-packages\starlette\_exception_handler.py", line 42, in wrapped_app
    await app(scope, receive, sender)
  File "C:\Users\81026\AppData\Local\Programs\Python\Python310\lib\site-packages\fastapi\middleware\asyncexitstack.py", line 18, in __call__
    await self.app(scope, receive, send)
  File "C:\Users\81026\AppData\Local\Programs\Python\Python310\lib\site-packages\starlette\routing.py", line 716, in __call__
    await self.middleware_stack(scope, receive, send)
  File "C:\Users\81026\AppData\Local\Programs\Python\Python310\lib\site-packages\starlette\routing.py", line 736, in app
    await route.handle(scope, receive, send)
  File "C:\Users\81026\AppData\Local\Programs\Python\Python310\lib\site-packages\starlette\routing.py", line 290, in handle
    await self.app(scope, receive, send)
  File "C:\Users\81026\AppData\Local\Programs\Python\Python310\lib\site-packages\fastapi\routing.py", line 115, in app
    await wrap_app_handling_exceptions(app, request)(scope, receive, send)
  File "C:\Users\81026\AppData\Local\Programs\Python\Python310\lib\site-packages\starlette\_exception_handler.py", line 53, in wrapped_app
    raise exc
  File "C:\Users\81026\AppData\Local\Programs\Python\Python310\lib\site-packages\starlette\_exception_handler.py", line 42, in wrapped_app
    await app(scope, receive, sender)
  File "C:\Users\81026\AppData\Local\Programs\Python\Python310\lib\site-packages\fastapi\routing.py", line 101, in app
    response = await f(request)
  File "C:\Users\81026\AppData\Local\Programs\Python\Python310\lib\site-packages\fastapi\routing.py", line 355, in app
    raw_response = await run_endpoint_function(
  File "C:\Users\81026\AppData\Local\Programs\Python\Python310\lib\site-packages\fastapi\routing.py", line 243, in run_endpoint_function
    return await dependant.call(**values)
  File "D:\code\BugSeek\backend\app\api\v1\sync_tasks.py", line 217, in get_sync_tasks
    total = query.count()
  File "C:\Users\81026\AppData\Local\Programs\Python\Python310\lib\site-packages\sqlalchemy\orm\query.py", line 3146, in count
    self._legacy_from_self(col).enable_eagerloads(False).scalar()
  File "C:\Users\81026\AppData\Local\Programs\Python\Python310\lib\site-packages\sqlalchemy\orm\query.py", line 2835, in scalar
    ret = self.one()
  File "C:\Users\81026\AppData\Local\Programs\Python\Python310\lib\site-packages\sqlalchemy\orm\query.py", line 2808, in one
    return self._iter().one()  # type: ignore
  File "C:\Users\81026\AppData\Local\Programs\Python\Python310\lib\site-packages\sqlalchemy\orm\query.py", line 2857, in _iter
    result: Union[ScalarResult[_T], Result[_T]] = self.session.execute(
  File "C:\Users\81026\AppData\Local\Programs\Python\Python310\lib\site-packages\sqlalchemy\orm\session.py", line 2351, in execute
    return self._execute_internal(
  File "C:\Users\81026\AppData\Local\Programs\Python\Python310\lib\site-packages\sqlalchemy\orm\session.py", line 2249, in _execute_internal
    result: Result[Any] = compile_state_cls.orm_execute_statement(
  File "C:\Users\81026\AppData\Local\Programs\Python\Python310\lib\site-packages\sqlalchemy\orm\context.py", line 306, in orm_execute_statement
    result = conn.execute(
  File "C:\Users\81026\AppData\Local\Programs\Python\Python310\lib\site-packages\sqlalchemy\engine\base.py", line 1419, in execute
    return meth(
  File "C:\Users\81026\AppData\Local\Programs\Python\Python310\lib\site-packages\sqlalchemy\sql\elements.py", line 527, in _execute_on_connection
    return connection._execute_clauseelement(
  File "C:\Users\81026\AppData\Local\Programs\Python\Python310\lib\site-packages\sqlalchemy\engine\base.py", line 1641, in _execute_clauseelement
    ret = self._execute_context(
  File "C:\Users\81026\AppData\Local\Programs\Python\Python310\lib\site-packages\sqlalchemy\engine\base.py", line 1846, in _execute_context
    return self._exec_single_context(
  File "C:\Users\81026\AppData\Local\Programs\Python\Python310\lib\site-packages\sqlalchemy\engine\base.py", line 1986, in _exec_single_context
    self._handle_dbapi_exception(
  File "C:\Users\81026\AppData\Local\Programs\Python\Python310\lib\site-packages\sqlalchemy\engine\base.py", line 2363, in _handle_dbapi_exception
    raise sqlalchemy_exception.with_traceback(exc_info[2]) from e
  File "C:\Users\81026\AppData\Local\Programs\Python\Python310\lib\site-packages\sqlalchemy\engine\base.py", line 1967, in _exec_single_context
    self.dialect.do_execute(
  File "C:\Users\81026\AppData\Local\Programs\Python\Python310\lib\site-packages\sqlalchemy\engine\default.py", line 952, in do_execute
    cursor.execute(statement, parameters)
sqlalchemy.exc.ProgrammingError: (psycopg2.errors.UndefinedColumn) column sync_tasks.celery_task_id does not exist
LINE 2: ...ersion, sync_tasks.task_id AS sync_tasks_task_id, sync_tasks...
                                                             ^

[SQL: SELECT count(*) AS count_1 
FROM (SELECT sync_tasks.id AS sync_tasks_id, sync_tasks.project_id AS sync_tasks_project_id, sync_tasks.version_id AS sync_tasks_version_id, sync_tasks.name AS sync_tasks_name, sync_tasks.source_type AS sync_tasks_source_type, sync_tasks.source_url AS sync_tasks_source_url, sync_tasks.source_version AS sync_tasks_source_version, sync_tasks.task_id AS sync_tasks_task_id, sync_tasks.celery_task_id AS sync_tasks_celery_task_id, sync_tasks.status AS sync_tasks_status, sync_tasks.progress AS sync_tasks_progress, sync_tasks.total_count AS sync_tasks_total_count, sync_tasks.added_count AS sync_tasks_added_count, sync_tasks.updated_count AS sync_tasks_updated_count, sync_tasks.deleted_count AS sync_tasks_deleted_count, sync_tasks.conflict_count AS sync_tasks_conflict_count, sync_tasks.error_message AS sync_tasks_error_message, sync_tasks.execution_log AS sync_tasks_execution_log, sync_tasks.diff_data AS sync_tasks_diff_data, sync_tasks.impact_analysis AS sync_tasks_impact_analysis, sync_tasks.fix_data AS sync_tasks_fix_data, sync_tasks.started_at AS sync_tasks_started_at, sync_tasks.completed_at AS sync_tasks_completed_at, sync_tasks.created_by AS sync_tasks_created_by, sync_tasks.created_at AS sync_tasks_created_at, sync_tasks.updated_at AS sync_tasks_updated_at 
FROM sync_tasks 
WHERE sync_tasks.project_id = %(project_id_1)s) AS anon_1]
[parameters: {'project_id_1': 1}]
(Background on this error at: https://sqlalche.me/e/20/f405)
2026-03-11 08:25:10 | INFO | [a6910ddbbbda42b690ff836af4a62220] | app.dependencies | 连接池状态 - 大小: 20, 溢出: -17, 已检出: 1, 空闲: 19, 统计 - 创建: 6, 检出: 120, 检入: 118, 溢出: 0, 错误: 0, 最大并发: 3
2026-03-11 08:25:10 | INFO | [a6910ddbbbda42b690ff836af4a62220] | app.api.v1.projects | [a6910ddbbbda42b690ff836af4a62220] 用户 admin 获取项目列表: page=1, page_size=100
2026-03-11 08:25:10 | INFO | [a6910ddbbbda42b690ff836af4a62220] | app.api.v1.projects | [a6910ddbbbda42b690ff836af4a62220] 获取项目列表成功: total=2
2026-03-11 08:25:16 | INFO | [b3491dfb1ee84c6fa66158f7b77edfeb] | app.api.v1.api_definitions | [b3491dfb1ee84c6fa66158f7b77edfeb] 查询 API 定义列表: skip=0, limit=50, user=admin, project_id=1, version_id=1
2026-03-11 08:25:16 | INFO | [a5a73e14c97b481489c4e0d6e807a18f] | app.api.v1.api_definitions | [a5a73e14c97b481489c4e0d6e807a18f] 查询 API 定义列表: skip=0, limit=50, user=admin, project_id=1, version_id=1
2026-03-11 08:25:24 | INFO | [d7f4cbf8b4b94007acb65c9b1584aa18] | app.api.v1.sync_tasks | [d7f4cbf8b4b94007acb65c9b1584aa18] 查询同步任务列表: skip=0, limit=20, user=admin, project_id=1
2026-03-11 08:25:24 | ERROR | [d7f4cbf8b4b94007acb65c9b1584aa18] | app.dependencies | 数据库会话异常: (psycopg2.errors.UndefinedColumn) column sync_tasks.celery_task_id does not exist
LINE 2: ...ersion, sync_tasks.task_id AS sync_tasks_task_id, sync_tasks...
                                                             ^

[SQL: SELECT count(*) AS count_1 
FROM (SELECT sync_tasks.id AS sync_tasks_id, sync_tasks.project_id AS sync_tasks_project_id, sync_tasks.version_id AS sync_tasks_version_id, sync_tasks.name AS sync_tasks_name, sync_tasks.source_type AS sync_tasks_source_type, sync_tasks.source_url AS sync_tasks_source_url, sync_tasks.source_version AS sync_tasks_source_version, sync_tasks.task_id AS sync_tasks_task_id, sync_tasks.celery_task_id AS sync_tasks_celery_task_id, sync_tasks.status AS sync_tasks_status, sync_tasks.progress AS sync_tasks_progress, sync_tasks.total_count AS sync_tasks_total_count, sync_tasks.added_count AS sync_tasks_added_count, sync_tasks.updated_count AS sync_tasks_updated_count, sync_tasks.deleted_count AS sync_tasks_deleted_count, sync_tasks.conflict_count AS sync_tasks_conflict_count, sync_tasks.error_message AS sync_tasks_error_message, sync_tasks.execution_log AS sync_tasks_execution_log, sync_tasks.diff_data AS sync_tasks_diff_data, sync_tasks.impact_analysis AS sync_tasks_impact_analysis, sync_tasks.fix_data AS sync_tasks_fix_data, sync_tasks.started_at AS sync_tasks_started_at, sync_tasks.completed_at AS sync_tasks_completed_at, sync_tasks.created_by AS sync_tasks_created_by, sync_tasks.created_at AS sync_tasks_created_at, sync_tasks.updated_at AS sync_tasks_updated_at 
FROM sync_tasks 
WHERE sync_tasks.project_id = %(project_id_1)s) AS anon_1]
[parameters: {'project_id_1': 1}]
(Background on this error at: https://sqlalche.me/e/20/f405)
Traceback (most recent call last):
  File "C:\Users\81026\AppData\Local\Programs\Python\Python310\lib\site-packages\sqlalchemy\engine\base.py", line 1967, in _exec_single_context
    self.dialect.do_execute(
  File "C:\Users\81026\AppData\Local\Programs\Python\Python310\lib\site-packages\sqlalchemy\engine\default.py", line 952, in do_execute
    cursor.execute(statement, parameters)
psycopg2.errors.UndefinedColumn: column sync_tasks.celery_task_id does not exist
LINE 2: ...ersion, sync_tasks.task_id AS sync_tasks_task_id, sync_tasks...
                                                             ^


The above exception was the direct cause of the following exception:

Traceback (most recent call last):
  File "D:\code\BugSeek\backend\app\dependencies.py", line 196, in get_db
    yield db
  File "C:\Users\81026\AppData\Local\Programs\Python\Python310\lib\site-packages\fastapi\concurrency.py", line 29, in contextmanager_in_threadpool
    yield await run_in_threadpool(cm.__enter__)
  File "C:\Users\81026\AppData\Local\Programs\Python\Python310\lib\site-packages\fastapi\routing.py", line 101, in app
    response = await f(request)
  File "C:\Users\81026\AppData\Local\Programs\Python\Python310\lib\site-packages\fastapi\routing.py", line 355, in app
    raw_response = await run_endpoint_function(
  File "C:\Users\81026\AppData\Local\Programs\Python\Python310\lib\site-packages\fastapi\routing.py", line 243, in run_endpoint_function
    return await dependant.call(**values)
  File "D:\code\BugSeek\backend\app\api\v1\sync_tasks.py", line 217, in get_sync_tasks
    total = query.count()
  File "C:\Users\81026\AppData\Local\Programs\Python\Python310\lib\site-packages\sqlalchemy\orm\query.py", line 3146, in count
    self._legacy_from_self(col).enable_eagerloads(False).scalar()
  File "C:\Users\81026\AppData\Local\Programs\Python\Python310\lib\site-packages\sqlalchemy\orm\query.py", line 2835, in scalar
    ret = self.one()
  File "C:\Users\81026\AppData\Local\Programs\Python\Python310\lib\site-packages\sqlalchemy\orm\query.py", line 2808, in one
    return self._iter().one()  # type: ignore
  File "C:\Users\81026\AppData\Local\Programs\Python\Python310\lib\site-packages\sqlalchemy\orm\query.py", line 2857, in _iter
    result: Union[ScalarResult[_T], Result[_T]] = self.session.execute(
  File "C:\Users\81026\AppData\Local\Programs\Python\Python310\lib\site-packages\sqlalchemy\orm\session.py", line 2351, in execute
    return self._execute_internal(
  File "C:\Users\81026\AppData\Local\Programs\Python\Python310\lib\site-packages\sqlalchemy\orm\session.py", line 2249, in _execute_internal
    result: Result[Any] = compile_state_cls.orm_execute_statement(
  File "C:\Users\81026\AppData\Local\Programs\Python\Python310\lib\site-packages\sqlalchemy\orm\context.py", line 306, in orm_execute_statement
    result = conn.execute(
  File "C:\Users\81026\AppData\Local\Programs\Python\Python310\lib\site-packages\sqlalchemy\engine\base.py", line 1419, in execute
    return meth(
  File "C:\Users\81026\AppData\Local\Programs\Python\Python310\lib\site-packages\sqlalchemy\sql\elements.py", line 527, in _execute_on_connection
    return connection._execute_clauseelement(
  File "C:\Users\81026\AppData\Local\Programs\Python\Python310\lib\site-packages\sqlalchemy\engine\base.py", line 1641, in _execute_clauseelement
    ret = self._execute_context(
  File "C:\Users\81026\AppData\Local\Programs\Python\Python310\lib\site-packages\sqlalchemy\engine\base.py", line 1846, in _execute_context
    return self._exec_single_context(
  File "C:\Users\81026\AppData\Local\Programs\Python\Python310\lib\site-packages\sqlalchemy\engine\base.py", line 1986, in _exec_single_context
    self._handle_dbapi_exception(
  File "C:\Users\81026\AppData\Local\Programs\Python\Python310\lib\site-packages\sqlalchemy\engine\base.py", line 2363, in _handle_dbapi_exception
    raise sqlalchemy_exception.with_traceback(exc_info[2]) from e
  File "C:\Users\81026\AppData\Local\Programs\Python\Python310\lib\site-packages\sqlalchemy\engine\base.py", line 1967, in _exec_single_context
    self.dialect.do_execute(
  File "C:\Users\81026\AppData\Local\Programs\Python\Python310\lib\site-packages\sqlalchemy\engine\default.py", line 952, in do_execute
    cursor.execute(statement, parameters)
sqlalchemy.exc.ProgrammingError: (psycopg2.errors.UndefinedColumn) column sync_tasks.celery_task_id does not exist
LINE 2: ...ersion, sync_tasks.task_id AS sync_tasks_task_id, sync_tasks...
                                                             ^

[SQL: SELECT count(*) AS count_1 
FROM (SELECT sync_tasks.id AS sync_tasks_id, sync_tasks.project_id AS sync_tasks_project_id, sync_tasks.version_id AS sync_tasks_version_id, sync_tasks.name AS sync_tasks_name, sync_tasks.source_type AS sync_tasks_source_type, sync_tasks.source_url AS sync_tasks_source_url, sync_tasks.source_version AS sync_tasks_source_version, sync_tasks.task_id AS sync_tasks_task_id, sync_tasks.celery_task_id AS sync_tasks_celery_task_id, sync_tasks.status AS sync_tasks_status, sync_tasks.progress AS sync_tasks_progress, sync_tasks.total_count AS sync_tasks_total_count, sync_tasks.added_count AS sync_tasks_added_count, sync_tasks.updated_count AS sync_tasks_updated_count, sync_tasks.deleted_count AS sync_tasks_deleted_count, sync_tasks.conflict_count AS sync_tasks_conflict_count, sync_tasks.error_message AS sync_tasks_error_message, sync_tasks.execution_log AS sync_tasks_execution_log, sync_tasks.diff_data AS sync_tasks_diff_data, sync_tasks.impact_analysis AS sync_tasks_impact_analysis, sync_tasks.fix_data AS sync_tasks_fix_data, sync_tasks.started_at AS sync_tasks_started_at, sync_tasks.completed_at AS sync_tasks_completed_at, sync_tasks.created_by AS sync_tasks_created_by, sync_tasks.created_at AS sync_tasks_created_at, sync_tasks.updated_at AS sync_tasks_updated_at 
FROM sync_tasks 
WHERE sync_tasks.project_id = %(project_id_1)s) AS anon_1]
[parameters: {'project_id_1': 1}]
(Background on this error at: https://sqlalche.me/e/20/f405)
2026-03-11 08:25:24 | INFO | [48c70764d97e46a8abbed64122d39128] | app.api.v1.sync_tasks | [48c70764d97e46a8abbed64122d39128] 查询同步任务列表: skip=0, limit=20, user=admin, project_id=1
2026-03-11 08:25:24 | ERROR | [d7f4cbf8b4b94007acb65c9b1584aa18] | app.main | 未捕获的异常: (psycopg2.errors.UndefinedColumn) column sync_tasks.celery_task_id does not exist
LINE 2: ...ersion, sync_tasks.task_id AS sync_tasks_task_id, sync_tasks...
                                                             ^

[SQL: SELECT count(*) AS count_1 
FROM (SELECT sync_tasks.id AS sync_tasks_id, sync_tasks.project_id AS sync_tasks_project_id, sync_tasks.version_id AS sync_tasks_version_id, sync_tasks.name AS sync_tasks_name, sync_tasks.source_type AS sync_tasks_source_type, sync_tasks.source_url AS sync_tasks_source_url, sync_tasks.source_version AS sync_tasks_source_version, sync_tasks.task_id AS sync_tasks_task_id, sync_tasks.celery_task_id AS sync_tasks_celery_task_id, sync_tasks.status AS sync_tasks_status, sync_tasks.progress AS sync_tasks_progress, sync_tasks.total_count AS sync_tasks_total_count, sync_tasks.added_count AS sync_tasks_added_count, sync_tasks.updated_count AS sync_tasks_updated_count, sync_tasks.deleted_count AS sync_tasks_deleted_count, sync_tasks.conflict_count AS sync_tasks_conflict_count, sync_tasks.error_message AS sync_tasks_error_message, sync_tasks.execution_log AS sync_tasks_execution_log, sync_tasks.diff_data AS sync_tasks_diff_data, sync_tasks.impact_analysis AS sync_tasks_impact_analysis, sync_tasks.fix_data AS sync_tasks_fix_data, sync_tasks.started_at AS sync_tasks_started_at, sync_tasks.completed_at AS sync_tasks_completed_at, sync_tasks.created_by AS sync_tasks_created_by, sync_tasks.created_at AS sync_tasks_created_at, sync_tasks.updated_at AS sync_tasks_updated_at 
FROM sync_tasks 
WHERE sync_tasks.project_id = %(project_id_1)s) AS anon_1]
[parameters: {'project_id_1': 1}]
(Background on this error at: https://sqlalche.me/e/20/f405) | 路径: /api/v1/sync-tasks | 方法: GET
Traceback (most recent call last):
  File "C:\Users\81026\AppData\Local\Programs\Python\Python310\lib\site-packages\sqlalchemy\engine\base.py", line 1967, in _exec_single_context
    self.dialect.do_execute(
  File "C:\Users\81026\AppData\Local\Programs\Python\Python310\lib\site-packages\sqlalchemy\engine\default.py", line 952, in do_execute
    cursor.execute(statement, parameters)
psycopg2.errors.UndefinedColumn: column sync_tasks.celery_task_id does not exist
LINE 2: ...ersion, sync_tasks.task_id AS sync_tasks_task_id, sync_tasks...
                                                             ^


The above exception was the direct cause of the following exception:

Traceback (most recent call last):
  File "C:\Users\81026\AppData\Local\Programs\Python\Python310\lib\site-packages\starlette\middleware\errors.py", line 164, in __call__
    await self.app(scope, receive, _send)
  File "C:\Users\81026\AppData\Local\Programs\Python\Python310\lib\site-packages\starlette\middleware\base.py", line 191, in __call__
    with recv_stream, send_stream, collapse_excgroups():
  File "C:\Users\81026\AppData\Local\Programs\Python\Python310\lib\contextlib.py", line 153, in __exit__
    self.gen.throw(typ, value, traceback)
  File "C:\Users\81026\AppData\Local\Programs\Python\Python310\lib\site-packages\starlette\_utils.py", line 85, in collapse_excgroups
    raise exc
  File "C:\Users\81026\AppData\Local\Programs\Python\Python310\lib\site-packages\starlette\middleware\base.py", line 193, in __call__
    response = await self.dispatch_func(request, call_next)
  File "D:\code\BugSeek\backend\app\main.py", line 45, in trace_id_middleware
    response = await call_next(request)
  File "C:\Users\81026\AppData\Local\Programs\Python\Python310\lib\site-packages\starlette\middleware\base.py", line 168, in call_next
    raise app_exc from app_exc.__cause__ or app_exc.__context__
  File "C:\Users\81026\AppData\Local\Programs\Python\Python310\lib\site-packages\starlette\middleware\base.py", line 144, in coro
    await self.app(scope, receive_or_disconnect, send_no_error)
  File "C:\Users\81026\AppData\Local\Programs\Python\Python310\lib\site-packages\starlette\middleware\cors.py", line 85, in __call__
    await self.app(scope, receive, send)
  File "C:\Users\81026\AppData\Local\Programs\Python\Python310\lib\site-packages\starlette\middleware\exceptions.py", line 63, in __call__
    await wrap_app_handling_exceptions(self.app, conn)(scope, receive, send)
  File "C:\Users\81026\AppData\Local\Programs\Python\Python310\lib\site-packages\starlette\_exception_handler.py", line 53, in wrapped_app
    raise exc
  File "C:\Users\81026\AppData\Local\Programs\Python\Python310\lib\site-packages\starlette\_exception_handler.py", line 42, in wrapped_app
    await app(scope, receive, sender)
  File "C:\Users\81026\AppData\Local\Programs\Python\Python310\lib\site-packages\fastapi\middleware\asyncexitstack.py", line 18, in __call__
    await self.app(scope, receive, send)
  File "C:\Users\81026\AppData\Local\Programs\Python\Python310\lib\site-packages\starlette\routing.py", line 716, in __call__
    await self.middleware_stack(scope, receive, send)
  File "C:\Users\81026\AppData\Local\Programs\Python\Python310\lib\site-packages\starlette\routing.py", line 736, in app
    await route.handle(scope, receive, send)
  File "C:\Users\81026\AppData\Local\Programs\Python\Python310\lib\site-packages\starlette\routing.py", line 290, in handle
    await self.app(scope, receive, send)
  File "C:\Users\81026\AppData\Local\Programs\Python\Python310\lib\site-packages\fastapi\routing.py", line 115, in app
    await wrap_app_handling_exceptions(app, request)(scope, receive, send)
  File "C:\Users\81026\AppData\Local\Programs\Python\Python310\lib\site-packages\starlette\_exception_handler.py", line 53, in wrapped_app
    raise exc
  File "C:\Users\81026\AppData\Local\Programs\Python\Python310\lib\site-packages\starlette\_exception_handler.py", line 42, in wrapped_app
    await app(scope, receive, sender)
  File "C:\Users\81026\AppData\Local\Programs\Python\Python310\lib\site-packages\fastapi\routing.py", line 101, in app
    response = await f(request)
  File "C:\Users\81026\AppData\Local\Programs\Python\Python310\lib\site-packages\fastapi\routing.py", line 355, in app
    raw_response = await run_endpoint_function(
  File "C:\Users\81026\AppData\Local\Programs\Python\Python310\lib\site-packages\fastapi\routing.py", line 243, in run_endpoint_function
    return await dependant.call(**values)
  File "D:\code\BugSeek\backend\app\api\v1\sync_tasks.py", line 217, in get_sync_tasks
    total = query.count()
  File "C:\Users\81026\AppData\Local\Programs\Python\Python310\lib\site-packages\sqlalchemy\orm\query.py", line 3146, in count
    self._legacy_from_self(col).enable_eagerloads(False).scalar()
  File "C:\Users\81026\AppData\Local\Programs\Python\Python310\lib\site-packages\sqlalchemy\orm\query.py", line 2835, in scalar
    ret = self.one()
  File "C:\Users\81026\AppData\Local\Programs\Python\Python310\lib\site-packages\sqlalchemy\orm\query.py", line 2808, in one
    return self._iter().one()  # type: ignore
  File "C:\Users\81026\AppData\Local\Programs\Python\Python310\lib\site-packages\sqlalchemy\orm\query.py", line 2857, in _iter
    result: Union[ScalarResult[_T], Result[_T]] = self.session.execute(
  File "C:\Users\81026\AppData\Local\Programs\Python\Python310\lib\site-packages\sqlalchemy\orm\session.py", line 2351, in execute
    return self._execute_internal(
  File "C:\Users\81026\AppData\Local\Programs\Python\Python310\lib\site-packages\sqlalchemy\orm\session.py", line 2249, in _execute_internal
    result: Result[Any] = compile_state_cls.orm_execute_statement(
  File "C:\Users\81026\AppData\Local\Programs\Python\Python310\lib\site-packages\sqlalchemy\orm\context.py", line 306, in orm_execute_statement
    result = conn.execute(
  File "C:\Users\81026\AppData\Local\Programs\Python\Python310\lib\site-packages\sqlalchemy\engine\base.py", line 1419, in execute
    return meth(
  File "C:\Users\81026\AppData\Local\Programs\Python\Python310\lib\site-packages\sqlalchemy\sql\elements.py", line 527, in _execute_on_connection
    return connection._execute_clauseelement(
  File "C:\Users\81026\AppData\Local\Programs\Python\Python310\lib\site-packages\sqlalchemy\engine\base.py", line 1641, in _execute_clauseelement
    ret = self._execute_context(
  File "C:\Users\81026\AppData\Local\Programs\Python\Python310\lib\site-packages\sqlalchemy\engine\base.py", line 1846, in _execute_context
    return self._exec_single_context(
  File "C:\Users\81026\AppData\Local\Programs\Python\Python310\lib\site-packages\sqlalchemy\engine\base.py", line 1986, in _exec_single_context
    self._handle_dbapi_exception(
  File "C:\Users\81026\AppData\Local\Programs\Python\Python310\lib\site-packages\sqlalchemy\engine\base.py", line 2363, in _handle_dbapi_exception
    raise sqlalchemy_exception.with_traceback(exc_info[2]) from e
  File "C:\Users\81026\AppData\Local\Programs\Python\Python310\lib\site-packages\sqlalchemy\engine\base.py", line 1967, in _exec_single_context
    self.dialect.do_execute(
  File "C:\Users\81026\AppData\Local\Programs\Python\Python310\lib\site-packages\sqlalchemy\engine\default.py", line 952, in do_execute
    cursor.execute(statement, parameters)
sqlalchemy.exc.ProgrammingError: (psycopg2.errors.UndefinedColumn) column sync_tasks.celery_task_id does not exist
LINE 2: ...ersion, sync_tasks.task_id AS sync_tasks_task_id, sync_tasks...
                                                             ^

[SQL: SELECT count(*) AS count_1 
FROM (SELECT sync_tasks.id AS sync_tasks_id, sync_tasks.project_id AS sync_tasks_project_id, sync_tasks.version_id AS sync_tasks_version_id, sync_tasks.name AS sync_tasks_name, sync_tasks.source_type AS sync_tasks_source_type, sync_tasks.source_url AS sync_tasks_source_url, sync_tasks.source_version AS sync_tasks_source_version, sync_tasks.task_id AS sync_tasks_task_id, sync_tasks.celery_task_id AS sync_tasks_celery_task_id, sync_tasks.status AS sync_tasks_status, sync_tasks.progress AS sync_tasks_progress, sync_tasks.total_count AS sync_tasks_total_count, sync_tasks.added_count AS sync_tasks_added_count, sync_tasks.updated_count AS sync_tasks_updated_count, sync_tasks.deleted_count AS sync_tasks_deleted_count, sync_tasks.conflict_count AS sync_tasks_conflict_count, sync_tasks.error_message AS sync_tasks_error_message, sync_tasks.execution_log AS sync_tasks_execution_log, sync_tasks.diff_data AS sync_tasks_diff_data, sync_tasks.impact_analysis AS sync_tasks_impact_analysis, sync_tasks.fix_data AS sync_tasks_fix_data, sync_tasks.started_at AS sync_tasks_started_at, sync_tasks.completed_at AS sync_tasks_completed_at, sync_tasks.created_by AS sync_tasks_created_by, sync_tasks.created_at AS sync_tasks_created_at, sync_tasks.updated_at AS sync_tasks_updated_at 
FROM sync_tasks 
WHERE sync_tasks.project_id = %(project_id_1)s) AS anon_1]
[parameters: {'project_id_1': 1}]
(Background on this error at: https://sqlalche.me/e/20/f405)
2026-03-11 08:25:24 | ERROR | [48c70764d97e46a8abbed64122d39128] | app.dependencies | 数据库会话异常: (psycopg2.errors.UndefinedColumn) column sync_tasks.celery_task_id does not exist
LINE 2: ...ersion, sync_tasks.task_id AS sync_tasks_task_id, sync_tasks...
                                                             ^

[SQL: SELECT count(*) AS count_1 
FROM (SELECT sync_tasks.id AS sync_tasks_id, sync_tasks.project_id AS sync_tasks_project_id, sync_tasks.version_id AS sync_tasks_version_id, sync_tasks.name AS sync_tasks_name, sync_tasks.source_type AS sync_tasks_source_type, sync_tasks.source_url AS sync_tasks_source_url, sync_tasks.source_version AS sync_tasks_source_version, sync_tasks.task_id AS sync_tasks_task_id, sync_tasks.celery_task_id AS sync_tasks_celery_task_id, sync_tasks.status AS sync_tasks_status, sync_tasks.progress AS sync_tasks_progress, sync_tasks.total_count AS sync_tasks_total_count, sync_tasks.added_count AS sync_tasks_added_count, sync_tasks.updated_count AS sync_tasks_updated_count, sync_tasks.deleted_count AS sync_tasks_deleted_count, sync_tasks.conflict_count AS sync_tasks_conflict_count, sync_tasks.error_message AS sync_tasks_error_message, sync_tasks.execution_log AS sync_tasks_execution_log, sync_tasks.diff_data AS sync_tasks_diff_data, sync_tasks.impact_analysis AS sync_tasks_impact_analysis, sync_tasks.fix_data AS sync_tasks_fix_data, sync_tasks.started_at AS sync_tasks_started_at, sync_tasks.completed_at AS sync_tasks_completed_at, sync_tasks.created_by AS sync_tasks_created_by, sync_tasks.created_at AS sync_tasks_created_at, sync_tasks.updated_at AS sync_tasks_updated_at 
FROM sync_tasks 
WHERE sync_tasks.project_id = %(project_id_1)s) AS anon_1]
[parameters: {'project_id_1': 1}]
(Background on this error at: https://sqlalche.me/e/20/f405)
Traceback (most recent call last):
  File "C:\Users\81026\AppData\Local\Programs\Python\Python310\lib\site-packages\sqlalchemy\engine\base.py", line 1967, in _exec_single_context
    self.dialect.do_execute(
  File "C:\Users\81026\AppData\Local\Programs\Python\Python310\lib\site-packages\sqlalchemy\engine\default.py", line 952, in do_execute
    cursor.execute(statement, parameters)
psycopg2.errors.UndefinedColumn: column sync_tasks.celery_task_id does not exist
LINE 2: ...ersion, sync_tasks.task_id AS sync_tasks_task_id, sync_tasks...
                                                             ^


The above exception was the direct cause of the following exception:

Traceback (most recent call last):
  File "D:\code\BugSeek\backend\app\dependencies.py", line 196, in get_db
    yield db
  File "C:\Users\81026\AppData\Local\Programs\Python\Python310\lib\site-packages\fastapi\concurrency.py", line 29, in contextmanager_in_threadpool
    yield await run_in_threadpool(cm.__enter__)
  File "C:\Users\81026\AppData\Local\Programs\Python\Python310\lib\site-packages\fastapi\routing.py", line 101, in app
    response = await f(request)
  File "C:\Users\81026\AppData\Local\Programs\Python\Python310\lib\site-packages\fastapi\routing.py", line 355, in app
    raw_response = await run_endpoint_function(
  File "C:\Users\81026\AppData\Local\Programs\Python\Python310\lib\site-packages\fastapi\routing.py", line 243, in run_endpoint_function
    return await dependant.call(**values)
  File "D:\code\BugSeek\backend\app\api\v1\sync_tasks.py", line 217, in get_sync_tasks
    total = query.count()
  File "C:\Users\81026\AppData\Local\Programs\Python\Python310\lib\site-packages\sqlalchemy\orm\query.py", line 3146, in count
    self._legacy_from_self(col).enable_eagerloads(False).scalar()
  File "C:\Users\81026\AppData\Local\Programs\Python\Python310\lib\site-packages\sqlalchemy\orm\query.py", line 2835, in scalar
    ret = self.one()
  File "C:\Users\81026\AppData\Local\Programs\Python\Python310\lib\site-packages\sqlalchemy\orm\query.py", line 2808, in one
    return self._iter().one()  # type: ignore
  File "C:\Users\81026\AppData\Local\Programs\Python\Python310\lib\site-packages\sqlalchemy\orm\query.py", line 2857, in _iter
    result: Union[ScalarResult[_T], Result[_T]] = self.session.execute(
  File "C:\Users\81026\AppData\Local\Programs\Python\Python310\lib\site-packages\sqlalchemy\orm\session.py", line 2351, in execute
    return self._execute_internal(
  File "C:\Users\81026\AppData\Local\Programs\Python\Python310\lib\site-packages\sqlalchemy\orm\session.py", line 2249, in _execute_internal
    result: Result[Any] = compile_state_cls.orm_execute_statement(
  File "C:\Users\81026\AppData\Local\Programs\Python\Python310\lib\site-packages\sqlalchemy\orm\context.py", line 306, in orm_execute_statement
    result = conn.execute(
  File "C:\Users\81026\AppData\Local\Programs\Python\Python310\lib\site-packages\sqlalchemy\engine\base.py", line 1419, in execute
    return meth(
  File "C:\Users\81026\AppData\Local\Programs\Python\Python310\lib\site-packages\sqlalchemy\sql\elements.py", line 527, in _execute_on_connection
    return connection._execute_clauseelement(
  File "C:\Users\81026\AppData\Local\Programs\Python\Python310\lib\site-packages\sqlalchemy\engine\base.py", line 1641, in _execute_clauseelement
    ret = self._execute_context(
  File "C:\Users\81026\AppData\Local\Programs\Python\Python310\lib\site-packages\sqlalchemy\engine\base.py", line 1846, in _execute_context
    return self._exec_single_context(
  File "C:\Users\81026\AppData\Local\Programs\Python\Python310\lib\site-packages\sqlalchemy\engine\base.py", line 1986, in _exec_single_context
    self._handle_dbapi_exception(
  File "C:\Users\81026\AppData\Local\Programs\Python\Python310\lib\site-packages\sqlalchemy\engine\base.py", line 2363, in _handle_dbapi_exception
    raise sqlalchemy_exception.with_traceback(exc_info[2]) from e
  File "C:\Users\81026\AppData\Local\Programs\Python\Python310\lib\site-packages\sqlalchemy\engine\base.py", line 1967, in _exec_single_context
    self.dialect.do_execute(
  File "C:\Users\81026\AppData\Local\Programs\Python\Python310\lib\site-packages\sqlalchemy\engine\default.py", line 952, in do_execute
    cursor.execute(statement, parameters)
sqlalchemy.exc.ProgrammingError: (psycopg2.errors.UndefinedColumn) column sync_tasks.celery_task_id does not exist
LINE 2: ...ersion, sync_tasks.task_id AS sync_tasks_task_id, sync_tasks...
                                                             ^

[SQL: SELECT count(*) AS count_1 
FROM (SELECT sync_tasks.id AS sync_tasks_id, sync_tasks.project_id AS sync_tasks_project_id, sync_tasks.version_id AS sync_tasks_version_id, sync_tasks.name AS sync_tasks_name, sync_tasks.source_type AS sync_tasks_source_type, sync_tasks.source_url AS sync_tasks_source_url, sync_tasks.source_version AS sync_tasks_source_version, sync_tasks.task_id AS sync_tasks_task_id, sync_tasks.celery_task_id AS sync_tasks_celery_task_id, sync_tasks.status AS sync_tasks_status, sync_tasks.progress AS sync_tasks_progress, sync_tasks.total_count AS sync_tasks_total_count, sync_tasks.added_count AS sync_tasks_added_count, sync_tasks.updated_count AS sync_tasks_updated_count, sync_tasks.deleted_count AS sync_tasks_deleted_count, sync_tasks.conflict_count AS sync_tasks_conflict_count, sync_tasks.error_message AS sync_tasks_error_message, sync_tasks.execution_log AS sync_tasks_execution_log, sync_tasks.diff_data AS sync_tasks_diff_data, sync_tasks.impact_analysis AS sync_tasks_impact_analysis, sync_tasks.fix_data AS sync_tasks_fix_data, sync_tasks.started_at AS sync_tasks_started_at, sync_tasks.completed_at AS sync_tasks_completed_at, sync_tasks.created_by AS sync_tasks_created_by, sync_tasks.created_at AS sync_tasks_created_at, sync_tasks.updated_at AS sync_tasks_updated_at 
FROM sync_tasks 
WHERE sync_tasks.project_id = %(project_id_1)s) AS anon_1]
[parameters: {'project_id_1': 1}]
(Background on this error at: https://sqlalche.me/e/20/f405)
2026-03-11 08:25:24 | ERROR | [48c70764d97e46a8abbed64122d39128] | app.main | 未捕获的异常: (psycopg2.errors.UndefinedColumn) column sync_tasks.celery_task_id does not exist
LINE 2: ...ersion, sync_tasks.task_id AS sync_tasks_task_id, sync_tasks...
                                                             ^

[SQL: SELECT count(*) AS count_1 
FROM (SELECT sync_tasks.id AS sync_tasks_id, sync_tasks.project_id AS sync_tasks_project_id, sync_tasks.version_id AS sync_tasks_version_id, sync_tasks.name AS sync_tasks_name, sync_tasks.source_type AS sync_tasks_source_type, sync_tasks.source_url AS sync_tasks_source_url, sync_tasks.source_version AS sync_tasks_source_version, sync_tasks.task_id AS sync_tasks_task_id, sync_tasks.celery_task_id AS sync_tasks_celery_task_id, sync_tasks.status AS sync_tasks_status, sync_tasks.progress AS sync_tasks_progress, sync_tasks.total_count AS sync_tasks_total_count, sync_tasks.added_count AS sync_tasks_added_count, sync_tasks.updated_count AS sync_tasks_updated_count, sync_tasks.deleted_count AS sync_tasks_deleted_count, sync_tasks.conflict_count AS sync_tasks_conflict_count, sync_tasks.error_message AS sync_tasks_error_message, sync_tasks.execution_log AS sync_tasks_execution_log, sync_tasks.diff_data AS sync_tasks_diff_data, sync_tasks.impact_analysis AS sync_tasks_impact_analysis, sync_tasks.fix_data AS sync_tasks_fix_data, sync_tasks.started_at AS sync_tasks_started_at, sync_tasks.completed_at AS sync_tasks_completed_at, sync_tasks.created_by AS sync_tasks_created_by, sync_tasks.created_at AS sync_tasks_created_at, sync_tasks.updated_at AS sync_tasks_updated_at 
FROM sync_tasks 
WHERE sync_tasks.project_id = %(project_id_1)s) AS anon_1]
[parameters: {'project_id_1': 1}]
(Background on this error at: https://sqlalche.me/e/20/f405) | 路径: /api/v1/sync-tasks | 方法: GET
Traceback (most recent call last):
  File "C:\Users\81026\AppData\Local\Programs\Python\Python310\lib\site-packages\sqlalchemy\engine\base.py", line 1967, in _exec_single_context
    self.dialect.do_execute(
  File "C:\Users\81026\AppData\Local\Programs\Python\Python310\lib\site-packages\sqlalchemy\engine\default.py", line 952, in do_execute
    cursor.execute(statement, parameters)
psycopg2.errors.UndefinedColumn: column sync_tasks.celery_task_id does not exist
LINE 2: ...ersion, sync_tasks.task_id AS sync_tasks_task_id, sync_tasks...
                                                             ^


The above exception was the direct cause of the following exception:

Traceback (most recent call last):
  File "C:\Users\81026\AppData\Local\Programs\Python\Python310\lib\site-packages\starlette\middleware\errors.py", line 164, in __call__
    await self.app(scope, receive, _send)
  File "C:\Users\81026\AppData\Local\Programs\Python\Python310\lib\site-packages\starlette\middleware\base.py", line 191, in __call__
    with recv_stream, send_stream, collapse_excgroups():
  File "C:\Users\81026\AppData\Local\Programs\Python\Python310\lib\contextlib.py", line 153, in __exit__
    self.gen.throw(typ, value, traceback)
  File "C:\Users\81026\AppData\Local\Programs\Python\Python310\lib\site-packages\starlette\_utils.py", line 85, in collapse_excgroups
    raise exc
  File "C:\Users\81026\AppData\Local\Programs\Python\Python310\lib\site-packages\starlette\middleware\base.py", line 193, in __call__
    response = await self.dispatch_func(request, call_next)
  File "D:\code\BugSeek\backend\app\main.py", line 45, in trace_id_middleware
    response = await call_next(request)
  File "C:\Users\81026\AppData\Local\Programs\Python\Python310\lib\site-packages\starlette\middleware\base.py", line 168, in call_next
    raise app_exc from app_exc.__cause__ or app_exc.__context__
  File "C:\Users\81026\AppData\Local\Programs\Python\Python310\lib\site-packages\starlette\middleware\base.py", line 144, in coro
    await self.app(scope, receive_or_disconnect, send_no_error)
  File "C:\Users\81026\AppData\Local\Programs\Python\Python310\lib\site-packages\starlette\middleware\cors.py", line 85, in __call__
    await self.app(scope, receive, send)
  File "C:\Users\81026\AppData\Local\Programs\Python\Python310\lib\site-packages\starlette\middleware\exceptions.py", line 63, in __call__
    await wrap_app_handling_exceptions(self.app, conn)(scope, receive, send)
  File "C:\Users\81026\AppData\Local\Programs\Python\Python310\lib\site-packages\starlette\_exception_handler.py", line 53, in wrapped_app
    raise exc
  File "C:\Users\81026\AppData\Local\Programs\Python\Python310\lib\site-packages\starlette\_exception_handler.py", line 42, in wrapped_app
    await app(scope, receive, sender)
  File "C:\Users\81026\AppData\Local\Programs\Python\Python310\lib\site-packages\fastapi\middleware\asyncexitstack.py", line 18, in __call__
    await self.app(scope, receive, send)
  File "C:\Users\81026\AppData\Local\Programs\Python\Python310\lib\site-packages\starlette\routing.py", line 716, in __call__
    await self.middleware_stack(scope, receive, send)
  File "C:\Users\81026\AppData\Local\Programs\Python\Python310\lib\site-packages\starlette\routing.py", line 736, in app
    await route.handle(scope, receive, send)
  File "C:\Users\81026\AppData\Local\Programs\Python\Python310\lib\site-packages\starlette\routing.py", line 290, in handle
    await self.app(scope, receive, send)
  File "C:\Users\81026\AppData\Local\Programs\Python\Python310\lib\site-packages\fastapi\routing.py", line 115, in app
    await wrap_app_handling_exceptions(app, request)(scope, receive, send)
  File "C:\Users\81026\AppData\Local\Programs\Python\Python310\lib\site-packages\starlette\_exception_handler.py", line 53, in wrapped_app
    raise exc
  File "C:\Users\81026\AppData\Local\Programs\Python\Python310\lib\site-packages\starlette\_exception_handler.py", line 42, in wrapped_app
    await app(scope, receive, sender)
  File "C:\Users\81026\AppData\Local\Programs\Python\Python310\lib\site-packages\fastapi\routing.py", line 101, in app
    response = await f(request)
  File "C:\Users\81026\AppData\Local\Programs\Python\Python310\lib\site-packages\fastapi\routing.py", line 355, in app
    raw_response = await run_endpoint_function(
  File "C:\Users\81026\AppData\Local\Programs\Python\Python310\lib\site-packages\fastapi\routing.py", line 243, in run_endpoint_function
    return await dependant.call(**values)
  File "D:\code\BugSeek\backend\app\api\v1\sync_tasks.py", line 217, in get_sync_tasks
    total = query.count()
  File "C:\Users\81026\AppData\Local\Programs\Python\Python310\lib\site-packages\sqlalchemy\orm\query.py", line 3146, in count
    self._legacy_from_self(col).enable_eagerloads(False).scalar()
  File "C:\Users\81026\AppData\Local\Programs\Python\Python310\lib\site-packages\sqlalchemy\orm\query.py", line 2835, in scalar
    ret = self.one()
  File "C:\Users\81026\AppData\Local\Programs\Python\Python310\lib\site-packages\sqlalchemy\orm\query.py", line 2808, in one
    return self._iter().one()  # type: ignore
  File "C:\Users\81026\AppData\Local\Programs\Python\Python310\lib\site-packages\sqlalchemy\orm\query.py", line 2857, in _iter
    result: Union[ScalarResult[_T], Result[_T]] = self.session.execute(
  File "C:\Users\81026\AppData\Local\Programs\Python\Python310\lib\site-packages\sqlalchemy\orm\session.py", line 2351, in execute
    return self._execute_internal(
  File "C:\Users\81026\AppData\Local\Programs\Python\Python310\lib\site-packages\sqlalchemy\orm\session.py", line 2249, in _execute_internal
    result: Result[Any] = compile_state_cls.orm_execute_statement(
  File "C:\Users\81026\AppData\Local\Programs\Python\Python310\lib\site-packages\sqlalchemy\orm\context.py", line 306, in orm_execute_statement
    result = conn.execute(
  File "C:\Users\81026\AppData\Local\Programs\Python\Python310\lib\site-packages\sqlalchemy\engine\base.py", line 1419, in execute
    return meth(
  File "C:\Users\81026\AppData\Local\Programs\Python\Python310\lib\site-packages\sqlalchemy\sql\elements.py", line 527, in _execute_on_connection
    return connection._execute_clauseelement(
  File "C:\Users\81026\AppData\Local\Programs\Python\Python310\lib\site-packages\sqlalchemy\engine\base.py", line 1641, in _execute_clauseelement
    ret = self._execute_context(
  File "C:\Users\81026\AppData\Local\Programs\Python\Python310\lib\site-packages\sqlalchemy\engine\base.py", line 1846, in _execute_context
    return self._exec_single_context(
  File "C:\Users\81026\AppData\Local\Programs\Python\Python310\lib\site-packages\sqlalchemy\engine\base.py", line 1986, in _exec_single_context
    self._handle_dbapi_exception(
  File "C:\Users\81026\AppData\Local\Programs\Python\Python310\lib\site-packages\sqlalchemy\engine\base.py", line 2363, in _handle_dbapi_exception
    raise sqlalchemy_exception.with_traceback(exc_info[2]) from e
  File "C:\Users\81026\AppData\Local\Programs\Python\Python310\lib\site-packages\sqlalchemy\engine\base.py", line 1967, in _exec_single_context
    self.dialect.do_execute(
  File "C:\Users\81026\AppData\Local\Programs\Python\Python310\lib\site-packages\sqlalchemy\engine\default.py", line 952, in do_execute
    cursor.execute(statement, parameters)
sqlalchemy.exc.ProgrammingError: (psycopg2.errors.UndefinedColumn) column sync_tasks.celery_task_id does not exist
LINE 2: ...ersion, sync_tasks.task_id AS sync_tasks_task_id, sync_tasks...
                                                             ^

[SQL: SELECT count(*) AS count_1 
FROM (SELECT sync_tasks.id AS sync_tasks_id, sync_tasks.project_id AS sync_tasks_project_id, sync_tasks.version_id AS sync_tasks_version_id, sync_tasks.name AS sync_tasks_name, sync_tasks.source_type AS sync_tasks_source_type, sync_tasks.source_url AS sync_tasks_source_url, sync_tasks.source_version AS sync_tasks_source_version, sync_tasks.task_id AS sync_tasks_task_id, sync_tasks.celery_task_id AS sync_tasks_celery_task_id, sync_tasks.status AS sync_tasks_status, sync_tasks.progress AS sync_tasks_progress, sync_tasks.total_count AS sync_tasks_total_count, sync_tasks.added_count AS sync_tasks_added_count, sync_tasks.updated_count AS sync_tasks_updated_count, sync_tasks.deleted_count AS sync_tasks_deleted_count, sync_tasks.conflict_count AS sync_tasks_conflict_count, sync_tasks.error_message AS sync_tasks_error_message, sync_tasks.execution_log AS sync_tasks_execution_log, sync_tasks.diff_data AS sync_tasks_diff_data, sync_tasks.impact_analysis AS sync_tasks_impact_analysis, sync_tasks.fix_data AS sync_tasks_fix_data, sync_tasks.started_at AS sync_tasks_started_at, sync_tasks.completed_at AS sync_tasks_completed_at, sync_tasks.created_by AS sync_tasks_created_by, sync_tasks.created_at AS sync_tasks_created_at, sync_tasks.updated_at AS sync_tasks_updated_at 
FROM sync_tasks 
WHERE sync_tasks.project_id = %(project_id_1)s) AS anon_1]
[parameters: {'project_id_1': 1}]
(Background on this error at: https://sqlalche.me/e/20/f405)
2026-03-11 08:26:48 | INFO | [b1b6d7926dab4e649d131e036cc0f278] | app.dependencies | 连接池状态 - 大小: 20, 溢出: -17, 已检出: 1, 空闲: 19, 统计 - 创建: 6, 检出: 130, 检入: 128, 溢出: 0, 错误: 0, 最大并发: 3
2026-03-11 08:26:48 | INFO | [b1b6d7926dab4e649d131e036cc0f278] | app.api.v1.api_cases | [b1b6d7926dab4e649d131e036cc0f278] 查询 API 用例列表: skip=0, limit=20, user=admin, project_id=1
2026-03-11 08:26:48 | INFO | [a99c0ff81b23453ca98aed7f95fc6a4b] | app.api.v1.api_cases | [a99c0ff81b23453ca98aed7f95fc6a4b] 查询 API 用例列表: skip=0, limit=20, user=admin, project_id=1
2026-03-11 08:26:48 | INFO | [4f9e8eb02cfb48458b46b8130b51d830] | app.api.v1.api_definitions | [4f9e8eb02cfb48458b46b8130b51d830] 查询 API 定义列表: skip=0, limit=200, user=admin, project_id=1, version_id=1
2026-03-11 08:26:48 | INFO | [822944f8c5b049038fda909a4803a1b7] | app.api.v1.environments | [822944f8c5b049038fda909a4803a1b7] 用户 admin 获取环境列表: project_id=1
2026-03-11 08:26:48 | INFO | [822944f8c5b049038fda909a4803a1b7] | app.api.v1.environments | [822944f8c5b049038fda909a4803a1b7] 用户 admin 查看环境 项目 InvenTree (id=1) 的环境
2026-03-11 08:26:48 | INFO | [822944f8c5b049038fda909a4803a1b7] | app.api.v1.environments | [822944f8c5b049038fda909a4803a1b7] 获取环境列表成功: total=2
2026-03-11 08:26:48 | INFO | [278d08c01c1a4c83a6f95e158cc32388] | app.api.v1.api_definitions | [278d08c01c1a4c83a6f95e158cc32388] 查询 API 定义列表: skip=0, limit=200, user=admin, project_id=1, version_id=1
2026-03-11 08:26:49 | INFO | [e43221fbc262492786925546ba879c35] | app.dependencies | 连接池状态 - 大小: 20, 溢出: -15, 已检出: 5, 空闲: 15, 统计 - 创建: 10, 检出: 140, 检入: 130, 溢出: 0, 错误: 0, 最大并发: 5
2026-03-11 08:26:49 | INFO | [e43221fbc262492786925546ba879c35] | app.api.v1.environments | [e43221fbc262492786925546ba879c35] 用户 admin 获取环境列表: project_id=1
2026-03-11 08:26:49 | INFO | [e43221fbc262492786925546ba879c35] | app.api.v1.environments | [e43221fbc262492786925546ba879c35] 用户 admin 查看环境 项目 InvenTree (id=1) 的环境
2026-03-11 08:26:49 | INFO | [e43221fbc262492786925546ba879c35] | app.api.v1.environments | [e43221fbc262492786925546ba879c35] 获取环境列表成功: total=2
2026-03-11 08:26:49 | INFO | [7af3db53a4e242df81db89c633810cd3] | app.api.v1.sync_tasks | [7af3db53a4e242df81db89c633810cd3] 查询同步任务列表: skip=0, limit=20, user=admin, project_id=1
2026-03-11 08:26:50 | INFO | [473af105955b43738cdcb2cf2f1e957b] | app.api.v1.sync_tasks | [473af105955b43738cdcb2cf2f1e957b] 查询同步任务列表: skip=0, limit=20, user=admin, project_id=1
2026-03-11 08:26:55 | INFO | [c4f4e068abd749a980d80a62dd278eef] | app.api.v1.api_definitions | [c4f4e068abd749a980d80a62dd278eef] 查询 API 定义列表: skip=0, limit=50, user=admin, project_id=1, version_id=1
2026-03-11 08:26:55 | INFO | [3aacc5f76fe742c1aa12309e8d439530] | app.api.v1.api_definitions | [3aacc5f76fe742c1aa12309e8d439530] 查询 API 定义列表: skip=0, limit=50, user=admin, project_id=1, version_id=1
2026-03-11 08:29:17 | INFO | [52329de2150a4f5b8b4af07947730dec] | app.dependencies | 连接池状态 - 大小: 20, 溢出: -15, 已检出: 1, 空闲: 19, 统计 - 创建: 10, 检出: 150, 检入: 148, 溢出: 0, 错误: 0, 最大并发: 5
2026-03-11 08:29:17 | INFO | [52329de2150a4f5b8b4af07947730dec] | app.api.v1.api_definitions | [52329de2150a4f5b8b4af07947730dec] 查询 API 定义列表: skip=0, limit=50, user=admin, project_id=1, version_id=1
2026-03-11 08:29:17 | INFO | [84bda08392cf438489b0ecf88098762c] | app.api.v1.api_definitions | [84bda08392cf438489b0ecf88098762c] 查询 API 定义列表: skip=0, limit=50, user=admin, project_id=1, version_id=1
2026-03-11 08:29:19 | INFO | [1804e44a45004e7c88d69cbefefa1910] | app.api.v1.sync_tasks | [1804e44a45004e7c88d69cbefefa1910] 查询同步任务列表: skip=0, limit=20, user=admin, project_id=1
2026-03-11 08:29:19 | INFO | [62e2b1588a944b8ca47d515658fe3554] | app.api.v1.sync_tasks | [62e2b1588a944b8ca47d515658fe3554] 查询同步任务列表: skip=0, limit=20, user=admin, project_id=1
2026-03-11 08:29:21 | INFO | [38a534e03e3246eda2328d735b581bd9] | app.api.v1.api_definitions | [38a534e03e3246eda2328d735b581bd9] 查询 API 定义列表: skip=0, limit=50, user=admin, project_id=1, version_id=1
2026-03-11 08:29:21 | INFO | [08217d5c167c435e80ff1e03fa561e70] | app.dependencies | 连接池状态 - 大小: 20, 溢出: -15, 已检出: 1, 空闲: 19, 统计 - 创建: 10, 检出: 160, 检入: 158, 溢出: 0, 错误: 0, 最大并发: 5
2026-03-11 08:29:21 | INFO | [08217d5c167c435e80ff1e03fa561e70] | app.api.v1.api_definitions | [08217d5c167c435e80ff1e03fa561e70] 查询 API 定义列表: skip=0, limit=50, user=admin, project_id=1, version_id=1
2026-03-11 08:33:33 | INFO | [85a480239ba9452d8f5cac0080efa39a] | root | 日志系统初始化完成
2026-03-11 08:33:33 | INFO | [85a480239ba9452d8f5cac0080efa39a] | app.main | 应用启动事件执行中...
2026-03-11 08:33:34 | INFO | [85a480239ba9452d8f5cac0080efa39a] | app.main | Celery 实例: bugseek
2026-03-11 08:33:34 | INFO | [85a480239ba9452d8f5cac0080efa39a] | app.main | Broker URL: redis://127.0.0.1:6380/0
2026-03-11 08:33:34 | INFO | [85a480239ba9452d8f5cac0080efa39a] | app.main | Result Backend: redis://127.0.0.1:6380/1
2026-03-11 08:33:34 | INFO | [85a480239ba9452d8f5cac0080efa39a] | app.main | 字段映射任务已注册: app.celery.tasks.execute_field_mapping_task
2026-03-11 08:33:34 | INFO | [85a480239ba9452d8f5cac0080efa39a] | app.main | 开始预热向量索引...
2026-03-11 08:33:34 | INFO | [85a480239ba9452d8f5cac0080efa39a] | app.main | 应用启动事件执行完成
2026-03-11 08:33:34 | INFO | [85a480239ba9452d8f5cac0080efa39a] | app.main | 提示: 请确保 Celery Worker 正在运行
2026-03-11 08:33:34 | INFO | [85a480239ba9452d8f5cac0080efa39a] | app.main | 启动命令: celery -A app.celery_config worker --loglevel=info --pool=solo
2026-03-11 08:33:34 | INFO | [85a480239ba9452d8f5cac0080efa39a] | app.utils.vector_index | VectorIndexManager 单例初始化完成
2026-03-11 08:33:34 | INFO | [85a480239ba9452d8f5cac0080efa39a] | app.utils.vector_index | [85a480239ba9452d8f5cac0080efa39a] 从缓存加载向量索引成功: 289 个列
2026-03-11 08:33:34 | INFO | [85a480239ba9452d8f5cac0080efa39a] | app.utils.vector_index | VectorIndexManager 缓存加载成功: 289 个列
2026-03-11 08:33:34 | INFO | [85a480239ba9452d8f5cac0080efa39a] | app.main | 向量索引已从缓存加载
2026-03-11 08:33:34 | ERROR | [421014318c7e4484a3a3a6041e6d19cc] | asyncio | Task was destroyed but it is pending!
task: <Task pending name='Task-10' coro=<<async_generator_athrow without __name__>()>>
2026-03-11 08:33:43 | INFO | [358f05a2961a46bfa9dccfcdbbcaa5ef] | root | 日志系统初始化完成
2026-03-11 08:33:44 | INFO | [358f05a2961a46bfa9dccfcdbbcaa5ef] | app.main | 应用启动事件执行中...
2026-03-11 08:33:44 | INFO | [358f05a2961a46bfa9dccfcdbbcaa5ef] | app.main | Celery 实例: bugseek
2026-03-11 08:33:44 | INFO | [358f05a2961a46bfa9dccfcdbbcaa5ef] | app.main | Broker URL: redis://127.0.0.1:6380/0
2026-03-11 08:33:44 | INFO | [358f05a2961a46bfa9dccfcdbbcaa5ef] | app.main | Result Backend: redis://127.0.0.1:6380/1
2026-03-11 08:33:44 | INFO | [358f05a2961a46bfa9dccfcdbbcaa5ef] | app.main | 字段映射任务已注册: app.celery.tasks.execute_field_mapping_task
2026-03-11 08:33:44 | INFO | [358f05a2961a46bfa9dccfcdbbcaa5ef] | app.main | 开始预热向量索引...
2026-03-11 08:33:44 | INFO | [358f05a2961a46bfa9dccfcdbbcaa5ef] | app.main | 应用启动事件执行完成
2026-03-11 08:33:44 | INFO | [358f05a2961a46bfa9dccfcdbbcaa5ef] | app.main | 提示: 请确保 Celery Worker 正在运行
2026-03-11 08:33:44 | INFO | [358f05a2961a46bfa9dccfcdbbcaa5ef] | app.main | 启动命令: celery -A app.celery_config worker --loglevel=info --pool=solo
2026-03-11 08:33:44 | INFO | [358f05a2961a46bfa9dccfcdbbcaa5ef] | app.utils.vector_index | VectorIndexManager 单例初始化完成
2026-03-11 08:33:44 | INFO | [358f05a2961a46bfa9dccfcdbbcaa5ef] | app.utils.vector_index | [358f05a2961a46bfa9dccfcdbbcaa5ef] 从缓存加载向量索引成功: 289 个列
2026-03-11 08:33:44 | INFO | [358f05a2961a46bfa9dccfcdbbcaa5ef] | app.utils.vector_index | VectorIndexManager 缓存加载成功: 289 个列
2026-03-11 08:33:44 | INFO | [358f05a2961a46bfa9dccfcdbbcaa5ef] | app.main | 向量索引已从缓存加载
2026-03-11 08:33:52 | INFO | [eeaa3b9773f54573b0a3dce6eb1df9a9] | root | 日志系统初始化完成
2026-03-11 08:33:52 | INFO | [eeaa3b9773f54573b0a3dce6eb1df9a9] | app.main | 应用启动事件执行中...
2026-03-11 08:33:52 | INFO | [eeaa3b9773f54573b0a3dce6eb1df9a9] | app.main | Celery 实例: bugseek
2026-03-11 08:33:52 | INFO | [eeaa3b9773f54573b0a3dce6eb1df9a9] | app.main | Broker URL: redis://127.0.0.1:6380/0
2026-03-11 08:33:52 | INFO | [eeaa3b9773f54573b0a3dce6eb1df9a9] | app.main | Result Backend: redis://127.0.0.1:6380/1
2026-03-11 08:33:52 | INFO | [eeaa3b9773f54573b0a3dce6eb1df9a9] | app.main | 字段映射任务已注册: app.celery.tasks.execute_field_mapping_task
2026-03-11 08:33:52 | INFO | [eeaa3b9773f54573b0a3dce6eb1df9a9] | app.main | 开始预热向量索引...
2026-03-11 08:33:52 | INFO | [eeaa3b9773f54573b0a3dce6eb1df9a9] | app.main | 应用启动事件执行完成
2026-03-11 08:33:52 | INFO | [eeaa3b9773f54573b0a3dce6eb1df9a9] | app.main | 提示: 请确保 Celery Worker 正在运行
2026-03-11 08:33:52 | INFO | [eeaa3b9773f54573b0a3dce6eb1df9a9] | app.main | 启动命令: celery -A app.celery_config worker --loglevel=info --pool=solo
2026-03-11 08:33:52 | INFO | [eeaa3b9773f54573b0a3dce6eb1df9a9] | app.utils.vector_index | VectorIndexManager 单例初始化完成
2026-03-11 08:33:52 | INFO | [eeaa3b9773f54573b0a3dce6eb1df9a9] | app.utils.vector_index | [eeaa3b9773f54573b0a3dce6eb1df9a9] 从缓存加载向量索引成功: 289 个列
2026-03-11 08:33:52 | INFO | [eeaa3b9773f54573b0a3dce6eb1df9a9] | app.utils.vector_index | VectorIndexManager 缓存加载成功: 289 个列
2026-03-11 08:33:52 | INFO | [eeaa3b9773f54573b0a3dce6eb1df9a9] | app.main | 向量索引已从缓存加载
2026-03-11 08:35:53 | INFO | [7357d903755e4eac8557228024d6b3d9] | root | 日志系统初始化完成
2026-03-11 08:35:53 | INFO | [7357d903755e4eac8557228024d6b3d9] | app.main | 应用启动事件执行中...
2026-03-11 08:35:53 | INFO | [7357d903755e4eac8557228024d6b3d9] | app.main | Celery 实例: bugseek
2026-03-11 08:35:53 | INFO | [7357d903755e4eac8557228024d6b3d9] | app.main | Broker URL: redis://127.0.0.1:6380/0
2026-03-11 08:35:53 | INFO | [7357d903755e4eac8557228024d6b3d9] | app.main | Result Backend: redis://127.0.0.1:6380/1
2026-03-11 08:35:53 | INFO | [7357d903755e4eac8557228024d6b3d9] | app.main | 字段映射任务已注册: app.celery.tasks.execute_field_mapping_task
2026-03-11 08:35:53 | INFO | [7357d903755e4eac8557228024d6b3d9] | app.main | 开始预热向量索引...
2026-03-11 08:35:53 | INFO | [7357d903755e4eac8557228024d6b3d9] | app.main | 应用启动事件执行完成
2026-03-11 08:35:53 | INFO | [7357d903755e4eac8557228024d6b3d9] | app.main | 提示: 请确保 Celery Worker 正在运行
2026-03-11 08:35:53 | INFO | [7357d903755e4eac8557228024d6b3d9] | app.main | 启动命令: celery -A app.celery_config worker --loglevel=info --pool=solo
2026-03-11 08:35:53 | INFO | [7357d903755e4eac8557228024d6b3d9] | app.utils.vector_index | VectorIndexManager 单例初始化完成
2026-03-11 08:35:53 | INFO | [7357d903755e4eac8557228024d6b3d9] | app.utils.vector_index | [7357d903755e4eac8557228024d6b3d9] 从缓存加载向量索引成功: 289 个列
2026-03-11 08:35:53 | INFO | [7357d903755e4eac8557228024d6b3d9] | app.utils.vector_index | VectorIndexManager 缓存加载成功: 289 个列
2026-03-11 08:35:53 | INFO | [7357d903755e4eac8557228024d6b3d9] | app.main | 向量索引已从缓存加载
2026-03-11 08:36:06 | ERROR | [5e5df51657894ada91bf76e60b031e98] | app.dependencies | 数据库会话异常: 1 validation error:
  {'type': 'missing', 'loc': ('body', 'user_intent'), 'msg': 'Field required', 'input': {'intent_text': '生成登录模块的测试用例', 'project_id': 1, 'version_id': 1}}

  File "D:\code\BugSeek\backend\app\api\v1\intent_workbench.py", line 69, in generate_scenario_from_intent
    POST /api/v1/intent-workbench/generate-scenario
Traceback (most recent call last):
  File "D:\code\BugSeek\backend\app\dependencies.py", line 196, in get_db
    yield db
  File "C:\Users\81026\AppData\Local\Programs\Python\Python310\lib\site-packages\fastapi\concurrency.py", line 29, in contextmanager_in_threadpool
    yield await run_in_threadpool(cm.__enter__)
  File "C:\Users\81026\AppData\Local\Programs\Python\Python310\lib\site-packages\fastapi\routing.py", line 101, in app
    response = await f(request)
  File "C:\Users\81026\AppData\Local\Programs\Python\Python310\lib\site-packages\fastapi\routing.py", line 397, in app
    raise validation_error
fastapi.exceptions.RequestValidationError: 1 validation error:
  {'type': 'missing', 'loc': ('body', 'user_intent'), 'msg': 'Field required', 'input': {'intent_text': '生成登录模块的测试用例', 'project_id': 1, 'version_id': 1}}

  File "D:\code\BugSeek\backend\app\api\v1\intent_workbench.py", line 69, in generate_scenario_from_intent
    POST /api/v1/intent-workbench/generate-scenario
2026-03-11 08:37:41 | INFO | [b07dd5939b1e4d1d9c88d33640175574] | root | 日志系统初始化完成
2026-03-11 08:37:41 | INFO | [b07dd5939b1e4d1d9c88d33640175574] | app.main | 应用启动事件执行中...
2026-03-11 08:37:42 | INFO | [b07dd5939b1e4d1d9c88d33640175574] | app.main | Celery 实例: bugseek
2026-03-11 08:37:42 | INFO | [b07dd5939b1e4d1d9c88d33640175574] | app.main | Broker URL: redis://127.0.0.1:6380/0
2026-03-11 08:37:42 | INFO | [b07dd5939b1e4d1d9c88d33640175574] | app.main | Result Backend: redis://127.0.0.1:6380/1
2026-03-11 08:37:42 | INFO | [b07dd5939b1e4d1d9c88d33640175574] | app.main | 字段映射任务已注册: app.celery.tasks.execute_field_mapping_task
2026-03-11 08:37:42 | INFO | [b07dd5939b1e4d1d9c88d33640175574] | app.main | 开始预热向量索引...
2026-03-11 08:37:42 | INFO | [b07dd5939b1e4d1d9c88d33640175574] | app.main | 应用启动事件执行完成
2026-03-11 08:37:42 | INFO | [b07dd5939b1e4d1d9c88d33640175574] | app.main | 提示: 请确保 Celery Worker 正在运行
2026-03-11 08:37:42 | INFO | [b07dd5939b1e4d1d9c88d33640175574] | app.main | 启动命令: celery -A app.celery_config worker --loglevel=info --pool=solo
2026-03-11 08:37:42 | INFO | [b07dd5939b1e4d1d9c88d33640175574] | app.utils.vector_index | VectorIndexManager 单例初始化完成
2026-03-11 08:37:42 | INFO | [b07dd5939b1e4d1d9c88d33640175574] | app.utils.vector_index | [b07dd5939b1e4d1d9c88d33640175574] 从缓存加载向量索引成功: 289 个列
2026-03-11 08:37:42 | INFO | [b07dd5939b1e4d1d9c88d33640175574] | app.utils.vector_index | VectorIndexManager 缓存加载成功: 289 个列
2026-03-11 08:37:42 | INFO | [b07dd5939b1e4d1d9c88d33640175574] | app.main | 向量索引已从缓存加载
2026-03-11 08:37:49 | INFO | [a596dc00d344497c8fcc96a0e762c9e6] | root | 日志系统初始化完成
2026-03-11 08:37:50 | INFO | [a596dc00d344497c8fcc96a0e762c9e6] | app.main | 应用启动事件执行中...
2026-03-11 08:37:50 | INFO | [a596dc00d344497c8fcc96a0e762c9e6] | app.main | Celery 实例: bugseek
2026-03-11 08:37:50 | INFO | [a596dc00d344497c8fcc96a0e762c9e6] | app.main | Broker URL: redis://127.0.0.1:6380/0
2026-03-11 08:37:50 | INFO | [a596dc00d344497c8fcc96a0e762c9e6] | app.main | Result Backend: redis://127.0.0.1:6380/1
2026-03-11 08:37:50 | INFO | [a596dc00d344497c8fcc96a0e762c9e6] | app.main | 字段映射任务已注册: app.celery.tasks.execute_field_mapping_task
2026-03-11 08:37:50 | INFO | [a596dc00d344497c8fcc96a0e762c9e6] | app.main | 开始预热向量索引...
2026-03-11 08:37:50 | INFO | [a596dc00d344497c8fcc96a0e762c9e6] | app.main | 应用启动事件执行完成
2026-03-11 08:37:50 | INFO | [a596dc00d344497c8fcc96a0e762c9e6] | app.main | 提示: 请确保 Celery Worker 正在运行
2026-03-11 08:37:50 | INFO | [a596dc00d344497c8fcc96a0e762c9e6] | app.main | 启动命令: celery -A app.celery_config worker --loglevel=info --pool=solo
2026-03-11 08:37:50 | INFO | [a596dc00d344497c8fcc96a0e762c9e6] | app.utils.vector_index | VectorIndexManager 单例初始化完成
2026-03-11 08:37:50 | INFO | [a596dc00d344497c8fcc96a0e762c9e6] | app.utils.vector_index | [a596dc00d344497c8fcc96a0e762c9e6] 从缓存加载向量索引成功: 289 个列
2026-03-11 08:37:50 | INFO | [a596dc00d344497c8fcc96a0e762c9e6] | app.utils.vector_index | VectorIndexManager 缓存加载成功: 289 个列
2026-03-11 08:37:50 | INFO | [a596dc00d344497c8fcc96a0e762c9e6] | app.main | 向量索引已从缓存加载
2026-03-11 08:37:58 | INFO | [ac955a368b8d4b8fa8878ec7b80fcb3a] | root | 日志系统初始化完成
2026-03-11 08:37:58 | INFO | [ac955a368b8d4b8fa8878ec7b80fcb3a] | app.main | 应用启动事件执行中...
2026-03-11 08:37:58 | INFO | [ac955a368b8d4b8fa8878ec7b80fcb3a] | app.main | Celery 实例: bugseek
2026-03-11 08:37:58 | INFO | [ac955a368b8d4b8fa8878ec7b80fcb3a] | app.main | Broker URL: redis://127.0.0.1:6380/0
2026-03-11 08:37:58 | INFO | [ac955a368b8d4b8fa8878ec7b80fcb3a] | app.main | Result Backend: redis://127.0.0.1:6380/1
2026-03-11 08:37:58 | INFO | [ac955a368b8d4b8fa8878ec7b80fcb3a] | app.main | 字段映射任务已注册: app.celery.tasks.execute_field_mapping_task
2026-03-11 08:37:58 | INFO | [ac955a368b8d4b8fa8878ec7b80fcb3a] | app.main | 开始预热向量索引...
2026-03-11 08:37:58 | INFO | [ac955a368b8d4b8fa8878ec7b80fcb3a] | app.main | 应用启动事件执行完成
2026-03-11 08:37:58 | INFO | [ac955a368b8d4b8fa8878ec7b80fcb3a] | app.main | 提示: 请确保 Celery Worker 正在运行
2026-03-11 08:37:58 | INFO | [ac955a368b8d4b8fa8878ec7b80fcb3a] | app.main | 启动命令: celery -A app.celery_config worker --loglevel=info --pool=solo
2026-03-11 08:37:58 | INFO | [ac955a368b8d4b8fa8878ec7b80fcb3a] | app.utils.vector_index | VectorIndexManager 单例初始化完成
2026-03-11 08:37:58 | INFO | [ac955a368b8d4b8fa8878ec7b80fcb3a] | app.utils.vector_index | [ac955a368b8d4b8fa8878ec7b80fcb3a] 从缓存加载向量索引成功: 289 个列
2026-03-11 08:37:58 | INFO | [ac955a368b8d4b8fa8878ec7b80fcb3a] | app.utils.vector_index | VectorIndexManager 缓存加载成功: 289 个列
2026-03-11 08:37:58 | INFO | [ac955a368b8d4b8fa8878ec7b80fcb3a] | app.main | 向量索引已从缓存加载
2026-03-11 08:38:06 | INFO | [525fe521ad9a4a16beaa0fcfadb17665] | root | 日志系统初始化完成
2026-03-11 08:38:06 | INFO | [525fe521ad9a4a16beaa0fcfadb17665] | app.main | 应用启动事件执行中...
2026-03-11 08:38:06 | INFO | [525fe521ad9a4a16beaa0fcfadb17665] | app.main | Celery 实例: bugseek
2026-03-11 08:38:06 | INFO | [525fe521ad9a4a16beaa0fcfadb17665] | app.main | Broker URL: redis://127.0.0.1:6380/0
2026-03-11 08:38:06 | INFO | [525fe521ad9a4a16beaa0fcfadb17665] | app.main | Result Backend: redis://127.0.0.1:6380/1
2026-03-11 08:38:06 | INFO | [525fe521ad9a4a16beaa0fcfadb17665] | app.main | 字段映射任务已注册: app.celery.tasks.execute_field_mapping_task
2026-03-11 08:38:06 | INFO | [525fe521ad9a4a16beaa0fcfadb17665] | app.main | 开始预热向量索引...
2026-03-11 08:38:06 | INFO | [525fe521ad9a4a16beaa0fcfadb17665] | app.main | 应用启动事件执行完成
2026-03-11 08:38:06 | INFO | [525fe521ad9a4a16beaa0fcfadb17665] | app.main | 提示: 请确保 Celery Worker 正在运行
2026-03-11 08:38:06 | INFO | [525fe521ad9a4a16beaa0fcfadb17665] | app.main | 启动命令: celery -A app.celery_config worker --loglevel=info --pool=solo
2026-03-11 08:38:06 | INFO | [525fe521ad9a4a16beaa0fcfadb17665] | app.utils.vector_index | VectorIndexManager 单例初始化完成
2026-03-11 08:38:06 | INFO | [525fe521ad9a4a16beaa0fcfadb17665] | app.utils.vector_index | [525fe521ad9a4a16beaa0fcfadb17665] 从缓存加载向量索引成功: 289 个列
2026-03-11 08:38:06 | INFO | [525fe521ad9a4a16beaa0fcfadb17665] | app.utils.vector_index | VectorIndexManager 缓存加载成功: 289 个列
2026-03-11 08:38:06 | INFO | [525fe521ad9a4a16beaa0fcfadb17665] | app.main | 向量索引已从缓存加载
2026-03-11 08:38:30 | INFO | [53dd7c58e5174746972c522e4bc61944] | root | 日志系统初始化完成
2026-03-11 08:38:30 | INFO | [53dd7c58e5174746972c522e4bc61944] | app.main | 应用启动事件执行中...
2026-03-11 08:38:30 | INFO | [53dd7c58e5174746972c522e4bc61944] | app.main | Celery 实例: bugseek
2026-03-11 08:38:30 | INFO | [53dd7c58e5174746972c522e4bc61944] | app.main | Broker URL: redis://127.0.0.1:6380/0
2026-03-11 08:38:30 | INFO | [53dd7c58e5174746972c522e4bc61944] | app.main | Result Backend: redis://127.0.0.1:6380/1
2026-03-11 08:38:30 | INFO | [53dd7c58e5174746972c522e4bc61944] | app.main | 字段映射任务已注册: app.celery.tasks.execute_field_mapping_task
2026-03-11 08:38:30 | INFO | [53dd7c58e5174746972c522e4bc61944] | app.main | 开始预热向量索引...
2026-03-11 08:38:30 | INFO | [53dd7c58e5174746972c522e4bc61944] | app.main | 应用启动事件执行完成
2026-03-11 08:38:30 | INFO | [53dd7c58e5174746972c522e4bc61944] | app.main | 提示: 请确保 Celery Worker 正在运行
2026-03-11 08:38:30 | INFO | [53dd7c58e5174746972c522e4bc61944] | app.main | 启动命令: celery -A app.celery_config worker --loglevel=info --pool=solo
2026-03-11 08:38:30 | INFO | [53dd7c58e5174746972c522e4bc61944] | app.utils.vector_index | VectorIndexManager 单例初始化完成
2026-03-11 08:38:30 | INFO | [53dd7c58e5174746972c522e4bc61944] | app.utils.vector_index | [53dd7c58e5174746972c522e4bc61944] 从缓存加载向量索引成功: 289 个列
2026-03-11 08:38:30 | INFO | [53dd7c58e5174746972c522e4bc61944] | app.utils.vector_index | VectorIndexManager 缓存加载成功: 289 个列
2026-03-11 08:38:30 | INFO | [53dd7c58e5174746972c522e4bc61944] | app.main | 向量索引已从缓存加载
2026-03-11 08:39:11 | INFO | [a96a391971814d2399903b6b1d371385] | app.api.v1.intent_workbench | [a96a391971814d2399903b6b1d371385] 意图生成场景: intent='生成登录模块的测试用例', project_id=1
2026-03-11 08:39:11 | INFO | [a96a391971814d2399903b6b1d371385] | app.api.v1.intent_workbench | [a96a391971814d2399903b6b1d371385] [阶段一] 检索候选 API...
2026-03-11 08:39:11 | INFO | [a96a391971814d2399903b6b1d371385] | app.services.api_retrieval | [a96a391971814d2399903b6b1d371385] 开始 API 检索: intent='生成登录模块的测试用例', project_id=1
2026-03-11 08:39:11 | INFO | [a96a391971814d2399903b6b1d371385] | app.services.api_retrieval | [a96a391971814d2399903b6b1d371385] [阶段一] 关键词召回...
2026-03-11 08:39:11 | INFO | [a96a391971814d2399903b6b1d371385] | app.services.api_retrieval | [a96a391971814d2399903b6b1d371385] 提取关键词: ['生成登录模块的测试用例', 'POST']
2026-03-11 08:39:11 | INFO | [a96a391971814d2399903b6b1d371385] | app.services.api_retrieval | [a96a391971814d2399903b6b1d371385] [阶段一] 关键词召回完成: found=122 candidates
2026-03-11 08:39:11 | INFO | [a96a391971814d2399903b6b1d371385] | app.services.api_retrieval | [a96a391971814d2399903b6b1d371385] [阶段二] 语义重排...
2026-03-11 08:39:11 | INFO | [a96a391971814d2399903b6b1d371385] | app.ai.service | AI 执行开始: task_type=api_retrieval_ranking, project_id=None
2026-03-11 08:39:11 | INFO | [a96a391971814d2399903b6b1d371385] | app.ai.service | AI 输入数据: method=None, path=None, summary=None
2026-03-11 08:39:11 | INFO | [a96a391971814d2399903b6b1d371385] | app.ai.service | 渲染后的用户 Prompt（前500字符）: 
请根据用户意图，对候选 API 列表进行排序和筛选。

用户意图：
{user_intent}

项目信息：
- 项目名称：InvenTree
- 业务领域：{business_domain}

候选 API 列表（已通过向量检索初步筛选）：
{candidate_apis}

请执行以下任务：

1. **相关性评分**：对每个候选 API 进行 0-10 分的相关性评分
   - 10 分：完全匹配，直接使用
   - 8-9 分：高度相关，可能需要调整参数
   - 5-7 分：部分相关，可能需要组合使用
   - 0-4 分：不相关，应该排除

2. **排序**：按相关性评分从高到低排序

3. **筛选**：剔除相关性评分低于 5 分的 API

4. **补充说明**：对每个 API 提供评分理由

返回格式（JSON）：
{{
  "ranked_apis": [
    {{
      "id": 123,
      "method": "POST",
      "path": "/api/users",
      "summary": "创建用户",
  
2026-03-11 08:39:12 | INFO | [a96a391971814d2399903b6b1d371385] | app.ai.adapters.factory | 创建模型适配器: provider=openai
2026-03-11 08:39:12 | INFO | [a96a391971814d2399903b6b1d371385] | app.ai.service | 调用 AI 模型: model=OpenAIAdapter
2026-03-11 08:39:13 | INFO | [a96a391971814d2399903b6b1d371385] | httpx | HTTP Request: POST https://api.siliconflow.cn/v1/chat/completions "HTTP/1.1 200 OK"
2026-03-11 08:39:13 | INFO | [a96a391971814d2399903b6b1d371385] | app.ai.adapters.openai | OpenAI 调用成功: model=Qwen/Qwen2.5-Coder-7B-Instruct, tokens=604
2026-03-11 08:39:13 | INFO | [a96a391971814d2399903b6b1d371385] | app.ai.service | AI 调用成功: task_type=api_retrieval_ranking, project_id=None, tokens_used=604
2026-03-11 08:39:13 | ERROR | [a96a391971814d2399903b6b1d371385] | app.services.api_retrieval | [a96a391971814d2399903b6b1d371385] AI 重排异常: 'str' object has no attribute 'get'
Traceback (most recent call last):
  File "D:\code\BugSeek\backend\app\services\api_retrieval.py", line 347, in _semantic_rerank
    summary = ranked_apis.get("summary", {})
AttributeError: 'str' object has no attribute 'get'
2026-03-11 08:39:13 | INFO | [a96a391971814d2399903b6b1d371385] | app.services.api_retrieval | [a96a391971814d2399903b6b1d371385] [阶段二] 语义重排完成: relevant=122
2026-03-11 08:39:13 | INFO | [a96a391971814d2399903b6b1d371385] | app.api.v1.intent_workbench | [a96a391971814d2399903b6b1d371385] [阶段一] 检索到 122 个候选 API
2026-03-11 08:39:13 | INFO | [a96a391971814d2399903b6b1d371385] | app.api.v1.intent_workbench | [a96a391971814d2399903b6b1d371385] [阶段二] 生成场景结构...
2026-03-11 08:39:13 | INFO | [a96a391971814d2399903b6b1d371385] | app.ai.service | AI 执行开始: task_type=intent_scenario_generation, project_id=1
2026-03-11 08:39:13 | INFO | [a96a391971814d2399903b6b1d371385] | app.ai.service | AI 输入数据: method=None, path=None, summary=None
2026-03-11 08:39:13 | INFO | [a96a391971814d2399903b6b1d371385] | app.ai.context | 注入项目上下文: project_id=1, name=InvenTree
2026-03-11 08:39:13 | INFO | [a96a391971814d2399903b6b1d371385] | app.ai.service | 渲染后的用户 Prompt（前500字符）: 
请根据用户的业务意图，生成一个完整的 API 测试场景。

用户意图：
{user_intent}

项目信息：
- 项目名称：InvenTree
- 业务领域：{business_domain}
- 技术栈：

候选 API 列表（已通过向量检索和关键词匹配筛选）：
{candidate_apis}

请分析用户意图，执行以下两个阶段：

阶段一：业务步骤识别
1. 将用户意图分解为具体的业务步骤
2. 识别每个步骤对应的 API 调用
3. 确定步骤之间的执行顺序（依赖关系）

阶段二：场景生成
基于业务步骤，生成可直接落库的场景数据结构：

返回格式（JSON）：
{{
  "scenario": {{
    "name": "场景名称（基于意图自动生成）",
    "description": "场景描述",
    "scenario_type": "business_flow",
    "source_type": "intent",
    "execution_mode": "dag",
    "timeout_seconds": 600,
    "retr
2026-03-11 08:39:13 | INFO | [a96a391971814d2399903b6b1d371385] | app.ai.service | 调用 AI 模型: model=OpenAIAdapter
2026-03-11 08:39:13 | INFO | [a96a391971814d2399903b6b1d371385] | httpx | HTTP Request: POST https://api.siliconflow.cn/v1/chat/completions "HTTP/1.1 200 OK"
2026-03-11 08:39:13 | INFO | [a96a391971814d2399903b6b1d371385] | app.ai.adapters.openai | OpenAI 调用成功: model=Qwen/Qwen2.5-Coder-7B-Instruct, tokens=834
2026-03-11 08:39:13 | INFO | [a96a391971814d2399903b6b1d371385] | app.ai.service | AI 调用成功: task_type=intent_scenario_generation, project_id=1, tokens_used=834
2026-03-11 08:39:13 | ERROR | [a96a391971814d2399903b6b1d371385] | app.api.v1.intent_workbench | [a96a391971814d2399903b6b1d371385] 意图生成场景失败: 'str' object has no attribute 'get'
Traceback (most recent call last):
  File "D:\code\BugSeek\backend\app\api\v1\intent_workbench.py", line 171, in generate_scenario_from_intent
    logger.info(f"[{trace_id}] [阶段二] 场景生成成功: nodes={len(scenario_result.get('nodes', []))}")
AttributeError: 'str' object has no attribute 'get'
2026-03-11 08:39:13 | ERROR | [a96a391971814d2399903b6b1d371385] | app.dependencies | 数据库会话异常: 500: 意图生成场景失败：'str' object has no attribute 'get'
Traceback (most recent call last):
  File "D:\code\BugSeek\backend\app\api\v1\intent_workbench.py", line 171, in generate_scenario_from_intent
    logger.info(f"[{trace_id}] [阶段二] 场景生成成功: nodes={len(scenario_result.get('nodes', []))}")
AttributeError: 'str' object has no attribute 'get'

During handling of the above exception, another exception occurred:

Traceback (most recent call last):
  File "D:\code\BugSeek\backend\app\dependencies.py", line 196, in get_db
    yield db
  File "C:\Users\81026\AppData\Local\Programs\Python\Python310\lib\site-packages\fastapi\concurrency.py", line 29, in contextmanager_in_threadpool
    yield await run_in_threadpool(cm.__enter__)
  File "C:\Users\81026\AppData\Local\Programs\Python\Python310\lib\site-packages\fastapi\routing.py", line 101, in app
    response = await f(request)
  File "C:\Users\81026\AppData\Local\Programs\Python\Python310\lib\site-packages\fastapi\routing.py", line 355, in app
    raw_response = await run_endpoint_function(
  File "C:\Users\81026\AppData\Local\Programs\Python\Python310\lib\site-packages\fastapi\routing.py", line 243, in run_endpoint_function
    return await dependant.call(**values)
  File "D:\code\BugSeek\backend\app\api\v1\intent_workbench.py", line 188, in generate_scenario_from_intent
    raise HTTPException(
fastapi.exceptions.HTTPException: 500: 意图生成场景失败：'str' object has no attribute 'get'
2026-03-11 08:41:02 | INFO | [4edf46edd14146b991592500170f3113] | root | 日志系统初始化完成
2026-03-11 08:41:03 | INFO | [4edf46edd14146b991592500170f3113] | app.main | 应用启动事件执行中...
2026-03-11 08:41:03 | INFO | [4edf46edd14146b991592500170f3113] | app.main | Celery 实例: bugseek
2026-03-11 08:41:03 | INFO | [4edf46edd14146b991592500170f3113] | app.main | Broker URL: redis://127.0.0.1:6380/0
2026-03-11 08:41:03 | INFO | [4edf46edd14146b991592500170f3113] | app.main | Result Backend: redis://127.0.0.1:6380/1
2026-03-11 08:41:03 | INFO | [4edf46edd14146b991592500170f3113] | app.main | 字段映射任务已注册: app.celery.tasks.execute_field_mapping_task
2026-03-11 08:41:03 | INFO | [4edf46edd14146b991592500170f3113] | app.main | 开始预热向量索引...
2026-03-11 08:41:03 | INFO | [4edf46edd14146b991592500170f3113] | app.main | 应用启动事件执行完成
2026-03-11 08:41:03 | INFO | [4edf46edd14146b991592500170f3113] | app.main | 提示: 请确保 Celery Worker 正在运行
2026-03-11 08:41:03 | INFO | [4edf46edd14146b991592500170f3113] | app.main | 启动命令: celery -A app.celery_config worker --loglevel=info --pool=solo
2026-03-11 08:41:03 | INFO | [4edf46edd14146b991592500170f3113] | app.utils.vector_index | VectorIndexManager 单例初始化完成
2026-03-11 08:41:03 | INFO | [4edf46edd14146b991592500170f3113] | app.utils.vector_index | [4edf46edd14146b991592500170f3113] 从缓存加载向量索引成功: 289 个列
2026-03-11 08:41:03 | INFO | [4edf46edd14146b991592500170f3113] | app.utils.vector_index | VectorIndexManager 缓存加载成功: 289 个列
2026-03-11 08:41:03 | INFO | [4edf46edd14146b991592500170f3113] | app.main | 向量索引已从缓存加载
2026-03-11 08:41:10 | INFO | [4cc8b63d59b345e183b970964b84d29b] | root | 日志系统初始化完成
2026-03-11 08:41:10 | INFO | [4cc8b63d59b345e183b970964b84d29b] | app.main | 应用启动事件执行中...
2026-03-11 08:41:10 | INFO | [4cc8b63d59b345e183b970964b84d29b] | app.main | Celery 实例: bugseek
2026-03-11 08:41:10 | INFO | [4cc8b63d59b345e183b970964b84d29b] | app.main | Broker URL: redis://127.0.0.1:6380/0
2026-03-11 08:41:10 | INFO | [4cc8b63d59b345e183b970964b84d29b] | app.main | Result Backend: redis://127.0.0.1:6380/1
2026-03-11 08:41:10 | INFO | [4cc8b63d59b345e183b970964b84d29b] | app.main | 字段映射任务已注册: app.celery.tasks.execute_field_mapping_task
2026-03-11 08:41:10 | INFO | [4cc8b63d59b345e183b970964b84d29b] | app.main | 开始预热向量索引...
2026-03-11 08:41:10 | INFO | [4cc8b63d59b345e183b970964b84d29b] | app.main | 应用启动事件执行完成
2026-03-11 08:41:10 | INFO | [4cc8b63d59b345e183b970964b84d29b] | app.main | 提示: 请确保 Celery Worker 正在运行
2026-03-11 08:41:10 | INFO | [4cc8b63d59b345e183b970964b84d29b] | app.main | 启动命令: celery -A app.celery_config worker --loglevel=info --pool=solo
2026-03-11 08:41:10 | INFO | [4cc8b63d59b345e183b970964b84d29b] | app.utils.vector_index | VectorIndexManager 单例初始化完成
2026-03-11 08:41:10 | INFO | [4cc8b63d59b345e183b970964b84d29b] | app.utils.vector_index | [4cc8b63d59b345e183b970964b84d29b] 从缓存加载向量索引成功: 289 个列
2026-03-11 08:41:10 | INFO | [4cc8b63d59b345e183b970964b84d29b] | app.utils.vector_index | VectorIndexManager 缓存加载成功: 289 个列
2026-03-11 08:41:10 | INFO | [4cc8b63d59b345e183b970964b84d29b] | app.main | 向量索引已从缓存加载
2026-03-11 08:41:28 | INFO | [78a5eb76fd9b4fb6937ad79dd09700a0] | app.api.v1.intent_workbench | [78a5eb76fd9b4fb6937ad79dd09700a0] 意图生成场景: intent='生成登录模块的测试用例', project_id=1
2026-03-11 08:41:28 | INFO | [78a5eb76fd9b4fb6937ad79dd09700a0] | app.api.v1.intent_workbench | [78a5eb76fd9b4fb6937ad79dd09700a0] [阶段一] 检索候选 API...
2026-03-11 08:41:28 | INFO | [78a5eb76fd9b4fb6937ad79dd09700a0] | app.services.api_retrieval | [78a5eb76fd9b4fb6937ad79dd09700a0] 开始 API 检索: intent='生成登录模块的测试用例', project_id=1
2026-03-11 08:41:28 | INFO | [78a5eb76fd9b4fb6937ad79dd09700a0] | app.services.api_retrieval | [78a5eb76fd9b4fb6937ad79dd09700a0] [阶段一] 关键词召回...
2026-03-11 08:41:28 | INFO | [78a5eb76fd9b4fb6937ad79dd09700a0] | app.services.api_retrieval | [78a5eb76fd9b4fb6937ad79dd09700a0] 提取关键词: ['POST', '生成登录模块的测试用例']
2026-03-11 08:41:29 | INFO | [78a5eb76fd9b4fb6937ad79dd09700a0] | app.services.api_retrieval | [78a5eb76fd9b4fb6937ad79dd09700a0] [阶段一] 关键词召回完成: found=122 candidates
2026-03-11 08:41:29 | INFO | [78a5eb76fd9b4fb6937ad79dd09700a0] | app.services.api_retrieval | [78a5eb76fd9b4fb6937ad79dd09700a0] [阶段二] 语义重排...
2026-03-11 08:41:29 | INFO | [78a5eb76fd9b4fb6937ad79dd09700a0] | app.ai.service | AI 执行开始: task_type=api_retrieval_ranking, project_id=None
2026-03-11 08:41:29 | INFO | [78a5eb76fd9b4fb6937ad79dd09700a0] | app.ai.service | AI 输入数据: method=None, path=None, summary=None
2026-03-11 08:41:29 | INFO | [78a5eb76fd9b4fb6937ad79dd09700a0] | app.ai.service | 渲染后的用户 Prompt（前500字符）: 
请根据用户意图，对候选 API 列表进行排序和筛选。

用户意图：
{user_intent}

项目信息：
- 项目名称：InvenTree
- 业务领域：{business_domain}

候选 API 列表（已通过向量检索初步筛选）：
{candidate_apis}

请执行以下任务：

1. **相关性评分**：对每个候选 API 进行 0-10 分的相关性评分
   - 10 分：完全匹配，直接使用
   - 8-9 分：高度相关，可能需要调整参数
   - 5-7 分：部分相关，可能需要组合使用
   - 0-4 分：不相关，应该排除

2. **排序**：按相关性评分从高到低排序

3. **筛选**：剔除相关性评分低于 5 分的 API

4. **补充说明**：对每个 API 提供评分理由

返回格式（JSON）：
{{
  "ranked_apis": [
    {{
      "id": 123,
      "method": "POST",
      "path": "/api/users",
      "summary": "创建用户",
  
2026-03-11 08:41:29 | INFO | [78a5eb76fd9b4fb6937ad79dd09700a0] | app.ai.adapters.factory | 创建模型适配器: provider=openai
2026-03-11 08:41:29 | INFO | [78a5eb76fd9b4fb6937ad79dd09700a0] | app.ai.service | 调用 AI 模型: model=OpenAIAdapter
2026-03-11 08:41:32 | INFO | [78a5eb76fd9b4fb6937ad79dd09700a0] | httpx | HTTP Request: POST https://api.siliconflow.cn/v1/chat/completions "HTTP/1.1 200 OK"
2026-03-11 08:41:32 | INFO | [78a5eb76fd9b4fb6937ad79dd09700a0] | app.ai.adapters.openai | OpenAI 调用成功: model=Qwen/Qwen2.5-Coder-7B-Instruct, tokens=714
2026-03-11 08:41:32 | INFO | [78a5eb76fd9b4fb6937ad79dd09700a0] | app.ai.service | AI 调用成功: task_type=api_retrieval_ranking, project_id=None, tokens_used=714
2026-03-11 08:41:32 | ERROR | [78a5eb76fd9b4fb6937ad79dd09700a0] | app.services.api_retrieval | [78a5eb76fd9b4fb6937ad79dd09700a0] AI 重排异常: 'str' object has no attribute 'get'
Traceback (most recent call last):
  File "D:\code\BugSeek\backend\app\services\api_retrieval.py", line 347, in _semantic_rerank
    summary = ranked_apis.get("summary", {})
AttributeError: 'str' object has no attribute 'get'
2026-03-11 08:41:32 | INFO | [78a5eb76fd9b4fb6937ad79dd09700a0] | app.services.api_retrieval | [78a5eb76fd9b4fb6937ad79dd09700a0] [阶段二] 语义重排完成: relevant=122
2026-03-11 08:41:32 | INFO | [78a5eb76fd9b4fb6937ad79dd09700a0] | app.api.v1.intent_workbench | [78a5eb76fd9b4fb6937ad79dd09700a0] [阶段一] 检索到 122 个候选 API
2026-03-11 08:41:32 | INFO | [78a5eb76fd9b4fb6937ad79dd09700a0] | app.api.v1.intent_workbench | [78a5eb76fd9b4fb6937ad79dd09700a0] [阶段二] 生成场景结构...
2026-03-11 08:41:32 | INFO | [78a5eb76fd9b4fb6937ad79dd09700a0] | app.ai.service | AI 执行开始: task_type=intent_scenario_generation, project_id=1
2026-03-11 08:41:32 | INFO | [78a5eb76fd9b4fb6937ad79dd09700a0] | app.ai.service | AI 输入数据: method=None, path=None, summary=None
2026-03-11 08:41:32 | INFO | [78a5eb76fd9b4fb6937ad79dd09700a0] | app.ai.context | 注入项目上下文: project_id=1, name=InvenTree
2026-03-11 08:41:32 | INFO | [78a5eb76fd9b4fb6937ad79dd09700a0] | app.ai.service | 渲染后的用户 Prompt（前500字符）: 
请根据用户的业务意图，生成一个完整的 API 测试场景。

用户意图：
{user_intent}

项目信息：
- 项目名称：InvenTree
- 业务领域：{business_domain}
- 技术栈：

候选 API 列表（已通过向量检索和关键词匹配筛选）：
{candidate_apis}

请分析用户意图，执行以下两个阶段：

阶段一：业务步骤识别
1. 将用户意图分解为具体的业务步骤
2. 识别每个步骤对应的 API 调用
3. 确定步骤之间的执行顺序（依赖关系）

阶段二：场景生成
基于业务步骤，生成可直接落库的场景数据结构：

返回格式（JSON）：
{{
  "scenario": {{
    "name": "场景名称（基于意图自动生成）",
    "description": "场景描述",
    "scenario_type": "business_flow",
    "source_type": "intent",
    "execution_mode": "dag",
    "timeout_seconds": 600,
    "retr
2026-03-11 08:41:32 | INFO | [78a5eb76fd9b4fb6937ad79dd09700a0] | app.ai.service | 调用 AI 模型: model=OpenAIAdapter
2026-03-11 08:41:32 | INFO | [78a5eb76fd9b4fb6937ad79dd09700a0] | httpx | HTTP Request: POST https://api.siliconflow.cn/v1/chat/completions "HTTP/1.1 200 OK"
2026-03-11 08:41:32 | INFO | [78a5eb76fd9b4fb6937ad79dd09700a0] | app.ai.adapters.openai | OpenAI 调用成功: model=Qwen/Qwen2.5-Coder-7B-Instruct, tokens=833
2026-03-11 08:41:32 | INFO | [78a5eb76fd9b4fb6937ad79dd09700a0] | app.ai.service | AI 调用成功: task_type=intent_scenario_generation, project_id=1, tokens_used=833
2026-03-11 08:41:32 | ERROR | [78a5eb76fd9b4fb6937ad79dd09700a0] | app.api.v1.intent_workbench | [78a5eb76fd9b4fb6937ad79dd09700a0] JSON 解析失败: Expecting value: line 1 column 1 (char 0), result=好的，请提供用户的业务意图，以便我为您生成完整的 API 测试场景。
2026-03-11 08:41:32 | ERROR | [78a5eb76fd9b4fb6937ad79dd09700a0] | app.dependencies | 数据库会话异常: 500: AI 返回数据格式错误，无法解析 JSON
Traceback (most recent call last):
  File "D:\code\BugSeek\backend\app\api\v1\intent_workbench.py", line 175, in generate_scenario_from_intent
    scenario_result = json.loads(scenario_result)
  File "C:\Users\81026\AppData\Local\Programs\Python\Python310\lib\json\__init__.py", line 346, in loads
    return _default_decoder.decode(s)
  File "C:\Users\81026\AppData\Local\Programs\Python\Python310\lib\json\decoder.py", line 337, in decode
    obj, end = self.raw_decode(s, idx=_w(s, 0).end())
  File "C:\Users\81026\AppData\Local\Programs\Python\Python310\lib\json\decoder.py", line 355, in raw_decode
    raise JSONDecodeError("Expecting value", s, err.value) from None
json.decoder.JSONDecodeError: Expecting value: line 1 column 1 (char 0)

During handling of the above exception, another exception occurred:

Traceback (most recent call last):
  File "D:\code\BugSeek\backend\app\dependencies.py", line 196, in get_db
    yield db
  File "C:\Users\81026\AppData\Local\Programs\Python\Python310\lib\site-packages\fastapi\concurrency.py", line 29, in contextmanager_in_threadpool
    yield await run_in_threadpool(cm.__enter__)
  File "C:\Users\81026\AppData\Local\Programs\Python\Python310\lib\site-packages\fastapi\routing.py", line 101, in app
    response = await f(request)
  File "C:\Users\81026\AppData\Local\Programs\Python\Python310\lib\site-packages\fastapi\routing.py", line 355, in app
    raw_response = await run_endpoint_function(
  File "C:\Users\81026\AppData\Local\Programs\Python\Python310\lib\site-packages\fastapi\routing.py", line 243, in run_endpoint_function
    return await dependant.call(**values)
  File "D:\code\BugSeek\backend\app\api\v1\intent_workbench.py", line 178, in generate_scenario_from_intent
    raise HTTPException(
fastapi.exceptions.HTTPException: 500: AI 返回数据格式错误，无法解析 JSON
2026-03-11 08:41:47 | INFO | [6a24f61536844c808b7d16a24fbfefd2] | app.api.v1.intent_workbench | [6a24f61536844c808b7d16a24fbfefd2] 意图生成场景: intent='生成登录模块的测试用例', project_id=1
2026-03-11 08:41:47 | INFO | [6a24f61536844c808b7d16a24fbfefd2] | app.api.v1.intent_workbench | [6a24f61536844c808b7d16a24fbfefd2] [阶段一] 检索候选 API...
2026-03-11 08:41:47 | INFO | [6a24f61536844c808b7d16a24fbfefd2] | app.services.api_retrieval | [6a24f61536844c808b7d16a24fbfefd2] 开始 API 检索: intent='生成登录模块的测试用例', project_id=1
2026-03-11 08:41:47 | INFO | [6a24f61536844c808b7d16a24fbfefd2] | app.services.api_retrieval | [6a24f61536844c808b7d16a24fbfefd2] [阶段一] 关键词召回...
2026-03-11 08:41:47 | INFO | [6a24f61536844c808b7d16a24fbfefd2] | app.services.api_retrieval | [6a24f61536844c808b7d16a24fbfefd2] 提取关键词: ['POST', '生成登录模块的测试用例']
2026-03-11 08:41:47 | INFO | [6a24f61536844c808b7d16a24fbfefd2] | app.services.api_retrieval | [6a24f61536844c808b7d16a24fbfefd2] [阶段一] 关键词召回完成: found=122 candidates
2026-03-11 08:41:47 | INFO | [6a24f61536844c808b7d16a24fbfefd2] | app.services.api_retrieval | [6a24f61536844c808b7d16a24fbfefd2] [阶段二] 语义重排...
2026-03-11 08:41:47 | INFO | [6a24f61536844c808b7d16a24fbfefd2] | app.ai.service | AI 执行开始: task_type=api_retrieval_ranking, project_id=None
2026-03-11 08:41:47 | INFO | [6a24f61536844c808b7d16a24fbfefd2] | app.ai.service | AI 输入数据: method=None, path=None, summary=None
2026-03-11 08:41:47 | INFO | [6a24f61536844c808b7d16a24fbfefd2] | app.ai.service | 渲染后的用户 Prompt（前500字符）: 
请根据用户意图，对候选 API 列表进行排序和筛选。

用户意图：
{user_intent}

项目信息：
- 项目名称：InvenTree
- 业务领域：{business_domain}

候选 API 列表（已通过向量检索初步筛选）：
{candidate_apis}

请执行以下任务：

1. **相关性评分**：对每个候选 API 进行 0-10 分的相关性评分
   - 10 分：完全匹配，直接使用
   - 8-9 分：高度相关，可能需要调整参数
   - 5-7 分：部分相关，可能需要组合使用
   - 0-4 分：不相关，应该排除

2. **排序**：按相关性评分从高到低排序

3. **筛选**：剔除相关性评分低于 5 分的 API

4. **补充说明**：对每个 API 提供评分理由

返回格式（JSON）：
{{
  "ranked_apis": [
    {{
      "id": 123,
      "method": "POST",
      "path": "/api/users",
      "summary": "创建用户",
  
2026-03-11 08:41:47 | INFO | [6a24f61536844c808b7d16a24fbfefd2] | app.ai.service | 调用 AI 模型: model=OpenAIAdapter
2026-03-11 08:41:48 | INFO | [6a24f61536844c808b7d16a24fbfefd2] | httpx | HTTP Request: POST https://api.siliconflow.cn/v1/chat/completions "HTTP/1.1 200 OK"
2026-03-11 08:41:48 | INFO | [6a24f61536844c808b7d16a24fbfefd2] | app.ai.adapters.openai | OpenAI 调用成功: model=Qwen/Qwen2.5-Coder-7B-Instruct, tokens=604
2026-03-11 08:41:48 | INFO | [6a24f61536844c808b7d16a24fbfefd2] | app.ai.service | AI 调用成功: task_type=api_retrieval_ranking, project_id=None, tokens_used=604
2026-03-11 08:41:48 | ERROR | [6a24f61536844c808b7d16a24fbfefd2] | app.services.api_retrieval | [6a24f61536844c808b7d16a24fbfefd2] AI 重排异常: 'str' object has no attribute 'get'
Traceback (most recent call last):
  File "D:\code\BugSeek\backend\app\services\api_retrieval.py", line 347, in _semantic_rerank
    summary = ranked_apis.get("summary", {})
AttributeError: 'str' object has no attribute 'get'
2026-03-11 08:41:48 | INFO | [6a24f61536844c808b7d16a24fbfefd2] | app.services.api_retrieval | [6a24f61536844c808b7d16a24fbfefd2] [阶段二] 语义重排完成: relevant=122
2026-03-11 08:41:48 | INFO | [6a24f61536844c808b7d16a24fbfefd2] | app.api.v1.intent_workbench | [6a24f61536844c808b7d16a24fbfefd2] [阶段一] 检索到 122 个候选 API
2026-03-11 08:41:48 | INFO | [6a24f61536844c808b7d16a24fbfefd2] | app.api.v1.intent_workbench | [6a24f61536844c808b7d16a24fbfefd2] [阶段二] 生成场景结构...
2026-03-11 08:41:48 | INFO | [6a24f61536844c808b7d16a24fbfefd2] | app.ai.service | AI 执行开始: task_type=intent_scenario_generation, project_id=1
2026-03-11 08:41:48 | INFO | [6a24f61536844c808b7d16a24fbfefd2] | app.ai.service | AI 输入数据: method=None, path=None, summary=None
2026-03-11 08:41:48 | INFO | [6a24f61536844c808b7d16a24fbfefd2] | app.ai.context | 注入项目上下文: project_id=1, name=InvenTree
2026-03-11 08:41:48 | INFO | [6a24f61536844c808b7d16a24fbfefd2] | app.ai.service | 渲染后的用户 Prompt（前500字符）: 
请根据用户的业务意图，生成一个完整的 API 测试场景。

用户意图：
{user_intent}

项目信息：
- 项目名称：InvenTree
- 业务领域：{business_domain}
- 技术栈：

候选 API 列表（已通过向量检索和关键词匹配筛选）：
{candidate_apis}

请分析用户意图，执行以下两个阶段：

阶段一：业务步骤识别
1. 将用户意图分解为具体的业务步骤
2. 识别每个步骤对应的 API 调用
3. 确定步骤之间的执行顺序（依赖关系）

阶段二：场景生成
基于业务步骤，生成可直接落库的场景数据结构：

返回格式（JSON）：
{{
  "scenario": {{
    "name": "场景名称（基于意图自动生成）",
    "description": "场景描述",
    "scenario_type": "business_flow",
    "source_type": "intent",
    "execution_mode": "dag",
    "timeout_seconds": 600,
    "retr
2026-03-11 08:41:48 | INFO | [6a24f61536844c808b7d16a24fbfefd2] | app.ai.service | 调用 AI 模型: model=OpenAIAdapter
2026-03-11 08:41:48 | INFO | [6a24f61536844c808b7d16a24fbfefd2] | httpx | HTTP Request: POST https://api.siliconflow.cn/v1/chat/completions "HTTP/1.1 200 OK"
2026-03-11 08:41:48 | INFO | [6a24f61536844c808b7d16a24fbfefd2] | app.ai.adapters.openai | OpenAI 调用成功: model=Qwen/Qwen2.5-Coder-7B-Instruct, tokens=834
2026-03-11 08:41:48 | INFO | [6a24f61536844c808b7d16a24fbfefd2] | app.ai.service | AI 调用成功: task_type=intent_scenario_generation, project_id=1, tokens_used=834
2026-03-11 08:41:48 | ERROR | [6a24f61536844c808b7d16a24fbfefd2] | app.api.v1.intent_workbench | [6a24f61536844c808b7d16a24fbfefd2] JSON 解析失败: Expecting value: line 1 column 1 (char 0), result=好的，请提供用户的业务意图，以便我为您生成一个完整的 API 测试场景。
2026-03-11 08:41:48 | ERROR | [6a24f61536844c808b7d16a24fbfefd2] | app.dependencies | 数据库会话异常: 500: AI 返回数据格式错误，无法解析 JSON
Traceback (most recent call last):
  File "D:\code\BugSeek\backend\app\api\v1\intent_workbench.py", line 175, in generate_scenario_from_intent
    scenario_result = json.loads(scenario_result)
  File "C:\Users\81026\AppData\Local\Programs\Python\Python310\lib\json\__init__.py", line 346, in loads
    return _default_decoder.decode(s)
  File "C:\Users\81026\AppData\Local\Programs\Python\Python310\lib\json\decoder.py", line 337, in decode
    obj, end = self.raw_decode(s, idx=_w(s, 0).end())
  File "C:\Users\81026\AppData\Local\Programs\Python\Python310\lib\json\decoder.py", line 355, in raw_decode
    raise JSONDecodeError("Expecting value", s, err.value) from None
json.decoder.JSONDecodeError: Expecting value: line 1 column 1 (char 0)

During handling of the above exception, another exception occurred:

Traceback (most recent call last):
  File "D:\code\BugSeek\backend\app\dependencies.py", line 196, in get_db
    yield db
  File "C:\Users\81026\AppData\Local\Programs\Python\Python310\lib\site-packages\fastapi\concurrency.py", line 29, in contextmanager_in_threadpool
    yield await run_in_threadpool(cm.__enter__)
  File "C:\Users\81026\AppData\Local\Programs\Python\Python310\lib\site-packages\fastapi\routing.py", line 101, in app
    response = await f(request)
  File "C:\Users\81026\AppData\Local\Programs\Python\Python310\lib\site-packages\fastapi\routing.py", line 355, in app
    raw_response = await run_endpoint_function(
  File "C:\Users\81026\AppData\Local\Programs\Python\Python310\lib\site-packages\fastapi\routing.py", line 243, in run_endpoint_function
    return await dependant.call(**values)
  File "D:\code\BugSeek\backend\app\api\v1\intent_workbench.py", line 178, in generate_scenario_from_intent
    raise HTTPException(
fastapi.exceptions.HTTPException: 500: AI 返回数据格式错误，无法解析 JSON
2026-03-11 08:46:16 | INFO | [6e589f354c644242aa769c0c86054c4f] | app.dependencies | 连接池状态 - 大小: 20, 溢出: -18, 已检出: 1, 空闲: 19, 统计 - 创建: 4, 检出: 10, 检入: 8, 溢出: 0, 错误: 0, 最大并发: 1
2026-03-11 08:46:16 | INFO | [6e589f354c644242aa769c0c86054c4f] | app.api.v1.intent_workbench | [6e589f354c644242aa769c0c86054c4f] 意图生成场景: intent='生成登录模块的测试用例', project_id=1
2026-03-11 08:46:16 | INFO | [6e589f354c644242aa769c0c86054c4f] | app.api.v1.intent_workbench | [6e589f354c644242aa769c0c86054c4f] [阶段一] 检索候选 API...
2026-03-11 08:46:16 | INFO | [6e589f354c644242aa769c0c86054c4f] | app.services.api_retrieval | [6e589f354c644242aa769c0c86054c4f] 开始 API 检索: intent='生成登录模块的测试用例', project_id=1
2026-03-11 08:46:16 | INFO | [6e589f354c644242aa769c0c86054c4f] | app.services.api_retrieval | [6e589f354c644242aa769c0c86054c4f] [阶段一] 关键词召回...
2026-03-11 08:46:16 | INFO | [6e589f354c644242aa769c0c86054c4f] | app.services.api_retrieval | [6e589f354c644242aa769c0c86054c4f] 提取关键词: ['POST', '生成登录模块的测试用例']
2026-03-11 08:46:17 | INFO | [6e589f354c644242aa769c0c86054c4f] | app.services.api_retrieval | [6e589f354c644242aa769c0c86054c4f] [阶段一] 关键词召回完成: found=122 candidates
2026-03-11 08:46:17 | INFO | [6e589f354c644242aa769c0c86054c4f] | app.services.api_retrieval | [6e589f354c644242aa769c0c86054c4f] [阶段二] 语义重排...
2026-03-11 08:46:17 | INFO | [6e589f354c644242aa769c0c86054c4f] | app.ai.service | AI 执行开始: task_type=api_retrieval_ranking, project_id=None
2026-03-11 08:46:17 | INFO | [6e589f354c644242aa769c0c86054c4f] | app.ai.service | AI 输入数据: method=None, path=None, summary=None
2026-03-11 08:46:17 | INFO | [6e589f354c644242aa769c0c86054c4f] | app.ai.service | 渲染后的用户 Prompt（前500字符）: 
请根据用户意图，对候选 API 列表进行排序和筛选。

用户意图：
{user_intent}

项目信息：
- 项目名称：InvenTree
- 业务领域：{business_domain}

候选 API 列表（已通过向量检索初步筛选）：
{candidate_apis}

请执行以下任务：

1. **相关性评分**：对每个候选 API 进行 0-10 分的相关性评分
   - 10 分：完全匹配，直接使用
   - 8-9 分：高度相关，可能需要调整参数
   - 5-7 分：部分相关，可能需要组合使用
   - 0-4 分：不相关，应该排除

2. **排序**：按相关性评分从高到低排序

3. **筛选**：剔除相关性评分低于 5 分的 API

4. **补充说明**：对每个 API 提供评分理由

返回格式（JSON）：
{{
  "ranked_apis": [
    {{
      "id": 123,
      "method": "POST",
      "path": "/api/users",
      "summary": "创建用户",
  
2026-03-11 08:46:17 | INFO | [6e589f354c644242aa769c0c86054c4f] | app.ai.service | 调用 AI 模型: model=OpenAIAdapter
2026-03-11 08:46:18 | INFO | [6e589f354c644242aa769c0c86054c4f] | httpx | HTTP Request: POST https://api.siliconflow.cn/v1/chat/completions "HTTP/1.1 200 OK"
2026-03-11 08:46:18 | INFO | [6e589f354c644242aa769c0c86054c4f] | app.ai.adapters.openai | OpenAI 调用成功: model=Qwen/Qwen2.5-Coder-7B-Instruct, tokens=685
2026-03-11 08:46:18 | INFO | [6e589f354c644242aa769c0c86054c4f] | app.ai.service | AI 调用成功: task_type=api_retrieval_ranking, project_id=None, tokens_used=685
2026-03-11 08:46:18 | ERROR | [6e589f354c644242aa769c0c86054c4f] | app.services.api_retrieval | [6e589f354c644242aa769c0c86054c4f] AI 重排异常: 'str' object has no attribute 'get'
Traceback (most recent call last):
  File "D:\code\BugSeek\backend\app\services\api_retrieval.py", line 347, in _semantic_rerank
    summary = ranked_apis.get("summary", {})
AttributeError: 'str' object has no attribute 'get'
2026-03-11 08:46:18 | INFO | [6e589f354c644242aa769c0c86054c4f] | app.services.api_retrieval | [6e589f354c644242aa769c0c86054c4f] [阶段二] 语义重排完成: relevant=122
2026-03-11 08:46:18 | INFO | [6e589f354c644242aa769c0c86054c4f] | app.api.v1.intent_workbench | [6e589f354c644242aa769c0c86054c4f] [阶段一] 检索到 122 个候选 API
2026-03-11 08:46:18 | INFO | [6e589f354c644242aa769c0c86054c4f] | app.api.v1.intent_workbench | [6e589f354c644242aa769c0c86054c4f] [阶段二] 生成场景结构...
2026-03-11 08:46:18 | INFO | [6e589f354c644242aa769c0c86054c4f] | app.ai.service | AI 执行开始: task_type=intent_scenario_generation, project_id=1
2026-03-11 08:46:18 | INFO | [6e589f354c644242aa769c0c86054c4f] | app.ai.service | AI 输入数据: method=None, path=None, summary=None
2026-03-11 08:46:18 | INFO | [6e589f354c644242aa769c0c86054c4f] | app.ai.context | 注入项目上下文: project_id=1, name=InvenTree
2026-03-11 08:46:18 | INFO | [6e589f354c644242aa769c0c86054c4f] | app.ai.service | 渲染后的用户 Prompt（前500字符）: 
请根据用户的业务意图，生成一个完整的 API 测试场景。

用户意图：
{user_intent}

项目信息：
- 项目名称：InvenTree
- 业务领域：{business_domain}
- 技术栈：

候选 API 列表（已通过向量检索和关键词匹配筛选）：
{candidate_apis}

请分析用户意图，执行以下两个阶段：

阶段一：业务步骤识别
1. 将用户意图分解为具体的业务步骤
2. 识别每个步骤对应的 API 调用
3. 确定步骤之间的执行顺序（依赖关系）

阶段二：场景生成
基于业务步骤，生成可直接落库的场景数据结构：

返回格式（JSON）：
{{
  "scenario": {{
    "name": "场景名称（基于意图自动生成）",
    "description": "场景描述",
    "scenario_type": "business_flow",
    "source_type": "intent",
    "execution_mode": "dag",
    "timeout_seconds": 600,
    "retr
2026-03-11 08:46:18 | INFO | [6e589f354c644242aa769c0c86054c4f] | app.ai.service | 调用 AI 模型: model=OpenAIAdapter
2026-03-11 08:46:18 | INFO | [6e589f354c644242aa769c0c86054c4f] | httpx | HTTP Request: POST https://api.siliconflow.cn/v1/chat/completions "HTTP/1.1 200 OK"
2026-03-11 08:46:18 | INFO | [6e589f354c644242aa769c0c86054c4f] | app.ai.adapters.openai | OpenAI 调用成功: model=Qwen/Qwen2.5-Coder-7B-Instruct, tokens=823
2026-03-11 08:46:18 | INFO | [6e589f354c644242aa769c0c86054c4f] | app.ai.service | AI 调用成功: task_type=intent_scenario_generation, project_id=1, tokens_used=823
2026-03-11 08:46:18 | ERROR | [6e589f354c644242aa769c0c86054c4f] | app.api.v1.intent_workbench | [6e589f354c644242aa769c0c86054c4f] JSON 解析失败: Expecting value: line 1 column 1 (char 0), result=好的，请提供用户的业务意图。
2026-03-11 08:46:18 | ERROR | [6e589f354c644242aa769c0c86054c4f] | app.dependencies | 数据库会话异常: 500: AI 返回数据格式错误，无法解析 JSON
Traceback (most recent call last):
  File "D:\code\BugSeek\backend\app\api\v1\intent_workbench.py", line 175, in generate_scenario_from_intent
    scenario_result = json.loads(scenario_result)
  File "C:\Users\81026\AppData\Local\Programs\Python\Python310\lib\json\__init__.py", line 346, in loads
    return _default_decoder.decode(s)
  File "C:\Users\81026\AppData\Local\Programs\Python\Python310\lib\json\decoder.py", line 337, in decode
    obj, end = self.raw_decode(s, idx=_w(s, 0).end())
  File "C:\Users\81026\AppData\Local\Programs\Python\Python310\lib\json\decoder.py", line 355, in raw_decode
    raise JSONDecodeError("Expecting value", s, err.value) from None
json.decoder.JSONDecodeError: Expecting value: line 1 column 1 (char 0)

During handling of the above exception, another exception occurred:

Traceback (most recent call last):
  File "D:\code\BugSeek\backend\app\dependencies.py", line 196, in get_db
    yield db
  File "C:\Users\81026\AppData\Local\Programs\Python\Python310\lib\site-packages\fastapi\concurrency.py", line 29, in contextmanager_in_threadpool
    yield await run_in_threadpool(cm.__enter__)
  File "C:\Users\81026\AppData\Local\Programs\Python\Python310\lib\site-packages\fastapi\routing.py", line 101, in app
    response = await f(request)
  File "C:\Users\81026\AppData\Local\Programs\Python\Python310\lib\site-packages\fastapi\routing.py", line 355, in app
    raw_response = await run_endpoint_function(
  File "C:\Users\81026\AppData\Local\Programs\Python\Python310\lib\site-packages\fastapi\routing.py", line 243, in run_endpoint_function
    return await dependant.call(**values)
  File "D:\code\BugSeek\backend\app\api\v1\intent_workbench.py", line 178, in generate_scenario_from_intent
    raise HTTPException(
fastapi.exceptions.HTTPException: 500: AI 返回数据格式错误，无法解析 JSON
2026-03-11 08:47:39 | INFO | [8ad1bcac2d09424f80402117db3a8113] | root | 日志系统初始化完成
2026-03-11 08:47:39 | INFO | [8ad1bcac2d09424f80402117db3a8113] | app.main | 应用启动事件执行中...
2026-03-11 08:47:39 | INFO | [8ad1bcac2d09424f80402117db3a8113] | app.main | Celery 实例: bugseek
2026-03-11 08:47:39 | INFO | [8ad1bcac2d09424f80402117db3a8113] | app.main | Broker URL: redis://127.0.0.1:6380/0
2026-03-11 08:47:39 | INFO | [8ad1bcac2d09424f80402117db3a8113] | app.main | Result Backend: redis://127.0.0.1:6380/1
2026-03-11 08:47:39 | INFO | [8ad1bcac2d09424f80402117db3a8113] | app.main | 字段映射任务已注册: app.celery.tasks.execute_field_mapping_task
2026-03-11 08:47:39 | INFO | [8ad1bcac2d09424f80402117db3a8113] | app.main | 开始预热向量索引...
2026-03-11 08:47:39 | INFO | [8ad1bcac2d09424f80402117db3a8113] | app.main | 应用启动事件执行完成
2026-03-11 08:47:39 | INFO | [8ad1bcac2d09424f80402117db3a8113] | app.main | 提示: 请确保 Celery Worker 正在运行
2026-03-11 08:47:39 | INFO | [8ad1bcac2d09424f80402117db3a8113] | app.main | 启动命令: celery -A app.celery_config worker --loglevel=info --pool=solo
2026-03-11 08:47:39 | INFO | [8ad1bcac2d09424f80402117db3a8113] | app.utils.vector_index | VectorIndexManager 单例初始化完成
2026-03-11 08:47:39 | INFO | [8ad1bcac2d09424f80402117db3a8113] | app.utils.vector_index | [8ad1bcac2d09424f80402117db3a8113] 从缓存加载向量索引成功: 289 个列
2026-03-11 08:47:39 | INFO | [8ad1bcac2d09424f80402117db3a8113] | app.utils.vector_index | VectorIndexManager 缓存加载成功: 289 个列
2026-03-11 08:47:39 | INFO | [8ad1bcac2d09424f80402117db3a8113] | app.main | 向量索引已从缓存加载
2026-03-11 08:47:47 | INFO | [1c55cac3985941638c7dcb0cf3474a8a] | root | 日志系统初始化完成
2026-03-11 08:47:47 | INFO | [1c55cac3985941638c7dcb0cf3474a8a] | app.main | 应用启动事件执行中...
2026-03-11 08:47:47 | INFO | [1c55cac3985941638c7dcb0cf3474a8a] | app.main | Celery 实例: bugseek
2026-03-11 08:47:47 | INFO | [1c55cac3985941638c7dcb0cf3474a8a] | app.main | Broker URL: redis://127.0.0.1:6380/0
2026-03-11 08:47:47 | INFO | [1c55cac3985941638c7dcb0cf3474a8a] | app.main | Result Backend: redis://127.0.0.1:6380/1
2026-03-11 08:47:47 | INFO | [1c55cac3985941638c7dcb0cf3474a8a] | app.main | 字段映射任务已注册: app.celery.tasks.execute_field_mapping_task
2026-03-11 08:47:47 | INFO | [1c55cac3985941638c7dcb0cf3474a8a] | app.main | 开始预热向量索引...
2026-03-11 08:47:47 | INFO | [1c55cac3985941638c7dcb0cf3474a8a] | app.main | 应用启动事件执行完成
2026-03-11 08:47:47 | INFO | [1c55cac3985941638c7dcb0cf3474a8a] | app.main | 提示: 请确保 Celery Worker 正在运行
2026-03-11 08:47:47 | INFO | [1c55cac3985941638c7dcb0cf3474a8a] | app.main | 启动命令: celery -A app.celery_config worker --loglevel=info --pool=solo
2026-03-11 08:47:47 | INFO | [1c55cac3985941638c7dcb0cf3474a8a] | app.utils.vector_index | VectorIndexManager 单例初始化完成
2026-03-11 08:47:47 | INFO | [1c55cac3985941638c7dcb0cf3474a8a] | app.utils.vector_index | [1c55cac3985941638c7dcb0cf3474a8a] 从缓存加载向量索引成功: 289 个列
2026-03-11 08:47:47 | INFO | [1c55cac3985941638c7dcb0cf3474a8a] | app.utils.vector_index | VectorIndexManager 缓存加载成功: 289 个列
2026-03-11 08:47:47 | INFO | [1c55cac3985941638c7dcb0cf3474a8a] | app.main | 向量索引已从缓存加载
2026-03-11 08:47:57 | INFO | [91e7f3bbd09b451da4ac6c0679b10d06] | root | 日志系统初始化完成
2026-03-11 08:47:58 | INFO | [91e7f3bbd09b451da4ac6c0679b10d06] | app.main | 应用启动事件执行中...
2026-03-11 08:47:58 | INFO | [91e7f3bbd09b451da4ac6c0679b10d06] | app.main | Celery 实例: bugseek
2026-03-11 08:47:58 | INFO | [91e7f3bbd09b451da4ac6c0679b10d06] | app.main | Broker URL: redis://127.0.0.1:6380/0
2026-03-11 08:47:58 | INFO | [91e7f3bbd09b451da4ac6c0679b10d06] | app.main | Result Backend: redis://127.0.0.1:6380/1
2026-03-11 08:47:58 | INFO | [91e7f3bbd09b451da4ac6c0679b10d06] | app.main | 字段映射任务已注册: app.celery.tasks.execute_field_mapping_task
2026-03-11 08:47:58 | INFO | [91e7f3bbd09b451da4ac6c0679b10d06] | app.main | 开始预热向量索引...
2026-03-11 08:47:58 | INFO | [91e7f3bbd09b451da4ac6c0679b10d06] | app.main | 应用启动事件执行完成
2026-03-11 08:47:58 | INFO | [91e7f3bbd09b451da4ac6c0679b10d06] | app.main | 提示: 请确保 Celery Worker 正在运行
2026-03-11 08:47:58 | INFO | [91e7f3bbd09b451da4ac6c0679b10d06] | app.main | 启动命令: celery -A app.celery_config worker --loglevel=info --pool=solo
2026-03-11 08:47:58 | INFO | [91e7f3bbd09b451da4ac6c0679b10d06] | app.utils.vector_index | VectorIndexManager 单例初始化完成
2026-03-11 08:47:58 | INFO | [91e7f3bbd09b451da4ac6c0679b10d06] | app.utils.vector_index | [91e7f3bbd09b451da4ac6c0679b10d06] 从缓存加载向量索引成功: 289 个列
2026-03-11 08:47:58 | INFO | [91e7f3bbd09b451da4ac6c0679b10d06] | app.utils.vector_index | VectorIndexManager 缓存加载成功: 289 个列
2026-03-11 08:47:58 | INFO | [91e7f3bbd09b451da4ac6c0679b10d06] | app.main | 向量索引已从缓存加载
2026-03-11 08:49:21 | INFO | [c63ce0781a0645518413baf7d2db0886] | app.api.v1.intent_workbench | [c63ce0781a0645518413baf7d2db0886] 意图生成场景: intent='生成登录模块的测试用例', project_id=1
2026-03-11 08:49:21 | INFO | [c63ce0781a0645518413baf7d2db0886] | app.api.v1.intent_workbench | [c63ce0781a0645518413baf7d2db0886] [阶段一] 检索候选 API...
2026-03-11 08:49:21 | INFO | [c63ce0781a0645518413baf7d2db0886] | app.services.api_retrieval | [c63ce0781a0645518413baf7d2db0886] 开始 API 检索: intent='生成登录模块的测试用例', project_id=1
2026-03-11 08:49:21 | INFO | [c63ce0781a0645518413baf7d2db0886] | app.services.api_retrieval | [c63ce0781a0645518413baf7d2db0886] [阶段一] 关键词召回...
2026-03-11 08:49:21 | INFO | [c63ce0781a0645518413baf7d2db0886] | app.services.api_retrieval | [c63ce0781a0645518413baf7d2db0886] 提取关键词: ['POST', '生成登录模块的测试用例']
2026-03-11 08:49:22 | INFO | [c63ce0781a0645518413baf7d2db0886] | app.services.api_retrieval | [c63ce0781a0645518413baf7d2db0886] [阶段一] 关键词召回完成: found=122 candidates
2026-03-11 08:49:22 | INFO | [c63ce0781a0645518413baf7d2db0886] | app.services.api_retrieval | [c63ce0781a0645518413baf7d2db0886] [阶段二] 语义重排...
2026-03-11 08:49:22 | INFO | [c63ce0781a0645518413baf7d2db0886] | app.ai.service | AI 执行开始: task_type=api_retrieval_ranking, project_id=None
2026-03-11 08:49:22 | INFO | [c63ce0781a0645518413baf7d2db0886] | app.ai.service | AI 输入数据: method=None, path=None, summary=None
2026-03-11 08:49:22 | INFO | [c63ce0781a0645518413baf7d2db0886] | app.ai.service | 渲染后的用户 Prompt（前500字符）: 
请根据用户意图，对候选 API 列表进行排序和筛选。

用户意图：
生成登录模块的测试用例

项目信息：
- 项目名称：InvenTree
- 业务领域：电商

候选 API 列表（已通过向量检索初步筛选）：

1. ID: 2592
   方法: POST
   路径: /api/stock/location-type/
   摘要: API endpoint for a list of StockLocationType objects.

- GET: Return a list of all StockLocationType objects
- POST: Create a StockLocationType
   描述: API endpoint for a list of StockLocationType objects.

- GET: Return a list of all StockLocationType objects
- POST: Create a StockLocationType
   标签: ['stock']
   关键词分数: 5.0

2.
2026-03-11 08:49:22 | INFO | [c63ce0781a0645518413baf7d2db0886] | app.ai.adapters.factory | 创建模型适配器: provider=openai
2026-03-11 08:49:22 | INFO | [c63ce0781a0645518413baf7d2db0886] | app.ai.service | 调用 AI 模型: model=OpenAIAdapter
2026-03-11 08:49:49 | INFO | [c63ce0781a0645518413baf7d2db0886] | httpx | HTTP Request: POST https://api.siliconflow.cn/v1/chat/completions "HTTP/1.1 200 OK"
2026-03-11 08:49:49 | INFO | [c63ce0781a0645518413baf7d2db0886] | app.ai.adapters.openai | OpenAI 调用成功: model=Qwen/Qwen2.5-Coder-7B-Instruct, tokens=13948
2026-03-11 08:49:49 | INFO | [c63ce0781a0645518413baf7d2db0886] | app.ai.service | AI 调用成功: task_type=api_retrieval_ranking, project_id=None, tokens_used=13948
2026-03-11 08:49:49 | WARNING | [c63ce0781a0645518413baf7d2db0886] | app.services.api_retrieval | [c63ce0781a0645518413baf7d2db0886] AI 返回数据格式错误，使用原始候选列表
2026-03-11 08:49:49 | INFO | [c63ce0781a0645518413baf7d2db0886] | app.services.api_retrieval | [c63ce0781a0645518413baf7d2db0886] [阶段二] 语义重排完成: relevant=122
2026-03-11 08:49:49 | INFO | [c63ce0781a0645518413baf7d2db0886] | app.api.v1.intent_workbench | [c63ce0781a0645518413baf7d2db0886] [阶段一] 检索到 122 个候选 API
2026-03-11 08:49:49 | INFO | [c63ce0781a0645518413baf7d2db0886] | app.api.v1.intent_workbench | [c63ce0781a0645518413baf7d2db0886] [阶段二] 生成场景结构...
2026-03-11 08:49:49 | INFO | [c63ce0781a0645518413baf7d2db0886] | app.ai.service | AI 执行开始: task_type=intent_scenario_generation, project_id=1
2026-03-11 08:49:49 | INFO | [c63ce0781a0645518413baf7d2db0886] | app.ai.service | AI 输入数据: method=None, path=None, summary=None
2026-03-11 08:49:49 | INFO | [c63ce0781a0645518413baf7d2db0886] | app.ai.context | 注入项目上下文: project_id=1, name=InvenTree
2026-03-11 08:49:49 | INFO | [c63ce0781a0645518413baf7d2db0886] | app.ai.service | 渲染后的用户 Prompt（前500字符）: 
请根据用户的业务意图，生成一个完整的 API 测试场景。

用户意图：
生成登录模块的测试用例

项目信息：
- 项目名称：InvenTree
- 业务领域：电商
- 技术栈：

候选 API 列表（已通过向量检索和关键词匹配筛选）：

1. ID: 2592
   方法: POST
   路径: /api/stock/location-type/
   摘要: API endpoint for a list of StockLocationType objects.

- GET: Return a list of all StockLocationType objects
- POST: Create a StockLocationType
   描述: API endpoint for a list of StockLocationType objects.

- GET: Return a list of all StockLocationType objects
- POST: Create a StockLocationType
   标签: ['stock']
   相
2026-03-11 08:49:49 | INFO | [c63ce0781a0645518413baf7d2db0886] | app.ai.service | 调用 AI 模型: model=OpenAIAdapter
2026-03-11 08:50:00 | INFO | [c63ce0781a0645518413baf7d2db0886] | httpx | HTTP Request: POST https://api.siliconflow.cn/v1/chat/completions "HTTP/1.1 200 OK"
2026-03-11 08:50:00 | INFO | [c63ce0781a0645518413baf7d2db0886] | app.ai.adapters.openai | OpenAI 调用成功: model=Qwen/Qwen2.5-Coder-7B-Instruct, tokens=12791
2026-03-11 08:50:00 | INFO | [c63ce0781a0645518413baf7d2db0886] | app.ai.service | AI 调用成功: task_type=intent_scenario_generation, project_id=1, tokens_used=12791
2026-03-11 08:50:00 | ERROR | [c63ce0781a0645518413baf7d2db0886] | app.api.v1.intent_workbench | [c63ce0781a0645518413baf7d2db0886] JSON 解析失败: Expecting value: line 1 column 1 (char 0), result=好的，我将帮助您分析用户意图并生成相应的 API 测试场景。

### 阶段一：业务步骤识别

1. **创建用户**
   - 使用 `/api/user/` POST API 创建用户。
   - 输入：用户名和电子邮件。
   - 输出：用户 ID。

2. **查询用户**
   - 使用 `/api/user/{user_id}` GET API 查询用户。
   - 输入：用户 ID（从创建用户步骤中获取）。
   - 输出：用户信息。

### 阶段二：场景生成

```json
{
  "scenario": {
    "name": "创建并查询用户",
    "description": "创建一个新用户并查询该用户的信息",
    "scenario_type": "business_flow",
    "source_type": "intent",
    "execution_mode": "dag",
    "timeout_seconds": 600,
    "retry_count": 0,
    "continue_on_failure
2026-03-11 08:50:00 | ERROR | [c63ce0781a0645518413baf7d2db0886] | app.dependencies | 数据库会话异常: 500: AI 返回数据格式错误，无法解析 JSON
Traceback (most recent call last):
  File "D:\code\BugSeek\backend\app\api\v1\intent_workbench.py", line 175, in generate_scenario_from_intent
    scenario_result = json.loads(scenario_result)
  File "C:\Users\81026\AppData\Local\Programs\Python\Python310\lib\json\__init__.py", line 346, in loads
    return _default_decoder.decode(s)
  File "C:\Users\81026\AppData\Local\Programs\Python\Python310\lib\json\decoder.py", line 337, in decode
    obj, end = self.raw_decode(s, idx=_w(s, 0).end())
  File "C:\Users\81026\AppData\Local\Programs\Python\Python310\lib\json\decoder.py", line 355, in raw_decode
    raise JSONDecodeError("Expecting value", s, err.value) from None
json.decoder.JSONDecodeError: Expecting value: line 1 column 1 (char 0)

During handling of the above exception, another exception occurred:

Traceback (most recent call last):
  File "D:\code\BugSeek\backend\app\dependencies.py", line 196, in get_db
    yield db
  File "C:\Users\81026\AppData\Local\Programs\Python\Python310\lib\site-packages\fastapi\concurrency.py", line 29, in contextmanager_in_threadpool
    yield await run_in_threadpool(cm.__enter__)
  File "C:\Users\81026\AppData\Local\Programs\Python\Python310\lib\site-packages\fastapi\routing.py", line 101, in app
    response = await f(request)
  File "C:\Users\81026\AppData\Local\Programs\Python\Python310\lib\site-packages\fastapi\routing.py", line 355, in app
    raw_response = await run_endpoint_function(
  File "C:\Users\81026\AppData\Local\Programs\Python\Python310\lib\site-packages\fastapi\routing.py", line 243, in run_endpoint_function
    return await dependant.call(**values)
  File "D:\code\BugSeek\backend\app\api\v1\intent_workbench.py", line 178, in generate_scenario_from_intent
    raise HTTPException(
fastapi.exceptions.HTTPException: 500: AI 返回数据格式错误，无法解析 JSON
2026-03-11 09:28:19 | INFO | [6e586e4c554144158d96ee02bc8f3555] | root | 日志系统初始化完成
2026-03-11 09:28:19 | INFO | [6e586e4c554144158d96ee02bc8f3555] | app.main | 应用启动事件执行中...
2026-03-11 09:28:20 | INFO | [6e586e4c554144158d96ee02bc8f3555] | app.main | Celery 实例: bugseek
2026-03-11 09:28:20 | INFO | [6e586e4c554144158d96ee02bc8f3555] | app.main | Broker URL: redis://127.0.0.1:6380/0
2026-03-11 09:28:20 | INFO | [6e586e4c554144158d96ee02bc8f3555] | app.main | Result Backend: redis://127.0.0.1:6380/1
2026-03-11 09:28:20 | INFO | [6e586e4c554144158d96ee02bc8f3555] | app.main | 字段映射任务已注册: app.celery.tasks.execute_field_mapping_task
2026-03-11 09:28:20 | INFO | [6e586e4c554144158d96ee02bc8f3555] | app.main | 开始预热向量索引...
2026-03-11 09:28:20 | INFO | [6e586e4c554144158d96ee02bc8f3555] | app.main | 应用启动事件执行完成
2026-03-11 09:28:20 | INFO | [6e586e4c554144158d96ee02bc8f3555] | app.main | 提示: 请确保 Celery Worker 正在运行
2026-03-11 09:28:20 | INFO | [6e586e4c554144158d96ee02bc8f3555] | app.main | 启动命令: celery -A app.celery_config worker --loglevel=info --pool=solo
2026-03-11 09:28:20 | INFO | [6e586e4c554144158d96ee02bc8f3555] | app.utils.vector_index | VectorIndexManager 单例初始化完成
2026-03-11 09:28:20 | INFO | [6e586e4c554144158d96ee02bc8f3555] | app.utils.vector_index | [6e586e4c554144158d96ee02bc8f3555] 从缓存加载向量索引成功: 289 个列
2026-03-11 09:28:20 | INFO | [6e586e4c554144158d96ee02bc8f3555] | app.utils.vector_index | VectorIndexManager 缓存加载成功: 289 个列
2026-03-11 09:28:20 | INFO | [6e586e4c554144158d96ee02bc8f3555] | app.main | 向量索引已从缓存加载
2026-03-11 09:28:31 | INFO | [5f5250a7740d4fa1a54a414d541a353c] | root | 日志系统初始化完成
2026-03-11 09:28:31 | INFO | [5f5250a7740d4fa1a54a414d541a353c] | app.main | 应用启动事件执行中...
2026-03-11 09:28:31 | INFO | [5f5250a7740d4fa1a54a414d541a353c] | app.main | Celery 实例: bugseek
2026-03-11 09:28:31 | INFO | [5f5250a7740d4fa1a54a414d541a353c] | app.main | Broker URL: redis://127.0.0.1:6380/0
2026-03-11 09:28:31 | INFO | [5f5250a7740d4fa1a54a414d541a353c] | app.main | Result Backend: redis://127.0.0.1:6380/1
2026-03-11 09:28:31 | INFO | [5f5250a7740d4fa1a54a414d541a353c] | app.main | 字段映射任务已注册: app.celery.tasks.execute_field_mapping_task
2026-03-11 09:28:31 | INFO | [5f5250a7740d4fa1a54a414d541a353c] | app.main | 开始预热向量索引...
2026-03-11 09:28:31 | INFO | [5f5250a7740d4fa1a54a414d541a353c] | app.main | 应用启动事件执行完成
2026-03-11 09:28:31 | INFO | [5f5250a7740d4fa1a54a414d541a353c] | app.main | 提示: 请确保 Celery Worker 正在运行
2026-03-11 09:28:31 | INFO | [5f5250a7740d4fa1a54a414d541a353c] | app.main | 启动命令: celery -A app.celery_config worker --loglevel=info --pool=solo
2026-03-11 09:28:31 | INFO | [5f5250a7740d4fa1a54a414d541a353c] | app.utils.vector_index | VectorIndexManager 单例初始化完成
2026-03-11 09:28:31 | INFO | [5f5250a7740d4fa1a54a414d541a353c] | app.utils.vector_index | [5f5250a7740d4fa1a54a414d541a353c] 从缓存加载向量索引成功: 289 个列
2026-03-11 09:28:31 | INFO | [5f5250a7740d4fa1a54a414d541a353c] | app.utils.vector_index | VectorIndexManager 缓存加载成功: 289 个列
2026-03-11 09:28:31 | INFO | [5f5250a7740d4fa1a54a414d541a353c] | app.main | 向量索引已从缓存加载
2026-03-11 09:28:40 | INFO | [eb76c0ee76f04fb0a7d13769a8a47d89] | root | 日志系统初始化完成
2026-03-11 09:28:40 | INFO | [eb76c0ee76f04fb0a7d13769a8a47d89] | app.main | 应用启动事件执行中...
2026-03-11 09:28:40 | INFO | [eb76c0ee76f04fb0a7d13769a8a47d89] | app.main | Celery 实例: bugseek
2026-03-11 09:28:40 | INFO | [eb76c0ee76f04fb0a7d13769a8a47d89] | app.main | Broker URL: redis://127.0.0.1:6380/0
2026-03-11 09:28:40 | INFO | [eb76c0ee76f04fb0a7d13769a8a47d89] | app.main | Result Backend: redis://127.0.0.1:6380/1
2026-03-11 09:28:40 | INFO | [eb76c0ee76f04fb0a7d13769a8a47d89] | app.main | 字段映射任务已注册: app.celery.tasks.execute_field_mapping_task
2026-03-11 09:28:40 | INFO | [eb76c0ee76f04fb0a7d13769a8a47d89] | app.main | 开始预热向量索引...
2026-03-11 09:28:40 | INFO | [eb76c0ee76f04fb0a7d13769a8a47d89] | app.main | 应用启动事件执行完成
2026-03-11 09:28:40 | INFO | [eb76c0ee76f04fb0a7d13769a8a47d89] | app.main | 提示: 请确保 Celery Worker 正在运行
2026-03-11 09:28:40 | INFO | [eb76c0ee76f04fb0a7d13769a8a47d89] | app.main | 启动命令: celery -A app.celery_config worker --loglevel=info --pool=solo
2026-03-11 09:28:40 | INFO | [eb76c0ee76f04fb0a7d13769a8a47d89] | app.utils.vector_index | VectorIndexManager 单例初始化完成
2026-03-11 09:28:40 | INFO | [eb76c0ee76f04fb0a7d13769a8a47d89] | app.utils.vector_index | [eb76c0ee76f04fb0a7d13769a8a47d89] 从缓存加载向量索引成功: 289 个列
2026-03-11 09:28:40 | INFO | [eb76c0ee76f04fb0a7d13769a8a47d89] | app.utils.vector_index | VectorIndexManager 缓存加载成功: 289 个列
2026-03-11 09:28:40 | INFO | [eb76c0ee76f04fb0a7d13769a8a47d89] | app.main | 向量索引已从缓存加载
2026-03-11 09:31:23 | INFO | [fd3b426d52034095982d4c850cc82eb5] | root | 日志系统初始化完成
2026-03-11 09:31:23 | INFO | [fd3b426d52034095982d4c850cc82eb5] | app.main | 应用启动事件执行中...
2026-03-11 09:31:24 | INFO | [fd3b426d52034095982d4c850cc82eb5] | app.main | Celery 实例: bugseek
2026-03-11 09:31:24 | INFO | [fd3b426d52034095982d4c850cc82eb5] | app.main | Broker URL: redis://127.0.0.1:6380/0
2026-03-11 09:31:24 | INFO | [fd3b426d52034095982d4c850cc82eb5] | app.main | Result Backend: redis://127.0.0.1:6380/1
2026-03-11 09:31:24 | INFO | [fd3b426d52034095982d4c850cc82eb5] | app.main | 字段映射任务已注册: app.celery.tasks.execute_field_mapping_task
2026-03-11 09:31:24 | INFO | [fd3b426d52034095982d4c850cc82eb5] | app.main | 开始预热向量索引...
2026-03-11 09:31:24 | INFO | [fd3b426d52034095982d4c850cc82eb5] | app.main | 应用启动事件执行完成
2026-03-11 09:31:24 | INFO | [fd3b426d52034095982d4c850cc82eb5] | app.main | 提示: 请确保 Celery Worker 正在运行
2026-03-11 09:31:24 | INFO | [fd3b426d52034095982d4c850cc82eb5] | app.main | 启动命令: celery -A app.celery_config worker --loglevel=info --pool=solo
2026-03-11 09:31:24 | INFO | [fd3b426d52034095982d4c850cc82eb5] | app.utils.vector_index | VectorIndexManager 单例初始化完成
2026-03-11 09:31:24 | INFO | [fd3b426d52034095982d4c850cc82eb5] | app.utils.vector_index | [fd3b426d52034095982d4c850cc82eb5] 从缓存加载向量索引成功: 289 个列
2026-03-11 09:31:24 | INFO | [fd3b426d52034095982d4c850cc82eb5] | app.utils.vector_index | VectorIndexManager 缓存加载成功: 289 个列
2026-03-11 09:31:24 | INFO | [fd3b426d52034095982d4c850cc82eb5] | app.main | 向量索引已从缓存加载
2026-03-11 09:31:45 | INFO | [37e29830a3b24518ac5b946c97547875] | root | 日志系统初始化完成
2026-03-11 09:31:46 | INFO | [37e29830a3b24518ac5b946c97547875] | app.main | 应用启动事件执行中...
2026-03-11 09:31:46 | INFO | [37e29830a3b24518ac5b946c97547875] | app.main | Celery 实例: bugseek
2026-03-11 09:31:46 | INFO | [37e29830a3b24518ac5b946c97547875] | app.main | Broker URL: redis://127.0.0.1:6380/0
2026-03-11 09:31:46 | INFO | [37e29830a3b24518ac5b946c97547875] | app.main | Result Backend: redis://127.0.0.1:6380/1
2026-03-11 09:31:46 | INFO | [37e29830a3b24518ac5b946c97547875] | app.main | 字段映射任务已注册: app.celery.tasks.execute_field_mapping_task
2026-03-11 09:31:46 | INFO | [37e29830a3b24518ac5b946c97547875] | app.main | 开始预热向量索引...
2026-03-11 09:31:46 | INFO | [37e29830a3b24518ac5b946c97547875] | app.main | 应用启动事件执行完成
2026-03-11 09:31:46 | INFO | [37e29830a3b24518ac5b946c97547875] | app.main | 提示: 请确保 Celery Worker 正在运行
2026-03-11 09:31:46 | INFO | [37e29830a3b24518ac5b946c97547875] | app.main | 启动命令: celery -A app.celery_config worker --loglevel=info --pool=solo
2026-03-11 09:31:46 | INFO | [37e29830a3b24518ac5b946c97547875] | app.utils.vector_index | VectorIndexManager 单例初始化完成
2026-03-11 09:31:46 | INFO | [37e29830a3b24518ac5b946c97547875] | app.utils.vector_index | [37e29830a3b24518ac5b946c97547875] 从缓存加载向量索引成功: 289 个列
2026-03-11 09:31:46 | INFO | [37e29830a3b24518ac5b946c97547875] | app.utils.vector_index | VectorIndexManager 缓存加载成功: 289 个列
2026-03-11 09:31:46 | INFO | [37e29830a3b24518ac5b946c97547875] | app.main | 向量索引已从缓存加载
2026-03-11 09:32:07 | INFO | [2dd493965837497984ebb0b157d50726] | root | 日志系统初始化完成
2026-03-11 09:32:07 | INFO | [2dd493965837497984ebb0b157d50726] | app.main | 应用启动事件执行中...
2026-03-11 09:32:07 | INFO | [2dd493965837497984ebb0b157d50726] | app.main | Celery 实例: bugseek
2026-03-11 09:32:07 | INFO | [2dd493965837497984ebb0b157d50726] | app.main | Broker URL: redis://127.0.0.1:6380/0
2026-03-11 09:32:07 | INFO | [2dd493965837497984ebb0b157d50726] | app.main | Result Backend: redis://127.0.0.1:6380/1
2026-03-11 09:32:07 | INFO | [2dd493965837497984ebb0b157d50726] | app.main | 字段映射任务已注册: app.celery.tasks.execute_field_mapping_task
2026-03-11 09:32:07 | INFO | [2dd493965837497984ebb0b157d50726] | app.main | 开始预热向量索引...
2026-03-11 09:32:07 | INFO | [2dd493965837497984ebb0b157d50726] | app.main | 应用启动事件执行完成
2026-03-11 09:32:07 | INFO | [2dd493965837497984ebb0b157d50726] | app.main | 提示: 请确保 Celery Worker 正在运行
2026-03-11 09:32:07 | INFO | [2dd493965837497984ebb0b157d50726] | app.main | 启动命令: celery -A app.celery_config worker --loglevel=info --pool=solo
2026-03-11 09:32:07 | INFO | [2dd493965837497984ebb0b157d50726] | app.utils.vector_index | VectorIndexManager 单例初始化完成
2026-03-11 09:32:07 | INFO | [2dd493965837497984ebb0b157d50726] | app.utils.vector_index | [2dd493965837497984ebb0b157d50726] 从缓存加载向量索引成功: 289 个列
2026-03-11 09:32:07 | INFO | [2dd493965837497984ebb0b157d50726] | app.utils.vector_index | VectorIndexManager 缓存加载成功: 289 个列
2026-03-11 09:32:07 | INFO | [2dd493965837497984ebb0b157d50726] | app.main | 向量索引已从缓存加载
2026-03-11 09:42:44 | INFO | [7ce6ae331ce543c3adbd363d31805d15] | root | 日志系统初始化完成
2026-03-11 09:42:44 | INFO | [7ce6ae331ce543c3adbd363d31805d15] | app.main | 应用启动事件执行中...
2026-03-11 09:42:45 | INFO | [7ce6ae331ce543c3adbd363d31805d15] | app.main | Celery 实例: bugseek
2026-03-11 09:42:45 | INFO | [7ce6ae331ce543c3adbd363d31805d15] | app.main | Broker URL: redis://127.0.0.1:6380/0
2026-03-11 09:42:45 | INFO | [7ce6ae331ce543c3adbd363d31805d15] | app.main | Result Backend: redis://127.0.0.1:6380/1
2026-03-11 09:42:45 | INFO | [7ce6ae331ce543c3adbd363d31805d15] | app.main | 字段映射任务已注册: app.celery.tasks.execute_field_mapping_task
2026-03-11 09:42:45 | INFO | [7ce6ae331ce543c3adbd363d31805d15] | app.main | 开始预热向量索引...
2026-03-11 09:42:45 | INFO | [7ce6ae331ce543c3adbd363d31805d15] | app.main | 应用启动事件执行完成
2026-03-11 09:42:45 | INFO | [7ce6ae331ce543c3adbd363d31805d15] | app.main | 提示: 请确保 Celery Worker 正在运行
2026-03-11 09:42:45 | INFO | [7ce6ae331ce543c3adbd363d31805d15] | app.main | 启动命令: celery -A app.celery_config worker --loglevel=info --pool=solo
2026-03-11 09:42:45 | INFO | [7ce6ae331ce543c3adbd363d31805d15] | app.utils.vector_index | VectorIndexManager 单例初始化完成
2026-03-11 09:42:45 | INFO | [7ce6ae331ce543c3adbd363d31805d15] | app.utils.vector_index | [7ce6ae331ce543c3adbd363d31805d15] 从缓存加载向量索引成功: 289 个列
2026-03-11 09:42:45 | INFO | [7ce6ae331ce543c3adbd363d31805d15] | app.utils.vector_index | VectorIndexManager 缓存加载成功: 289 个列
2026-03-11 09:42:45 | INFO | [7ce6ae331ce543c3adbd363d31805d15] | app.main | 向量索引已从缓存加载
2026-03-11 09:45:38 | INFO | [11a94b572c0448c2bfaaa23419860911] | app.api.v1.projects | [11a94b572c0448c2bfaaa23419860911] 用户 admin 获取项目列表: page=1, page_size=100
2026-03-11 09:45:38 | INFO | [11a94b572c0448c2bfaaa23419860911] | app.api.v1.projects | [11a94b572c0448c2bfaaa23419860911] 获取项目列表成功: total=2
2026-03-11 09:45:38 | INFO | [71f26a648454487c9a4c36e59198abec] | app.api.v1.versions | [71f26a648454487c9a4c36e59198abec] 查询版本列表: project_id=1, page=1, page_size=100, user=admin
2026-03-11 09:45:38 | INFO | [078abc3d04144e11b56cc0c7796be949] | app.api.v1.projects | [078abc3d04144e11b56cc0c7796be949] 用户 admin 获取项目列表: page=1, page_size=100
2026-03-11 09:45:38 | INFO | [078abc3d04144e11b56cc0c7796be949] | app.api.v1.projects | [078abc3d04144e11b56cc0c7796be949] 获取项目列表成功: total=2
2026-03-11 09:45:38 | INFO | [89ff1128c30d4004bdf47a1e01d0f43e] | app.api.v1.versions | [89ff1128c30d4004bdf47a1e01d0f43e] 查询版本列表: project_id=1, page=1, page_size=100, user=admin
2026-03-11 09:45:38 | INFO | [99de5e1ad23844b4910ab0b763507f03] | app.dependencies | 连接池状态 - 大小: 20, 溢出: -18, 已检出: 1, 空闲: 19, 统计 - 创建: 4, 检出: 10, 检入: 8, 溢出: 0, 错误: 0, 最大并发: 1
2026-03-11 09:45:38 | INFO | [99de5e1ad23844b4910ab0b763507f03] | app.api.v1.projects | [99de5e1ad23844b4910ab0b763507f03] 用户 admin 获取项目列表: page=1, page_size=100
2026-03-11 09:45:38 | INFO | [99de5e1ad23844b4910ab0b763507f03] | app.api.v1.projects | [99de5e1ad23844b4910ab0b763507f03] 获取项目列表成功: total=2
2026-03-11 09:45:38 | INFO | [1faacb7d6e1d4a5a89bf98500a9a590c] | app.api.v1.projects | [1faacb7d6e1d4a5a89bf98500a9a590c] 用户 admin 获取项目列表: page=1, page_size=100
2026-03-11 09:45:38 | INFO | [1faacb7d6e1d4a5a89bf98500a9a590c] | app.api.v1.projects | [1faacb7d6e1d4a5a89bf98500a9a590c] 获取项目列表成功: total=2
2026-03-11 09:45:40 | INFO | [794750edc6a749a2b0ac880f7444e968] | app.api.v1.versions | [794750edc6a749a2b0ac880f7444e968] 查询版本列表: project_id=1, page=1, page_size=10, user=admin
2026-03-11 09:45:40 | INFO | [3770881d92024fe9bf6d92eb3775b479] | app.api.v1.projects | [3770881d92024fe9bf6d92eb3775b479] 用户 admin 获取项目详情: project_id=1
2026-03-11 09:45:40 | INFO | [3770881d92024fe9bf6d92eb3775b479] | app.api.v1.projects | [3770881d92024fe9bf6d92eb3775b479] 用户 admin 查看 项目 InvenTree (id=1)
2026-03-11 09:45:40 | INFO | [3770881d92024fe9bf6d92eb3775b479] | app.api.v1.projects | [3770881d92024fe9bf6d92eb3775b479] 获取项目详情成功: project_id=1, environments_count=2
2026-03-11 09:45:40 | INFO | [af60eb63879447b08ac7be70f6dcf5f2] | app.api.v1.versions | [af60eb63879447b08ac7be70f6dcf5f2] 查询版本列表: project_id=1, page=1, page_size=10, user=admin
2026-03-11 09:45:40 | INFO | [89a2b6305dc443b1b725bba02b90f8cb] | app.dependencies | 连接池状态 - 大小: 20, 溢出: -18, 已检出: 1, 空闲: 19, 统计 - 创建: 4, 检出: 20, 检入: 18, 溢出: 0, 错误: 0, 最大并发: 1
2026-03-11 09:45:40 | INFO | [89a2b6305dc443b1b725bba02b90f8cb] | app.api.v1.projects | [89a2b6305dc443b1b725bba02b90f8cb] 用户 admin 获取项目详情: project_id=1
2026-03-11 09:45:40 | INFO | [89a2b6305dc443b1b725bba02b90f8cb] | app.api.v1.projects | [89a2b6305dc443b1b725bba02b90f8cb] 用户 admin 查看 项目 InvenTree (id=1)
2026-03-11 09:45:40 | INFO | [89a2b6305dc443b1b725bba02b90f8cb] | app.api.v1.projects | [89a2b6305dc443b1b725bba02b90f8cb] 获取项目详情成功: project_id=1, environments_count=2
2026-03-11 09:45:41 | INFO | [d5898e9e86dc44f986ef019d883f7842] | app.api.v1.db_schemas | [d5898e9e86dc44f986ef019d883f7842] 查询数据库结构列表: project_id=1, version_id=1
2026-03-11 09:45:41 | INFO | [19b99f9a38c64f9f9fa9fe5b6178a4fb] | app.api.v1.db_schemas | [19b99f9a38c64f9f9fa9fe5b6178a4fb] 查询数据库结构列表: project_id=1, version_id=1
2026-03-11 09:45:42 | INFO | [7e61d2eb36724ed9a3035e296266c6e8] | app.api.v1.db_schemas | [7e61d2eb36724ed9a3035e296266c6e8] 查询数据库结构列表: project_id=1, version_id=1
2026-03-11 09:45:43 | INFO | [98cb090db9f94199bc06adeda09b45ea] | app.api.v1.field_mappings_async | [98cb090db9f94199bc06adeda09b45ea] 查询任务列表: task_type=field_mapping_suggest, project_id=1, version_id=None, status_filter=None, limit=20, offset=0
2026-03-11 09:45:43 | INFO | [98cb090db9f94199bc06adeda09b45ea] | app.api.v1.field_mappings_async | [98cb090db9f94199bc06adeda09b45ea] 查询任务列表完成: total=1, returned=1
2026-03-11 09:45:43 | INFO | [9779d480e8ae4fe78b05e7e8b0eb0154] | app.dependencies | 连接池状态 - 大小: 20, 溢出: -18, 已检出: 2, 空闲: 18, 统计 - 创建: 4, 检出: 30, 检入: 26, 溢出: 0, 错误: 0, 最大并发: 2
2026-03-11 09:45:43 | INFO | [9779d480e8ae4fe78b05e7e8b0eb0154] | app.api.v1.field_mappings | [9779d480e8ae4fe78b05e7e8b0eb0154] 查询字段映射列表: project_id=1, version_id=1
2026-03-11 09:45:43 | INFO | [2cf4f3f5e934453fb0f4aa9083bf1651] | app.api.v1.db_schemas | [2cf4f3f5e934453fb0f4aa9083bf1651] 查询数据库结构列表: project_id=1, version_id=1
2026-03-11 09:45:43 | INFO | [349a949128ed4e65bcde715b338ff657] | app.api.v1.field_mappings_async | [349a949128ed4e65bcde715b338ff657] 获取字段映射建议结果: task_id=8, status_filter=None, search=None, page=1, size=20
2026-03-11 09:45:43 | INFO | [43b189cd777b4946a2f1f3aefdb2fbcd] | app.api.v1.field_mappings | [43b189cd777b4946a2f1f3aefdb2fbcd] 查询字段映射列表: project_id=1, version_id=1
2026-03-11 09:45:43 | INFO | [0e9bb9664319417b82edab083d292ec8] | app.api.v1.field_mappings_async | [0e9bb9664319417b82edab083d292ec8] 查询任务列表: task_type=field_mapping_suggest, project_id=1, version_id=None, status_filter=None, limit=20, offset=0
2026-03-11 09:45:43 | INFO | [0e9bb9664319417b82edab083d292ec8] | app.api.v1.field_mappings_async | [0e9bb9664319417b82edab083d292ec8] 查询任务列表完成: total=1, returned=1
2026-03-11 09:45:43 | INFO | [eba285f96dc047049dfb7416fd3d6b92] | app.dependencies | 连接池状态 - 大小: 20, 溢出: -17, 已检出: 1, 空闲: 19, 统计 - 创建: 6, 检出: 40, 检入: 38, 溢出: 0, 错误: 0, 最大并发: 2
2026-03-11 09:45:43 | INFO | [eba285f96dc047049dfb7416fd3d6b92] | app.api.v1.field_mappings_async | [eba285f96dc047049dfb7416fd3d6b92] 获取字段映射建议结果: task_id=8, status_filter=None, search=None, page=1, size=20
2026-03-11 09:45:45 | INFO | [5d5eef2c6960439c9c8f97940d382c91] | app.api.v1.api_definitions | [5d5eef2c6960439c9c8f97940d382c91] 查询 API 定义列表: skip=0, limit=20, user=admin, project_id=1, version_id=1
2026-03-11 09:45:45 | INFO | [2e1c13fd04a24b728cc3975873a488f0] | app.api.v1.api_definitions | [2e1c13fd04a24b728cc3975873a488f0] 查询 API 定义列表: skip=0, limit=20, user=admin, project_id=1, version_id=1
2026-03-11 09:45:45 | INFO | [66ab03d835d9499583d99083ab8ead3a] | app.api.v1.api_definitions | [66ab03d835d9499583d99083ab8ead3a] 查询 API 定义列表: skip=0, limit=20, user=admin, project_id=1, version_id=1
2026-03-11 09:46:09 | INFO | [28aa033e491b4469adbbe2448d68fe94] | app.api.v1.intent_workbench | [28aa033e491b4469adbbe2448d68fe94] 意图生成场景: intent='测试登录流程', project_id=1
2026-03-11 09:46:09 | INFO | [28aa033e491b4469adbbe2448d68fe94] | app.api.v1.intent_workbench | [28aa033e491b4469adbbe2448d68fe94] [阶段一] 轻量检索候选 API...
2026-03-11 09:46:09 | INFO | [28aa033e491b4469adbbe2448d68fe94] | app.services.api_retrieval | [28aa033e491b4469adbbe2448d68fe94] 开始轻量级 API 检索: intent='测试登录流程', project_id=1
2026-03-11 09:46:09 | INFO | [28aa033e491b4469adbbe2448d68fe94] | app.services.api_retrieval | [28aa033e491b4469adbbe2448d68fe94] [阶段一] 关键词召回...
2026-03-11 09:46:09 | INFO | [28aa033e491b4469adbbe2448d68fe94] | app.services.api_retrieval | [28aa033e491b4469adbbe2448d68fe94] 提取关键词: ['POST', '测试登录流程']
2026-03-11 09:46:09 | INFO | [28aa033e491b4469adbbe2448d68fe94] | app.services.api_retrieval | [28aa033e491b4469adbbe2448d68fe94] [阶段一] 关键词召回完成: found=122 candidates
2026-03-11 09:46:09 | INFO | [28aa033e491b4469adbbe2448d68fe94] | app.services.api_retrieval | [28aa033e491b4469adbbe2448d68fe94] [阶段二] 语义重排...
2026-03-11 09:46:09 | INFO | [28aa033e491b4469adbbe2448d68fe94] | app.ai.service | AI 执行开始: task_type=api_retrieval_ranking, project_id=None
2026-03-11 09:46:09 | INFO | [28aa033e491b4469adbbe2448d68fe94] | app.ai.service | AI 输入数据: method=None, path=None, summary=None
2026-03-11 09:46:09 | INFO | [28aa033e491b4469adbbe2448d68fe94] | app.ai.service | 渲染后的用户 Prompt（前500字符）: 
请根据用户意图，对候选 API 列表进行排序和筛选。

用户意图：
测试登录流程

项目信息：
- 项目名称：InvenTree
- 业务领域：电商

候选 API 列表（已通过向量检索初步筛选）：

1. ID: 2592
   方法: POST
   路径: /api/stock/location-type/
   摘要: API endpoint for a list of StockLocationType objects.

- GET: Return a list of all StockLocationType objects
- POST: Create a StockLocationType
   描述: API endpoint for a list of StockLocationType objects.

- GET: Return a list of all StockLocationType objects
- POST: Create a StockLocationType
   标签: ['stock']
   关键词分数: 5.0

2. ID: 
2026-03-11 09:46:10 | INFO | [28aa033e491b4469adbbe2448d68fe94] | app.ai.adapters.factory | 创建模型适配器: provider=openai
2026-03-11 09:46:10 | INFO | [28aa033e491b4469adbbe2448d68fe94] | app.ai.service | 调用 AI 模型: model=OpenAIAdapter
2026-03-11 09:46:23 | INFO | [28aa033e491b4469adbbe2448d68fe94] | httpx | HTTP Request: POST https://api.siliconflow.cn/v1/chat/completions "HTTP/1.1 200 OK"
2026-03-11 09:46:23 | INFO | [28aa033e491b4469adbbe2448d68fe94] | app.ai.adapters.openai | OpenAI 调用成功: model=Qwen/Qwen2.5-Coder-7B-Instruct, tokens=12531
2026-03-11 09:46:23 | INFO | [28aa033e491b4469adbbe2448d68fe94] | app.ai.service | AI 调用成功: task_type=api_retrieval_ranking, project_id=None, tokens_used=12531
2026-03-11 09:46:23 | WARNING | [28aa033e491b4469adbbe2448d68fe94] | app.services.api_retrieval | [28aa033e491b4469adbbe2448d68fe94] AI 返回数据格式错误，使用原始候选列表
2026-03-11 09:46:23 | INFO | [28aa033e491b4469adbbe2448d68fe94] | app.services.api_retrieval | [28aa033e491b4469adbbe2448d68fe94] [阶段二] 语义重排完成: relevant=122
2026-03-11 09:46:23 | INFO | [28aa033e491b4469adbbe2448d68fe94] | app.api.v1.intent_workbench | [28aa033e491b4469adbbe2448d68fe94] [阶段一] 检索到 10 个候选 API
2026-03-11 09:46:23 | INFO | [28aa033e491b4469adbbe2448d68fe94] | app.api.v1.intent_workbench | [28aa033e491b4469adbbe2448d68fe94] [阶段二] AI 选择核心 API...
2026-03-11 09:46:23 | INFO | [28aa033e491b4469adbbe2448d68fe94] | app.ai.service | AI 执行开始: task_type=intent_api_selection, project_id=1
2026-03-11 09:46:23 | INFO | [28aa033e491b4469adbbe2448d68fe94] | app.ai.service | AI 输入数据: method=None, path=None, summary=None
2026-03-11 09:46:23 | INFO | [28aa033e491b4469adbbe2448d68fe94] | app.dependencies | 连接池状态 - 大小: 20, 溢出: -17, 已检出: 2, 空闲: 18, 统计 - 创建: 6, 检出: 50, 检入: 46, 溢出: 0, 错误: 0, 最大并发: 2
2026-03-11 09:46:23 | INFO | [28aa033e491b4469adbbe2448d68fe94] | app.ai.context | 注入项目上下文: project_id=1, name=InvenTree
2026-03-11 09:46:23 | INFO | [28aa033e491b4469adbbe2448d68fe94] | app.ai.service | 渲染后的用户 Prompt（前500字符）: 
请根据用户意图，从候选 API 列表中选择 3-5 个最相关的 API。

用户意图：
测试登录流程

候选 API 列表（包含签名信息 + 关键参数）：

ID: 2592
路径: /api/stock/location-type/
摘要: API endpoint for a list of StockLocationType objects.

- GET: Return a list of all StockLocationType objects
- POST: Create a StockLocationType
核心入参: ['pk', 'icon', 'name', 'description', 'location_count']  # 修正陷阱四：保留关键参数摘要

ID: 2612
路径: /api/order/so/
摘要: API endpoint for accessing a list of SalesOrder objects.

- GET: Return list of SalesOrder objects (with filters)
- POST
2026-03-11 09:46:23 | INFO | [28aa033e491b4469adbbe2448d68fe94] | app.ai.service | 调用 AI 模型: model=OpenAIAdapter
2026-03-11 09:46:29 | INFO | [28aa033e491b4469adbbe2448d68fe94] | httpx | HTTP Request: POST https://api.siliconflow.cn/v1/chat/completions "HTTP/1.1 200 OK"
2026-03-11 09:46:29 | INFO | [28aa033e491b4469adbbe2448d68fe94] | app.ai.adapters.openai | OpenAI 调用成功: model=Qwen/Qwen2.5-Coder-7B-Instruct, tokens=1352
2026-03-11 09:46:29 | INFO | [28aa033e491b4469adbbe2448d68fe94] | app.ai.service | AI 调用成功: task_type=intent_api_selection, project_id=1, tokens_used=1352
2026-03-11 09:46:29 | INFO | [28aa033e491b4469adbbe2448d68fe94] | app.api.v1.intent_workbench | [28aa033e491b4469adbbe2448d68fe94] [阶段二] AI 选择了 3 个核心 API
2026-03-11 09:46:29 | INFO | [28aa033e491b4469adbbe2448d68fe94] | app.api.v1.intent_workbench | [28aa033e491b4469adbbe2448d68fe94] [阶段三] 加载选中 API 的详细 Schema...
2026-03-11 09:46:29 | INFO | [28aa033e491b4469adbbe2448d68fe94] | app.api.v1.intent_workbench | [28aa033e491b4469adbbe2448d68fe94] [阶段四] 生成场景结构...
2026-03-11 09:46:29 | INFO | [28aa033e491b4469adbbe2448d68fe94] | app.ai.service | AI 执行开始: task_type=intent_scenario_generation, project_id=1
2026-03-11 09:46:29 | INFO | [28aa033e491b4469adbbe2448d68fe94] | app.ai.service | AI 输入数据: method=None, path=None, summary=None
2026-03-11 09:46:29 | INFO | [28aa033e491b4469adbbe2448d68fe94] | app.ai.context | 注入项目上下文: project_id=1, name=InvenTree
2026-03-11 09:46:29 | INFO | [28aa033e491b4469adbbe2448d68fe94] | app.ai.service | 渲染后的用户 Prompt（前500字符）: 
请根据用户的业务意图，生成一个完整的 API 测试场景。

用户意图：
测试登录流程

项目信息：
- 项目名称：InvenTree
- 业务领域：电商
- 技术栈：

候选 API 列表（已通过向量检索和关键词匹配筛选）：

ID: 2672
方法: POST
路径: /api/order/po/
摘要: API endpoint for accessing a list of PurchaseOrder objects.

- GET: Return list of PurchaseOrder objects (with filters)
- POST: Create a new PurchaseOrder object
描述: API endpoint for accessing a list of PurchaseOrder objects.

- GET: Return list of PurchaseOrder objects (with filters)
- POST: Create a new PurchaseOrder object
请求参数: {'type': '
2026-03-11 09:46:29 | INFO | [28aa033e491b4469adbbe2448d68fe94] | app.ai.service | 调用 AI 模型: model=OpenAIAdapter
2026-03-11 09:46:40 | INFO | [28aa033e491b4469adbbe2448d68fe94] | httpx | HTTP Request: POST https://api.siliconflow.cn/v1/chat/completions "HTTP/1.1 200 OK"
2026-03-11 09:46:40 | INFO | [28aa033e491b4469adbbe2448d68fe94] | app.ai.adapters.openai | OpenAI 调用成功: model=Qwen/Qwen2.5-Coder-7B-Instruct, tokens=14178
2026-03-11 09:46:40 | INFO | [28aa033e491b4469adbbe2448d68fe94] | app.ai.service | AI 调用成功: task_type=intent_scenario_generation, project_id=1, tokens_used=14178
2026-03-11 09:46:40 | ERROR | [28aa033e491b4469adbbe2448d68fe94] | app.api.v1.intent_workbench | [28aa033e491b4469adbbe2448d68fe94] JSON 解析失败: Expecting value: line 1 column 1 (char 0), result=### 阶段一：业务步骤识别

**业务步骤分解：**
1. 创建用户
2. 登录用户

**API 调用识别：**
1. **创建用户：**
   - 选择 API ID: 2992 - POST /api/company/part/（创建供应商零件）
   - 原因：用户登录通常需要一个有效的用户凭证，创建用户可以作为一个前置步骤来确保用户存在。

2. **登录用户：**
   - 缺少候选列表中的 API 用于登录用户。
   - 需要一个占位符节点来表示登录步骤的缺失。

**步骤之间的执行顺序：**
1. 创建用户
2. 登录用户

### 阶段二：场景生成

```json
{
  "scenario": {
    "name": "用户登录流程",
    "description": "测试用户登录流程，包括创建用户和登录用户",
    "scenario_type": "business_flow",
    "source_type": "intent",
    "execution_mode": "dag",
    "timeout_seconds": 
2026-03-11 09:46:40 | ERROR | [28aa033e491b4469adbbe2448d68fe94] | app.dependencies | 数据库会话异常: 500: AI 返回数据格式错误，无法解析 JSON
Traceback (most recent call last):
  File "D:\code\BugSeek\backend\app\api\v1\intent_workbench.py", line 218, in generate_scenario_from_intent
    scenario_result = json.loads(scenario_result)
  File "C:\Users\81026\AppData\Local\Programs\Python\Python310\lib\json\__init__.py", line 346, in loads
    return _default_decoder.decode(s)
  File "C:\Users\81026\AppData\Local\Programs\Python\Python310\lib\json\decoder.py", line 337, in decode
    obj, end = self.raw_decode(s, idx=_w(s, 0).end())
  File "C:\Users\81026\AppData\Local\Programs\Python\Python310\lib\json\decoder.py", line 355, in raw_decode
    raise JSONDecodeError("Expecting value", s, err.value) from None
json.decoder.JSONDecodeError: Expecting value: line 1 column 1 (char 0)

During handling of the above exception, another exception occurred:

Traceback (most recent call last):
  File "D:\code\BugSeek\backend\app\dependencies.py", line 196, in get_db
    yield db
  File "C:\Users\81026\AppData\Local\Programs\Python\Python310\lib\site-packages\fastapi\concurrency.py", line 29, in contextmanager_in_threadpool
    yield await run_in_threadpool(cm.__enter__)
  File "C:\Users\81026\AppData\Local\Programs\Python\Python310\lib\site-packages\fastapi\routing.py", line 101, in app
    response = await f(request)
  File "C:\Users\81026\AppData\Local\Programs\Python\Python310\lib\site-packages\fastapi\routing.py", line 355, in app
    raw_response = await run_endpoint_function(
  File "C:\Users\81026\AppData\Local\Programs\Python\Python310\lib\site-packages\fastapi\routing.py", line 243, in run_endpoint_function
    return await dependant.call(**values)
  File "D:\code\BugSeek\backend\app\api\v1\intent_workbench.py", line 221, in generate_scenario_from_intent
    raise HTTPException(
fastapi.exceptions.HTTPException: 500: AI 返回数据格式错误，无法解析 JSON
2026-03-11 10:01:36 | INFO | [46e4c25b1bd9402fb0358d2eea9a8f90] | root | 日志系统初始化完成
2026-03-11 10:01:37 | INFO | [46e4c25b1bd9402fb0358d2eea9a8f90] | app.main | 应用启动事件执行中...
2026-03-11 10:01:37 | INFO | [46e4c25b1bd9402fb0358d2eea9a8f90] | app.main | Celery 实例: bugseek
2026-03-11 10:01:37 | INFO | [46e4c25b1bd9402fb0358d2eea9a8f90] | app.main | Broker URL: redis://127.0.0.1:6380/0
2026-03-11 10:01:37 | INFO | [46e4c25b1bd9402fb0358d2eea9a8f90] | app.main | Result Backend: redis://127.0.0.1:6380/1
2026-03-11 10:01:37 | INFO | [46e4c25b1bd9402fb0358d2eea9a8f90] | app.main | 字段映射任务已注册: app.celery.tasks.execute_field_mapping_task
2026-03-11 10:01:37 | INFO | [46e4c25b1bd9402fb0358d2eea9a8f90] | app.main | 开始预热向量索引...
2026-03-11 10:01:37 | INFO | [46e4c25b1bd9402fb0358d2eea9a8f90] | app.main | 应用启动事件执行完成
2026-03-11 10:01:37 | INFO | [46e4c25b1bd9402fb0358d2eea9a8f90] | app.main | 提示: 请确保 Celery Worker 正在运行
2026-03-11 10:01:37 | INFO | [46e4c25b1bd9402fb0358d2eea9a8f90] | app.main | 启动命令: celery -A app.celery_config worker --loglevel=info --pool=solo
2026-03-11 10:01:37 | INFO | [46e4c25b1bd9402fb0358d2eea9a8f90] | app.utils.vector_index | VectorIndexManager 单例初始化完成
2026-03-11 10:01:37 | INFO | [46e4c25b1bd9402fb0358d2eea9a8f90] | app.utils.vector_index | [46e4c25b1bd9402fb0358d2eea9a8f90] 从缓存加载向量索引成功: 289 个列
2026-03-11 10:01:37 | INFO | [46e4c25b1bd9402fb0358d2eea9a8f90] | app.utils.vector_index | VectorIndexManager 缓存加载成功: 289 个列
2026-03-11 10:01:37 | INFO | [46e4c25b1bd9402fb0358d2eea9a8f90] | app.main | 向量索引已从缓存加载
2026-03-11 10:01:47 | INFO | [f40dd859b57345aebb91c32fa9763b12] | root | 日志系统初始化完成
2026-03-11 10:01:48 | INFO | [f40dd859b57345aebb91c32fa9763b12] | app.main | 应用启动事件执行中...
2026-03-11 10:01:48 | INFO | [f40dd859b57345aebb91c32fa9763b12] | app.main | Celery 实例: bugseek
2026-03-11 10:01:48 | INFO | [f40dd859b57345aebb91c32fa9763b12] | app.main | Broker URL: redis://127.0.0.1:6380/0
2026-03-11 10:01:48 | INFO | [f40dd859b57345aebb91c32fa9763b12] | app.main | Result Backend: redis://127.0.0.1:6380/1
2026-03-11 10:01:48 | INFO | [f40dd859b57345aebb91c32fa9763b12] | app.main | 字段映射任务已注册: app.celery.tasks.execute_field_mapping_task
2026-03-11 10:01:48 | INFO | [f40dd859b57345aebb91c32fa9763b12] | app.main | 开始预热向量索引...
2026-03-11 10:01:48 | INFO | [f40dd859b57345aebb91c32fa9763b12] | app.main | 应用启动事件执行完成
2026-03-11 10:01:48 | INFO | [f40dd859b57345aebb91c32fa9763b12] | app.main | 提示: 请确保 Celery Worker 正在运行
2026-03-11 10:01:48 | INFO | [f40dd859b57345aebb91c32fa9763b12] | app.main | 启动命令: celery -A app.celery_config worker --loglevel=info --pool=solo
2026-03-11 10:01:48 | INFO | [f40dd859b57345aebb91c32fa9763b12] | app.utils.vector_index | VectorIndexManager 单例初始化完成
2026-03-11 10:01:48 | INFO | [f40dd859b57345aebb91c32fa9763b12] | app.utils.vector_index | [f40dd859b57345aebb91c32fa9763b12] 从缓存加载向量索引成功: 289 个列
2026-03-11 10:01:48 | INFO | [f40dd859b57345aebb91c32fa9763b12] | app.utils.vector_index | VectorIndexManager 缓存加载成功: 289 个列
2026-03-11 10:01:48 | INFO | [f40dd859b57345aebb91c32fa9763b12] | app.main | 向量索引已从缓存加载
2026-03-11 10:02:25 | INFO | [42e24417675545b7a07f3302f39bf034] | root | 日志系统初始化完成
2026-03-11 10:02:25 | INFO | [42e24417675545b7a07f3302f39bf034] | app.main | 应用启动事件执行中...
2026-03-11 10:02:25 | INFO | [42e24417675545b7a07f3302f39bf034] | app.main | Celery 实例: bugseek
2026-03-11 10:02:25 | INFO | [42e24417675545b7a07f3302f39bf034] | app.main | Broker URL: redis://127.0.0.1:6380/0
2026-03-11 10:02:25 | INFO | [42e24417675545b7a07f3302f39bf034] | app.main | Result Backend: redis://127.0.0.1:6380/1
2026-03-11 10:02:25 | INFO | [42e24417675545b7a07f3302f39bf034] | app.main | 字段映射任务已注册: app.celery.tasks.execute_field_mapping_task
2026-03-11 10:02:25 | INFO | [42e24417675545b7a07f3302f39bf034] | app.main | 开始预热向量索引...
2026-03-11 10:02:25 | INFO | [42e24417675545b7a07f3302f39bf034] | app.main | 应用启动事件执行完成
2026-03-11 10:02:25 | INFO | [42e24417675545b7a07f3302f39bf034] | app.main | 提示: 请确保 Celery Worker 正在运行
2026-03-11 10:02:25 | INFO | [42e24417675545b7a07f3302f39bf034] | app.main | 启动命令: celery -A app.celery_config worker --loglevel=info --pool=solo
2026-03-11 10:02:25 | INFO | [42e24417675545b7a07f3302f39bf034] | app.utils.vector_index | VectorIndexManager 单例初始化完成
2026-03-11 10:02:25 | INFO | [42e24417675545b7a07f3302f39bf034] | app.utils.vector_index | [42e24417675545b7a07f3302f39bf034] 从缓存加载向量索引成功: 289 个列
2026-03-11 10:02:25 | INFO | [42e24417675545b7a07f3302f39bf034] | app.utils.vector_index | VectorIndexManager 缓存加载成功: 289 个列
2026-03-11 10:02:25 | INFO | [42e24417675545b7a07f3302f39bf034] | app.main | 向量索引已从缓存加载
2026-03-11 10:02:35 | INFO | [06cdd93cde07447fab853b631f657f96] | root | 日志系统初始化完成
2026-03-11 10:02:35 | INFO | [06cdd93cde07447fab853b631f657f96] | app.main | 应用启动事件执行中...
2026-03-11 10:02:35 | INFO | [06cdd93cde07447fab853b631f657f96] | app.main | Celery 实例: bugseek
2026-03-11 10:02:35 | INFO | [06cdd93cde07447fab853b631f657f96] | app.main | Broker URL: redis://127.0.0.1:6380/0
2026-03-11 10:02:35 | INFO | [06cdd93cde07447fab853b631f657f96] | app.main | Result Backend: redis://127.0.0.1:6380/1
2026-03-11 10:02:35 | INFO | [06cdd93cde07447fab853b631f657f96] | app.main | 字段映射任务已注册: app.celery.tasks.execute_field_mapping_task
2026-03-11 10:02:35 | INFO | [06cdd93cde07447fab853b631f657f96] | app.main | 开始预热向量索引...
2026-03-11 10:02:35 | INFO | [06cdd93cde07447fab853b631f657f96] | app.main | 应用启动事件执行完成
2026-03-11 10:02:35 | INFO | [06cdd93cde07447fab853b631f657f96] | app.main | 提示: 请确保 Celery Worker 正在运行
2026-03-11 10:02:35 | INFO | [06cdd93cde07447fab853b631f657f96] | app.main | 启动命令: celery -A app.celery_config worker --loglevel=info --pool=solo
2026-03-11 10:02:35 | INFO | [06cdd93cde07447fab853b631f657f96] | app.utils.vector_index | VectorIndexManager 单例初始化完成
2026-03-11 10:02:35 | INFO | [06cdd93cde07447fab853b631f657f96] | app.utils.vector_index | [06cdd93cde07447fab853b631f657f96] 从缓存加载向量索引成功: 289 个列
2026-03-11 10:02:35 | INFO | [06cdd93cde07447fab853b631f657f96] | app.utils.vector_index | VectorIndexManager 缓存加载成功: 289 个列
2026-03-11 10:02:35 | INFO | [06cdd93cde07447fab853b631f657f96] | app.main | 向量索引已从缓存加载
2026-03-11 10:07:33 | INFO | [1df606ca673145e49c842ec2fa32f24b] | app.api.v1.projects | [1df606ca673145e49c842ec2fa32f24b] 用户 admin 获取项目列表: page=1, page_size=100
2026-03-11 10:07:33 | INFO | [1df606ca673145e49c842ec2fa32f24b] | app.api.v1.projects | [1df606ca673145e49c842ec2fa32f24b] 获取项目列表成功: total=2
2026-03-11 10:07:33 | INFO | [6421c9384bba4bd4a269541f4d4aa118] | app.api.v1.projects | [6421c9384bba4bd4a269541f4d4aa118] 用户 admin 获取项目列表: page=1, page_size=100
2026-03-11 10:07:33 | INFO | [6421c9384bba4bd4a269541f4d4aa118] | app.api.v1.projects | [6421c9384bba4bd4a269541f4d4aa118] 获取项目列表成功: total=2
2026-03-11 10:07:33 | INFO | [8f6fb2ea4dd44d4f88f63acb4b2aad90] | app.api.v1.versions | [8f6fb2ea4dd44d4f88f63acb4b2aad90] 查询版本列表: project_id=1, page=1, page_size=100, user=admin
2026-03-11 10:07:33 | INFO | [6e9f97f5d93640ada6d99f7ebd14b438] | app.api.v1.projects | [6e9f97f5d93640ada6d99f7ebd14b438] 用户 admin 获取项目列表: page=1, page_size=100
2026-03-11 10:07:33 | INFO | [6e9f97f5d93640ada6d99f7ebd14b438] | app.api.v1.projects | [6e9f97f5d93640ada6d99f7ebd14b438] 获取项目列表成功: total=2
2026-03-11 10:07:33 | INFO | [4f0131b343d44b62a685dcd350eae51a] | app.dependencies | 连接池状态 - 大小: 20, 溢出: -15, 已检出: 5, 空闲: 15, 统计 - 创建: 10, 检出: 10, 检入: 0, 溢出: 0, 错误: 0, 最大并发: 5
2026-03-11 10:07:33 | INFO | [4f0131b343d44b62a685dcd350eae51a] | app.api.v1.projects | [4f0131b343d44b62a685dcd350eae51a] 用户 admin 获取项目列表: page=1, page_size=100
2026-03-11 10:07:33 | INFO | [4f0131b343d44b62a685dcd350eae51a] | app.api.v1.projects | [4f0131b343d44b62a685dcd350eae51a] 获取项目列表成功: total=2
2026-03-11 10:07:33 | INFO | [3f756d171e3947f5bfeb0586feefecf8] | app.api.v1.versions | [3f756d171e3947f5bfeb0586feefecf8] 查询版本列表: project_id=1, page=1, page_size=100, user=admin
2026-03-11 10:07:49 | INFO | [ae63d1d62ee74a1e8e90febf724da975] | app.api.v1.intent_workbench | [ae63d1d62ee74a1e8e90febf724da975] 意图生成场景: intent='测试登录流程', project_id=1
2026-03-11 10:07:49 | INFO | [ae63d1d62ee74a1e8e90febf724da975] | app.api.v1.intent_workbench | [ae63d1d62ee74a1e8e90febf724da975] [阶段一] 轻量检索候选 API...
2026-03-11 10:07:49 | INFO | [ae63d1d62ee74a1e8e90febf724da975] | app.services.api_retrieval | [ae63d1d62ee74a1e8e90febf724da975] 开始轻量级混合检索: intent='测试登录流程'
2026-03-11 10:07:49 | INFO | [ae63d1d62ee74a1e8e90febf724da975] | app.services.api_retrieval | [ae63d1d62ee74a1e8e90febf724da975] [阶段一] 关键词召回...
2026-03-11 10:07:49 | INFO | [ae63d1d62ee74a1e8e90febf724da975] | app.services.api_retrieval | [ae63d1d62ee74a1e8e90febf724da975] 提取关键词: ['测试登录流程', 'POST']
2026-03-11 10:07:49 | INFO | [ae63d1d62ee74a1e8e90febf724da975] | app.services.api_retrieval | [ae63d1d62ee74a1e8e90febf724da975] [阶段一] 关键词召回完成: found=122 candidates
2026-03-11 10:07:49 | INFO | [ae63d1d62ee74a1e8e90febf724da975] | app.services.api_retrieval | [ae63d1d62ee74a1e8e90febf724da975] [阶段二] 向量语义检索...
2026-03-11 10:07:49 | ERROR | [ae63d1d62ee74a1e8e90febf724da975] | app.services.api_retrieval | [ae63d1d62ee74a1e8e90febf724da975] 向量检索失败: type object 'VectorIndexManager' has no attribute 'get_instance'
Traceback (most recent call last):
  File "D:\code\BugSeek\backend\app\services\api_retrieval.py", line 515, in _vector_search
    vector_manager = VectorIndexManager.get_instance()
AttributeError: type object 'VectorIndexManager' has no attribute 'get_instance'
2026-03-11 10:07:49 | INFO | [ae63d1d62ee74a1e8e90febf724da975] | app.services.api_retrieval | [ae63d1d62ee74a1e8e90febf724da975] [阶段二] 向量检索完成: found=0 candidates
2026-03-11 10:07:49 | INFO | [ae63d1d62ee74a1e8e90febf724da975] | app.services.api_retrieval | [ae63d1d62ee74a1e8e90febf724da975] [阶段三] RRF 融合排序...
2026-03-11 10:07:49 | INFO | [ae63d1d62ee74a1e8e90febf724da975] | app.services.api_retrieval | [ae63d1d62ee74a1e8e90febf724da975] [阶段三] RRF 融合完成: merged=122 candidates
2026-03-11 10:07:49 | INFO | [ae63d1d62ee74a1e8e90febf724da975] | app.services.api_retrieval | [ae63d1d62ee74a1e8e90febf724da975] 轻量检索完成: 最终截取 10 个候选
2026-03-11 10:07:49 | INFO | [ae63d1d62ee74a1e8e90febf724da975] | app.api.v1.intent_workbench | [ae63d1d62ee74a1e8e90febf724da975] [阶段一] 检索到 10 个候选 API
2026-03-11 10:07:49 | INFO | [ae63d1d62ee74a1e8e90febf724da975] | app.api.v1.intent_workbench | [ae63d1d62ee74a1e8e90febf724da975] [阶段二] AI 选择核心 API...
2026-03-11 10:07:49 | INFO | [ae63d1d62ee74a1e8e90febf724da975] | app.ai.service | AI 执行开始: task_type=intent_api_selection, project_id=1
2026-03-11 10:07:49 | INFO | [ae63d1d62ee74a1e8e90febf724da975] | app.ai.service | AI 输入数据: method=None, path=None, summary=None
2026-03-11 10:07:49 | INFO | [ae63d1d62ee74a1e8e90febf724da975] | app.ai.context | 注入项目上下文: project_id=1, name=InvenTree
2026-03-11 10:07:49 | INFO | [ae63d1d62ee74a1e8e90febf724da975] | app.ai.service | 渲染后的用户 Prompt（前500字符）: 
请根据用户意图，从候选 API 列表中选择 3-5 个最相关的 API。

用户意图：
测试登录流程

候选 API 列表（包含签名信息 + 关键参数）：

ID: 2592
路径: /api/stock/location-type/
摘要: API endpoint for a list of StockLocationType objects.

- GET: Return a list of all StockLocationType objects
- POST: Create a StockLocationType
核心入参: ['pk', 'icon', 'name', 'description', 'location_count']  # 修正陷阱四：保留关键参数摘要

ID: 2612
路径: /api/order/so/
摘要: API endpoint for accessing a list of SalesOrder objects.

- GET: Return list of SalesOrder objects (with filters)
- POST
2026-03-11 10:07:50 | INFO | [ae63d1d62ee74a1e8e90febf724da975] | app.ai.adapters.factory | 创建模型适配器: provider=openai
2026-03-11 10:07:50 | INFO | [ae63d1d62ee74a1e8e90febf724da975] | app.ai.service | 调用 AI 模型: model=OpenAIAdapter
2026-03-11 10:07:52 | INFO | [ae63d1d62ee74a1e8e90febf724da975] | httpx | HTTP Request: POST https://api.siliconflow.cn/v1/chat/completions "HTTP/1.1 200 OK"
2026-03-11 10:07:52 | INFO | [ae63d1d62ee74a1e8e90febf724da975] | app.ai.adapters.openai | OpenAI 调用成功: model=Qwen/Qwen2.5-Coder-7B-Instruct, tokens=1305
2026-03-11 10:07:52 | INFO | [ae63d1d62ee74a1e8e90febf724da975] | app.ai.service | AI 调用成功: task_type=intent_api_selection, project_id=1, tokens_used=1305
2026-03-11 10:07:52 | INFO | [ae63d1d62ee74a1e8e90febf724da975] | app.api.v1.intent_workbench | [ae63d1d62ee74a1e8e90febf724da975] [阶段二] AI 选择了 3 个核心 API
2026-03-11 10:07:52 | INFO | [ae63d1d62ee74a1e8e90febf724da975] | app.api.v1.intent_workbench | [ae63d1d62ee74a1e8e90febf724da975] [阶段三] 加载选中 API 的详细 Schema...
2026-03-11 10:07:52 | INFO | [ae63d1d62ee74a1e8e90febf724da975] | app.api.v1.intent_workbench | [ae63d1d62ee74a1e8e90febf724da975] [阶段四] 生成场景结构...
2026-03-11 10:07:52 | INFO | [ae63d1d62ee74a1e8e90febf724da975] | app.ai.service | AI 执行开始: task_type=intent_scenario_generation, project_id=1
2026-03-11 10:07:52 | INFO | [ae63d1d62ee74a1e8e90febf724da975] | app.ai.service | AI 输入数据: method=None, path=None, summary=None
2026-03-11 10:07:52 | INFO | [ae63d1d62ee74a1e8e90febf724da975] | app.ai.context | 注入项目上下文: project_id=1, name=InvenTree
2026-03-11 10:07:52 | INFO | [ae63d1d62ee74a1e8e90febf724da975] | app.ai.service | 渲染后的用户 Prompt（前500字符）: 
请根据用户的业务意图，生成一个完整的 API 测试场景。

用户意图：
测试登录流程

项目信息：
- 项目名称：InvenTree
- 业务领域：电商
- 技术栈：

候选 API 列表（已通过向量检索和关键词匹配筛选）：

ID: 2612
方法: POST
路径: /api/order/so/
摘要: API endpoint for accessing a list of SalesOrder objects.

- GET: Return list of SalesOrder objects (with filters)
- POST: Create a new SalesOrder
描述: API endpoint for accessing a list of SalesOrder objects.

- GET: Return list of SalesOrder objects (with filters)
- POST: Create a new SalesOrder
请求参数: {'type': 'object', 'required': ['barcode_h
2026-03-11 10:07:52 | INFO | [ae63d1d62ee74a1e8e90febf724da975] | app.ai.service | 调用 AI 模型: model=OpenAIAdapter
2026-03-11 10:08:09 | INFO | [ae63d1d62ee74a1e8e90febf724da975] | httpx | HTTP Request: POST https://api.siliconflow.cn/v1/chat/completions "HTTP/1.1 200 OK"
2026-03-11 10:08:09 | INFO | [ae63d1d62ee74a1e8e90febf724da975] | app.ai.adapters.openai | OpenAI 调用成功: model=Qwen/Qwen2.5-Coder-7B-Instruct, tokens=14518
2026-03-11 10:08:09 | INFO | [ae63d1d62ee74a1e8e90febf724da975] | app.ai.service | AI 调用成功: task_type=intent_scenario_generation, project_id=1, tokens_used=14518
2026-03-11 10:08:09 | ERROR | [ae63d1d62ee74a1e8e90febf724da975] | app.api.v1.intent_workbench | [ae63d1d62ee74a1e8e90febf724da975] JSON 解析失败: Expecting value: line 1 column 1 (char 0), result=### 阶段一：业务步骤识别

**用户意图分解为具体的业务步骤：**
1. 创建用户
2. 查询用户
3. 创建订单
4. 创建订单行项目

**识别每个步骤对应的 API 调用：**
1. 创建用户 - `ref_id: -1`（缺少 API）
2. 查询用户 - `ref_id: -1`（缺少 API）
3. 创建订单 - `ref_id: 2612`
4. 创建订单行项目 - `ref_id: 2880`

**确定步骤之间的执行顺序（依赖关系）：**
1. 创建用户
2. 查询用户
3. 创建订单
4. 创建订单行项目

### 阶段二：场景生成

**返回格式（JSON）：**

```json
{
  "scenario": {
    "name": "电商登录流程测试",
    "description": "模拟电商用户的登录流程，包括创建用户、查询用户、创建订单和创建订单行项目",
    "scenario_type": "business_flow",
    "source_type": "intent",
    "execution_mode": "d
2026-03-11 10:08:09 | ERROR | [ae63d1d62ee74a1e8e90febf724da975] | app.dependencies | 数据库会话异常: 500: AI 返回数据格式错误，无法解析 JSON
Traceback (most recent call last):
  File "D:\code\BugSeek\backend\app\api\v1\intent_workbench.py", line 218, in generate_scenario_from_intent
    scenario_result = json.loads(scenario_result)
  File "C:\Users\81026\AppData\Local\Programs\Python\Python310\lib\json\__init__.py", line 346, in loads
    return _default_decoder.decode(s)
  File "C:\Users\81026\AppData\Local\Programs\Python\Python310\lib\json\decoder.py", line 337, in decode
    obj, end = self.raw_decode(s, idx=_w(s, 0).end())
  File "C:\Users\81026\AppData\Local\Programs\Python\Python310\lib\json\decoder.py", line 355, in raw_decode
    raise JSONDecodeError("Expecting value", s, err.value) from None
json.decoder.JSONDecodeError: Expecting value: line 1 column 1 (char 0)

During handling of the above exception, another exception occurred:

Traceback (most recent call last):
  File "D:\code\BugSeek\backend\app\dependencies.py", line 196, in get_db
    yield db
  File "C:\Users\81026\AppData\Local\Programs\Python\Python310\lib\site-packages\fastapi\concurrency.py", line 29, in contextmanager_in_threadpool
    yield await run_in_threadpool(cm.__enter__)
  File "C:\Users\81026\AppData\Local\Programs\Python\Python310\lib\site-packages\fastapi\routing.py", line 101, in app
    response = await f(request)
  File "C:\Users\81026\AppData\Local\Programs\Python\Python310\lib\site-packages\fastapi\routing.py", line 355, in app
    raw_response = await run_endpoint_function(
  File "C:\Users\81026\AppData\Local\Programs\Python\Python310\lib\site-packages\fastapi\routing.py", line 243, in run_endpoint_function
    return await dependant.call(**values)
  File "D:\code\BugSeek\backend\app\api\v1\intent_workbench.py", line 221, in generate_scenario_from_intent
    raise HTTPException(
fastapi.exceptions.HTTPException: 500: AI 返回数据格式错误，无法解析 JSON
2026-03-11 10:08:48 | INFO | [245b6bc61fd14d82b1ba535cd37049e5] | app.dependencies | 连接池状态 - 大小: 20, 溢出: -14, 已检出: 1, 空闲: 19, 统计 - 创建: 12, 检出: 20, 检入: 18, 溢出: 0, 错误: 0, 最大并发: 5
2026-03-11 10:08:48 | INFO | [245b6bc61fd14d82b1ba535cd37049e5] | app.api.v1.intent_workbench | [245b6bc61fd14d82b1ba535cd37049e5] 意图生成场景: intent='测试登录流程', project_id=1
2026-03-11 10:08:48 | INFO | [245b6bc61fd14d82b1ba535cd37049e5] | app.api.v1.intent_workbench | [245b6bc61fd14d82b1ba535cd37049e5] [阶段一] 轻量检索候选 API...
2026-03-11 10:08:48 | INFO | [245b6bc61fd14d82b1ba535cd37049e5] | app.services.api_retrieval | [245b6bc61fd14d82b1ba535cd37049e5] 开始轻量级混合检索: intent='测试登录流程'
2026-03-11 10:08:48 | INFO | [245b6bc61fd14d82b1ba535cd37049e5] | app.services.api_retrieval | [245b6bc61fd14d82b1ba535cd37049e5] [阶段一] 关键词召回...
2026-03-11 10:08:48 | INFO | [245b6bc61fd14d82b1ba535cd37049e5] | app.services.api_retrieval | [245b6bc61fd14d82b1ba535cd37049e5] 提取关键词: ['测试登录流程', 'POST']
2026-03-11 10:08:48 | INFO | [245b6bc61fd14d82b1ba535cd37049e5] | app.services.api_retrieval | [245b6bc61fd14d82b1ba535cd37049e5] [阶段一] 关键词召回完成: found=122 candidates
2026-03-11 10:08:48 | INFO | [245b6bc61fd14d82b1ba535cd37049e5] | app.services.api_retrieval | [245b6bc61fd14d82b1ba535cd37049e5] [阶段二] 向量语义检索...
2026-03-11 10:08:48 | ERROR | [245b6bc61fd14d82b1ba535cd37049e5] | app.services.api_retrieval | [245b6bc61fd14d82b1ba535cd37049e5] 向量检索失败: type object 'VectorIndexManager' has no attribute 'get_instance'
Traceback (most recent call last):
  File "D:\code\BugSeek\backend\app\services\api_retrieval.py", line 515, in _vector_search
    vector_manager = VectorIndexManager.get_instance()
AttributeError: type object 'VectorIndexManager' has no attribute 'get_instance'
2026-03-11 10:08:48 | INFO | [245b6bc61fd14d82b1ba535cd37049e5] | app.services.api_retrieval | [245b6bc61fd14d82b1ba535cd37049e5] [阶段二] 向量检索完成: found=0 candidates
2026-03-11 10:08:48 | INFO | [245b6bc61fd14d82b1ba535cd37049e5] | app.services.api_retrieval | [245b6bc61fd14d82b1ba535cd37049e5] [阶段三] RRF 融合排序...
2026-03-11 10:08:48 | INFO | [245b6bc61fd14d82b1ba535cd37049e5] | app.services.api_retrieval | [245b6bc61fd14d82b1ba535cd37049e5] [阶段三] RRF 融合完成: merged=122 candidates
2026-03-11 10:08:48 | INFO | [245b6bc61fd14d82b1ba535cd37049e5] | app.services.api_retrieval | [245b6bc61fd14d82b1ba535cd37049e5] 轻量检索完成: 最终截取 10 个候选
2026-03-11 10:08:48 | INFO | [245b6bc61fd14d82b1ba535cd37049e5] | app.api.v1.intent_workbench | [245b6bc61fd14d82b1ba535cd37049e5] [阶段一] 检索到 10 个候选 API
2026-03-11 10:08:48 | INFO | [245b6bc61fd14d82b1ba535cd37049e5] | app.api.v1.intent_workbench | [245b6bc61fd14d82b1ba535cd37049e5] [阶段二] AI 选择核心 API...
2026-03-11 10:08:48 | INFO | [245b6bc61fd14d82b1ba535cd37049e5] | app.ai.service | AI 执行开始: task_type=intent_api_selection, project_id=1
2026-03-11 10:08:48 | INFO | [245b6bc61fd14d82b1ba535cd37049e5] | app.ai.service | AI 输入数据: method=None, path=None, summary=None
2026-03-11 10:08:48 | INFO | [245b6bc61fd14d82b1ba535cd37049e5] | app.ai.context | 注入项目上下文: project_id=1, name=InvenTree
2026-03-11 10:08:48 | INFO | [245b6bc61fd14d82b1ba535cd37049e5] | app.ai.service | 渲染后的用户 Prompt（前500字符）: 
请根据用户意图，从候选 API 列表中选择 3-5 个最相关的 API。

用户意图：
测试登录流程

候选 API 列表（包含签名信息 + 关键参数）：

ID: 2592
路径: /api/stock/location-type/
摘要: API endpoint for a list of StockLocationType objects.

- GET: Return a list of all StockLocationType objects
- POST: Create a StockLocationType
核心入参: ['pk', 'icon', 'name', 'description', 'location_count']  # 修正陷阱四：保留关键参数摘要

ID: 2612
路径: /api/order/so/
摘要: API endpoint for accessing a list of SalesOrder objects.

- GET: Return list of SalesOrder objects (with filters)
- POST
2026-03-11 10:08:48 | INFO | [245b6bc61fd14d82b1ba535cd37049e5] | app.ai.service | 调用 AI 模型: model=OpenAIAdapter
2026-03-11 10:08:56 | INFO | [245b6bc61fd14d82b1ba535cd37049e5] | httpx | HTTP Request: POST https://api.siliconflow.cn/v1/chat/completions "HTTP/1.1 200 OK"
2026-03-11 10:08:56 | INFO | [245b6bc61fd14d82b1ba535cd37049e5] | app.ai.adapters.openai | OpenAI 调用成功: model=Qwen/Qwen2.5-Coder-7B-Instruct, tokens=1406
2026-03-11 10:08:56 | INFO | [245b6bc61fd14d82b1ba535cd37049e5] | app.ai.service | AI 调用成功: task_type=intent_api_selection, project_id=1, tokens_used=1406
2026-03-11 10:08:56 | INFO | [245b6bc61fd14d82b1ba535cd37049e5] | app.api.v1.intent_workbench | [245b6bc61fd14d82b1ba535cd37049e5] [阶段二] AI 选择了 3 个核心 API
2026-03-11 10:08:56 | INFO | [245b6bc61fd14d82b1ba535cd37049e5] | app.api.v1.intent_workbench | [245b6bc61fd14d82b1ba535cd37049e5] [阶段三] 加载选中 API 的详细 Schema...
2026-03-11 10:08:56 | INFO | [245b6bc61fd14d82b1ba535cd37049e5] | app.api.v1.intent_workbench | [245b6bc61fd14d82b1ba535cd37049e5] [阶段四] 生成场景结构...
2026-03-11 10:08:56 | INFO | [245b6bc61fd14d82b1ba535cd37049e5] | app.ai.service | AI 执行开始: task_type=intent_scenario_generation, project_id=1
2026-03-11 10:08:56 | INFO | [245b6bc61fd14d82b1ba535cd37049e5] | app.ai.service | AI 输入数据: method=None, path=None, summary=None
2026-03-11 10:08:56 | INFO | [245b6bc61fd14d82b1ba535cd37049e5] | app.ai.context | 注入项目上下文: project_id=1, name=InvenTree
2026-03-11 10:08:56 | INFO | [245b6bc61fd14d82b1ba535cd37049e5] | app.ai.service | 渲染后的用户 Prompt（前500字符）: 
请根据用户的业务意图，生成一个完整的 API 测试场景。

用户意图：
测试登录流程

项目信息：
- 项目名称：InvenTree
- 业务领域：电商
- 技术栈：

候选 API 列表（已通过向量检索和关键词匹配筛选）：

ID: 2612
方法: POST
路径: /api/order/so/
摘要: API endpoint for accessing a list of SalesOrder objects.

- GET: Return list of SalesOrder objects (with filters)
- POST: Create a new SalesOrder
描述: API endpoint for accessing a list of SalesOrder objects.

- GET: Return list of SalesOrder objects (with filters)
- POST: Create a new SalesOrder
请求参数: {'type': 'object', 'required': ['barcode_h
2026-03-11 10:08:56 | INFO | [245b6bc61fd14d82b1ba535cd37049e5] | app.ai.service | 调用 AI 模型: model=OpenAIAdapter
2026-03-11 10:09:12 | INFO | [245b6bc61fd14d82b1ba535cd37049e5] | httpx | HTTP Request: POST https://api.siliconflow.cn/v1/chat/completions "HTTP/1.1 200 OK"
2026-03-11 10:09:12 | INFO | [245b6bc61fd14d82b1ba535cd37049e5] | app.ai.adapters.openai | OpenAI 调用成功: model=Qwen/Qwen2.5-Coder-7B-Instruct, tokens=17548
2026-03-11 10:09:12 | INFO | [245b6bc61fd14d82b1ba535cd37049e5] | app.ai.service | AI 调用成功: task_type=intent_scenario_generation, project_id=1, tokens_used=17548
2026-03-11 10:09:12 | ERROR | [245b6bc61fd14d82b1ba535cd37049e5] | app.api.v1.intent_workbench | [245b6bc61fd14d82b1ba535cd37049e5] JSON 解析失败: Expecting value: line 1 column 1 (char 0), result=### 阶段一：业务步骤识别

1. **用户意图分解为具体的业务步骤**
   - 注册用户（如果用户不存在）
   - 登录系统
   - 创建订单

2. **识别每个步骤对应的 API 调用**
   - **注册用户**：需要一个 API 来创建用户
   - **登录系统**：需要一个 API 来验证用户并获取会话信息
   - **创建订单**：需要一个 API 来创建销售订单

3. **确定步骤之间的执行顺序（依赖关系）**
   - 注册用户（如果用户不存在） -> 登录系统 -> 创建订单

### 阶段二：场景生成

#### 选择的 API
- **注册用户**：候选 API 列表中没有找到对应的 API
- **登录系统**：ID: 2672
- **创建订单**：ID: 2612

#### 缺失的接口
- **注册用户**：需要一个 API 来创建用户，但候选列表中没有找到对应的 API

#### 生成的场景数据结构

```json
{
  "scenario": {
    "name": "用户登录和订单创建",
    "description
2026-03-11 10:09:12 | ERROR | [245b6bc61fd14d82b1ba535cd37049e5] | app.dependencies | 数据库会话异常: 500: AI 返回数据格式错误，无法解析 JSON
Traceback (most recent call last):
  File "D:\code\BugSeek\backend\app\api\v1\intent_workbench.py", line 218, in generate_scenario_from_intent
    scenario_result = json.loads(scenario_result)
  File "C:\Users\81026\AppData\Local\Programs\Python\Python310\lib\json\__init__.py", line 346, in loads
    return _default_decoder.decode(s)
  File "C:\Users\81026\AppData\Local\Programs\Python\Python310\lib\json\decoder.py", line 337, in decode
    obj, end = self.raw_decode(s, idx=_w(s, 0).end())
  File "C:\Users\81026\AppData\Local\Programs\Python\Python310\lib\json\decoder.py", line 355, in raw_decode
    raise JSONDecodeError("Expecting value", s, err.value) from None
json.decoder.JSONDecodeError: Expecting value: line 1 column 1 (char 0)

During handling of the above exception, another exception occurred:

Traceback (most recent call last):
  File "D:\code\BugSeek\backend\app\dependencies.py", line 196, in get_db
    yield db
  File "C:\Users\81026\AppData\Local\Programs\Python\Python310\lib\site-packages\fastapi\concurrency.py", line 29, in contextmanager_in_threadpool
    yield await run_in_threadpool(cm.__enter__)
  File "C:\Users\81026\AppData\Local\Programs\Python\Python310\lib\site-packages\fastapi\routing.py", line 101, in app
    response = await f(request)
  File "C:\Users\81026\AppData\Local\Programs\Python\Python310\lib\site-packages\fastapi\routing.py", line 355, in app
    raw_response = await run_endpoint_function(
  File "C:\Users\81026\AppData\Local\Programs\Python\Python310\lib\site-packages\fastapi\routing.py", line 243, in run_endpoint_function
    return await dependant.call(**values)
  File "D:\code\BugSeek\backend\app\api\v1\intent_workbench.py", line 221, in generate_scenario_from_intent
    raise HTTPException(
fastapi.exceptions.HTTPException: 500: AI 返回数据格式错误，无法解析 JSON
2026-03-11 11:29:12 | INFO | [7ad28309ba1b45329c320fb327554ca4] | root | 日志系统初始化完成
2026-03-11 11:29:13 | INFO | [7ad28309ba1b45329c320fb327554ca4] | app.main | 应用启动事件执行中...
2026-03-11 11:29:13 | INFO | [7ad28309ba1b45329c320fb327554ca4] | app.main | Celery 实例: bugseek
2026-03-11 11:29:13 | INFO | [7ad28309ba1b45329c320fb327554ca4] | app.main | Broker URL: redis://127.0.0.1:6380/0
2026-03-11 11:29:13 | INFO | [7ad28309ba1b45329c320fb327554ca4] | app.main | Result Backend: redis://127.0.0.1:6380/1
2026-03-11 11:29:13 | INFO | [7ad28309ba1b45329c320fb327554ca4] | app.main | 字段映射任务已注册: app.celery.tasks.execute_field_mapping_task
2026-03-11 11:29:13 | INFO | [7ad28309ba1b45329c320fb327554ca4] | app.main | 开始预热向量索引...
2026-03-11 11:29:13 | INFO | [7ad28309ba1b45329c320fb327554ca4] | app.main | 应用启动事件执行完成
2026-03-11 11:29:13 | INFO | [7ad28309ba1b45329c320fb327554ca4] | app.main | 提示: 请确保 Celery Worker 正在运行
2026-03-11 11:29:13 | INFO | [7ad28309ba1b45329c320fb327554ca4] | app.main | 启动命令: celery -A app.celery_config worker --loglevel=info --pool=solo
2026-03-11 11:29:13 | INFO | [7ad28309ba1b45329c320fb327554ca4] | app.utils.vector_index | VectorIndexManager 单例初始化完成
2026-03-11 11:29:13 | INFO | [7ad28309ba1b45329c320fb327554ca4] | app.utils.vector_index | [7ad28309ba1b45329c320fb327554ca4] 从缓存加载向量索引成功: 289 个列
2026-03-11 11:29:13 | INFO | [7ad28309ba1b45329c320fb327554ca4] | app.utils.vector_index | VectorIndexManager 缓存加载成功: 289 个列
2026-03-11 11:29:13 | INFO | [7ad28309ba1b45329c320fb327554ca4] | app.main | 向量索引已从缓存加载
2026-03-11 11:29:23 | INFO | [b72e5922f93647e0aa638c580458c780] | root | 日志系统初始化完成
2026-03-11 11:29:23 | INFO | [b72e5922f93647e0aa638c580458c780] | app.main | 应用启动事件执行中...
2026-03-11 11:29:23 | INFO | [b72e5922f93647e0aa638c580458c780] | app.main | Celery 实例: bugseek
2026-03-11 11:29:23 | INFO | [b72e5922f93647e0aa638c580458c780] | app.main | Broker URL: redis://127.0.0.1:6380/0
2026-03-11 11:29:23 | INFO | [b72e5922f93647e0aa638c580458c780] | app.main | Result Backend: redis://127.0.0.1:6380/1
2026-03-11 11:29:23 | INFO | [b72e5922f93647e0aa638c580458c780] | app.main | 字段映射任务已注册: app.celery.tasks.execute_field_mapping_task
2026-03-11 11:29:23 | INFO | [b72e5922f93647e0aa638c580458c780] | app.main | 开始预热向量索引...
2026-03-11 11:29:23 | INFO | [b72e5922f93647e0aa638c580458c780] | app.main | 应用启动事件执行完成
2026-03-11 11:29:23 | INFO | [b72e5922f93647e0aa638c580458c780] | app.main | 提示: 请确保 Celery Worker 正在运行
2026-03-11 11:29:23 | INFO | [b72e5922f93647e0aa638c580458c780] | app.main | 启动命令: celery -A app.celery_config worker --loglevel=info --pool=solo
2026-03-11 11:29:23 | INFO | [b72e5922f93647e0aa638c580458c780] | app.utils.vector_index | VectorIndexManager 单例初始化完成
2026-03-11 11:29:23 | INFO | [b72e5922f93647e0aa638c580458c780] | app.utils.vector_index | [b72e5922f93647e0aa638c580458c780] 从缓存加载向量索引成功: 289 个列
2026-03-11 11:29:23 | INFO | [b72e5922f93647e0aa638c580458c780] | app.utils.vector_index | VectorIndexManager 缓存加载成功: 289 个列
2026-03-11 11:29:23 | INFO | [b72e5922f93647e0aa638c580458c780] | app.main | 向量索引已从缓存加载
2026-03-11 11:32:55 | INFO | [9602d3d0931442adb0dcb265f6905ad9] | root | 日志系统初始化完成
2026-03-11 11:32:55 | INFO | [9602d3d0931442adb0dcb265f6905ad9] | app.main | 应用启动事件执行中...
2026-03-11 11:32:55 | INFO | [9602d3d0931442adb0dcb265f6905ad9] | app.main | Celery 实例: bugseek
2026-03-11 11:32:55 | INFO | [9602d3d0931442adb0dcb265f6905ad9] | app.main | Broker URL: redis://127.0.0.1:6380/0
2026-03-11 11:32:55 | INFO | [9602d3d0931442adb0dcb265f6905ad9] | app.main | Result Backend: redis://127.0.0.1:6380/1
2026-03-11 11:32:55 | INFO | [9602d3d0931442adb0dcb265f6905ad9] | app.main | 字段映射任务已注册: app.celery.tasks.execute_field_mapping_task
2026-03-11 11:32:55 | INFO | [9602d3d0931442adb0dcb265f6905ad9] | app.main | 开始预热向量索引...
2026-03-11 11:32:55 | INFO | [9602d3d0931442adb0dcb265f6905ad9] | app.main | 应用启动事件执行完成
2026-03-11 11:32:55 | INFO | [9602d3d0931442adb0dcb265f6905ad9] | app.main | 提示: 请确保 Celery Worker 正在运行
2026-03-11 11:32:55 | INFO | [9602d3d0931442adb0dcb265f6905ad9] | app.main | 启动命令: celery -A app.celery_config worker --loglevel=info --pool=solo
2026-03-11 11:32:55 | INFO | [9602d3d0931442adb0dcb265f6905ad9] | app.utils.vector_index | VectorIndexManager 单例初始化完成
2026-03-11 11:32:55 | INFO | [9602d3d0931442adb0dcb265f6905ad9] | app.utils.vector_index | [9602d3d0931442adb0dcb265f6905ad9] 从缓存加载向量索引成功: 289 个列
2026-03-11 11:32:55 | INFO | [9602d3d0931442adb0dcb265f6905ad9] | app.utils.vector_index | VectorIndexManager 缓存加载成功: 289 个列
2026-03-11 11:32:55 | INFO | [9602d3d0931442adb0dcb265f6905ad9] | app.main | 向量索引已从缓存加载
2026-03-11 11:33:24 | INFO | [a6027bfaa9e04a1b9132346eb32746f8] | root | 日志系统初始化完成
2026-03-11 11:33:25 | INFO | [a6027bfaa9e04a1b9132346eb32746f8] | app.main | 应用启动事件执行中...
2026-03-11 11:33:25 | INFO | [a6027bfaa9e04a1b9132346eb32746f8] | app.main | Celery 实例: bugseek
2026-03-11 11:33:25 | INFO | [a6027bfaa9e04a1b9132346eb32746f8] | app.main | Broker URL: redis://127.0.0.1:6380/0
2026-03-11 11:33:25 | INFO | [a6027bfaa9e04a1b9132346eb32746f8] | app.main | Result Backend: redis://127.0.0.1:6380/1
2026-03-11 11:33:25 | INFO | [a6027bfaa9e04a1b9132346eb32746f8] | app.main | 字段映射任务已注册: app.celery.tasks.execute_field_mapping_task
2026-03-11 11:33:25 | INFO | [a6027bfaa9e04a1b9132346eb32746f8] | app.main | 开始预热向量索引...
2026-03-11 11:33:25 | INFO | [a6027bfaa9e04a1b9132346eb32746f8] | app.main | 应用启动事件执行完成
2026-03-11 11:33:25 | INFO | [a6027bfaa9e04a1b9132346eb32746f8] | app.main | 提示: 请确保 Celery Worker 正在运行
2026-03-11 11:33:25 | INFO | [a6027bfaa9e04a1b9132346eb32746f8] | app.main | 启动命令: celery -A app.celery_config worker --loglevel=info --pool=solo
2026-03-11 11:33:25 | INFO | [a6027bfaa9e04a1b9132346eb32746f8] | app.utils.vector_index | VectorIndexManager 单例初始化完成
2026-03-11 11:33:25 | INFO | [a6027bfaa9e04a1b9132346eb32746f8] | app.utils.vector_index | [a6027bfaa9e04a1b9132346eb32746f8] 从缓存加载向量索引成功: 289 个列
2026-03-11 11:33:25 | INFO | [a6027bfaa9e04a1b9132346eb32746f8] | app.utils.vector_index | VectorIndexManager 缓存加载成功: 289 个列
2026-03-11 11:33:25 | INFO | [a6027bfaa9e04a1b9132346eb32746f8] | app.main | 向量索引已从缓存加载
2026-03-11 11:33:46 | INFO | [4768a1808b11447ebf112eba76ba1437] | root | 日志系统初始化完成
2026-03-11 11:33:46 | INFO | [4768a1808b11447ebf112eba76ba1437] | app.main | 应用启动事件执行中...
2026-03-11 11:33:47 | INFO | [4768a1808b11447ebf112eba76ba1437] | app.main | Celery 实例: bugseek
2026-03-11 11:33:47 | INFO | [4768a1808b11447ebf112eba76ba1437] | app.main | Broker URL: redis://127.0.0.1:6380/0
2026-03-11 11:33:47 | INFO | [4768a1808b11447ebf112eba76ba1437] | app.main | Result Backend: redis://127.0.0.1:6380/1
2026-03-11 11:33:47 | INFO | [4768a1808b11447ebf112eba76ba1437] | app.main | 字段映射任务已注册: app.celery.tasks.execute_field_mapping_task
2026-03-11 11:33:47 | INFO | [4768a1808b11447ebf112eba76ba1437] | app.main | 开始预热向量索引...
2026-03-11 11:33:47 | INFO | [4768a1808b11447ebf112eba76ba1437] | app.main | 应用启动事件执行完成
2026-03-11 11:33:47 | INFO | [4768a1808b11447ebf112eba76ba1437] | app.main | 提示: 请确保 Celery Worker 正在运行
2026-03-11 11:33:47 | INFO | [4768a1808b11447ebf112eba76ba1437] | app.main | 启动命令: celery -A app.celery_config worker --loglevel=info --pool=solo
2026-03-11 11:33:47 | INFO | [4768a1808b11447ebf112eba76ba1437] | app.utils.vector_index | VectorIndexManager 单例初始化完成
2026-03-11 11:33:47 | INFO | [4768a1808b11447ebf112eba76ba1437] | app.utils.vector_index | [4768a1808b11447ebf112eba76ba1437] 从缓存加载向量索引成功: 289 个列
2026-03-11 11:33:47 | INFO | [4768a1808b11447ebf112eba76ba1437] | app.utils.vector_index | VectorIndexManager 缓存加载成功: 289 个列
2026-03-11 11:33:47 | INFO | [4768a1808b11447ebf112eba76ba1437] | app.main | 向量索引已从缓存加载
2026-03-11 11:34:20 | INFO | [0fdcebb60e2742de87abd24e0c6826f5] | root | 日志系统初始化完成
2026-03-11 11:34:20 | INFO | [0fdcebb60e2742de87abd24e0c6826f5] | app.main | 应用启动事件执行中...
2026-03-11 11:34:20 | INFO | [0fdcebb60e2742de87abd24e0c6826f5] | app.main | Celery 实例: bugseek
2026-03-11 11:34:20 | INFO | [0fdcebb60e2742de87abd24e0c6826f5] | app.main | Broker URL: redis://127.0.0.1:6380/0
2026-03-11 11:34:20 | INFO | [0fdcebb60e2742de87abd24e0c6826f5] | app.main | Result Backend: redis://127.0.0.1:6380/1
2026-03-11 11:34:20 | INFO | [0fdcebb60e2742de87abd24e0c6826f5] | app.main | 字段映射任务已注册: app.celery.tasks.execute_field_mapping_task
2026-03-11 11:34:20 | INFO | [0fdcebb60e2742de87abd24e0c6826f5] | app.main | 开始预热向量索引...
2026-03-11 11:34:20 | INFO | [0fdcebb60e2742de87abd24e0c6826f5] | app.main | 应用启动事件执行完成
2026-03-11 11:34:20 | INFO | [0fdcebb60e2742de87abd24e0c6826f5] | app.main | 提示: 请确保 Celery Worker 正在运行
2026-03-11 11:34:20 | INFO | [0fdcebb60e2742de87abd24e0c6826f5] | app.main | 启动命令: celery -A app.celery_config worker --loglevel=info --pool=solo
2026-03-11 11:34:20 | INFO | [0fdcebb60e2742de87abd24e0c6826f5] | app.utils.vector_index | VectorIndexManager 单例初始化完成
2026-03-11 11:34:20 | INFO | [0fdcebb60e2742de87abd24e0c6826f5] | app.utils.vector_index | [0fdcebb60e2742de87abd24e0c6826f5] 从缓存加载向量索引成功: 289 个列
2026-03-11 11:34:20 | INFO | [0fdcebb60e2742de87abd24e0c6826f5] | app.utils.vector_index | VectorIndexManager 缓存加载成功: 289 个列
2026-03-11 11:34:20 | INFO | [0fdcebb60e2742de87abd24e0c6826f5] | app.main | 向量索引已从缓存加载
2026-03-11 11:35:42 | INFO | [8c72b0c54fd6487aa97ba52f318d1d38] | root | 日志系统初始化完成
2026-03-11 11:35:42 | INFO | [8c72b0c54fd6487aa97ba52f318d1d38] | app.main | 应用启动事件执行中...
2026-03-11 11:35:42 | INFO | [8c72b0c54fd6487aa97ba52f318d1d38] | app.main | Celery 实例: bugseek
2026-03-11 11:35:42 | INFO | [8c72b0c54fd6487aa97ba52f318d1d38] | app.main | Broker URL: redis://127.0.0.1:6380/0
2026-03-11 11:35:42 | INFO | [8c72b0c54fd6487aa97ba52f318d1d38] | app.main | Result Backend: redis://127.0.0.1:6380/1
2026-03-11 11:35:42 | INFO | [8c72b0c54fd6487aa97ba52f318d1d38] | app.main | 字段映射任务已注册: app.celery.tasks.execute_field_mapping_task
2026-03-11 11:35:42 | INFO | [8c72b0c54fd6487aa97ba52f318d1d38] | app.main | 开始预热向量索引...
2026-03-11 11:35:42 | INFO | [8c72b0c54fd6487aa97ba52f318d1d38] | app.main | 应用启动事件执行完成
2026-03-11 11:35:42 | INFO | [8c72b0c54fd6487aa97ba52f318d1d38] | app.main | 提示: 请确保 Celery Worker 正在运行
2026-03-11 11:35:42 | INFO | [8c72b0c54fd6487aa97ba52f318d1d38] | app.main | 启动命令: celery -A app.celery_config worker --loglevel=info --pool=solo
2026-03-11 11:35:42 | INFO | [8c72b0c54fd6487aa97ba52f318d1d38] | app.utils.vector_index | VectorIndexManager 单例初始化完成
2026-03-11 11:35:42 | INFO | [8c72b0c54fd6487aa97ba52f318d1d38] | app.utils.vector_index | [8c72b0c54fd6487aa97ba52f318d1d38] 从缓存加载向量索引成功: 289 个列
2026-03-11 11:35:42 | INFO | [8c72b0c54fd6487aa97ba52f318d1d38] | app.utils.vector_index | VectorIndexManager 缓存加载成功: 289 个列
2026-03-11 11:35:42 | INFO | [8c72b0c54fd6487aa97ba52f318d1d38] | app.main | 向量索引已从缓存加载
2026-03-11 11:37:09 | INFO | [2f52a7fcf3324cf7bfd835cdb055e14b] | root | 日志系统初始化完成
2026-03-11 11:37:10 | INFO | [2f52a7fcf3324cf7bfd835cdb055e14b] | app.main | 应用启动事件执行中...
2026-03-11 11:37:10 | INFO | [2f52a7fcf3324cf7bfd835cdb055e14b] | app.main | Celery 实例: bugseek
2026-03-11 11:37:10 | INFO | [2f52a7fcf3324cf7bfd835cdb055e14b] | app.main | Broker URL: redis://127.0.0.1:6380/0
2026-03-11 11:37:10 | INFO | [2f52a7fcf3324cf7bfd835cdb055e14b] | app.main | Result Backend: redis://127.0.0.1:6380/1
2026-03-11 11:37:10 | INFO | [2f52a7fcf3324cf7bfd835cdb055e14b] | app.main | 字段映射任务已注册: app.celery.tasks.execute_field_mapping_task
2026-03-11 11:37:10 | INFO | [2f52a7fcf3324cf7bfd835cdb055e14b] | app.main | 开始预热向量索引...
2026-03-11 11:37:10 | INFO | [2f52a7fcf3324cf7bfd835cdb055e14b] | app.main | 应用启动事件执行完成
2026-03-11 11:37:10 | INFO | [2f52a7fcf3324cf7bfd835cdb055e14b] | app.main | 提示: 请确保 Celery Worker 正在运行
2026-03-11 11:37:10 | INFO | [2f52a7fcf3324cf7bfd835cdb055e14b] | app.main | 启动命令: celery -A app.celery_config worker --loglevel=info --pool=solo
2026-03-11 11:37:10 | INFO | [2f52a7fcf3324cf7bfd835cdb055e14b] | app.utils.vector_index | VectorIndexManager 单例初始化完成
2026-03-11 11:37:10 | INFO | [2f52a7fcf3324cf7bfd835cdb055e14b] | app.utils.vector_index | [2f52a7fcf3324cf7bfd835cdb055e14b] 从缓存加载向量索引成功: 289 个列
2026-03-11 11:37:10 | INFO | [2f52a7fcf3324cf7bfd835cdb055e14b] | app.utils.vector_index | VectorIndexManager 缓存加载成功: 289 个列
2026-03-11 11:37:10 | INFO | [2f52a7fcf3324cf7bfd835cdb055e14b] | app.main | 向量索引已从缓存加载
2026-03-11 11:37:10 | INFO | [2f52a7fcf3324cf7bfd835cdb055e14b] | app.main | ✅ 向量索引预热任务完成，系统语义检索功能就绪
2026-03-11 11:37:47 | INFO | [bf530ae18f44496187a56ed069d1e37a] | app.api.v1.projects | [bf530ae18f44496187a56ed069d1e37a] 用户 admin 获取项目列表: page=1, page_size=100
2026-03-11 11:37:47 | INFO | [bf530ae18f44496187a56ed069d1e37a] | app.api.v1.projects | [bf530ae18f44496187a56ed069d1e37a] 获取项目列表成功: total=2
2026-03-11 11:37:47 | INFO | [a63a21f024d84d6186967734624292b7] | app.api.v1.versions | [a63a21f024d84d6186967734624292b7] 查询版本列表: project_id=1, page=1, page_size=100, user=admin
2026-03-11 11:37:47 | INFO | [7e82eea624c84e05bbae62b10e5a169e] | app.api.v1.versions | [7e82eea624c84e05bbae62b10e5a169e] 查询版本列表: project_id=1, page=1, page_size=100, user=admin
2026-03-11 11:37:47 | INFO | [afa96dcaafeb4a4dbd3180ea4ccbcc7f] | app.api.v1.projects | [afa96dcaafeb4a4dbd3180ea4ccbcc7f] 用户 admin 获取项目列表: page=1, page_size=100
2026-03-11 11:37:47 | INFO | [afa96dcaafeb4a4dbd3180ea4ccbcc7f] | app.api.v1.projects | [afa96dcaafeb4a4dbd3180ea4ccbcc7f] 获取项目列表成功: total=2
2026-03-11 11:37:47 | INFO | [477bc07e99514075bdddf4436999699b] | app.dependencies | 连接池状态 - 大小: 20, 溢出: -15, 已检出: 5, 空闲: 15, 统计 - 创建: 10, 检出: 10, 检入: 0, 溢出: 0, 错误: 0, 最大并发: 5
2026-03-11 11:37:47 | INFO | [477bc07e99514075bdddf4436999699b] | app.api.v1.projects | [477bc07e99514075bdddf4436999699b] 用户 admin 获取项目列表: page=1, page_size=100
2026-03-11 11:37:47 | INFO | [477bc07e99514075bdddf4436999699b] | app.api.v1.projects | [477bc07e99514075bdddf4436999699b] 获取项目列表成功: total=2
2026-03-11 11:37:47 | INFO | [151c2f05476e4bef80c34b136f70fa46] | app.api.v1.projects | [151c2f05476e4bef80c34b136f70fa46] 用户 admin 获取项目列表: page=1, page_size=100
2026-03-11 11:37:47 | INFO | [151c2f05476e4bef80c34b136f70fa46] | app.api.v1.projects | [151c2f05476e4bef80c34b136f70fa46] 获取项目列表成功: total=2
2026-03-11 11:39:51 | INFO | [41a1ec1157af41f3908716a1fcabeed7] | app.api.v1.intent_workbench | [41a1ec1157af41f3908716a1fcabeed7] 意图生成场景: intent='测试登录流程', project_id=1
2026-03-11 11:39:51 | INFO | [41a1ec1157af41f3908716a1fcabeed7] | app.api.v1.intent_workbench | [41a1ec1157af41f3908716a1fcabeed7] [阶段一] 轻量检索候选 API...
2026-03-11 11:39:51 | INFO | [41a1ec1157af41f3908716a1fcabeed7] | app.services.api_retrieval | [41a1ec1157af41f3908716a1fcabeed7] 开始轻量级混合检索: intent='测试登录流程'
2026-03-11 11:39:51 | INFO | [41a1ec1157af41f3908716a1fcabeed7] | app.services.api_retrieval | [41a1ec1157af41f3908716a1fcabeed7] [阶段一] 关键词召回...
2026-03-11 11:39:51 | INFO | [41a1ec1157af41f3908716a1fcabeed7] | app.services.api_retrieval | [41a1ec1157af41f3908716a1fcabeed7] 提取关键词: ['POST', '测试登录流程']
2026-03-11 11:39:51 | INFO | [41a1ec1157af41f3908716a1fcabeed7] | app.services.api_retrieval | [41a1ec1157af41f3908716a1fcabeed7] [阶段一] 关键词召回完成: found=122 candidates
2026-03-11 11:39:51 | INFO | [41a1ec1157af41f3908716a1fcabeed7] | app.services.api_retrieval | [41a1ec1157af41f3908716a1fcabeed7] [阶段二] 向量语义检索...
2026-03-11 11:39:51 | ERROR | [41a1ec1157af41f3908716a1fcabeed7] | app.services.api_retrieval | [41a1ec1157af41f3908716a1fcabeed7] 向量检索失败: VectorIndexManager.search() got an unexpected keyword argument 'query_text'
Traceback (most recent call last):
  File "D:\code\BugSeek\backend\app\services\api_retrieval.py", line 516, in _vector_search
    results = await vector_manager.search(
TypeError: VectorIndexManager.search() got an unexpected keyword argument 'query_text'
2026-03-11 11:39:51 | INFO | [41a1ec1157af41f3908716a1fcabeed7] | app.services.api_retrieval | [41a1ec1157af41f3908716a1fcabeed7] [阶段二] 向量检索完成: found=0 candidates
2026-03-11 11:39:51 | INFO | [41a1ec1157af41f3908716a1fcabeed7] | app.services.api_retrieval | [41a1ec1157af41f3908716a1fcabeed7] [阶段三] RRF 融合排序...
2026-03-11 11:39:51 | INFO | [41a1ec1157af41f3908716a1fcabeed7] | app.services.api_retrieval | [41a1ec1157af41f3908716a1fcabeed7] [阶段三] RRF 融合完成: merged=122 candidates
2026-03-11 11:39:51 | INFO | [41a1ec1157af41f3908716a1fcabeed7] | app.services.api_retrieval | [41a1ec1157af41f3908716a1fcabeed7] 轻量检索完成: 最终截取 10 个候选
2026-03-11 11:39:51 | INFO | [41a1ec1157af41f3908716a1fcabeed7] | app.api.v1.intent_workbench | [41a1ec1157af41f3908716a1fcabeed7] [阶段一] 检索到 10 个候选 API
2026-03-11 11:39:51 | INFO | [41a1ec1157af41f3908716a1fcabeed7] | app.api.v1.intent_workbench | [41a1ec1157af41f3908716a1fcabeed7] [阶段二] AI 选择核心 API...
2026-03-11 11:39:51 | INFO | [41a1ec1157af41f3908716a1fcabeed7] | app.ai.service | AI 执行开始: task_type=intent_api_selection, project_id=1
2026-03-11 11:39:51 | INFO | [41a1ec1157af41f3908716a1fcabeed7] | app.ai.service | AI 输入数据: method=None, path=None, summary=None
2026-03-11 11:39:51 | INFO | [41a1ec1157af41f3908716a1fcabeed7] | app.ai.context | 注入项目上下文: project_id=1, name=InvenTree
2026-03-11 11:39:51 | INFO | [41a1ec1157af41f3908716a1fcabeed7] | app.ai.service | 渲染后的用户 Prompt（前500字符）: 
请根据用户意图，从候选 API 列表中选择 3-5 个最相关的 API。

用户意图：
测试登录流程

候选 API 列表（包含签名信息 + 关键参数）：

ID: 2592
路径: /api/stock/location-type/
摘要: API endpoint for a list of StockLocationType objects.

- GET: Return a list of all StockLocationType objects
- POST: Create a StockLocationType
核心入参: ['pk', 'icon', 'name', 'description', 'location_count']  # 修正陷阱四：保留关键参数摘要

ID: 2612
路径: /api/order/so/
摘要: API endpoint for accessing a list of SalesOrder objects.

- GET: Return list of SalesOrder objects (with filters)
- POST
2026-03-11 11:39:52 | INFO | [41a1ec1157af41f3908716a1fcabeed7] | app.ai.adapters.factory | 创建模型适配器: provider=openai
2026-03-11 11:39:52 | INFO | [41a1ec1157af41f3908716a1fcabeed7] | app.ai.service | 调用 AI 模型: model=OpenAIAdapter
2026-03-11 11:39:56 | INFO | [41a1ec1157af41f3908716a1fcabeed7] | httpx | HTTP Request: POST https://api.siliconflow.cn/v1/chat/completions "HTTP/1.1 200 OK"
2026-03-11 11:39:56 | INFO | [41a1ec1157af41f3908716a1fcabeed7] | app.ai.adapters.openai | OpenAI 调用成功: model=Qwen/Qwen2.5-Coder-7B-Instruct, tokens=1290
2026-03-11 11:39:56 | INFO | [41a1ec1157af41f3908716a1fcabeed7] | app.ai.service | AI 调用成功: task_type=intent_api_selection, project_id=1, tokens_used=1290
2026-03-11 11:39:56 | INFO | [41a1ec1157af41f3908716a1fcabeed7] | app.api.v1.intent_workbench | [41a1ec1157af41f3908716a1fcabeed7] [阶段二] AI 选择了 3 个核心 API
2026-03-11 11:39:56 | INFO | [41a1ec1157af41f3908716a1fcabeed7] | app.api.v1.intent_workbench | [41a1ec1157af41f3908716a1fcabeed7] [阶段三] 加载选中 API 的详细 Schema...
2026-03-11 11:39:56 | INFO | [41a1ec1157af41f3908716a1fcabeed7] | app.api.v1.intent_workbench | [41a1ec1157af41f3908716a1fcabeed7] [阶段四] 生成场景结构...
2026-03-11 11:39:56 | INFO | [41a1ec1157af41f3908716a1fcabeed7] | app.ai.service | AI 执行开始: task_type=intent_scenario_generation, project_id=1
2026-03-11 11:39:56 | INFO | [41a1ec1157af41f3908716a1fcabeed7] | app.ai.service | AI 输入数据: method=None, path=None, summary=None
2026-03-11 11:39:56 | INFO | [41a1ec1157af41f3908716a1fcabeed7] | app.ai.context | 注入项目上下文: project_id=1, name=InvenTree
2026-03-11 11:39:56 | INFO | [41a1ec1157af41f3908716a1fcabeed7] | app.ai.service | 渲染后的用户 Prompt（前500字符）: 
请根据用户的业务意图，生成一个完整的 API 测试场景。

用户意图：
测试登录流程

项目信息：
- 项目名称：InvenTree
- 业务领域：电商
- 技术栈：

候选 API 列表（已通过向量检索和关键词匹配筛选）：

ID: 2672
方法: POST
路径: /api/order/po/
摘要: API endpoint for accessing a list of PurchaseOrder objects.

- GET: Return list of PurchaseOrder objects (with filters)
- POST: Create a new PurchaseOrder object
描述: API endpoint for accessing a list of PurchaseOrder objects.

- GET: Return list of PurchaseOrder objects (with filters)
- POST: Create a new PurchaseOrder object
请求参数: {'type': '
2026-03-11 11:39:56 | INFO | [41a1ec1157af41f3908716a1fcabeed7] | app.ai.service | 调用 AI 模型: model=OpenAIAdapter
2026-03-11 11:40:17 | INFO | [41a1ec1157af41f3908716a1fcabeed7] | httpx | HTTP Request: POST https://api.siliconflow.cn/v1/chat/completions "HTTP/1.1 200 OK"
2026-03-11 11:40:17 | INFO | [41a1ec1157af41f3908716a1fcabeed7] | app.ai.adapters.openai | OpenAI 调用成功: model=Qwen/Qwen2.5-Coder-7B-Instruct, tokens=13236
2026-03-11 11:40:17 | INFO | [41a1ec1157af41f3908716a1fcabeed7] | app.ai.service | AI 调用成功: task_type=intent_scenario_generation, project_id=1, tokens_used=13236
2026-03-11 11:40:17 | ERROR | [41a1ec1157af41f3908716a1fcabeed7] | app.api.v1.intent_workbench | [41a1ec1157af41f3908716a1fcabeed7] JSON 解析失败: Expecting value: line 1 column 1 (char 0), result=```json
{
  "scenario": {
    "name": "InvenTree 登录流程测试",
    "description": "测试 InvenTree 项目的登录流程",
    "scenario_type": "business_flow",
    "source_type": "intent",
    "execution_mode": "dag",
    "timeout_seconds": 600,
    "retry_count": 0,
    "continue_on_failure": false
  },
  "nodes": [
    {
      "node_key": "step1",
      "node_name": "第一步：创建用户",
      "node_type": "api_call",
      "ref_type": "api_definition",
      "ref_id": -1,
      "step_order": 1,
      "depends_on": [],
    
2026-03-11 11:40:17 | ERROR | [41a1ec1157af41f3908716a1fcabeed7] | app.dependencies | 数据库会话异常: 500: AI 返回数据格式错误，无法解析 JSON
Traceback (most recent call last):
  File "D:\code\BugSeek\backend\app\api\v1\intent_workbench.py", line 218, in generate_scenario_from_intent
    scenario_result = json.loads(scenario_result)
  File "C:\Users\81026\AppData\Local\Programs\Python\Python310\lib\json\__init__.py", line 346, in loads
    return _default_decoder.decode(s)
  File "C:\Users\81026\AppData\Local\Programs\Python\Python310\lib\json\decoder.py", line 337, in decode
    obj, end = self.raw_decode(s, idx=_w(s, 0).end())
  File "C:\Users\81026\AppData\Local\Programs\Python\Python310\lib\json\decoder.py", line 355, in raw_decode
    raise JSONDecodeError("Expecting value", s, err.value) from None
json.decoder.JSONDecodeError: Expecting value: line 1 column 1 (char 0)

During handling of the above exception, another exception occurred:

Traceback (most recent call last):
  File "D:\code\BugSeek\backend\app\dependencies.py", line 196, in get_db
    yield db
  File "C:\Users\81026\AppData\Local\Programs\Python\Python310\lib\site-packages\fastapi\concurrency.py", line 29, in contextmanager_in_threadpool
    yield await run_in_threadpool(cm.__enter__)
  File "C:\Users\81026\AppData\Local\Programs\Python\Python310\lib\site-packages\fastapi\routing.py", line 101, in app
    response = await f(request)
  File "C:\Users\81026\AppData\Local\Programs\Python\Python310\lib\site-packages\fastapi\routing.py", line 355, in app
    raw_response = await run_endpoint_function(
  File "C:\Users\81026\AppData\Local\Programs\Python\Python310\lib\site-packages\fastapi\routing.py", line 243, in run_endpoint_function
    return await dependant.call(**values)
  File "D:\code\BugSeek\backend\app\api\v1\intent_workbench.py", line 221, in generate_scenario_from_intent
    raise HTTPException(
fastapi.exceptions.HTTPException: 500: AI 返回数据格式错误，无法解析 JSON
2026-03-11 11:46:34 | INFO | [7c3e4a47d77b4a149eae3a03cf5777a3] | app.dependencies | 连接池状态 - 大小: 20, 溢出: -14, 已检出: 1, 空闲: 19, 统计 - 创建: 12, 检出: 20, 检入: 18, 溢出: 0, 错误: 0, 最大并发: 5
2026-03-11 11:46:34 | INFO | [7c3e4a47d77b4a149eae3a03cf5777a3] | app.api.v1.intent_workbench | [7c3e4a47d77b4a149eae3a03cf5777a3] 意图生成场景: intent='测试登录流程', project_id=1
2026-03-11 11:46:34 | INFO | [7c3e4a47d77b4a149eae3a03cf5777a3] | app.api.v1.intent_workbench | [7c3e4a47d77b4a149eae3a03cf5777a3] [阶段一] 轻量检索候选 API...
2026-03-11 11:46:34 | INFO | [7c3e4a47d77b4a149eae3a03cf5777a3] | app.services.api_retrieval | [7c3e4a47d77b4a149eae3a03cf5777a3] 开始轻量级混合检索: intent='测试登录流程'
2026-03-11 11:46:34 | INFO | [7c3e4a47d77b4a149eae3a03cf5777a3] | app.services.api_retrieval | [7c3e4a47d77b4a149eae3a03cf5777a3] [阶段一] 关键词召回...
2026-03-11 11:46:34 | INFO | [7c3e4a47d77b4a149eae3a03cf5777a3] | app.services.api_retrieval | [7c3e4a47d77b4a149eae3a03cf5777a3] 提取关键词: ['POST', '测试登录流程']
2026-03-11 11:46:35 | INFO | [7c3e4a47d77b4a149eae3a03cf5777a3] | app.services.api_retrieval | [7c3e4a47d77b4a149eae3a03cf5777a3] [阶段一] 关键词召回完成: found=122 candidates
2026-03-11 11:46:35 | INFO | [7c3e4a47d77b4a149eae3a03cf5777a3] | app.services.api_retrieval | [7c3e4a47d77b4a149eae3a03cf5777a3] [阶段二] 向量语义检索...
2026-03-11 11:46:35 | ERROR | [7c3e4a47d77b4a149eae3a03cf5777a3] | app.services.api_retrieval | [7c3e4a47d77b4a149eae3a03cf5777a3] 向量检索失败: VectorIndexManager.search() got an unexpected keyword argument 'query_text'
Traceback (most recent call last):
  File "D:\code\BugSeek\backend\app\services\api_retrieval.py", line 516, in _vector_search
    results = await vector_manager.search(
TypeError: VectorIndexManager.search() got an unexpected keyword argument 'query_text'
2026-03-11 11:46:35 | INFO | [7c3e4a47d77b4a149eae3a03cf5777a3] | app.services.api_retrieval | [7c3e4a47d77b4a149eae3a03cf5777a3] [阶段二] 向量检索完成: found=0 candidates
2026-03-11 11:46:35 | INFO | [7c3e4a47d77b4a149eae3a03cf5777a3] | app.services.api_retrieval | [7c3e4a47d77b4a149eae3a03cf5777a3] [阶段三] RRF 融合排序...
2026-03-11 11:46:35 | INFO | [7c3e4a47d77b4a149eae3a03cf5777a3] | app.services.api_retrieval | [7c3e4a47d77b4a149eae3a03cf5777a3] [阶段三] RRF 融合完成: merged=122 candidates
2026-03-11 11:46:35 | INFO | [7c3e4a47d77b4a149eae3a03cf5777a3] | app.services.api_retrieval | [7c3e4a47d77b4a149eae3a03cf5777a3] 轻量检索完成: 最终截取 10 个候选
2026-03-11 11:46:35 | INFO | [7c3e4a47d77b4a149eae3a03cf5777a3] | app.api.v1.intent_workbench | [7c3e4a47d77b4a149eae3a03cf5777a3] [阶段一] 检索到 10 个候选 API
2026-03-11 11:46:35 | INFO | [7c3e4a47d77b4a149eae3a03cf5777a3] | app.api.v1.intent_workbench | [7c3e4a47d77b4a149eae3a03cf5777a3] [阶段二] AI 选择核心 API...
2026-03-11 11:46:35 | INFO | [7c3e4a47d77b4a149eae3a03cf5777a3] | app.ai.service | AI 执行开始: task_type=intent_api_selection, project_id=1
2026-03-11 11:46:35 | INFO | [7c3e4a47d77b4a149eae3a03cf5777a3] | app.ai.service | AI 输入数据: method=None, path=None, summary=None
2026-03-11 11:46:35 | INFO | [7c3e4a47d77b4a149eae3a03cf5777a3] | app.ai.context | 注入项目上下文: project_id=1, name=InvenTree
2026-03-11 11:46:35 | INFO | [7c3e4a47d77b4a149eae3a03cf5777a3] | app.ai.service | 渲染后的用户 Prompt（前500字符）: 
请根据用户意图，从候选 API 列表中选择 3-5 个最相关的 API。

用户意图：
测试登录流程

候选 API 列表（包含签名信息 + 关键参数）：

ID: 2592
路径: /api/stock/location-type/
摘要: API endpoint for a list of StockLocationType objects.

- GET: Return a list of all StockLocationType objects
- POST: Create a StockLocationType
核心入参: ['pk', 'icon', 'name', 'description', 'location_count']  # 修正陷阱四：保留关键参数摘要

ID: 2612
路径: /api/order/so/
摘要: API endpoint for accessing a list of SalesOrder objects.

- GET: Return list of SalesOrder objects (with filters)
- POST
2026-03-11 11:46:35 | INFO | [7c3e4a47d77b4a149eae3a03cf5777a3] | app.ai.service | 调用 AI 模型: model=OpenAIAdapter
2026-03-11 11:46:40 | INFO | [7c3e4a47d77b4a149eae3a03cf5777a3] | httpx | HTTP Request: POST https://api.siliconflow.cn/v1/chat/completions "HTTP/1.1 200 OK"
2026-03-11 11:46:40 | INFO | [7c3e4a47d77b4a149eae3a03cf5777a3] | app.ai.adapters.openai | OpenAI 调用成功: model=Qwen/Qwen2.5-Coder-7B-Instruct, tokens=1324
2026-03-11 11:46:40 | INFO | [7c3e4a47d77b4a149eae3a03cf5777a3] | app.ai.service | AI 调用成功: task_type=intent_api_selection, project_id=1, tokens_used=1324
2026-03-11 11:46:40 | INFO | [7c3e4a47d77b4a149eae3a03cf5777a3] | app.api.v1.intent_workbench | [7c3e4a47d77b4a149eae3a03cf5777a3] [阶段二] AI 选择了 3 个核心 API
2026-03-11 11:46:40 | INFO | [7c3e4a47d77b4a149eae3a03cf5777a3] | app.api.v1.intent_workbench | [7c3e4a47d77b4a149eae3a03cf5777a3] [阶段三] 加载选中 API 的详细 Schema...
2026-03-11 11:46:40 | INFO | [7c3e4a47d77b4a149eae3a03cf5777a3] | app.api.v1.intent_workbench | [7c3e4a47d77b4a149eae3a03cf5777a3] [阶段四] 生成场景结构...
2026-03-11 11:46:40 | INFO | [7c3e4a47d77b4a149eae3a03cf5777a3] | app.ai.service | AI 执行开始: task_type=intent_scenario_generation, project_id=1
2026-03-11 11:46:40 | INFO | [7c3e4a47d77b4a149eae3a03cf5777a3] | app.ai.service | AI 输入数据: method=None, path=None, summary=None
2026-03-11 11:46:40 | INFO | [7c3e4a47d77b4a149eae3a03cf5777a3] | app.ai.context | 注入项目上下文: project_id=1, name=InvenTree
2026-03-11 11:46:40 | INFO | [7c3e4a47d77b4a149eae3a03cf5777a3] | app.ai.service | 渲染后的用户 Prompt（前500字符）: 
请根据用户的业务意图，生成一个完整的 API 测试场景。

用户意图：
测试登录流程

项目信息：
- 项目名称：InvenTree
- 业务领域：电商
- 技术栈：

候选 API 列表（已通过向量检索和关键词匹配筛选）：

ID: 2612
方法: POST
路径: /api/order/so/
摘要: API endpoint for accessing a list of SalesOrder objects.

- GET: Return list of SalesOrder objects (with filters)
- POST: Create a new SalesOrder
描述: API endpoint for accessing a list of SalesOrder objects.

- GET: Return list of SalesOrder objects (with filters)
- POST: Create a new SalesOrder
请求参数: {'type': 'object', 'required': ['barcode_h
2026-03-11 11:46:40 | INFO | [7c3e4a47d77b4a149eae3a03cf5777a3] | app.ai.service | 调用 AI 模型: model=OpenAIAdapter
2026-03-11 11:46:55 | INFO | [7c3e4a47d77b4a149eae3a03cf5777a3] | httpx | HTTP Request: POST https://api.siliconflow.cn/v1/chat/completions "HTTP/1.1 200 OK"
2026-03-11 11:46:55 | INFO | [7c3e4a47d77b4a149eae3a03cf5777a3] | app.ai.adapters.openai | OpenAI 调用成功: model=Qwen/Qwen2.5-Coder-7B-Instruct, tokens=17488
2026-03-11 11:46:55 | INFO | [7c3e4a47d77b4a149eae3a03cf5777a3] | app.ai.service | AI 调用成功: task_type=intent_scenario_generation, project_id=1, tokens_used=17488
2026-03-11 11:46:55 | ERROR | [7c3e4a47d77b4a149eae3a03cf5777a3] | app.api.v1.intent_workbench | [7c3e4a47d77b4a149eae3a03cf5777a3] JSON 解析失败: Expecting value: line 1 column 1 (char 0), result=### 阶段一：业务步骤识别

#### 业务步骤分解
1. **创建用户**：创建一个用户账户。
2. **登录用户**：使用用户名和密码登录。
3. **验证登录**：确认用户已经成功登录。

#### 识别每个步骤对应的 API 调用
1. **创建用户**：候选 API 列表中没有直接创建用户的接口。我们需要从其他地方获取用户信息。
2. **登录用户**：使用 `/api/auth/login/` 接口。
3. **验证登录**：使用 `/api/auth/me/` 接口确认用户已经成功登录。

#### 确定步骤之间的执行顺序
1. **创建用户**：由于候选 API 列表中没有直接创建用户的接口，我们需要从其他地方获取用户信息。
2. **登录用户**：在创建用户后，使用 `/api/auth/login/` 接口登录。
3. **验证登录**：在登录后，使用 `/api/auth/me/` 接口确认用户已经成功登录。

### 阶段二：场景生成

```json
{
  "scenario": {
    "name": "测试登录流程",
    "descripti
2026-03-11 11:46:55 | ERROR | [7c3e4a47d77b4a149eae3a03cf5777a3] | app.dependencies | 数据库会话异常: 500: AI 返回数据格式错误，无法解析 JSON
Traceback (most recent call last):
  File "D:\code\BugSeek\backend\app\api\v1\intent_workbench.py", line 218, in generate_scenario_from_intent
    scenario_result = json.loads(scenario_result)
  File "C:\Users\81026\AppData\Local\Programs\Python\Python310\lib\json\__init__.py", line 346, in loads
    return _default_decoder.decode(s)
  File "C:\Users\81026\AppData\Local\Programs\Python\Python310\lib\json\decoder.py", line 337, in decode
    obj, end = self.raw_decode(s, idx=_w(s, 0).end())
  File "C:\Users\81026\AppData\Local\Programs\Python\Python310\lib\json\decoder.py", line 355, in raw_decode
    raise JSONDecodeError("Expecting value", s, err.value) from None
json.decoder.JSONDecodeError: Expecting value: line 1 column 1 (char 0)

During handling of the above exception, another exception occurred:

Traceback (most recent call last):
  File "D:\code\BugSeek\backend\app\dependencies.py", line 196, in get_db
    yield db
  File "C:\Users\81026\AppData\Local\Programs\Python\Python310\lib\site-packages\fastapi\concurrency.py", line 29, in contextmanager_in_threadpool
    yield await run_in_threadpool(cm.__enter__)
  File "C:\Users\81026\AppData\Local\Programs\Python\Python310\lib\site-packages\fastapi\routing.py", line 101, in app
    response = await f(request)
  File "C:\Users\81026\AppData\Local\Programs\Python\Python310\lib\site-packages\fastapi\routing.py", line 355, in app
    raw_response = await run_endpoint_function(
  File "C:\Users\81026\AppData\Local\Programs\Python\Python310\lib\site-packages\fastapi\routing.py", line 243, in run_endpoint_function
    return await dependant.call(**values)
  File "D:\code\BugSeek\backend\app\api\v1\intent_workbench.py", line 221, in generate_scenario_from_intent
    raise HTTPException(
fastapi.exceptions.HTTPException: 500: AI 返回数据格式错误，无法解析 JSON
2026-03-11 12:05:34 | INFO | [ffd2bfc5844847fb89258b643c666245] | root | 日志系统初始化完成
2026-03-11 12:05:34 | INFO | [ffd2bfc5844847fb89258b643c666245] | app.main | 应用启动事件执行中...
2026-03-11 12:05:34 | INFO | [ffd2bfc5844847fb89258b643c666245] | app.main | Celery 实例: bugseek
2026-03-11 12:05:34 | INFO | [ffd2bfc5844847fb89258b643c666245] | app.main | Broker URL: redis://127.0.0.1:6380/0
2026-03-11 12:05:34 | INFO | [ffd2bfc5844847fb89258b643c666245] | app.main | Result Backend: redis://127.0.0.1:6380/1
2026-03-11 12:05:34 | INFO | [ffd2bfc5844847fb89258b643c666245] | app.main | 字段映射任务已注册: app.celery.tasks.execute_field_mapping_task
2026-03-11 12:05:34 | INFO | [ffd2bfc5844847fb89258b643c666245] | app.main | 开始预热向量索引...
2026-03-11 12:05:34 | INFO | [ffd2bfc5844847fb89258b643c666245] | app.main | 应用启动事件执行完成
2026-03-11 12:05:34 | INFO | [ffd2bfc5844847fb89258b643c666245] | app.main | 提示: 请确保 Celery Worker 正在运行
2026-03-11 12:05:34 | INFO | [ffd2bfc5844847fb89258b643c666245] | app.main | 启动命令: celery -A app.celery_config worker --loglevel=info --pool=solo
2026-03-11 12:05:34 | INFO | [ffd2bfc5844847fb89258b643c666245] | app.utils.vector_index | VectorIndexManager 单例初始化完成
2026-03-11 12:05:34 | INFO | [ffd2bfc5844847fb89258b643c666245] | app.utils.vector_index | [ffd2bfc5844847fb89258b643c666245] 从缓存加载向量索引成功: 289 个列
2026-03-11 12:05:34 | INFO | [ffd2bfc5844847fb89258b643c666245] | app.utils.vector_index | VectorIndexManager 缓存加载成功: 289 个列
2026-03-11 12:05:34 | INFO | [ffd2bfc5844847fb89258b643c666245] | app.main | 向量索引已从缓存加载
2026-03-11 12:05:34 | INFO | [ffd2bfc5844847fb89258b643c666245] | app.main | ✅ 向量索引预热任务完成，系统语义检索功能就绪
2026-03-11 12:06:16 | INFO | [f9e4454f0da64401951e0e668029ccc8] | root | 日志系统初始化完成
2026-03-11 12:06:16 | INFO | [f9e4454f0da64401951e0e668029ccc8] | app.main | 应用启动事件执行中...
2026-03-11 12:06:17 | INFO | [f9e4454f0da64401951e0e668029ccc8] | app.main | Celery 实例: bugseek
2026-03-11 12:06:17 | INFO | [f9e4454f0da64401951e0e668029ccc8] | app.main | Broker URL: redis://127.0.0.1:6380/0
2026-03-11 12:06:17 | INFO | [f9e4454f0da64401951e0e668029ccc8] | app.main | Result Backend: redis://127.0.0.1:6380/1
2026-03-11 12:06:17 | INFO | [f9e4454f0da64401951e0e668029ccc8] | app.main | 字段映射任务已注册: app.celery.tasks.execute_field_mapping_task
2026-03-11 12:06:17 | INFO | [f9e4454f0da64401951e0e668029ccc8] | app.main | 开始预热向量索引...
2026-03-11 12:06:17 | INFO | [f9e4454f0da64401951e0e668029ccc8] | app.main | 应用启动事件执行完成
2026-03-11 12:06:17 | INFO | [f9e4454f0da64401951e0e668029ccc8] | app.main | 提示: 请确保 Celery Worker 正在运行
2026-03-11 12:06:17 | INFO | [f9e4454f0da64401951e0e668029ccc8] | app.main | 启动命令: celery -A app.celery_config worker --loglevel=info --pool=solo
2026-03-11 12:06:17 | INFO | [f9e4454f0da64401951e0e668029ccc8] | app.utils.vector_index | VectorIndexManager 单例初始化完成
2026-03-11 12:06:17 | INFO | [f9e4454f0da64401951e0e668029ccc8] | app.utils.vector_index | [f9e4454f0da64401951e0e668029ccc8] 从缓存加载向量索引成功: 289 个列
2026-03-11 12:06:17 | INFO | [f9e4454f0da64401951e0e668029ccc8] | app.utils.vector_index | VectorIndexManager 缓存加载成功: 289 个列
2026-03-11 12:06:17 | INFO | [f9e4454f0da64401951e0e668029ccc8] | app.main | 向量索引已从缓存加载
2026-03-11 12:06:17 | INFO | [f9e4454f0da64401951e0e668029ccc8] | app.main | ✅ 向量索引预热任务完成，系统语义检索功能就绪
2026-03-11 12:07:06 | INFO | [96cb56720d8842b09888142b4e9211ab] | root | 日志系统初始化完成
2026-03-11 12:07:07 | INFO | [96cb56720d8842b09888142b4e9211ab] | app.main | 应用启动事件执行中...
2026-03-11 12:07:07 | INFO | [96cb56720d8842b09888142b4e9211ab] | app.main | Celery 实例: bugseek
2026-03-11 12:07:07 | INFO | [96cb56720d8842b09888142b4e9211ab] | app.main | Broker URL: redis://127.0.0.1:6380/0
2026-03-11 12:07:07 | INFO | [96cb56720d8842b09888142b4e9211ab] | app.main | Result Backend: redis://127.0.0.1:6380/1
2026-03-11 12:07:07 | INFO | [96cb56720d8842b09888142b4e9211ab] | app.main | 字段映射任务已注册: app.celery.tasks.execute_field_mapping_task
2026-03-11 12:07:07 | INFO | [96cb56720d8842b09888142b4e9211ab] | app.main | 开始预热向量索引...
2026-03-11 12:07:07 | INFO | [96cb56720d8842b09888142b4e9211ab] | app.main | 应用启动事件执行完成
2026-03-11 12:07:07 | INFO | [96cb56720d8842b09888142b4e9211ab] | app.main | 提示: 请确保 Celery Worker 正在运行
2026-03-11 12:07:07 | INFO | [96cb56720d8842b09888142b4e9211ab] | app.main | 启动命令: celery -A app.celery_config worker --loglevel=info --pool=solo
2026-03-11 12:07:07 | INFO | [96cb56720d8842b09888142b4e9211ab] | app.utils.vector_index | VectorIndexManager 单例初始化完成
2026-03-11 12:07:07 | INFO | [96cb56720d8842b09888142b4e9211ab] | app.utils.vector_index | [96cb56720d8842b09888142b4e9211ab] 从缓存加载向量索引成功: 289 个列
2026-03-11 12:07:07 | INFO | [96cb56720d8842b09888142b4e9211ab] | app.utils.vector_index | VectorIndexManager 缓存加载成功: 289 个列
2026-03-11 12:07:07 | INFO | [96cb56720d8842b09888142b4e9211ab] | app.main | 向量索引已从缓存加载
2026-03-11 12:07:07 | INFO | [96cb56720d8842b09888142b4e9211ab] | app.main | ✅ 向量索引预热任务完成，系统语义检索功能就绪
2026-03-11 12:07:33 | INFO | [f65a0ed5b437448a874edc982eadd9dc] | root | 日志系统初始化完成
2026-03-11 12:07:34 | INFO | [f65a0ed5b437448a874edc982eadd9dc] | app.main | 应用启动事件执行中...
2026-03-11 12:07:34 | INFO | [f65a0ed5b437448a874edc982eadd9dc] | app.main | Celery 实例: bugseek
2026-03-11 12:07:34 | INFO | [f65a0ed5b437448a874edc982eadd9dc] | app.main | Broker URL: redis://127.0.0.1:6380/0
2026-03-11 12:07:34 | INFO | [f65a0ed5b437448a874edc982eadd9dc] | app.main | Result Backend: redis://127.0.0.1:6380/1
2026-03-11 12:07:34 | INFO | [f65a0ed5b437448a874edc982eadd9dc] | app.main | 字段映射任务已注册: app.celery.tasks.execute_field_mapping_task
2026-03-11 12:07:34 | INFO | [f65a0ed5b437448a874edc982eadd9dc] | app.main | 开始预热向量索引...
2026-03-11 12:07:34 | INFO | [f65a0ed5b437448a874edc982eadd9dc] | app.main | 应用启动事件执行完成
2026-03-11 12:07:34 | INFO | [f65a0ed5b437448a874edc982eadd9dc] | app.main | 提示: 请确保 Celery Worker 正在运行
2026-03-11 12:07:34 | INFO | [f65a0ed5b437448a874edc982eadd9dc] | app.main | 启动命令: celery -A app.celery_config worker --loglevel=info --pool=solo
2026-03-11 12:07:34 | INFO | [f65a0ed5b437448a874edc982eadd9dc] | app.utils.vector_index | VectorIndexManager 单例初始化完成
2026-03-11 12:07:34 | INFO | [f65a0ed5b437448a874edc982eadd9dc] | app.utils.vector_index | [f65a0ed5b437448a874edc982eadd9dc] 从缓存加载向量索引成功: 289 个列
2026-03-11 12:07:34 | INFO | [f65a0ed5b437448a874edc982eadd9dc] | app.utils.vector_index | VectorIndexManager 缓存加载成功: 289 个列
2026-03-11 12:07:34 | INFO | [f65a0ed5b437448a874edc982eadd9dc] | app.main | 向量索引已从缓存加载
2026-03-11 12:07:34 | INFO | [f65a0ed5b437448a874edc982eadd9dc] | app.main | ✅ 向量索引预热任务完成，系统语义检索功能就绪
2026-03-11 12:08:25 | INFO | [df7e68c78a22452e836de110f9a085a4] | root | 日志系统初始化完成
2026-03-11 12:08:26 | INFO | [df7e68c78a22452e836de110f9a085a4] | app.main | 应用启动事件执行中...
2026-03-11 12:08:26 | INFO | [df7e68c78a22452e836de110f9a085a4] | app.main | Celery 实例: bugseek
2026-03-11 12:08:26 | INFO | [df7e68c78a22452e836de110f9a085a4] | app.main | Broker URL: redis://127.0.0.1:6380/0
2026-03-11 12:08:26 | INFO | [df7e68c78a22452e836de110f9a085a4] | app.main | Result Backend: redis://127.0.0.1:6380/1
2026-03-11 12:08:26 | INFO | [df7e68c78a22452e836de110f9a085a4] | app.main | 字段映射任务已注册: app.celery.tasks.execute_field_mapping_task
2026-03-11 12:08:26 | INFO | [df7e68c78a22452e836de110f9a085a4] | app.main | 开始预热向量索引...
2026-03-11 12:08:26 | INFO | [df7e68c78a22452e836de110f9a085a4] | app.main | 应用启动事件执行完成
2026-03-11 12:08:26 | INFO | [df7e68c78a22452e836de110f9a085a4] | app.main | 提示: 请确保 Celery Worker 正在运行
2026-03-11 12:08:26 | INFO | [df7e68c78a22452e836de110f9a085a4] | app.main | 启动命令: celery -A app.celery_config worker --loglevel=info --pool=solo
2026-03-11 12:08:26 | INFO | [df7e68c78a22452e836de110f9a085a4] | app.utils.vector_index | VectorIndexManager 单例初始化完成
2026-03-11 12:08:26 | INFO | [df7e68c78a22452e836de110f9a085a4] | app.utils.vector_index | [df7e68c78a22452e836de110f9a085a4] 从缓存加载向量索引成功: 289 个列
2026-03-11 12:08:26 | INFO | [df7e68c78a22452e836de110f9a085a4] | app.utils.vector_index | VectorIndexManager 缓存加载成功: 289 个列
2026-03-11 12:08:26 | INFO | [df7e68c78a22452e836de110f9a085a4] | app.main | 向量索引已从缓存加载
2026-03-11 12:08:26 | INFO | [df7e68c78a22452e836de110f9a085a4] | app.main | ✅ 向量索引预热任务完成，系统语义检索功能就绪
2026-03-11 12:30:00 | INFO | [eca18d1a78924b38afe8bdec516ed2fd] | app.api.v1.projects | [eca18d1a78924b38afe8bdec516ed2fd] 用户 admin 获取项目列表: page=1, page_size=100
2026-03-11 12:30:00 | INFO | [eca18d1a78924b38afe8bdec516ed2fd] | app.api.v1.projects | [eca18d1a78924b38afe8bdec516ed2fd] 获取项目列表成功: total=2
2026-03-11 12:30:00 | INFO | [ba87148351624badac2be8b85074d2f5] | app.api.v1.projects | [ba87148351624badac2be8b85074d2f5] 用户 admin 获取项目列表: page=1, page_size=100
2026-03-11 12:30:00 | INFO | [ba87148351624badac2be8b85074d2f5] | app.api.v1.projects | [ba87148351624badac2be8b85074d2f5] 获取项目列表成功: total=2
2026-03-11 12:30:00 | INFO | [ab0a9dd07c2d42daa3778b05ae311e28] | app.api.v1.versions | [ab0a9dd07c2d42daa3778b05ae311e28] 查询版本列表: project_id=1, page=1, page_size=100, user=admin
2026-03-11 12:30:00 | INFO | [99c337510a9844dcb35e212585df3ce8] | app.api.v1.projects | [99c337510a9844dcb35e212585df3ce8] 用户 admin 获取项目列表: page=1, page_size=100
2026-03-11 12:30:00 | INFO | [99c337510a9844dcb35e212585df3ce8] | app.api.v1.projects | [99c337510a9844dcb35e212585df3ce8] 获取项目列表成功: total=2
2026-03-11 12:30:00 | INFO | [9bbd7877232a4036934bee32980a7b26] | app.dependencies | 连接池状态 - 大小: 20, 溢出: -15, 已检出: 5, 空闲: 15, 统计 - 创建: 10, 检出: 10, 检入: 0, 溢出: 0, 错误: 0, 最大并发: 5
2026-03-11 12:30:00 | INFO | [9bbd7877232a4036934bee32980a7b26] | app.api.v1.versions | [9bbd7877232a4036934bee32980a7b26] 查询版本列表: project_id=1, page=1, page_size=100, user=admin
2026-03-11 12:30:00 | INFO | [33c10f1f82734c7ab85ba4b9224248de] | app.api.v1.projects | [33c10f1f82734c7ab85ba4b9224248de] 用户 admin 获取项目列表: page=1, page_size=100
2026-03-11 12:30:00 | INFO | [33c10f1f82734c7ab85ba4b9224248de] | app.api.v1.projects | [33c10f1f82734c7ab85ba4b9224248de] 获取项目列表成功: total=2
2026-03-11 13:32:27 | INFO | [9e7e7bfa9f4541fd96b2ec55b0c74211] | app.api.v1.projects | [9e7e7bfa9f4541fd96b2ec55b0c74211] 用户 admin 获取项目列表: page=1, page_size=100
2026-03-11 13:32:27 | INFO | [9e7e7bfa9f4541fd96b2ec55b0c74211] | app.api.v1.projects | [9e7e7bfa9f4541fd96b2ec55b0c74211] 获取项目列表成功: total=2
2026-03-11 13:32:27 | INFO | [6c47db1e02254d24b0b1008aa23003c4] | app.api.v1.projects | [6c47db1e02254d24b0b1008aa23003c4] 用户 admin 获取项目列表: page=1, page_size=100
2026-03-11 13:32:27 | INFO | [6c47db1e02254d24b0b1008aa23003c4] | app.api.v1.projects | [6c47db1e02254d24b0b1008aa23003c4] 获取项目列表成功: total=2
2026-03-11 13:32:27 | INFO | [046a583d686c4772bf254767d3742843] | app.api.v1.versions | [046a583d686c4772bf254767d3742843] 查询版本列表: project_id=1, page=1, page_size=100, user=admin
2026-03-11 13:32:27 | INFO | [ea98f220de104ef8bcaf14a677676228] | app.dependencies | 连接池状态 - 大小: 20, 溢出: -14, 已检出: 3, 空闲: 17, 统计 - 创建: 20, 检出: 20, 检入: 14, 溢出: 0, 错误: 0, 最大并发: 5
2026-03-11 13:32:27 | INFO | [ea98f220de104ef8bcaf14a677676228] | app.api.v1.projects | [ea98f220de104ef8bcaf14a677676228] 用户 admin 获取项目列表: page=1, page_size=100
2026-03-11 13:32:27 | INFO | [ea98f220de104ef8bcaf14a677676228] | app.api.v1.projects | [ea98f220de104ef8bcaf14a677676228] 获取项目列表成功: total=2
2026-03-11 13:32:27 | INFO | [1fca4dbd491246a2ae8207eb96944e85] | app.api.v1.projects | [1fca4dbd491246a2ae8207eb96944e85] 用户 admin 获取项目列表: page=1, page_size=100
2026-03-11 13:32:27 | INFO | [1fca4dbd491246a2ae8207eb96944e85] | app.api.v1.projects | [1fca4dbd491246a2ae8207eb96944e85] 获取项目列表成功: total=2
2026-03-11 13:32:28 | INFO | [409c549203b1492eb24a33628e8cead6] | app.api.v1.versions | [409c549203b1492eb24a33628e8cead6] 查询版本列表: project_id=1, page=1, page_size=100, user=admin
2026-03-11 14:33:31 | INFO | [f7fe08b5b87f412caca85f17334bbb3c] | root | 日志系统初始化完成
2026-03-11 14:33:31 | INFO | [f7fe08b5b87f412caca85f17334bbb3c] | app.main | 应用启动事件执行中...
2026-03-11 14:33:32 | INFO | [f7fe08b5b87f412caca85f17334bbb3c] | app.main | Celery 实例: bugseek
2026-03-11 14:33:32 | INFO | [f7fe08b5b87f412caca85f17334bbb3c] | app.main | Broker URL: redis://127.0.0.1:6380/0
2026-03-11 14:33:32 | INFO | [f7fe08b5b87f412caca85f17334bbb3c] | app.main | Result Backend: redis://127.0.0.1:6380/1
2026-03-11 14:33:32 | INFO | [f7fe08b5b87f412caca85f17334bbb3c] | app.main | 字段映射任务已注册: app.celery.tasks.execute_field_mapping_task
2026-03-11 14:33:32 | INFO | [f7fe08b5b87f412caca85f17334bbb3c] | app.main | 开始预热向量索引...
2026-03-11 14:33:32 | INFO | [f7fe08b5b87f412caca85f17334bbb3c] | app.main | 应用启动事件执行完成
2026-03-11 14:33:32 | INFO | [f7fe08b5b87f412caca85f17334bbb3c] | app.main | 提示: 请确保 Celery Worker 正在运行
2026-03-11 14:33:32 | INFO | [f7fe08b5b87f412caca85f17334bbb3c] | app.main | 启动命令: celery -A app.celery_config worker --loglevel=info --pool=solo
2026-03-11 14:33:32 | INFO | [f7fe08b5b87f412caca85f17334bbb3c] | app.utils.vector_index | VectorIndexManager 单例初始化完成
2026-03-11 14:33:32 | INFO | [f7fe08b5b87f412caca85f17334bbb3c] | app.utils.vector_index | [f7fe08b5b87f412caca85f17334bbb3c] 从缓存加载向量索引成功: 289 个列
2026-03-11 14:33:32 | INFO | [f7fe08b5b87f412caca85f17334bbb3c] | app.utils.vector_index | VectorIndexManager 缓存加载成功: 289 个列
2026-03-11 14:33:32 | INFO | [f7fe08b5b87f412caca85f17334bbb3c] | app.main | 向量索引已从缓存加载
2026-03-11 14:33:32 | INFO | [f7fe08b5b87f412caca85f17334bbb3c] | app.main | ✅ 向量索引预热任务完成，系统语义检索功能就绪
2026-03-11 14:33:45 | INFO | [255abc36d00a4d08a3a4dbbdf84b80e3] | root | 日志系统初始化完成
2026-03-11 14:33:46 | INFO | [255abc36d00a4d08a3a4dbbdf84b80e3] | app.main | 应用启动事件执行中...
2026-03-11 14:33:46 | INFO | [255abc36d00a4d08a3a4dbbdf84b80e3] | app.main | Celery 实例: bugseek
2026-03-11 14:33:46 | INFO | [255abc36d00a4d08a3a4dbbdf84b80e3] | app.main | Broker URL: redis://127.0.0.1:6380/0
2026-03-11 14:33:46 | INFO | [255abc36d00a4d08a3a4dbbdf84b80e3] | app.main | Result Backend: redis://127.0.0.1:6380/1
2026-03-11 14:33:46 | INFO | [255abc36d00a4d08a3a4dbbdf84b80e3] | app.main | 字段映射任务已注册: app.celery.tasks.execute_field_mapping_task
2026-03-11 14:33:46 | INFO | [255abc36d00a4d08a3a4dbbdf84b80e3] | app.main | 开始预热向量索引...
2026-03-11 14:33:46 | INFO | [255abc36d00a4d08a3a4dbbdf84b80e3] | app.main | 应用启动事件执行完成
2026-03-11 14:33:46 | INFO | [255abc36d00a4d08a3a4dbbdf84b80e3] | app.main | 提示: 请确保 Celery Worker 正在运行
2026-03-11 14:33:46 | INFO | [255abc36d00a4d08a3a4dbbdf84b80e3] | app.main | 启动命令: celery -A app.celery_config worker --loglevel=info --pool=solo
2026-03-11 14:33:46 | INFO | [255abc36d00a4d08a3a4dbbdf84b80e3] | app.utils.vector_index | VectorIndexManager 单例初始化完成
2026-03-11 14:33:46 | INFO | [255abc36d00a4d08a3a4dbbdf84b80e3] | app.utils.vector_index | [255abc36d00a4d08a3a4dbbdf84b80e3] 从缓存加载向量索引成功: 289 个列
2026-03-11 14:33:46 | INFO | [255abc36d00a4d08a3a4dbbdf84b80e3] | app.utils.vector_index | VectorIndexManager 缓存加载成功: 289 个列
2026-03-11 14:33:46 | INFO | [255abc36d00a4d08a3a4dbbdf84b80e3] | app.main | 向量索引已从缓存加载
2026-03-11 14:33:46 | INFO | [255abc36d00a4d08a3a4dbbdf84b80e3] | app.main | ✅ 向量索引预热任务完成，系统语义检索功能就绪
2026-03-11 14:33:59 | INFO | [e6f923344e3141229822a5c3ff690a4d] | root | 日志系统初始化完成
2026-03-11 14:33:59 | INFO | [e6f923344e3141229822a5c3ff690a4d] | app.main | 应用启动事件执行中...
2026-03-11 14:34:00 | INFO | [e6f923344e3141229822a5c3ff690a4d] | app.main | Celery 实例: bugseek
2026-03-11 14:34:00 | INFO | [e6f923344e3141229822a5c3ff690a4d] | app.main | Broker URL: redis://127.0.0.1:6380/0
2026-03-11 14:34:00 | INFO | [e6f923344e3141229822a5c3ff690a4d] | app.main | Result Backend: redis://127.0.0.1:6380/1
2026-03-11 14:34:00 | INFO | [e6f923344e3141229822a5c3ff690a4d] | app.main | 字段映射任务已注册: app.celery.tasks.execute_field_mapping_task
2026-03-11 14:34:00 | INFO | [e6f923344e3141229822a5c3ff690a4d] | app.main | 开始预热向量索引...
2026-03-11 14:34:00 | INFO | [e6f923344e3141229822a5c3ff690a4d] | app.main | 应用启动事件执行完成
2026-03-11 14:34:00 | INFO | [e6f923344e3141229822a5c3ff690a4d] | app.main | 提示: 请确保 Celery Worker 正在运行
2026-03-11 14:34:00 | INFO | [e6f923344e3141229822a5c3ff690a4d] | app.main | 启动命令: celery -A app.celery_config worker --loglevel=info --pool=solo
2026-03-11 14:34:00 | INFO | [e6f923344e3141229822a5c3ff690a4d] | app.utils.vector_index | VectorIndexManager 单例初始化完成
2026-03-11 14:34:00 | INFO | [e6f923344e3141229822a5c3ff690a4d] | app.utils.vector_index | [e6f923344e3141229822a5c3ff690a4d] 从缓存加载向量索引成功: 289 个列
2026-03-11 14:34:00 | INFO | [e6f923344e3141229822a5c3ff690a4d] | app.utils.vector_index | VectorIndexManager 缓存加载成功: 289 个列
2026-03-11 14:34:00 | INFO | [e6f923344e3141229822a5c3ff690a4d] | app.main | 向量索引已从缓存加载
2026-03-11 14:34:00 | INFO | [e6f923344e3141229822a5c3ff690a4d] | app.main | ✅ 向量索引预热任务完成，系统语义检索功能就绪
2026-03-11 14:34:44 | INFO | [ac1e8365fcbd44ecab1d7f34c61ca415] | root | 日志系统初始化完成
2026-03-11 14:34:45 | INFO | [ac1e8365fcbd44ecab1d7f34c61ca415] | app.main | 应用启动事件执行中...
2026-03-11 14:34:45 | INFO | [ac1e8365fcbd44ecab1d7f34c61ca415] | app.main | Celery 实例: bugseek
2026-03-11 14:34:45 | INFO | [ac1e8365fcbd44ecab1d7f34c61ca415] | app.main | Broker URL: redis://127.0.0.1:6380/0
2026-03-11 14:34:45 | INFO | [ac1e8365fcbd44ecab1d7f34c61ca415] | app.main | Result Backend: redis://127.0.0.1:6380/1
2026-03-11 14:34:45 | INFO | [ac1e8365fcbd44ecab1d7f34c61ca415] | app.main | 字段映射任务已注册: app.celery.tasks.execute_field_mapping_task
2026-03-11 14:34:45 | INFO | [ac1e8365fcbd44ecab1d7f34c61ca415] | app.main | 开始预热向量索引...
2026-03-11 14:34:45 | INFO | [ac1e8365fcbd44ecab1d7f34c61ca415] | app.main | 应用启动事件执行完成
2026-03-11 14:34:45 | INFO | [ac1e8365fcbd44ecab1d7f34c61ca415] | app.main | 提示: 请确保 Celery Worker 正在运行
2026-03-11 14:34:45 | INFO | [ac1e8365fcbd44ecab1d7f34c61ca415] | app.main | 启动命令: celery -A app.celery_config worker --loglevel=info --pool=solo
2026-03-11 14:34:45 | INFO | [ac1e8365fcbd44ecab1d7f34c61ca415] | app.utils.vector_index | VectorIndexManager 单例初始化完成
2026-03-11 14:34:45 | INFO | [ac1e8365fcbd44ecab1d7f34c61ca415] | app.utils.vector_index | [ac1e8365fcbd44ecab1d7f34c61ca415] 从缓存加载向量索引成功: 289 个列
2026-03-11 14:34:45 | INFO | [ac1e8365fcbd44ecab1d7f34c61ca415] | app.utils.vector_index | VectorIndexManager 缓存加载成功: 289 个列
2026-03-11 14:34:45 | INFO | [ac1e8365fcbd44ecab1d7f34c61ca415] | app.main | 数据库列向量索引已从缓存加载
2026-03-11 14:34:45 | INFO | [ac1e8365fcbd44ecab1d7f34c61ca415] | app.main | 开始 API 向量索引预热...
2026-03-11 14:34:45 | ERROR | [ac1e8365fcbd44ecab1d7f34c61ca415] | app.main | ❌ 向量索引预热失败，语义检索功能降级: type object 'Project' has no attribute 'status'
2026-03-11 14:45:51 | INFO | [ec5b0559ef2b43bba81f9425de6ca2b4] | root | 日志系统初始化完成
2026-03-11 14:45:51 | INFO | [ec5b0559ef2b43bba81f9425de6ca2b4] | app.main | 应用启动事件执行中...
2026-03-11 14:45:52 | INFO | [ec5b0559ef2b43bba81f9425de6ca2b4] | app.main | Celery 实例: bugseek
2026-03-11 14:45:52 | INFO | [ec5b0559ef2b43bba81f9425de6ca2b4] | app.main | Broker URL: redis://127.0.0.1:6380/0
2026-03-11 14:45:52 | INFO | [ec5b0559ef2b43bba81f9425de6ca2b4] | app.main | Result Backend: redis://127.0.0.1:6380/1
2026-03-11 14:45:52 | INFO | [ec5b0559ef2b43bba81f9425de6ca2b4] | app.main | 字段映射任务已注册: app.celery.tasks.execute_field_mapping_task
2026-03-11 14:45:52 | INFO | [ec5b0559ef2b43bba81f9425de6ca2b4] | app.main | 开始预热向量索引...
2026-03-11 14:45:52 | INFO | [ec5b0559ef2b43bba81f9425de6ca2b4] | app.main | 应用启动事件执行完成
2026-03-11 14:45:52 | INFO | [ec5b0559ef2b43bba81f9425de6ca2b4] | app.main | 提示: 请确保 Celery Worker 正在运行
2026-03-11 14:45:52 | INFO | [ec5b0559ef2b43bba81f9425de6ca2b4] | app.main | 启动命令: celery -A app.celery_config worker --loglevel=info --pool=solo
2026-03-11 14:45:52 | INFO | [ec5b0559ef2b43bba81f9425de6ca2b4] | app.utils.vector_index | VectorIndexManager 单例初始化完成
2026-03-11 14:45:52 | INFO | [ec5b0559ef2b43bba81f9425de6ca2b4] | app.utils.vector_index | [ec5b0559ef2b43bba81f9425de6ca2b4] 从缓存加载向量索引成功: 289 个列
2026-03-11 14:45:52 | INFO | [ec5b0559ef2b43bba81f9425de6ca2b4] | app.utils.vector_index | VectorIndexManager 缓存加载成功: 289 个列
2026-03-11 14:45:52 | INFO | [ec5b0559ef2b43bba81f9425de6ca2b4] | app.main | 数据库列向量索引已从缓存加载
2026-03-11 14:45:52 | INFO | [ec5b0559ef2b43bba81f9425de6ca2b4] | app.main | 开始 API 向量索引预热...
2026-03-11 14:45:52 | INFO | [ec5b0559ef2b43bba81f9425de6ca2b4] | app.main | 找到 2 个活跃项目
2026-03-11 14:45:52 | INFO | [ec5b0559ef2b43bba81f9425de6ca2b4] | app.utils.vector.factory | 创建向量管理器: api
2026-03-11 14:45:52 | INFO | [ec5b0559ef2b43bba81f9425de6ca2b4] | app.main | 为项目 1 (InvenTree) 构建 API 向量索引...
2026-03-11 14:45:52 | INFO | [ec5b0559ef2b43bba81f9425de6ca2b4] | app.utils.vector.api_strategy | 从数据库加载 API 数据: 644 条记录
2026-03-11 14:45:52 | INFO | [ec5b0559ef2b43bba81f9425de6ca2b4] | app.utils.vector.api_strategy | 开始构建 API 向量索引: 644 条记录
2026-03-11 14:45:52 | INFO | [ec5b0559ef2b43bba81f9425de6ca2b4] | app.utils.vector.api_strategy | API schema_hash 计算: 0125252f2d68fe710bd78bd9edfa9261
2026-03-11 14:45:52 | INFO | [ec5b0559ef2b43bba81f9425de6ca2b4] | app.utils.vector.base | 加载向量模型: sentence-transformers/all-MiniLM-L6-v2
2026-03-11 14:45:52 | INFO | [ec5b0559ef2b43bba81f9425de6ca2b4] | app.utils.vector.base | 模型缓存目录: D:\code\BugSeek\backend\data\api_vectors\models
2026-03-11 14:45:52 | INFO | [ec5b0559ef2b43bba81f9425de6ca2b4] | app.utils.vector.base | 使用 Hugging Face 镜像: https://hf-mirror.com
2026-03-11 14:45:52 | INFO | [ec5b0559ef2b43bba81f9425de6ca2b4] | sentence_transformers.SentenceTransformer | Use pytorch device_name: cpu
2026-03-11 14:45:52 | INFO | [ec5b0559ef2b43bba81f9425de6ca2b4] | sentence_transformers.SentenceTransformer | Load pretrained SentenceTransformer: sentence-transformers/all-MiniLM-L6-v2
2026-03-11 14:45:56 | INFO | [ec5b0559ef2b43bba81f9425de6ca2b4] | httpx | HTTP Request: HEAD https://hf-mirror.com/sentence-transformers/all-MiniLM-L6-v2/resolve/main/modules.json "HTTP/1.1 307 Temporary Redirect"
2026-03-11 14:45:57 | INFO | [ec5b0559ef2b43bba81f9425de6ca2b4] | httpx | HTTP Request: HEAD https://hf-mirror.com/api/resolve-cache/models/sentence-transformers/all-MiniLM-L6-v2/c9745ed1d9f207416be6d2e6f8de32d1f16199bf/modules.json "HTTP/1.1 200 OK"
2026-03-11 14:45:57 | INFO | [ec5b0559ef2b43bba81f9425de6ca2b4] | httpx | HTTP Request: GET https://hf-mirror.com/api/resolve-cache/models/sentence-transformers/all-MiniLM-L6-v2/c9745ed1d9f207416be6d2e6f8de32d1f16199bf/modules.json "HTTP/1.1 200 OK"
2026-03-11 14:46:00 | INFO | [ec5b0559ef2b43bba81f9425de6ca2b4] | httpx | HTTP Request: HEAD https://hf-mirror.com/sentence-transformers/all-MiniLM-L6-v2/resolve/main/config_sentence_transformers.json "HTTP/1.1 307 Temporary Redirect"
2026-03-11 14:46:00 | INFO | [ec5b0559ef2b43bba81f9425de6ca2b4] | httpx | HTTP Request: HEAD https://hf-mirror.com/api/resolve-cache/models/sentence-transformers/all-MiniLM-L6-v2/c9745ed1d9f207416be6d2e6f8de32d1f16199bf/config_sentence_transformers.json "HTTP/1.1 200 OK"
2026-03-11 14:46:02 | INFO | [ec5b0559ef2b43bba81f9425de6ca2b4] | httpx | HTTP Request: HEAD https://hf-mirror.com/sentence-transformers/all-MiniLM-L6-v2/resolve/main/config_sentence_transformers.json "HTTP/1.1 307 Temporary Redirect"
2026-03-11 14:46:02 | INFO | [ec5b0559ef2b43bba81f9425de6ca2b4] | httpx | HTTP Request: HEAD https://hf-mirror.com/api/resolve-cache/models/sentence-transformers/all-MiniLM-L6-v2/c9745ed1d9f207416be6d2e6f8de32d1f16199bf/config_sentence_transformers.json "HTTP/1.1 200 OK"
2026-03-11 14:46:05 | INFO | [ec5b0559ef2b43bba81f9425de6ca2b4] | httpx | HTTP Request: HEAD https://hf-mirror.com/sentence-transformers/all-MiniLM-L6-v2/resolve/main/README.md "HTTP/1.1 307 Temporary Redirect"
2026-03-11 14:46:05 | INFO | [ec5b0559ef2b43bba81f9425de6ca2b4] | httpx | HTTP Request: HEAD https://hf-mirror.com/api/resolve-cache/models/sentence-transformers/all-MiniLM-L6-v2/c9745ed1d9f207416be6d2e6f8de32d1f16199bf/README.md "HTTP/1.1 200 OK"
2026-03-11 14:46:08 | INFO | [ec5b0559ef2b43bba81f9425de6ca2b4] | httpx | HTTP Request: HEAD https://hf-mirror.com/sentence-transformers/all-MiniLM-L6-v2/resolve/main/modules.json "HTTP/1.1 307 Temporary Redirect"
2026-03-11 14:46:09 | INFO | [ec5b0559ef2b43bba81f9425de6ca2b4] | httpx | HTTP Request: HEAD https://hf-mirror.com/api/resolve-cache/models/sentence-transformers/all-MiniLM-L6-v2/c9745ed1d9f207416be6d2e6f8de32d1f16199bf/modules.json "HTTP/1.1 200 OK"
2026-03-11 14:46:12 | INFO | [ec5b0559ef2b43bba81f9425de6ca2b4] | httpx | HTTP Request: HEAD https://hf-mirror.com/sentence-transformers/all-MiniLM-L6-v2/resolve/main/sentence_bert_config.json "HTTP/1.1 307 Temporary Redirect"
2026-03-11 14:46:13 | INFO | [ec5b0559ef2b43bba81f9425de6ca2b4] | httpx | HTTP Request: HEAD https://hf-mirror.com/api/resolve-cache/models/sentence-transformers/all-MiniLM-L6-v2/c9745ed1d9f207416be6d2e6f8de32d1f16199bf/sentence_bert_config.json "HTTP/1.1 200 OK"
2026-03-11 14:46:15 | INFO | [ec5b0559ef2b43bba81f9425de6ca2b4] | httpx | HTTP Request: HEAD https://hf-mirror.com/sentence-transformers/all-MiniLM-L6-v2/resolve/main/adapter_config.json "HTTP/1.1 404 Not Found"
2026-03-11 14:46:18 | INFO | [ec5b0559ef2b43bba81f9425de6ca2b4] | httpx | HTTP Request: HEAD https://hf-mirror.com/sentence-transformers/all-MiniLM-L6-v2/resolve/main/config.json "HTTP/1.1 307 Temporary Redirect"
2026-03-11 14:46:18 | INFO | [ec5b0559ef2b43bba81f9425de6ca2b4] | httpx | HTTP Request: HEAD https://hf-mirror.com/api/resolve-cache/models/sentence-transformers/all-MiniLM-L6-v2/c9745ed1d9f207416be6d2e6f8de32d1f16199bf/config.json "HTTP/1.1 200 OK"
2026-03-11 14:46:20 | INFO | [ec5b0559ef2b43bba81f9425de6ca2b4] | httpx | HTTP Request: HEAD https://hf-mirror.com/sentence-transformers/all-MiniLM-L6-v2/resolve/main/config.json "HTTP/1.1 307 Temporary Redirect"
2026-03-11 14:46:21 | INFO | [ec5b0559ef2b43bba81f9425de6ca2b4] | httpx | HTTP Request: HEAD https://hf-mirror.com/api/resolve-cache/models/sentence-transformers/all-MiniLM-L6-v2/c9745ed1d9f207416be6d2e6f8de32d1f16199bf/config.json "HTTP/1.1 200 OK"
2026-03-11 14:46:25 | INFO | [ec5b0559ef2b43bba81f9425de6ca2b4] | httpx | HTTP Request: HEAD https://hf-mirror.com/sentence-transformers/all-MiniLM-L6-v2/resolve/main/tokenizer_config.json "HTTP/1.1 307 Temporary Redirect"
2026-03-11 14:46:26 | INFO | [ec5b0559ef2b43bba81f9425de6ca2b4] | httpx | HTTP Request: HEAD https://hf-mirror.com/api/resolve-cache/models/sentence-transformers/all-MiniLM-L6-v2/c9745ed1d9f207416be6d2e6f8de32d1f16199bf/tokenizer_config.json "HTTP/1.1 200 OK"
2026-03-11 14:46:26 | INFO | [ec5b0559ef2b43bba81f9425de6ca2b4] | httpx | HTTP Request: GET https://hf-mirror.com/api/models/sentence-transformers/all-MiniLM-L6-v2/tree/main/additional_chat_templates?recursive=false&expand=false "HTTP/1.1 404 Not Found"
2026-03-11 14:46:27 | INFO | [ec5b0559ef2b43bba81f9425de6ca2b4] | httpx | HTTP Request: GET https://hf-mirror.com/api/models/sentence-transformers/all-MiniLM-L6-v2/tree/main?recursive=true&expand=false "HTTP/1.1 200 OK"
2026-03-11 14:46:31 | INFO | [ec5b0559ef2b43bba81f9425de6ca2b4] | httpx | HTTP Request: HEAD https://hf-mirror.com/sentence-transformers/all-MiniLM-L6-v2/resolve/main/1_Pooling/config.json "HTTP/1.1 307 Temporary Redirect"
2026-03-11 14:46:31 | INFO | [ec5b0559ef2b43bba81f9425de6ca2b4] | httpx | HTTP Request: HEAD https://hf-mirror.com/api/resolve-cache/models/sentence-transformers/all-MiniLM-L6-v2/c9745ed1d9f207416be6d2e6f8de32d1f16199bf/1_Pooling%2Fconfig.json "HTTP/1.1 200 OK"
2026-03-11 14:46:32 | INFO | [ec5b0559ef2b43bba81f9425de6ca2b4] | httpx | HTTP Request: GET https://hf-mirror.com/api/models/sentence-transformers/all-MiniLM-L6-v2 "HTTP/1.1 200 OK"
2026-03-11 14:46:32 | INFO | [ec5b0559ef2b43bba81f9425de6ca2b4] | app.utils.vector.base | 向量模型加载完成
2026-03-11 14:46:36 | INFO | [ec5b0559ef2b43bba81f9425de6ca2b4] | app.utils.vector.api_strategy | API 向量索引构建完成: shape=(644, 384)
2026-03-11 14:46:36 | INFO | [ec5b0559ef2b43bba81f9425de6ca2b4] | app.utils.vector.base | 向量索引缓存保存成功: D:\code\BugSeek\backend\data\api_vectors\api_embeddings.pkl
2026-03-11 14:46:36 | INFO | [ec5b0559ef2b43bba81f9425de6ca2b4] | app.main | ✅ 项目 1 (InvenTree) API 向量索引构建成功
2026-03-11 14:46:36 | INFO | [ec5b0559ef2b43bba81f9425de6ca2b4] | app.main | 为项目 2 (TEST) 构建 API 向量索引...
2026-03-11 14:46:36 | INFO | [ec5b0559ef2b43bba81f9425de6ca2b4] | app.utils.vector.api_strategy | API 向量索引已存在，跳过构建: 644 条记录
2026-03-11 14:46:36 | INFO | [ec5b0559ef2b43bba81f9425de6ca2b4] | app.main | ✅ 项目 2 (TEST) API 向量索引构建成功
2026-03-11 14:46:36 | INFO | [ec5b0559ef2b43bba81f9425de6ca2b4] | app.main | ✅ 向量索引预热任务完成，系统语义检索功能就绪
2026-03-11 15:06:00 | INFO | [aaedf5463be14cebb7ae51a993782060] | app.api.v1.intent_workbench | [aaedf5463be14cebb7ae51a993782060] 意图生成场景: intent='测试登录流程', project_id=1
2026-03-11 15:06:00 | INFO | [aaedf5463be14cebb7ae51a993782060] | app.api.v1.intent_workbench | [aaedf5463be14cebb7ae51a993782060] [阶段一] 轻量检索候选 API...
2026-03-11 15:06:00 | INFO | [aaedf5463be14cebb7ae51a993782060] | app.services.api_retrieval | [aaedf5463be14cebb7ae51a993782060] 开始轻量级混合检索: intent='测试登录流程'
2026-03-11 15:06:00 | INFO | [aaedf5463be14cebb7ae51a993782060] | app.services.api_retrieval | [aaedf5463be14cebb7ae51a993782060] [阶段一] 关键词召回...
2026-03-11 15:06:00 | INFO | [aaedf5463be14cebb7ae51a993782060] | app.services.api_retrieval | [aaedf5463be14cebb7ae51a993782060] 提取关键词: ['测试登录流程', 'POST']
2026-03-11 15:06:00 | INFO | [aaedf5463be14cebb7ae51a993782060] | app.services.api_retrieval | [aaedf5463be14cebb7ae51a993782060] [阶段一] 关键词召回完成: found=122 candidates
2026-03-11 15:06:00 | INFO | [aaedf5463be14cebb7ae51a993782060] | app.services.api_retrieval | [aaedf5463be14cebb7ae51a993782060] [阶段二] 向量语义检索...
2026-03-11 15:06:00 | INFO | [aaedf5463be14cebb7ae51a993782060] | app.utils.vector.api_strategy | API 向量检索完成: found=50 results
2026-03-11 15:06:00 | INFO | [aaedf5463be14cebb7ae51a993782060] | app.services.api_retrieval | [aaedf5463be14cebb7ae51a993782060] 向量检索完成: found=50 results
2026-03-11 15:06:00 | INFO | [aaedf5463be14cebb7ae51a993782060] | app.services.api_retrieval | [aaedf5463be14cebb7ae51a993782060] [阶段二] 向量检索完成: found=50 candidates
2026-03-11 15:06:00 | INFO | [aaedf5463be14cebb7ae51a993782060] | app.services.api_retrieval | [aaedf5463be14cebb7ae51a993782060] [阶段三] RRF 融合排序...
2026-03-11 15:06:00 | INFO | [aaedf5463be14cebb7ae51a993782060] | app.services.api_retrieval | [aaedf5463be14cebb7ae51a993782060] [阶段三] RRF 融合完成: merged=156 candidates
2026-03-11 15:06:00 | INFO | [aaedf5463be14cebb7ae51a993782060] | app.services.api_retrieval | [aaedf5463be14cebb7ae51a993782060] 轻量检索完成: 最终截取 10 个候选
2026-03-11 15:06:00 | INFO | [aaedf5463be14cebb7ae51a993782060] | app.api.v1.intent_workbench | [aaedf5463be14cebb7ae51a993782060] [阶段一] 检索到 10 个候选 API
2026-03-11 15:06:00 | INFO | [aaedf5463be14cebb7ae51a993782060] | app.api.v1.intent_workbench | [aaedf5463be14cebb7ae51a993782060] [阶段二] AI 选择核心 API...
2026-03-11 15:06:00 | INFO | [aaedf5463be14cebb7ae51a993782060] | app.ai.service | AI 执行开始: task_type=intent_api_selection, project_id=1
2026-03-11 15:06:00 | INFO | [aaedf5463be14cebb7ae51a993782060] | app.ai.service | AI 输入数据: method=None, path=None, summary=None
2026-03-11 15:06:00 | INFO | [aaedf5463be14cebb7ae51a993782060] | app.ai.context | 注入项目上下文: project_id=1, name=InvenTree
2026-03-11 15:06:00 | INFO | [aaedf5463be14cebb7ae51a993782060] | app.ai.service | 渲染后的用户 Prompt（前500字符）: 
请根据用户意图，从候选 API 列表中选择 3-5 个最相关的 API。

用户意图：
测试登录流程

候选 API 列表（包含签名信息 + 关键参数）：

ID: 2678
路径: /api/barcode/po-receive/
摘要: Endpoint for handling receiving parts by scanning their barcode.

Barcode data are decoded by the client application,
and sent to this endpoint (as a JSON object) for validation.

The barcode should f
核心入参: ['barcode', 'location', 'supplier', 'line_item', 'auto_allocate', 'purchase_order']  # 修正陷阱四：保留关键参数摘要

ID: 2827
路径: /api/stock/return/
摘要: API endpoint for returning items
2026-03-11 15:06:01 | INFO | [aaedf5463be14cebb7ae51a993782060] | app.ai.adapters.factory | 创建模型适配器: provider=openai
2026-03-11 15:06:01 | INFO | [aaedf5463be14cebb7ae51a993782060] | app.ai.service | 调用 AI 模型: model=OpenAIAdapter
2026-03-11 15:06:06 | INFO | [aaedf5463be14cebb7ae51a993782060] | httpx | HTTP Request: POST https://api.siliconflow.cn/v1/chat/completions "HTTP/1.1 200 OK"
2026-03-11 15:06:06 | INFO | [aaedf5463be14cebb7ae51a993782060] | app.ai.adapters.openai | OpenAI 调用成功: model=Qwen/Qwen2.5-Coder-7B-Instruct, tokens=1132
2026-03-11 15:06:06 | INFO | [aaedf5463be14cebb7ae51a993782060] | app.ai.service | AI 调用成功: task_type=intent_api_selection, project_id=1, tokens_used=1132
2026-03-11 15:06:06 | INFO | [aaedf5463be14cebb7ae51a993782060] | app.api.v1.intent_workbench | [aaedf5463be14cebb7ae51a993782060] [阶段二] AI 选择了 1 个核心 API
2026-03-11 15:06:06 | INFO | [aaedf5463be14cebb7ae51a993782060] | app.api.v1.intent_workbench | [aaedf5463be14cebb7ae51a993782060] [阶段三] 加载选中 API 的详细 Schema...
2026-03-11 15:06:06 | INFO | [aaedf5463be14cebb7ae51a993782060] | app.api.v1.intent_workbench | [aaedf5463be14cebb7ae51a993782060] [阶段四] 生成场景结构...
2026-03-11 15:06:06 | INFO | [aaedf5463be14cebb7ae51a993782060] | app.ai.service | AI 执行开始: task_type=intent_scenario_generation, project_id=1
2026-03-11 15:06:06 | INFO | [aaedf5463be14cebb7ae51a993782060] | app.ai.service | AI 输入数据: method=None, path=None, summary=None
2026-03-11 15:06:06 | INFO | [aaedf5463be14cebb7ae51a993782060] | app.dependencies | 连接池状态 - 大小: 20, 溢出: -18, 已检出: 2, 空闲: 18, 统计 - 创建: 4, 检出: 10, 检入: 6, 溢出: 0, 错误: 0, 最大并发: 2
2026-03-11 15:06:06 | INFO | [aaedf5463be14cebb7ae51a993782060] | app.ai.context | 注入项目上下文: project_id=1, name=InvenTree
2026-03-11 15:06:06 | INFO | [aaedf5463be14cebb7ae51a993782060] | app.ai.service | 渲染后的用户 Prompt（前500字符）: 
请根据用户的业务意图，生成一个完整的 API 测试场景。

用户意图：
测试登录流程

项目信息：
- 项目名称：InvenTree
- 业务领域：电商
- 技术栈：

候选 API 列表（已通过向量检索和关键词匹配筛选）：

ID: 2600
方法: POST
路径: /api/report/asset/
摘要: API endpoint for listing ReportAsset objects.
描述: API endpoint for listing ReportAsset objects.
请求参数: {'type': 'object', 'required': ['asset', 'description', 'pk'], 'parameters': [], 'properties': {'pk': {'type': 'integer', 'title': 'ID', 'readOnly': True}, 'asset': {'type': 'string', 'format': 'uri'}, 'description': {'type': 'string', 'm
2026-03-11 15:06:06 | INFO | [aaedf5463be14cebb7ae51a993782060] | app.ai.service | 调用 AI 模型: model=OpenAIAdapter
2026-03-11 15:06:18 | INFO | [aaedf5463be14cebb7ae51a993782060] | httpx | HTTP Request: POST https://api.siliconflow.cn/v1/chat/completions "HTTP/1.1 200 OK"
2026-03-11 15:06:18 | INFO | [aaedf5463be14cebb7ae51a993782060] | app.ai.adapters.openai | OpenAI 调用成功: model=Qwen/Qwen2.5-Coder-7B-Instruct, tokens=2154
2026-03-11 15:06:18 | INFO | [aaedf5463be14cebb7ae51a993782060] | app.ai.service | AI 调用成功: task_type=intent_scenario_generation, project_id=1, tokens_used=2154
2026-03-11 15:06:18 | ERROR | [aaedf5463be14cebb7ae51a993782060] | app.api.v1.intent_workbench | [aaedf5463be14cebb7ae51a993782060] JSON 解析失败: Expecting value: line 1 column 1 (char 0), result=### 阶段一：业务步骤识别

1. **第一步：登录**
   - 用户意图：测试登录流程，第一步应该是登录用户。
   - 识别的 API：`/api/login/`（假设是登录 API）
   - 执行顺序：第一步

2. **第二步：获取用户信息**
   - 用户意图：登录成功后，获取用户信息。
   - 识别的 API：`/api/user/info/`（假设是获取用户信息 API）
   - 执行顺序：第二步，依赖于第一步

3. **第三步：验证用户信息**
   - 用户意图：验证获取到的用户信息是否正确。
   - 识别的 API：`/api/user/verify/`（假设是验证用户信息 API）
   - 执行顺序：第三步，依赖于第二步

### 阶段二：场景生成

由于候选 API 列表中没有 `/api/login/`、`/api/user/info/` 和 `/api/user/verify/` 这些 API，我们需要生成占位符节点。

```json
{
  "scenario": {
    "name": "登录流程测试",
    "descrip
2026-03-11 15:06:18 | ERROR | [aaedf5463be14cebb7ae51a993782060] | app.dependencies | 数据库会话异常: 500: AI 返回数据格式错误，无法解析 JSON
Traceback (most recent call last):
  File "D:\code\BugSeek\backend\app\api\v1\intent_workbench.py", line 218, in generate_scenario_from_intent
    scenario_result = json.loads(scenario_result)
  File "C:\Users\81026\AppData\Local\Programs\Python\Python310\lib\json\__init__.py", line 346, in loads
    return _default_decoder.decode(s)
  File "C:\Users\81026\AppData\Local\Programs\Python\Python310\lib\json\decoder.py", line 337, in decode
    obj, end = self.raw_decode(s, idx=_w(s, 0).end())
  File "C:\Users\81026\AppData\Local\Programs\Python\Python310\lib\json\decoder.py", line 355, in raw_decode
    raise JSONDecodeError("Expecting value", s, err.value) from None
json.decoder.JSONDecodeError: Expecting value: line 1 column 1 (char 0)

During handling of the above exception, another exception occurred:

Traceback (most recent call last):
  File "D:\code\BugSeek\backend\app\dependencies.py", line 196, in get_db
    yield db
  File "C:\Users\81026\AppData\Local\Programs\Python\Python310\lib\site-packages\fastapi\concurrency.py", line 29, in contextmanager_in_threadpool
    yield await run_in_threadpool(cm.__enter__)
  File "C:\Users\81026\AppData\Local\Programs\Python\Python310\lib\site-packages\fastapi\routing.py", line 101, in app
    response = await f(request)
  File "C:\Users\81026\AppData\Local\Programs\Python\Python310\lib\site-packages\fastapi\routing.py", line 355, in app
    raw_response = await run_endpoint_function(
  File "C:\Users\81026\AppData\Local\Programs\Python\Python310\lib\site-packages\fastapi\routing.py", line 243, in run_endpoint_function
    return await dependant.call(**values)
  File "D:\code\BugSeek\backend\app\api\v1\intent_workbench.py", line 221, in generate_scenario_from_intent
    raise HTTPException(
fastapi.exceptions.HTTPException: 500: AI 返回数据格式错误，无法解析 JSON
2026-03-11 15:18:06 | INFO | [ae4df1c5e81c4d19a6868892b62a6e97] | root | 日志系统初始化完成
2026-03-11 15:18:06 | INFO | [ae4df1c5e81c4d19a6868892b62a6e97] | app.main | 应用启动事件执行中...
2026-03-11 15:18:06 | INFO | [ae4df1c5e81c4d19a6868892b62a6e97] | app.main | Celery 实例: bugseek
2026-03-11 15:18:06 | INFO | [ae4df1c5e81c4d19a6868892b62a6e97] | app.main | Broker URL: redis://127.0.0.1:6380/0
2026-03-11 15:18:06 | INFO | [ae4df1c5e81c4d19a6868892b62a6e97] | app.main | Result Backend: redis://127.0.0.1:6380/1
2026-03-11 15:18:06 | INFO | [ae4df1c5e81c4d19a6868892b62a6e97] | app.main | 字段映射任务已注册: app.celery.tasks.execute_field_mapping_task
2026-03-11 15:18:06 | INFO | [ae4df1c5e81c4d19a6868892b62a6e97] | app.main | 开始预热向量索引...
2026-03-11 15:18:06 | INFO | [ae4df1c5e81c4d19a6868892b62a6e97] | app.main | 应用启动事件执行完成
2026-03-11 15:18:06 | INFO | [ae4df1c5e81c4d19a6868892b62a6e97] | app.main | 提示: 请确保 Celery Worker 正在运行
2026-03-11 15:18:06 | INFO | [ae4df1c5e81c4d19a6868892b62a6e97] | app.main | 启动命令: celery -A app.celery_config worker --loglevel=info --pool=solo
2026-03-11 15:18:06 | INFO | [ae4df1c5e81c4d19a6868892b62a6e97] | app.utils.vector_index | VectorIndexManager 单例初始化完成
2026-03-11 15:18:06 | INFO | [ae4df1c5e81c4d19a6868892b62a6e97] | app.utils.vector_index | [ae4df1c5e81c4d19a6868892b62a6e97] 从缓存加载向量索引成功: 289 个列
2026-03-11 15:18:06 | INFO | [ae4df1c5e81c4d19a6868892b62a6e97] | app.utils.vector_index | VectorIndexManager 缓存加载成功: 289 个列
2026-03-11 15:18:06 | INFO | [ae4df1c5e81c4d19a6868892b62a6e97] | app.main | 数据库列向量索引已从缓存加载
2026-03-11 15:18:06 | INFO | [ae4df1c5e81c4d19a6868892b62a6e97] | app.main | 开始 API 向量索引预热...
2026-03-11 15:18:06 | INFO | [ae4df1c5e81c4d19a6868892b62a6e97] | app.main | 找到 2 个活跃项目
2026-03-11 15:18:06 | INFO | [ae4df1c5e81c4d19a6868892b62a6e97] | app.utils.vector.factory | 创建向量管理器: api
2026-03-11 15:18:06 | INFO | [ae4df1c5e81c4d19a6868892b62a6e97] | app.main | 为项目 1 (InvenTree) 构建 API 向量索引...
2026-03-11 15:18:06 | INFO | [ae4df1c5e81c4d19a6868892b62a6e97] | app.utils.vector.api_strategy | 从数据库加载 API 数据: 644 条记录
2026-03-11 15:18:06 | INFO | [ae4df1c5e81c4d19a6868892b62a6e97] | app.utils.vector.api_strategy | 开始构建 API 向量索引: 644 条记录
2026-03-11 15:18:06 | INFO | [ae4df1c5e81c4d19a6868892b62a6e97] | app.utils.vector.api_strategy | API schema_hash 计算: 0125252f2d68fe710bd78bd9edfa9261
2026-03-11 15:18:06 | INFO | [ae4df1c5e81c4d19a6868892b62a6e97] | app.utils.vector.base | 加载向量模型: sentence-transformers/all-MiniLM-L6-v2
2026-03-11 15:18:06 | INFO | [ae4df1c5e81c4d19a6868892b62a6e97] | app.utils.vector.base | 模型缓存目录: D:\code\BugSeek\backend\data\api_vectors\models
2026-03-11 15:18:06 | INFO | [ae4df1c5e81c4d19a6868892b62a6e97] | app.utils.vector.base | 使用 Hugging Face 镜像: https://hf-mirror.com
2026-03-11 15:18:06 | INFO | [ae4df1c5e81c4d19a6868892b62a6e97] | sentence_transformers.SentenceTransformer | Use pytorch device_name: cpu
2026-03-11 15:18:06 | INFO | [ae4df1c5e81c4d19a6868892b62a6e97] | sentence_transformers.SentenceTransformer | Load pretrained SentenceTransformer: sentence-transformers/all-MiniLM-L6-v2
2026-03-11 15:18:07 | INFO | [ae4df1c5e81c4d19a6868892b62a6e97] | httpx | HTTP Request: HEAD https://hf-mirror.com/sentence-transformers/all-MiniLM-L6-v2/resolve/main/modules.json "HTTP/1.1 307 Temporary Redirect"
2026-03-11 15:18:07 | INFO | [ae4df1c5e81c4d19a6868892b62a6e97] | httpx | HTTP Request: HEAD https://hf-mirror.com/api/resolve-cache/models/sentence-transformers/all-MiniLM-L6-v2/c9745ed1d9f207416be6d2e6f8de32d1f16199bf/modules.json "HTTP/1.1 200 OK"
2026-03-11 15:18:07 | INFO | [ae4df1c5e81c4d19a6868892b62a6e97] | httpx | HTTP Request: HEAD https://hf-mirror.com/sentence-transformers/all-MiniLM-L6-v2/resolve/main/config_sentence_transformers.json "HTTP/1.1 307 Temporary Redirect"
2026-03-11 15:18:08 | INFO | [ae4df1c5e81c4d19a6868892b62a6e97] | httpx | HTTP Request: HEAD https://hf-mirror.com/api/resolve-cache/models/sentence-transformers/all-MiniLM-L6-v2/c9745ed1d9f207416be6d2e6f8de32d1f16199bf/config_sentence_transformers.json "HTTP/1.1 200 OK"
2026-03-11 15:18:08 | INFO | [ae4df1c5e81c4d19a6868892b62a6e97] | httpx | HTTP Request: HEAD https://hf-mirror.com/sentence-transformers/all-MiniLM-L6-v2/resolve/main/config_sentence_transformers.json "HTTP/1.1 307 Temporary Redirect"
2026-03-11 15:18:08 | INFO | [ae4df1c5e81c4d19a6868892b62a6e97] | httpx | HTTP Request: HEAD https://hf-mirror.com/api/resolve-cache/models/sentence-transformers/all-MiniLM-L6-v2/c9745ed1d9f207416be6d2e6f8de32d1f16199bf/config_sentence_transformers.json "HTTP/1.1 200 OK"
2026-03-11 15:18:09 | INFO | [ae4df1c5e81c4d19a6868892b62a6e97] | httpx | HTTP Request: HEAD https://hf-mirror.com/sentence-transformers/all-MiniLM-L6-v2/resolve/main/README.md "HTTP/1.1 307 Temporary Redirect"
2026-03-11 15:18:09 | INFO | [ae4df1c5e81c4d19a6868892b62a6e97] | httpx | HTTP Request: HEAD https://hf-mirror.com/api/resolve-cache/models/sentence-transformers/all-MiniLM-L6-v2/c9745ed1d9f207416be6d2e6f8de32d1f16199bf/README.md "HTTP/1.1 200 OK"
2026-03-11 15:18:09 | INFO | [ae4df1c5e81c4d19a6868892b62a6e97] | httpx | HTTP Request: HEAD https://hf-mirror.com/sentence-transformers/all-MiniLM-L6-v2/resolve/main/modules.json "HTTP/1.1 307 Temporary Redirect"
2026-03-11 15:18:09 | INFO | [ae4df1c5e81c4d19a6868892b62a6e97] | httpx | HTTP Request: HEAD https://hf-mirror.com/api/resolve-cache/models/sentence-transformers/all-MiniLM-L6-v2/c9745ed1d9f207416be6d2e6f8de32d1f16199bf/modules.json "HTTP/1.1 200 OK"
2026-03-11 15:18:09 | INFO | [ae4df1c5e81c4d19a6868892b62a6e97] | httpx | HTTP Request: HEAD https://hf-mirror.com/sentence-transformers/all-MiniLM-L6-v2/resolve/main/sentence_bert_config.json "HTTP/1.1 307 Temporary Redirect"
2026-03-11 15:18:10 | INFO | [ae4df1c5e81c4d19a6868892b62a6e97] | httpx | HTTP Request: HEAD https://hf-mirror.com/api/resolve-cache/models/sentence-transformers/all-MiniLM-L6-v2/c9745ed1d9f207416be6d2e6f8de32d1f16199bf/sentence_bert_config.json "HTTP/1.1 200 OK"
2026-03-11 15:18:10 | INFO | [ae4df1c5e81c4d19a6868892b62a6e97] | httpx | HTTP Request: HEAD https://hf-mirror.com/sentence-transformers/all-MiniLM-L6-v2/resolve/main/adapter_config.json "HTTP/1.1 404 Not Found"
2026-03-11 15:18:10 | INFO | [ae4df1c5e81c4d19a6868892b62a6e97] | httpx | HTTP Request: HEAD https://hf-mirror.com/sentence-transformers/all-MiniLM-L6-v2/resolve/main/config.json "HTTP/1.1 307 Temporary Redirect"
2026-03-11 15:18:10 | INFO | [ae4df1c5e81c4d19a6868892b62a6e97] | httpx | HTTP Request: HEAD https://hf-mirror.com/api/resolve-cache/models/sentence-transformers/all-MiniLM-L6-v2/c9745ed1d9f207416be6d2e6f8de32d1f16199bf/config.json "HTTP/1.1 200 OK"
2026-03-11 15:18:11 | INFO | [ae4df1c5e81c4d19a6868892b62a6e97] | httpx | HTTP Request: HEAD https://hf-mirror.com/sentence-transformers/all-MiniLM-L6-v2/resolve/main/config.json "HTTP/1.1 307 Temporary Redirect"
2026-03-11 15:18:11 | INFO | [ae4df1c5e81c4d19a6868892b62a6e97] | httpx | HTTP Request: HEAD https://hf-mirror.com/api/resolve-cache/models/sentence-transformers/all-MiniLM-L6-v2/c9745ed1d9f207416be6d2e6f8de32d1f16199bf/config.json "HTTP/1.1 200 OK"
2026-03-11 15:18:11 | INFO | [ae4df1c5e81c4d19a6868892b62a6e97] | httpx | HTTP Request: HEAD https://hf-mirror.com/sentence-transformers/all-MiniLM-L6-v2/resolve/main/tokenizer_config.json "HTTP/1.1 307 Temporary Redirect"
2026-03-11 15:18:11 | INFO | [ae4df1c5e81c4d19a6868892b62a6e97] | httpx | HTTP Request: HEAD https://hf-mirror.com/api/resolve-cache/models/sentence-transformers/all-MiniLM-L6-v2/c9745ed1d9f207416be6d2e6f8de32d1f16199bf/tokenizer_config.json "HTTP/1.1 200 OK"
2026-03-11 15:18:12 | INFO | [ae4df1c5e81c4d19a6868892b62a6e97] | httpx | HTTP Request: GET https://hf-mirror.com/api/models/sentence-transformers/all-MiniLM-L6-v2/tree/main/additional_chat_templates?recursive=false&expand=false "HTTP/1.1 404 Not Found"
2026-03-11 15:18:12 | INFO | [ae4df1c5e81c4d19a6868892b62a6e97] | httpx | HTTP Request: GET https://hf-mirror.com/api/models/sentence-transformers/all-MiniLM-L6-v2/tree/main?recursive=true&expand=false "HTTP/1.1 200 OK"
2026-03-11 15:18:12 | INFO | [ae4df1c5e81c4d19a6868892b62a6e97] | httpx | HTTP Request: HEAD https://hf-mirror.com/sentence-transformers/all-MiniLM-L6-v2/resolve/main/1_Pooling/config.json "HTTP/1.1 307 Temporary Redirect"
2026-03-11 15:18:12 | INFO | [ae4df1c5e81c4d19a6868892b62a6e97] | httpx | HTTP Request: HEAD https://hf-mirror.com/api/resolve-cache/models/sentence-transformers/all-MiniLM-L6-v2/c9745ed1d9f207416be6d2e6f8de32d1f16199bf/1_Pooling%2Fconfig.json "HTTP/1.1 200 OK"
2026-03-11 15:18:12 | INFO | [ae4df1c5e81c4d19a6868892b62a6e97] | httpx | HTTP Request: GET https://hf-mirror.com/api/models/sentence-transformers/all-MiniLM-L6-v2 "HTTP/1.1 200 OK"
2026-03-11 15:18:12 | INFO | [ae4df1c5e81c4d19a6868892b62a6e97] | app.utils.vector.base | 向量模型加载完成
2026-03-11 15:18:15 | INFO | [ae4df1c5e81c4d19a6868892b62a6e97] | app.utils.vector.api_strategy | API 向量索引构建完成: shape=(644, 384)
2026-03-11 15:18:15 | INFO | [ae4df1c5e81c4d19a6868892b62a6e97] | app.utils.vector.base | 向量索引缓存保存成功: D:\code\BugSeek\backend\data\api_vectors\api_embeddings.pkl
2026-03-11 15:18:15 | INFO | [ae4df1c5e81c4d19a6868892b62a6e97] | app.main | ✅ 项目 1 (InvenTree) API 向量索引构建成功
2026-03-11 15:18:15 | INFO | [ae4df1c5e81c4d19a6868892b62a6e97] | app.main | 为项目 2 (TEST) 构建 API 向量索引...
2026-03-11 15:18:15 | INFO | [ae4df1c5e81c4d19a6868892b62a6e97] | app.utils.vector.api_strategy | API 向量索引已存在，跳过构建: 644 条记录
2026-03-11 15:18:15 | INFO | [ae4df1c5e81c4d19a6868892b62a6e97] | app.main | ✅ 项目 2 (TEST) API 向量索引构建成功
2026-03-11 15:18:15 | INFO | [ae4df1c5e81c4d19a6868892b62a6e97] | app.main | ✅ 向量索引预热任务完成，系统语义检索功能就绪
2026-03-11 15:18:23 | INFO | [7783362380ec4cb0b984f1a14c37f721] | root | 日志系统初始化完成
2026-03-11 15:18:23 | INFO | [7783362380ec4cb0b984f1a14c37f721] | app.main | 应用启动事件执行中...
2026-03-11 15:18:23 | INFO | [7783362380ec4cb0b984f1a14c37f721] | app.main | Celery 实例: bugseek
2026-03-11 15:18:23 | INFO | [7783362380ec4cb0b984f1a14c37f721] | app.main | Broker URL: redis://127.0.0.1:6380/0
2026-03-11 15:18:23 | INFO | [7783362380ec4cb0b984f1a14c37f721] | app.main | Result Backend: redis://127.0.0.1:6380/1
2026-03-11 15:18:23 | INFO | [7783362380ec4cb0b984f1a14c37f721] | app.main | 字段映射任务已注册: app.celery.tasks.execute_field_mapping_task
2026-03-11 15:18:23 | INFO | [7783362380ec4cb0b984f1a14c37f721] | app.main | 开始预热向量索引...
2026-03-11 15:18:23 | INFO | [7783362380ec4cb0b984f1a14c37f721] | app.main | 应用启动事件执行完成
2026-03-11 15:18:23 | INFO | [7783362380ec4cb0b984f1a14c37f721] | app.main | 提示: 请确保 Celery Worker 正在运行
2026-03-11 15:18:23 | INFO | [7783362380ec4cb0b984f1a14c37f721] | app.main | 启动命令: celery -A app.celery_config worker --loglevel=info --pool=solo
2026-03-11 15:18:23 | INFO | [7783362380ec4cb0b984f1a14c37f721] | app.utils.vector_index | VectorIndexManager 单例初始化完成
2026-03-11 15:18:23 | INFO | [7783362380ec4cb0b984f1a14c37f721] | app.utils.vector_index | [7783362380ec4cb0b984f1a14c37f721] 从缓存加载向量索引成功: 289 个列
2026-03-11 15:18:23 | INFO | [7783362380ec4cb0b984f1a14c37f721] | app.utils.vector_index | VectorIndexManager 缓存加载成功: 289 个列
2026-03-11 15:18:23 | INFO | [7783362380ec4cb0b984f1a14c37f721] | app.main | 数据库列向量索引已从缓存加载
2026-03-11 15:18:23 | INFO | [7783362380ec4cb0b984f1a14c37f721] | app.main | 开始 API 向量索引预热...
2026-03-11 15:18:23 | INFO | [7783362380ec4cb0b984f1a14c37f721] | app.main | 找到 2 个活跃项目
2026-03-11 15:18:23 | INFO | [7783362380ec4cb0b984f1a14c37f721] | app.utils.vector.factory | 创建向量管理器: api
2026-03-11 15:18:23 | INFO | [7783362380ec4cb0b984f1a14c37f721] | app.main | 为项目 1 (InvenTree) 构建 API 向量索引...
2026-03-11 15:18:24 | INFO | [7783362380ec4cb0b984f1a14c37f721] | app.utils.vector.api_strategy | 从数据库加载 API 数据: 644 条记录
2026-03-11 15:18:24 | INFO | [7783362380ec4cb0b984f1a14c37f721] | app.utils.vector.api_strategy | 开始构建 API 向量索引: 644 条记录
2026-03-11 15:18:24 | INFO | [7783362380ec4cb0b984f1a14c37f721] | app.utils.vector.api_strategy | API schema_hash 计算: 0125252f2d68fe710bd78bd9edfa9261
2026-03-11 15:18:24 | INFO | [7783362380ec4cb0b984f1a14c37f721] | app.utils.vector.base | 加载向量模型: sentence-transformers/all-MiniLM-L6-v2
2026-03-11 15:18:24 | INFO | [7783362380ec4cb0b984f1a14c37f721] | app.utils.vector.base | 模型缓存目录: D:\code\BugSeek\backend\data\api_vectors\models
2026-03-11 15:18:24 | INFO | [7783362380ec4cb0b984f1a14c37f721] | app.utils.vector.base | 使用 Hugging Face 镜像: https://hf-mirror.com
2026-03-11 15:18:24 | INFO | [7783362380ec4cb0b984f1a14c37f721] | sentence_transformers.SentenceTransformer | Use pytorch device_name: cpu
2026-03-11 15:18:24 | INFO | [7783362380ec4cb0b984f1a14c37f721] | sentence_transformers.SentenceTransformer | Load pretrained SentenceTransformer: sentence-transformers/all-MiniLM-L6-v2
2026-03-11 15:18:24 | INFO | [7783362380ec4cb0b984f1a14c37f721] | httpx | HTTP Request: HEAD https://hf-mirror.com/sentence-transformers/all-MiniLM-L6-v2/resolve/main/modules.json "HTTP/1.1 307 Temporary Redirect"
2026-03-11 15:18:24 | INFO | [7783362380ec4cb0b984f1a14c37f721] | httpx | HTTP Request: HEAD https://hf-mirror.com/api/resolve-cache/models/sentence-transformers/all-MiniLM-L6-v2/c9745ed1d9f207416be6d2e6f8de32d1f16199bf/modules.json "HTTP/1.1 200 OK"
2026-03-11 15:18:25 | INFO | [7783362380ec4cb0b984f1a14c37f721] | httpx | HTTP Request: HEAD https://hf-mirror.com/sentence-transformers/all-MiniLM-L6-v2/resolve/main/config_sentence_transformers.json "HTTP/1.1 307 Temporary Redirect"
2026-03-11 15:18:25 | INFO | [7783362380ec4cb0b984f1a14c37f721] | httpx | HTTP Request: HEAD https://hf-mirror.com/api/resolve-cache/models/sentence-transformers/all-MiniLM-L6-v2/c9745ed1d9f207416be6d2e6f8de32d1f16199bf/config_sentence_transformers.json "HTTP/1.1 200 OK"
2026-03-11 15:18:25 | INFO | [7783362380ec4cb0b984f1a14c37f721] | httpx | HTTP Request: HEAD https://hf-mirror.com/sentence-transformers/all-MiniLM-L6-v2/resolve/main/config_sentence_transformers.json "HTTP/1.1 307 Temporary Redirect"
2026-03-11 15:18:25 | INFO | [7783362380ec4cb0b984f1a14c37f721] | httpx | HTTP Request: HEAD https://hf-mirror.com/api/resolve-cache/models/sentence-transformers/all-MiniLM-L6-v2/c9745ed1d9f207416be6d2e6f8de32d1f16199bf/config_sentence_transformers.json "HTTP/1.1 200 OK"
2026-03-11 15:18:26 | INFO | [7783362380ec4cb0b984f1a14c37f721] | httpx | HTTP Request: HEAD https://hf-mirror.com/sentence-transformers/all-MiniLM-L6-v2/resolve/main/README.md "HTTP/1.1 307 Temporary Redirect"
2026-03-11 15:18:26 | INFO | [7783362380ec4cb0b984f1a14c37f721] | httpx | HTTP Request: HEAD https://hf-mirror.com/api/resolve-cache/models/sentence-transformers/all-MiniLM-L6-v2/c9745ed1d9f207416be6d2e6f8de32d1f16199bf/README.md "HTTP/1.1 200 OK"
2026-03-11 15:18:26 | INFO | [7783362380ec4cb0b984f1a14c37f721] | httpx | HTTP Request: HEAD https://hf-mirror.com/sentence-transformers/all-MiniLM-L6-v2/resolve/main/modules.json "HTTP/1.1 307 Temporary Redirect"
2026-03-11 15:18:26 | INFO | [7783362380ec4cb0b984f1a14c37f721] | httpx | HTTP Request: HEAD https://hf-mirror.com/api/resolve-cache/models/sentence-transformers/all-MiniLM-L6-v2/c9745ed1d9f207416be6d2e6f8de32d1f16199bf/modules.json "HTTP/1.1 200 OK"
2026-03-11 15:18:27 | INFO | [7783362380ec4cb0b984f1a14c37f721] | httpx | HTTP Request: HEAD https://hf-mirror.com/sentence-transformers/all-MiniLM-L6-v2/resolve/main/sentence_bert_config.json "HTTP/1.1 307 Temporary Redirect"
2026-03-11 15:18:27 | INFO | [7783362380ec4cb0b984f1a14c37f721] | httpx | HTTP Request: HEAD https://hf-mirror.com/api/resolve-cache/models/sentence-transformers/all-MiniLM-L6-v2/c9745ed1d9f207416be6d2e6f8de32d1f16199bf/sentence_bert_config.json "HTTP/1.1 200 OK"
2026-03-11 15:18:27 | INFO | [7783362380ec4cb0b984f1a14c37f721] | httpx | HTTP Request: HEAD https://hf-mirror.com/sentence-transformers/all-MiniLM-L6-v2/resolve/main/adapter_config.json "HTTP/1.1 404 Not Found"
2026-03-11 15:18:27 | INFO | [7783362380ec4cb0b984f1a14c37f721] | httpx | HTTP Request: HEAD https://hf-mirror.com/sentence-transformers/all-MiniLM-L6-v2/resolve/main/config.json "HTTP/1.1 307 Temporary Redirect"
2026-03-11 15:18:27 | INFO | [7783362380ec4cb0b984f1a14c37f721] | httpx | HTTP Request: HEAD https://hf-mirror.com/api/resolve-cache/models/sentence-transformers/all-MiniLM-L6-v2/c9745ed1d9f207416be6d2e6f8de32d1f16199bf/config.json "HTTP/1.1 200 OK"
2026-03-11 15:18:28 | INFO | [7783362380ec4cb0b984f1a14c37f721] | httpx | HTTP Request: HEAD https://hf-mirror.com/sentence-transformers/all-MiniLM-L6-v2/resolve/main/config.json "HTTP/1.1 307 Temporary Redirect"
2026-03-11 15:18:28 | INFO | [7783362380ec4cb0b984f1a14c37f721] | httpx | HTTP Request: HEAD https://hf-mirror.com/api/resolve-cache/models/sentence-transformers/all-MiniLM-L6-v2/c9745ed1d9f207416be6d2e6f8de32d1f16199bf/config.json "HTTP/1.1 200 OK"
2026-03-11 15:18:28 | INFO | [7783362380ec4cb0b984f1a14c37f721] | httpx | HTTP Request: HEAD https://hf-mirror.com/sentence-transformers/all-MiniLM-L6-v2/resolve/main/tokenizer_config.json "HTTP/1.1 307 Temporary Redirect"
2026-03-11 15:18:28 | INFO | [7783362380ec4cb0b984f1a14c37f721] | httpx | HTTP Request: HEAD https://hf-mirror.com/api/resolve-cache/models/sentence-transformers/all-MiniLM-L6-v2/c9745ed1d9f207416be6d2e6f8de32d1f16199bf/tokenizer_config.json "HTTP/1.1 200 OK"
2026-03-11 15:18:29 | INFO | [7783362380ec4cb0b984f1a14c37f721] | httpx | HTTP Request: GET https://hf-mirror.com/api/models/sentence-transformers/all-MiniLM-L6-v2/tree/main/additional_chat_templates?recursive=false&expand=false "HTTP/1.1 404 Not Found"
2026-03-11 15:18:29 | INFO | [7783362380ec4cb0b984f1a14c37f721] | httpx | HTTP Request: GET https://hf-mirror.com/api/models/sentence-transformers/all-MiniLM-L6-v2/tree/main?recursive=true&expand=false "HTTP/1.1 200 OK"
2026-03-11 15:18:29 | INFO | [7783362380ec4cb0b984f1a14c37f721] | httpx | HTTP Request: HEAD https://hf-mirror.com/sentence-transformers/all-MiniLM-L6-v2/resolve/main/1_Pooling/config.json "HTTP/1.1 307 Temporary Redirect"
2026-03-11 15:18:29 | INFO | [7783362380ec4cb0b984f1a14c37f721] | httpx | HTTP Request: HEAD https://hf-mirror.com/api/resolve-cache/models/sentence-transformers/all-MiniLM-L6-v2/c9745ed1d9f207416be6d2e6f8de32d1f16199bf/1_Pooling%2Fconfig.json "HTTP/1.1 200 OK"
2026-03-11 15:18:29 | INFO | [7783362380ec4cb0b984f1a14c37f721] | httpx | HTTP Request: GET https://hf-mirror.com/api/models/sentence-transformers/all-MiniLM-L6-v2 "HTTP/1.1 200 OK"
2026-03-11 15:18:29 | INFO | [7783362380ec4cb0b984f1a14c37f721] | app.utils.vector.base | 向量模型加载完成
2026-03-11 15:18:32 | INFO | [7783362380ec4cb0b984f1a14c37f721] | app.utils.vector.api_strategy | API 向量索引构建完成: shape=(644, 384)
2026-03-11 15:18:32 | INFO | [7783362380ec4cb0b984f1a14c37f721] | app.utils.vector.base | 向量索引缓存保存成功: D:\code\BugSeek\backend\data\api_vectors\api_embeddings.pkl
2026-03-11 15:18:32 | INFO | [7783362380ec4cb0b984f1a14c37f721] | app.main | ✅ 项目 1 (InvenTree) API 向量索引构建成功
2026-03-11 15:18:32 | INFO | [7783362380ec4cb0b984f1a14c37f721] | app.main | 为项目 2 (TEST) 构建 API 向量索引...
2026-03-11 15:18:32 | INFO | [7783362380ec4cb0b984f1a14c37f721] | app.utils.vector.api_strategy | API 向量索引已存在，跳过构建: 644 条记录
2026-03-11 15:18:32 | INFO | [7783362380ec4cb0b984f1a14c37f721] | app.main | ✅ 项目 2 (TEST) API 向量索引构建成功
2026-03-11 15:18:32 | INFO | [7783362380ec4cb0b984f1a14c37f721] | app.main | ✅ 向量索引预热任务完成，系统语义检索功能就绪
2026-03-11 15:18:40 | INFO | [2c80892a85b54274a5c195d3734e2b1c] | root | 日志系统初始化完成
2026-03-11 15:18:40 | INFO | [2c80892a85b54274a5c195d3734e2b1c] | app.main | 应用启动事件执行中...
2026-03-11 15:18:40 | INFO | [2c80892a85b54274a5c195d3734e2b1c] | app.main | Celery 实例: bugseek
2026-03-11 15:18:40 | INFO | [2c80892a85b54274a5c195d3734e2b1c] | app.main | Broker URL: redis://127.0.0.1:6380/0
2026-03-11 15:18:40 | INFO | [2c80892a85b54274a5c195d3734e2b1c] | app.main | Result Backend: redis://127.0.0.1:6380/1
2026-03-11 15:18:40 | INFO | [2c80892a85b54274a5c195d3734e2b1c] | app.main | 字段映射任务已注册: app.celery.tasks.execute_field_mapping_task
2026-03-11 15:18:40 | INFO | [2c80892a85b54274a5c195d3734e2b1c] | app.main | 开始预热向量索引...
2026-03-11 15:18:40 | INFO | [2c80892a85b54274a5c195d3734e2b1c] | app.main | 应用启动事件执行完成
2026-03-11 15:18:40 | INFO | [2c80892a85b54274a5c195d3734e2b1c] | app.main | 提示: 请确保 Celery Worker 正在运行
2026-03-11 15:18:40 | INFO | [2c80892a85b54274a5c195d3734e2b1c] | app.main | 启动命令: celery -A app.celery_config worker --loglevel=info --pool=solo
2026-03-11 15:18:40 | INFO | [2c80892a85b54274a5c195d3734e2b1c] | app.utils.vector_index | VectorIndexManager 单例初始化完成
2026-03-11 15:18:40 | INFO | [2c80892a85b54274a5c195d3734e2b1c] | app.utils.vector_index | [2c80892a85b54274a5c195d3734e2b1c] 从缓存加载向量索引成功: 289 个列
2026-03-11 15:18:40 | INFO | [2c80892a85b54274a5c195d3734e2b1c] | app.utils.vector_index | VectorIndexManager 缓存加载成功: 289 个列
2026-03-11 15:18:40 | INFO | [2c80892a85b54274a5c195d3734e2b1c] | app.main | 数据库列向量索引已从缓存加载
2026-03-11 15:18:40 | INFO | [2c80892a85b54274a5c195d3734e2b1c] | app.main | 开始 API 向量索引预热...
2026-03-11 15:18:40 | INFO | [2c80892a85b54274a5c195d3734e2b1c] | app.main | 找到 2 个活跃项目
2026-03-11 15:18:40 | INFO | [2c80892a85b54274a5c195d3734e2b1c] | app.utils.vector.factory | 创建向量管理器: api
2026-03-11 15:18:40 | INFO | [2c80892a85b54274a5c195d3734e2b1c] | app.main | 为项目 1 (InvenTree) 构建 API 向量索引...
2026-03-11 15:18:41 | INFO | [2c80892a85b54274a5c195d3734e2b1c] | app.utils.vector.api_strategy | 从数据库加载 API 数据: 644 条记录
2026-03-11 15:18:41 | INFO | [2c80892a85b54274a5c195d3734e2b1c] | app.utils.vector.api_strategy | 开始构建 API 向量索引: 644 条记录
2026-03-11 15:18:41 | INFO | [2c80892a85b54274a5c195d3734e2b1c] | app.utils.vector.api_strategy | API schema_hash 计算: 0125252f2d68fe710bd78bd9edfa9261
2026-03-11 15:18:41 | INFO | [2c80892a85b54274a5c195d3734e2b1c] | app.utils.vector.base | 加载向量模型: sentence-transformers/all-MiniLM-L6-v2
2026-03-11 15:18:41 | INFO | [2c80892a85b54274a5c195d3734e2b1c] | app.utils.vector.base | 模型缓存目录: D:\code\BugSeek\backend\data\api_vectors\models
2026-03-11 15:18:41 | INFO | [2c80892a85b54274a5c195d3734e2b1c] | app.utils.vector.base | 使用 Hugging Face 镜像: https://hf-mirror.com
2026-03-11 15:18:41 | INFO | [2c80892a85b54274a5c195d3734e2b1c] | sentence_transformers.SentenceTransformer | Use pytorch device_name: cpu
2026-03-11 15:18:41 | INFO | [2c80892a85b54274a5c195d3734e2b1c] | sentence_transformers.SentenceTransformer | Load pretrained SentenceTransformer: sentence-transformers/all-MiniLM-L6-v2
2026-03-11 15:18:41 | INFO | [2c80892a85b54274a5c195d3734e2b1c] | httpx | HTTP Request: HEAD https://hf-mirror.com/sentence-transformers/all-MiniLM-L6-v2/resolve/main/modules.json "HTTP/1.1 307 Temporary Redirect"
2026-03-11 15:18:41 | INFO | [2c80892a85b54274a5c195d3734e2b1c] | httpx | HTTP Request: HEAD https://hf-mirror.com/api/resolve-cache/models/sentence-transformers/all-MiniLM-L6-v2/c9745ed1d9f207416be6d2e6f8de32d1f16199bf/modules.json "HTTP/1.1 200 OK"
2026-03-11 15:18:42 | INFO | [2c80892a85b54274a5c195d3734e2b1c] | httpx | HTTP Request: HEAD https://hf-mirror.com/sentence-transformers/all-MiniLM-L6-v2/resolve/main/config_sentence_transformers.json "HTTP/1.1 307 Temporary Redirect"
2026-03-11 15:18:42 | INFO | [2c80892a85b54274a5c195d3734e2b1c] | httpx | HTTP Request: HEAD https://hf-mirror.com/api/resolve-cache/models/sentence-transformers/all-MiniLM-L6-v2/c9745ed1d9f207416be6d2e6f8de32d1f16199bf/config_sentence_transformers.json "HTTP/1.1 200 OK"
2026-03-11 15:18:42 | INFO | [2c80892a85b54274a5c195d3734e2b1c] | httpx | HTTP Request: HEAD https://hf-mirror.com/sentence-transformers/all-MiniLM-L6-v2/resolve/main/config_sentence_transformers.json "HTTP/1.1 307 Temporary Redirect"
2026-03-11 15:18:42 | INFO | [2c80892a85b54274a5c195d3734e2b1c] | httpx | HTTP Request: HEAD https://hf-mirror.com/api/resolve-cache/models/sentence-transformers/all-MiniLM-L6-v2/c9745ed1d9f207416be6d2e6f8de32d1f16199bf/config_sentence_transformers.json "HTTP/1.1 200 OK"
2026-03-11 15:18:43 | INFO | [2c80892a85b54274a5c195d3734e2b1c] | httpx | HTTP Request: HEAD https://hf-mirror.com/sentence-transformers/all-MiniLM-L6-v2/resolve/main/README.md "HTTP/1.1 307 Temporary Redirect"
2026-03-11 15:18:43 | INFO | [2c80892a85b54274a5c195d3734e2b1c] | httpx | HTTP Request: HEAD https://hf-mirror.com/api/resolve-cache/models/sentence-transformers/all-MiniLM-L6-v2/c9745ed1d9f207416be6d2e6f8de32d1f16199bf/README.md "HTTP/1.1 200 OK"
2026-03-11 15:18:43 | INFO | [2c80892a85b54274a5c195d3734e2b1c] | httpx | HTTP Request: HEAD https://hf-mirror.com/sentence-transformers/all-MiniLM-L6-v2/resolve/main/modules.json "HTTP/1.1 307 Temporary Redirect"
2026-03-11 15:18:43 | INFO | [2c80892a85b54274a5c195d3734e2b1c] | httpx | HTTP Request: HEAD https://hf-mirror.com/api/resolve-cache/models/sentence-transformers/all-MiniLM-L6-v2/c9745ed1d9f207416be6d2e6f8de32d1f16199bf/modules.json "HTTP/1.1 200 OK"
2026-03-11 15:18:44 | INFO | [2c80892a85b54274a5c195d3734e2b1c] | httpx | HTTP Request: HEAD https://hf-mirror.com/sentence-transformers/all-MiniLM-L6-v2/resolve/main/sentence_bert_config.json "HTTP/1.1 307 Temporary Redirect"
2026-03-11 15:18:44 | INFO | [2c80892a85b54274a5c195d3734e2b1c] | httpx | HTTP Request: HEAD https://hf-mirror.com/api/resolve-cache/models/sentence-transformers/all-MiniLM-L6-v2/c9745ed1d9f207416be6d2e6f8de32d1f16199bf/sentence_bert_config.json "HTTP/1.1 200 OK"
2026-03-11 15:18:44 | INFO | [2c80892a85b54274a5c195d3734e2b1c] | httpx | HTTP Request: HEAD https://hf-mirror.com/sentence-transformers/all-MiniLM-L6-v2/resolve/main/adapter_config.json "HTTP/1.1 404 Not Found"
2026-03-11 15:18:44 | INFO | [2c80892a85b54274a5c195d3734e2b1c] | httpx | HTTP Request: HEAD https://hf-mirror.com/sentence-transformers/all-MiniLM-L6-v2/resolve/main/config.json "HTTP/1.1 307 Temporary Redirect"
2026-03-11 15:18:44 | INFO | [2c80892a85b54274a5c195d3734e2b1c] | httpx | HTTP Request: HEAD https://hf-mirror.com/api/resolve-cache/models/sentence-transformers/all-MiniLM-L6-v2/c9745ed1d9f207416be6d2e6f8de32d1f16199bf/config.json "HTTP/1.1 200 OK"
2026-03-11 15:18:45 | INFO | [2c80892a85b54274a5c195d3734e2b1c] | httpx | HTTP Request: HEAD https://hf-mirror.com/sentence-transformers/all-MiniLM-L6-v2/resolve/main/config.json "HTTP/1.1 307 Temporary Redirect"
2026-03-11 15:18:45 | INFO | [2c80892a85b54274a5c195d3734e2b1c] | httpx | HTTP Request: HEAD https://hf-mirror.com/api/resolve-cache/models/sentence-transformers/all-MiniLM-L6-v2/c9745ed1d9f207416be6d2e6f8de32d1f16199bf/config.json "HTTP/1.1 200 OK"
2026-03-11 15:18:45 | INFO | [2c80892a85b54274a5c195d3734e2b1c] | httpx | HTTP Request: HEAD https://hf-mirror.com/sentence-transformers/all-MiniLM-L6-v2/resolve/main/tokenizer_config.json "HTTP/1.1 307 Temporary Redirect"
2026-03-11 15:18:45 | INFO | [2c80892a85b54274a5c195d3734e2b1c] | httpx | HTTP Request: HEAD https://hf-mirror.com/api/resolve-cache/models/sentence-transformers/all-MiniLM-L6-v2/c9745ed1d9f207416be6d2e6f8de32d1f16199bf/tokenizer_config.json "HTTP/1.1 200 OK"
2026-03-11 15:18:46 | INFO | [2c80892a85b54274a5c195d3734e2b1c] | httpx | HTTP Request: GET https://hf-mirror.com/api/models/sentence-transformers/all-MiniLM-L6-v2/tree/main/additional_chat_templates?recursive=false&expand=false "HTTP/1.1 404 Not Found"
2026-03-11 15:18:46 | INFO | [2c80892a85b54274a5c195d3734e2b1c] | httpx | HTTP Request: GET https://hf-mirror.com/api/models/sentence-transformers/all-MiniLM-L6-v2/tree/main?recursive=true&expand=false "HTTP/1.1 200 OK"
2026-03-11 15:18:46 | INFO | [2c80892a85b54274a5c195d3734e2b1c] | httpx | HTTP Request: HEAD https://hf-mirror.com/sentence-transformers/all-MiniLM-L6-v2/resolve/main/1_Pooling/config.json "HTTP/1.1 307 Temporary Redirect"
2026-03-11 15:18:46 | INFO | [2c80892a85b54274a5c195d3734e2b1c] | httpx | HTTP Request: HEAD https://hf-mirror.com/api/resolve-cache/models/sentence-transformers/all-MiniLM-L6-v2/c9745ed1d9f207416be6d2e6f8de32d1f16199bf/1_Pooling%2Fconfig.json "HTTP/1.1 200 OK"
2026-03-11 15:18:46 | INFO | [2c80892a85b54274a5c195d3734e2b1c] | httpx | HTTP Request: GET https://hf-mirror.com/api/models/sentence-transformers/all-MiniLM-L6-v2 "HTTP/1.1 200 OK"
2026-03-11 15:18:46 | INFO | [2c80892a85b54274a5c195d3734e2b1c] | app.utils.vector.base | 向量模型加载完成
2026-03-11 15:18:49 | INFO | [2c80892a85b54274a5c195d3734e2b1c] | app.utils.vector.api_strategy | API 向量索引构建完成: shape=(644, 384)
2026-03-11 15:18:49 | INFO | [2c80892a85b54274a5c195d3734e2b1c] | app.utils.vector.base | 向量索引缓存保存成功: D:\code\BugSeek\backend\data\api_vectors\api_embeddings.pkl
2026-03-11 15:18:49 | INFO | [2c80892a85b54274a5c195d3734e2b1c] | app.main | ✅ 项目 1 (InvenTree) API 向量索引构建成功
2026-03-11 15:18:49 | INFO | [2c80892a85b54274a5c195d3734e2b1c] | app.main | 为项目 2 (TEST) 构建 API 向量索引...
2026-03-11 15:18:49 | INFO | [2c80892a85b54274a5c195d3734e2b1c] | app.utils.vector.api_strategy | API 向量索引已存在，跳过构建: 644 条记录
2026-03-11 15:18:49 | INFO | [2c80892a85b54274a5c195d3734e2b1c] | app.main | ✅ 项目 2 (TEST) API 向量索引构建成功
2026-03-11 15:18:49 | INFO | [2c80892a85b54274a5c195d3734e2b1c] | app.main | ✅ 向量索引预热任务完成，系统语义检索功能就绪
2026-03-11 15:18:57 | INFO | [0a811361605f4cb0987b0d7cee71fec5] | root | 日志系统初始化完成
2026-03-11 15:18:57 | INFO | [0a811361605f4cb0987b0d7cee71fec5] | app.main | 应用启动事件执行中...
2026-03-11 15:18:57 | INFO | [0a811361605f4cb0987b0d7cee71fec5] | app.main | Celery 实例: bugseek
2026-03-11 15:18:57 | INFO | [0a811361605f4cb0987b0d7cee71fec5] | app.main | Broker URL: redis://127.0.0.1:6380/0
2026-03-11 15:18:57 | INFO | [0a811361605f4cb0987b0d7cee71fec5] | app.main | Result Backend: redis://127.0.0.1:6380/1
2026-03-11 15:18:57 | INFO | [0a811361605f4cb0987b0d7cee71fec5] | app.main | 字段映射任务已注册: app.celery.tasks.execute_field_mapping_task
2026-03-11 15:18:57 | INFO | [0a811361605f4cb0987b0d7cee71fec5] | app.main | 开始预热向量索引...
2026-03-11 15:18:57 | INFO | [0a811361605f4cb0987b0d7cee71fec5] | app.main | 应用启动事件执行完成
2026-03-11 15:18:57 | INFO | [0a811361605f4cb0987b0d7cee71fec5] | app.main | 提示: 请确保 Celery Worker 正在运行
2026-03-11 15:18:57 | INFO | [0a811361605f4cb0987b0d7cee71fec5] | app.main | 启动命令: celery -A app.celery_config worker --loglevel=info --pool=solo
2026-03-11 15:18:57 | INFO | [0a811361605f4cb0987b0d7cee71fec5] | app.utils.vector_index | VectorIndexManager 单例初始化完成
2026-03-11 15:18:57 | INFO | [0a811361605f4cb0987b0d7cee71fec5] | app.utils.vector_index | [0a811361605f4cb0987b0d7cee71fec5] 从缓存加载向量索引成功: 289 个列
2026-03-11 15:18:57 | INFO | [0a811361605f4cb0987b0d7cee71fec5] | app.utils.vector_index | VectorIndexManager 缓存加载成功: 289 个列
2026-03-11 15:18:57 | INFO | [0a811361605f4cb0987b0d7cee71fec5] | app.main | 数据库列向量索引已从缓存加载
2026-03-11 15:18:57 | INFO | [0a811361605f4cb0987b0d7cee71fec5] | app.main | 开始 API 向量索引预热...
2026-03-11 15:18:57 | INFO | [0a811361605f4cb0987b0d7cee71fec5] | app.main | 找到 2 个活跃项目
2026-03-11 15:18:57 | INFO | [0a811361605f4cb0987b0d7cee71fec5] | app.utils.vector.factory | 创建向量管理器: api
2026-03-11 15:18:57 | INFO | [0a811361605f4cb0987b0d7cee71fec5] | app.main | 为项目 1 (InvenTree) 构建 API 向量索引...
2026-03-11 15:18:57 | INFO | [0a811361605f4cb0987b0d7cee71fec5] | app.utils.vector.api_strategy | 从数据库加载 API 数据: 644 条记录
2026-03-11 15:18:57 | INFO | [0a811361605f4cb0987b0d7cee71fec5] | app.utils.vector.api_strategy | 开始构建 API 向量索引: 644 条记录
2026-03-11 15:18:57 | INFO | [0a811361605f4cb0987b0d7cee71fec5] | app.utils.vector.api_strategy | API schema_hash 计算: 0125252f2d68fe710bd78bd9edfa9261
2026-03-11 15:18:57 | INFO | [0a811361605f4cb0987b0d7cee71fec5] | app.utils.vector.base | 加载向量模型: sentence-transformers/all-MiniLM-L6-v2
2026-03-11 15:18:57 | INFO | [0a811361605f4cb0987b0d7cee71fec5] | app.utils.vector.base | 模型缓存目录: D:\code\BugSeek\backend\data\api_vectors\models
2026-03-11 15:18:57 | INFO | [0a811361605f4cb0987b0d7cee71fec5] | app.utils.vector.base | 使用 Hugging Face 镜像: https://hf-mirror.com
2026-03-11 15:18:57 | INFO | [0a811361605f4cb0987b0d7cee71fec5] | sentence_transformers.SentenceTransformer | Use pytorch device_name: cpu
2026-03-11 15:18:57 | INFO | [0a811361605f4cb0987b0d7cee71fec5] | sentence_transformers.SentenceTransformer | Load pretrained SentenceTransformer: sentence-transformers/all-MiniLM-L6-v2
2026-03-11 15:18:58 | INFO | [0a811361605f4cb0987b0d7cee71fec5] | httpx | HTTP Request: HEAD https://hf-mirror.com/sentence-transformers/all-MiniLM-L6-v2/resolve/main/modules.json "HTTP/1.1 307 Temporary Redirect"
2026-03-11 15:18:58 | INFO | [0a811361605f4cb0987b0d7cee71fec5] | httpx | HTTP Request: HEAD https://hf-mirror.com/api/resolve-cache/models/sentence-transformers/all-MiniLM-L6-v2/c9745ed1d9f207416be6d2e6f8de32d1f16199bf/modules.json "HTTP/1.1 200 OK"
2026-03-11 15:18:58 | INFO | [0a811361605f4cb0987b0d7cee71fec5] | httpx | HTTP Request: HEAD https://hf-mirror.com/sentence-transformers/all-MiniLM-L6-v2/resolve/main/config_sentence_transformers.json "HTTP/1.1 307 Temporary Redirect"
2026-03-11 15:18:59 | INFO | [0a811361605f4cb0987b0d7cee71fec5] | httpx | HTTP Request: HEAD https://hf-mirror.com/api/resolve-cache/models/sentence-transformers/all-MiniLM-L6-v2/c9745ed1d9f207416be6d2e6f8de32d1f16199bf/config_sentence_transformers.json "HTTP/1.1 200 OK"
2026-03-11 15:18:59 | INFO | [0a811361605f4cb0987b0d7cee71fec5] | httpx | HTTP Request: HEAD https://hf-mirror.com/sentence-transformers/all-MiniLM-L6-v2/resolve/main/config_sentence_transformers.json "HTTP/1.1 307 Temporary Redirect"
2026-03-11 15:18:59 | INFO | [0a811361605f4cb0987b0d7cee71fec5] | httpx | HTTP Request: HEAD https://hf-mirror.com/api/resolve-cache/models/sentence-transformers/all-MiniLM-L6-v2/c9745ed1d9f207416be6d2e6f8de32d1f16199bf/config_sentence_transformers.json "HTTP/1.1 200 OK"
2026-03-11 15:18:59 | INFO | [0a811361605f4cb0987b0d7cee71fec5] | httpx | HTTP Request: HEAD https://hf-mirror.com/sentence-transformers/all-MiniLM-L6-v2/resolve/main/README.md "HTTP/1.1 307 Temporary Redirect"
2026-03-11 15:18:59 | INFO | [0a811361605f4cb0987b0d7cee71fec5] | httpx | HTTP Request: HEAD https://hf-mirror.com/api/resolve-cache/models/sentence-transformers/all-MiniLM-L6-v2/c9745ed1d9f207416be6d2e6f8de32d1f16199bf/README.md "HTTP/1.1 200 OK"
2026-03-11 15:19:00 | INFO | [0a811361605f4cb0987b0d7cee71fec5] | httpx | HTTP Request: HEAD https://hf-mirror.com/sentence-transformers/all-MiniLM-L6-v2/resolve/main/modules.json "HTTP/1.1 307 Temporary Redirect"
2026-03-11 15:19:00 | INFO | [0a811361605f4cb0987b0d7cee71fec5] | httpx | HTTP Request: HEAD https://hf-mirror.com/api/resolve-cache/models/sentence-transformers/all-MiniLM-L6-v2/c9745ed1d9f207416be6d2e6f8de32d1f16199bf/modules.json "HTTP/1.1 200 OK"
2026-03-11 15:19:00 | INFO | [0a811361605f4cb0987b0d7cee71fec5] | httpx | HTTP Request: HEAD https://hf-mirror.com/sentence-transformers/all-MiniLM-L6-v2/resolve/main/sentence_bert_config.json "HTTP/1.1 307 Temporary Redirect"
2026-03-11 15:19:00 | INFO | [0a811361605f4cb0987b0d7cee71fec5] | httpx | HTTP Request: HEAD https://hf-mirror.com/api/resolve-cache/models/sentence-transformers/all-MiniLM-L6-v2/c9745ed1d9f207416be6d2e6f8de32d1f16199bf/sentence_bert_config.json "HTTP/1.1 200 OK"
2026-03-11 15:19:01 | INFO | [0a811361605f4cb0987b0d7cee71fec5] | httpx | HTTP Request: HEAD https://hf-mirror.com/sentence-transformers/all-MiniLM-L6-v2/resolve/main/adapter_config.json "HTTP/1.1 404 Not Found"
2026-03-11 15:19:01 | INFO | [0a811361605f4cb0987b0d7cee71fec5] | httpx | HTTP Request: HEAD https://hf-mirror.com/sentence-transformers/all-MiniLM-L6-v2/resolve/main/config.json "HTTP/1.1 307 Temporary Redirect"
2026-03-11 15:19:01 | INFO | [0a811361605f4cb0987b0d7cee71fec5] | httpx | HTTP Request: HEAD https://hf-mirror.com/api/resolve-cache/models/sentence-transformers/all-MiniLM-L6-v2/c9745ed1d9f207416be6d2e6f8de32d1f16199bf/config.json "HTTP/1.1 200 OK"
2026-03-11 15:19:02 | INFO | [0a811361605f4cb0987b0d7cee71fec5] | httpx | HTTP Request: HEAD https://hf-mirror.com/sentence-transformers/all-MiniLM-L6-v2/resolve/main/config.json "HTTP/1.1 307 Temporary Redirect"
2026-03-11 15:19:02 | INFO | [0a811361605f4cb0987b0d7cee71fec5] | httpx | HTTP Request: HEAD https://hf-mirror.com/api/resolve-cache/models/sentence-transformers/all-MiniLM-L6-v2/c9745ed1d9f207416be6d2e6f8de32d1f16199bf/config.json "HTTP/1.1 200 OK"
2026-03-11 15:19:02 | INFO | [0a811361605f4cb0987b0d7cee71fec5] | httpx | HTTP Request: HEAD https://hf-mirror.com/sentence-transformers/all-MiniLM-L6-v2/resolve/main/tokenizer_config.json "HTTP/1.1 307 Temporary Redirect"
2026-03-11 15:19:02 | INFO | [0a811361605f4cb0987b0d7cee71fec5] | httpx | HTTP Request: HEAD https://hf-mirror.com/api/resolve-cache/models/sentence-transformers/all-MiniLM-L6-v2/c9745ed1d9f207416be6d2e6f8de32d1f16199bf/tokenizer_config.json "HTTP/1.1 200 OK"
2026-03-11 15:19:02 | INFO | [0a811361605f4cb0987b0d7cee71fec5] | httpx | HTTP Request: GET https://hf-mirror.com/api/models/sentence-transformers/all-MiniLM-L6-v2/tree/main/additional_chat_templates?recursive=false&expand=false "HTTP/1.1 404 Not Found"
2026-03-11 15:19:03 | INFO | [0a811361605f4cb0987b0d7cee71fec5] | httpx | HTTP Request: GET https://hf-mirror.com/api/models/sentence-transformers/all-MiniLM-L6-v2/tree/main?recursive=true&expand=false "HTTP/1.1 200 OK"
2026-03-11 15:19:03 | INFO | [0a811361605f4cb0987b0d7cee71fec5] | httpx | HTTP Request: HEAD https://hf-mirror.com/sentence-transformers/all-MiniLM-L6-v2/resolve/main/1_Pooling/config.json "HTTP/1.1 307 Temporary Redirect"
2026-03-11 15:19:03 | INFO | [0a811361605f4cb0987b0d7cee71fec5] | httpx | HTTP Request: HEAD https://hf-mirror.com/api/resolve-cache/models/sentence-transformers/all-MiniLM-L6-v2/c9745ed1d9f207416be6d2e6f8de32d1f16199bf/1_Pooling%2Fconfig.json "HTTP/1.1 200 OK"
2026-03-11 15:19:03 | INFO | [0a811361605f4cb0987b0d7cee71fec5] | httpx | HTTP Request: GET https://hf-mirror.com/api/models/sentence-transformers/all-MiniLM-L6-v2 "HTTP/1.1 200 OK"
2026-03-11 15:19:03 | INFO | [0a811361605f4cb0987b0d7cee71fec5] | app.utils.vector.base | 向量模型加载完成
2026-03-11 15:19:06 | INFO | [0a811361605f4cb0987b0d7cee71fec5] | app.utils.vector.api_strategy | API 向量索引构建完成: shape=(644, 384)
2026-03-11 15:19:06 | INFO | [0a811361605f4cb0987b0d7cee71fec5] | app.utils.vector.base | 向量索引缓存保存成功: D:\code\BugSeek\backend\data\api_vectors\api_embeddings.pkl
2026-03-11 15:19:06 | INFO | [0a811361605f4cb0987b0d7cee71fec5] | app.main | ✅ 项目 1 (InvenTree) API 向量索引构建成功
2026-03-11 15:19:06 | INFO | [0a811361605f4cb0987b0d7cee71fec5] | app.main | 为项目 2 (TEST) 构建 API 向量索引...
2026-03-11 15:19:06 | INFO | [0a811361605f4cb0987b0d7cee71fec5] | app.utils.vector.api_strategy | API 向量索引已存在，跳过构建: 644 条记录
2026-03-11 15:19:06 | INFO | [0a811361605f4cb0987b0d7cee71fec5] | app.main | ✅ 项目 2 (TEST) API 向量索引构建成功
2026-03-11 15:19:06 | INFO | [0a811361605f4cb0987b0d7cee71fec5] | app.main | ✅ 向量索引预热任务完成，系统语义检索功能就绪
2026-03-11 15:19:15 | INFO | [ac6b88e2ee194626a93990293202a55a] | root | 日志系统初始化完成
2026-03-11 15:19:15 | INFO | [ac6b88e2ee194626a93990293202a55a] | app.main | 应用启动事件执行中...
2026-03-11 15:19:15 | INFO | [ac6b88e2ee194626a93990293202a55a] | app.main | Celery 实例: bugseek
2026-03-11 15:19:15 | INFO | [ac6b88e2ee194626a93990293202a55a] | app.main | Broker URL: redis://127.0.0.1:6380/0
2026-03-11 15:19:15 | INFO | [ac6b88e2ee194626a93990293202a55a] | app.main | Result Backend: redis://127.0.0.1:6380/1
2026-03-11 15:19:15 | INFO | [ac6b88e2ee194626a93990293202a55a] | app.main | 字段映射任务已注册: app.celery.tasks.execute_field_mapping_task
2026-03-11 15:19:15 | INFO | [ac6b88e2ee194626a93990293202a55a] | app.main | 开始预热向量索引...
2026-03-11 15:19:15 | INFO | [ac6b88e2ee194626a93990293202a55a] | app.main | 应用启动事件执行完成
2026-03-11 15:19:15 | INFO | [ac6b88e2ee194626a93990293202a55a] | app.main | 提示: 请确保 Celery Worker 正在运行
2026-03-11 15:19:15 | INFO | [ac6b88e2ee194626a93990293202a55a] | app.main | 启动命令: celery -A app.celery_config worker --loglevel=info --pool=solo
2026-03-11 15:19:15 | INFO | [ac6b88e2ee194626a93990293202a55a] | app.utils.vector_index | VectorIndexManager 单例初始化完成
2026-03-11 15:19:15 | INFO | [ac6b88e2ee194626a93990293202a55a] | app.utils.vector_index | [ac6b88e2ee194626a93990293202a55a] 从缓存加载向量索引成功: 289 个列
2026-03-11 15:19:15 | INFO | [ac6b88e2ee194626a93990293202a55a] | app.utils.vector_index | VectorIndexManager 缓存加载成功: 289 个列
2026-03-11 15:19:15 | INFO | [ac6b88e2ee194626a93990293202a55a] | app.main | 数据库列向量索引已从缓存加载
2026-03-11 15:19:15 | INFO | [ac6b88e2ee194626a93990293202a55a] | app.main | 开始 API 向量索引预热...
2026-03-11 15:19:16 | INFO | [ac6b88e2ee194626a93990293202a55a] | app.main | 找到 2 个活跃项目
2026-03-11 15:19:16 | INFO | [ac6b88e2ee194626a93990293202a55a] | app.utils.vector.factory | 创建向量管理器: api
2026-03-11 15:19:16 | INFO | [ac6b88e2ee194626a93990293202a55a] | app.main | 为项目 1 (InvenTree) 构建 API 向量索引...
2026-03-11 15:19:16 | INFO | [ac6b88e2ee194626a93990293202a55a] | app.utils.vector.api_strategy | 从数据库加载 API 数据: 644 条记录
2026-03-11 15:19:16 | INFO | [ac6b88e2ee194626a93990293202a55a] | app.utils.vector.api_strategy | 开始构建 API 向量索引: 644 条记录
2026-03-11 15:19:16 | INFO | [ac6b88e2ee194626a93990293202a55a] | app.utils.vector.api_strategy | API schema_hash 计算: 0125252f2d68fe710bd78bd9edfa9261
2026-03-11 15:19:16 | INFO | [ac6b88e2ee194626a93990293202a55a] | app.utils.vector.base | 加载向量模型: sentence-transformers/all-MiniLM-L6-v2
2026-03-11 15:19:16 | INFO | [ac6b88e2ee194626a93990293202a55a] | app.utils.vector.base | 模型缓存目录: D:\code\BugSeek\backend\data\api_vectors\models
2026-03-11 15:19:16 | INFO | [ac6b88e2ee194626a93990293202a55a] | app.utils.vector.base | 使用 Hugging Face 镜像: https://hf-mirror.com
2026-03-11 15:19:16 | INFO | [ac6b88e2ee194626a93990293202a55a] | sentence_transformers.SentenceTransformer | Use pytorch device_name: cpu
2026-03-11 15:19:16 | INFO | [ac6b88e2ee194626a93990293202a55a] | sentence_transformers.SentenceTransformer | Load pretrained SentenceTransformer: sentence-transformers/all-MiniLM-L6-v2
2026-03-11 15:19:16 | INFO | [ac6b88e2ee194626a93990293202a55a] | httpx | HTTP Request: HEAD https://hf-mirror.com/sentence-transformers/all-MiniLM-L6-v2/resolve/main/modules.json "HTTP/1.1 307 Temporary Redirect"
2026-03-11 15:19:17 | INFO | [ac6b88e2ee194626a93990293202a55a] | httpx | HTTP Request: HEAD https://hf-mirror.com/api/resolve-cache/models/sentence-transformers/all-MiniLM-L6-v2/c9745ed1d9f207416be6d2e6f8de32d1f16199bf/modules.json "HTTP/1.1 200 OK"
2026-03-11 15:19:17 | INFO | [ac6b88e2ee194626a93990293202a55a] | httpx | HTTP Request: HEAD https://hf-mirror.com/sentence-transformers/all-MiniLM-L6-v2/resolve/main/config_sentence_transformers.json "HTTP/1.1 307 Temporary Redirect"
2026-03-11 15:19:17 | INFO | [ac6b88e2ee194626a93990293202a55a] | httpx | HTTP Request: HEAD https://hf-mirror.com/api/resolve-cache/models/sentence-transformers/all-MiniLM-L6-v2/c9745ed1d9f207416be6d2e6f8de32d1f16199bf/config_sentence_transformers.json "HTTP/1.1 200 OK"
2026-03-11 15:19:18 | INFO | [ac6b88e2ee194626a93990293202a55a] | httpx | HTTP Request: HEAD https://hf-mirror.com/sentence-transformers/all-MiniLM-L6-v2/resolve/main/config_sentence_transformers.json "HTTP/1.1 307 Temporary Redirect"
2026-03-11 15:19:18 | INFO | [ac6b88e2ee194626a93990293202a55a] | httpx | HTTP Request: HEAD https://hf-mirror.com/api/resolve-cache/models/sentence-transformers/all-MiniLM-L6-v2/c9745ed1d9f207416be6d2e6f8de32d1f16199bf/config_sentence_transformers.json "HTTP/1.1 200 OK"
2026-03-11 15:19:18 | INFO | [ac6b88e2ee194626a93990293202a55a] | httpx | HTTP Request: HEAD https://hf-mirror.com/sentence-transformers/all-MiniLM-L6-v2/resolve/main/README.md "HTTP/1.1 307 Temporary Redirect"
2026-03-11 15:19:18 | INFO | [ac6b88e2ee194626a93990293202a55a] | httpx | HTTP Request: HEAD https://hf-mirror.com/api/resolve-cache/models/sentence-transformers/all-MiniLM-L6-v2/c9745ed1d9f207416be6d2e6f8de32d1f16199bf/README.md "HTTP/1.1 200 OK"
2026-03-11 15:19:19 | INFO | [ac6b88e2ee194626a93990293202a55a] | httpx | HTTP Request: HEAD https://hf-mirror.com/sentence-transformers/all-MiniLM-L6-v2/resolve/main/modules.json "HTTP/1.1 307 Temporary Redirect"
2026-03-11 15:19:19 | INFO | [ac6b88e2ee194626a93990293202a55a] | httpx | HTTP Request: HEAD https://hf-mirror.com/api/resolve-cache/models/sentence-transformers/all-MiniLM-L6-v2/c9745ed1d9f207416be6d2e6f8de32d1f16199bf/modules.json "HTTP/1.1 200 OK"
2026-03-11 15:19:19 | INFO | [ac6b88e2ee194626a93990293202a55a] | httpx | HTTP Request: HEAD https://hf-mirror.com/sentence-transformers/all-MiniLM-L6-v2/resolve/main/sentence_bert_config.json "HTTP/1.1 307 Temporary Redirect"
2026-03-11 15:19:19 | INFO | [ac6b88e2ee194626a93990293202a55a] | httpx | HTTP Request: HEAD https://hf-mirror.com/api/resolve-cache/models/sentence-transformers/all-MiniLM-L6-v2/c9745ed1d9f207416be6d2e6f8de32d1f16199bf/sentence_bert_config.json "HTTP/1.1 200 OK"
2026-03-11 15:19:20 | INFO | [ac6b88e2ee194626a93990293202a55a] | httpx | HTTP Request: HEAD https://hf-mirror.com/sentence-transformers/all-MiniLM-L6-v2/resolve/main/adapter_config.json "HTTP/1.1 404 Not Found"
2026-03-11 15:19:20 | INFO | [ac6b88e2ee194626a93990293202a55a] | httpx | HTTP Request: HEAD https://hf-mirror.com/sentence-transformers/all-MiniLM-L6-v2/resolve/main/config.json "HTTP/1.1 307 Temporary Redirect"
2026-03-11 15:19:20 | INFO | [ac6b88e2ee194626a93990293202a55a] | httpx | HTTP Request: HEAD https://hf-mirror.com/api/resolve-cache/models/sentence-transformers/all-MiniLM-L6-v2/c9745ed1d9f207416be6d2e6f8de32d1f16199bf/config.json "HTTP/1.1 200 OK"
2026-03-11 15:19:21 | INFO | [ac6b88e2ee194626a93990293202a55a] | httpx | HTTP Request: HEAD https://hf-mirror.com/sentence-transformers/all-MiniLM-L6-v2/resolve/main/config.json "HTTP/1.1 307 Temporary Redirect"
2026-03-11 15:19:21 | INFO | [ac6b88e2ee194626a93990293202a55a] | httpx | HTTP Request: HEAD https://hf-mirror.com/api/resolve-cache/models/sentence-transformers/all-MiniLM-L6-v2/c9745ed1d9f207416be6d2e6f8de32d1f16199bf/config.json "HTTP/1.1 200 OK"
2026-03-11 15:19:21 | INFO | [ac6b88e2ee194626a93990293202a55a] | httpx | HTTP Request: HEAD https://hf-mirror.com/sentence-transformers/all-MiniLM-L6-v2/resolve/main/tokenizer_config.json "HTTP/1.1 307 Temporary Redirect"
2026-03-11 15:19:21 | INFO | [ac6b88e2ee194626a93990293202a55a] | httpx | HTTP Request: HEAD https://hf-mirror.com/api/resolve-cache/models/sentence-transformers/all-MiniLM-L6-v2/c9745ed1d9f207416be6d2e6f8de32d1f16199bf/tokenizer_config.json "HTTP/1.1 200 OK"
2026-03-11 15:19:21 | INFO | [ac6b88e2ee194626a93990293202a55a] | httpx | HTTP Request: GET https://hf-mirror.com/api/models/sentence-transformers/all-MiniLM-L6-v2/tree/main/additional_chat_templates?recursive=false&expand=false "HTTP/1.1 404 Not Found"
2026-03-11 15:19:22 | INFO | [ac6b88e2ee194626a93990293202a55a] | httpx | HTTP Request: GET https://hf-mirror.com/api/models/sentence-transformers/all-MiniLM-L6-v2/tree/main?recursive=true&expand=false "HTTP/1.1 200 OK"
2026-03-11 15:19:22 | INFO | [ac6b88e2ee194626a93990293202a55a] | httpx | HTTP Request: HEAD https://hf-mirror.com/sentence-transformers/all-MiniLM-L6-v2/resolve/main/1_Pooling/config.json "HTTP/1.1 307 Temporary Redirect"
2026-03-11 15:19:22 | INFO | [ac6b88e2ee194626a93990293202a55a] | httpx | HTTP Request: HEAD https://hf-mirror.com/api/resolve-cache/models/sentence-transformers/all-MiniLM-L6-v2/c9745ed1d9f207416be6d2e6f8de32d1f16199bf/1_Pooling%2Fconfig.json "HTTP/1.1 200 OK"
2026-03-11 15:19:22 | INFO | [ac6b88e2ee194626a93990293202a55a] | httpx | HTTP Request: GET https://hf-mirror.com/api/models/sentence-transformers/all-MiniLM-L6-v2 "HTTP/1.1 200 OK"
2026-03-11 15:19:22 | INFO | [ac6b88e2ee194626a93990293202a55a] | app.utils.vector.base | 向量模型加载完成
2026-03-11 15:19:25 | INFO | [ac6b88e2ee194626a93990293202a55a] | app.utils.vector.api_strategy | API 向量索引构建完成: shape=(644, 384)
2026-03-11 15:19:25 | INFO | [ac6b88e2ee194626a93990293202a55a] | app.utils.vector.base | 向量索引缓存保存成功: D:\code\BugSeek\backend\data\api_vectors\api_embeddings.pkl
2026-03-11 15:19:25 | INFO | [ac6b88e2ee194626a93990293202a55a] | app.main | ✅ 项目 1 (InvenTree) API 向量索引构建成功
2026-03-11 15:19:25 | INFO | [ac6b88e2ee194626a93990293202a55a] | app.main | 为项目 2 (TEST) 构建 API 向量索引...
2026-03-11 15:19:25 | INFO | [ac6b88e2ee194626a93990293202a55a] | app.utils.vector.api_strategy | API 向量索引已存在，跳过构建: 644 条记录
2026-03-11 15:19:25 | INFO | [ac6b88e2ee194626a93990293202a55a] | app.main | ✅ 项目 2 (TEST) API 向量索引构建成功
2026-03-11 15:19:25 | INFO | [ac6b88e2ee194626a93990293202a55a] | app.main | ✅ 向量索引预热任务完成，系统语义检索功能就绪
2026-03-11 15:21:21 | INFO | [a396c35aa84846d68b5392b5543c6e23] | app.api.v1.intent_workbench | [a396c35aa84846d68b5392b5543c6e23] 意图生成场景: intent='测试登录流程', project_id=1
2026-03-11 15:21:21 | INFO | [a396c35aa84846d68b5392b5543c6e23] | app.api.v1.intent_workbench | [a396c35aa84846d68b5392b5543c6e23] [阶段一] 轻量检索候选 API...
2026-03-11 15:21:21 | INFO | [a396c35aa84846d68b5392b5543c6e23] | app.services.api_retrieval | [a396c35aa84846d68b5392b5543c6e23] 开始轻量级混合检索: intent='测试登录流程'
2026-03-11 15:21:21 | INFO | [a396c35aa84846d68b5392b5543c6e23] | app.services.api_retrieval | [a396c35aa84846d68b5392b5543c6e23] [阶段一] 关键词召回...
2026-03-11 15:21:21 | INFO | [a396c35aa84846d68b5392b5543c6e23] | app.services.api_retrieval | [a396c35aa84846d68b5392b5543c6e23] 提取关键词: ['POST', '测试登录流程']
2026-03-11 15:21:21 | INFO | [a396c35aa84846d68b5392b5543c6e23] | app.services.api_retrieval | [a396c35aa84846d68b5392b5543c6e23] [阶段一] 关键词召回完成: found=122 candidates
2026-03-11 15:21:21 | INFO | [a396c35aa84846d68b5392b5543c6e23] | app.services.api_retrieval | [a396c35aa84846d68b5392b5543c6e23] [阶段二] 向量语义检索...
2026-03-11 15:21:21 | INFO | [a396c35aa84846d68b5392b5543c6e23] | app.utils.vector.api_strategy | API 向量检索完成: found=50 results
2026-03-11 15:21:21 | INFO | [a396c35aa84846d68b5392b5543c6e23] | app.services.api_retrieval | [a396c35aa84846d68b5392b5543c6e23] 向量检索完成: found=50 results
2026-03-11 15:21:21 | INFO | [a396c35aa84846d68b5392b5543c6e23] | app.services.api_retrieval | [a396c35aa84846d68b5392b5543c6e23] [阶段二] 向量检索完成: found=50 candidates
2026-03-11 15:21:21 | INFO | [a396c35aa84846d68b5392b5543c6e23] | app.services.api_retrieval | [a396c35aa84846d68b5392b5543c6e23] [阶段三] RRF 融合排序...
2026-03-11 15:21:21 | INFO | [a396c35aa84846d68b5392b5543c6e23] | app.services.api_retrieval | [a396c35aa84846d68b5392b5543c6e23] [阶段三] RRF 融合完成: merged=156 candidates
2026-03-11 15:21:21 | INFO | [a396c35aa84846d68b5392b5543c6e23] | app.services.api_retrieval | [a396c35aa84846d68b5392b5543c6e23] 轻量检索完成: 最终截取 10 个候选
2026-03-11 15:21:21 | INFO | [a396c35aa84846d68b5392b5543c6e23] | app.api.v1.intent_workbench | [a396c35aa84846d68b5392b5543c6e23] [阶段一] 检索到 10 个候选 API
2026-03-11 15:21:21 | INFO | [a396c35aa84846d68b5392b5543c6e23] | app.api.v1.intent_workbench | [a396c35aa84846d68b5392b5543c6e23] [阶段一结果] 候选 API 列表:
2026-03-11 15:21:21 | INFO | [a396c35aa84846d68b5392b5543c6e23] | app.api.v1.intent_workbench | [a396c35aa84846d68b5392b5543c6e23]   1. ID=2678, POST /api/barcode/po-receive/, 摘要=Endpoint for handling receiving parts by scanning their barcode.

Barcode data are decoded by the client application,
and sent to this endpoint (as a JSON object) for validation.

The barcode should f, RRF分数=0.0244
2026-03-11 15:21:21 | INFO | [a396c35aa84846d68b5392b5543c6e23] | app.api.v1.intent_workbench | [a396c35aa84846d68b5392b5543c6e23]   2. ID=2827, POST /api/stock/return/, 摘要=API endpoint for returning items into stock.

This API endpoint is for items that are initially considered "not in stock",
and the user wants to return them to stock, marking them as
"available" for f, RRF分数=0.0243
2026-03-11 15:21:21 | INFO | [a396c35aa84846d68b5392b5543c6e23] | app.api.v1.intent_workbench | [a396c35aa84846d68b5392b5543c6e23]   3. ID=2819, POST /api/webhook/{endpoint}/, 摘要=Process incoming webhook., RRF分数=0.0237
2026-03-11 15:21:21 | INFO | [a396c35aa84846d68b5392b5543c6e23] | app.api.v1.intent_workbench | [a396c35aa84846d68b5392b5543c6e23]   4. ID=2772, POST /api/part/internal-price/, 摘要=API endpoint for list view of PartInternalPriceBreak model., RRF分数=0.0221
2026-03-11 15:21:21 | INFO | [a396c35aa84846d68b5392b5543c6e23] | app.api.v1.intent_workbench | [a396c35aa84846d68b5392b5543c6e23]   5. ID=2642, POST /api/part/stocktake/, 摘要=API endpoint for listing part stocktake information., RRF分数=0.0219
2026-03-11 15:21:21 | INFO | [a396c35aa84846d68b5392b5543c6e23] | app.api.v1.intent_workbench | [a396c35aa84846d68b5392b5543c6e23]   ... 还有 5 个 API
2026-03-11 15:21:21 | INFO | [a396c35aa84846d68b5392b5543c6e23] | app.api.v1.intent_workbench | [a396c35aa84846d68b5392b5543c6e23] [阶段二] AI 选择核心 API...
2026-03-11 15:21:21 | INFO | [a396c35aa84846d68b5392b5543c6e23] | app.ai.service | AI 执行开始: task_type=intent_api_selection, project_id=1
2026-03-11 15:21:21 | INFO | [a396c35aa84846d68b5392b5543c6e23] | app.ai.service | AI 输入数据: method=None, path=None, summary=None
2026-03-11 15:21:21 | INFO | [a396c35aa84846d68b5392b5543c6e23] | app.ai.context | 注入项目上下文: project_id=1, name=InvenTree
2026-03-11 15:21:21 | INFO | [a396c35aa84846d68b5392b5543c6e23] | app.ai.service | 渲染后的用户 Prompt（前500字符）: 
请根据用户意图，从候选 API 列表中选择 3-5 个最相关的 API。

用户意图：
测试登录流程

候选 API 列表（包含签名信息 + 关键参数）：

ID: 2678
路径: /api/barcode/po-receive/
摘要: Endpoint for handling receiving parts by scanning their barcode.

Barcode data are decoded by the client application,
and sent to this endpoint (as a JSON object) for validation.

The barcode should f
核心入参: ['barcode', 'location', 'supplier', 'line_item', 'auto_allocate', 'purchase_order']  # 修正陷阱四：保留关键参数摘要

ID: 2827
路径: /api/stock/return/
摘要: API endpoint for returning items
2026-03-11 15:21:22 | INFO | [a396c35aa84846d68b5392b5543c6e23] | app.ai.adapters.factory | 创建模型适配器: provider=openai
2026-03-11 15:21:22 | INFO | [a396c35aa84846d68b5392b5543c6e23] | app.ai.service | 调用 AI 模型: model=OpenAIAdapter
2026-03-11 15:21:27 | INFO | [a396c35aa84846d68b5392b5543c6e23] | httpx | HTTP Request: POST https://api.siliconflow.cn/v1/chat/completions "HTTP/1.1 200 OK"
2026-03-11 15:21:27 | INFO | [a396c35aa84846d68b5392b5543c6e23] | app.ai.adapters.openai | OpenAI 调用成功: model=Qwen/Qwen2.5-Coder-7B-Instruct, tokens=1146
2026-03-11 15:21:27 | INFO | [a396c35aa84846d68b5392b5543c6e23] | app.ai.service | AI 调用成功: task_type=intent_api_selection, project_id=1, tokens_used=1146
2026-03-11 15:21:27 | INFO | [a396c35aa84846d68b5392b5543c6e23] | app.api.v1.intent_workbench | [a396c35aa84846d68b5392b5543c6e23] [阶段二] AI 选择了 1 个核心 API
2026-03-11 15:21:27 | INFO | [a396c35aa84846d68b5392b5543c6e23] | app.api.v1.intent_workbench | [a396c35aa84846d68b5392b5543c6e23] [阶段二结果] 选中的 API ID 列表: [2677]
2026-03-11 15:21:27 | INFO | [a396c35aa84846d68b5392b5543c6e23] | app.api.v1.intent_workbench | [a396c35aa84846d68b5392b5543c6e23]   - ID=2677, POST /api/search/, 摘要=Perform search query against available models.
2026-03-11 15:21:27 | INFO | [a396c35aa84846d68b5392b5543c6e23] | app.api.v1.intent_workbench | [a396c35aa84846d68b5392b5543c6e23] [阶段三] 加载选中 API 的详细 Schema...
2026-03-11 15:21:27 | INFO | [a396c35aa84846d68b5392b5543c6e23] | app.api.v1.intent_workbench | [a396c35aa84846d68b5392b5543c6e23] [阶段三] 成功加载 1 个 API 的详细 Schema
2026-03-11 15:21:27 | INFO | [a396c35aa84846d68b5392b5543c6e23] | app.api.v1.intent_workbench | [a396c35aa84846d68b5392b5543c6e23] [阶段三结果] 加载的 API 详细信息:
2026-03-11 15:21:27 | INFO | [a396c35aa84846d68b5392b5543c6e23] | app.api.v1.intent_workbench | [a396c35aa84846d68b5392b5543c6e23]   1. ID=2677, POST /api/search/
2026-03-11 15:21:27 | INFO | [a396c35aa84846d68b5392b5543c6e23] | app.api.v1.intent_workbench | [a396c35aa84846d68b5392b5543c6e23]      摘要: Perform search query against available models.
2026-03-11 15:21:27 | INFO | [a396c35aa84846d68b5392b5543c6e23] | app.api.v1.intent_workbench | [a396c35aa84846d68b5392b5543c6e23]      描述: Perform search query against available models.
2026-03-11 15:21:27 | INFO | [a396c35aa84846d68b5392b5543c6e23] | app.api.v1.intent_workbench | [a396c35aa84846d68b5392b5543c6e23]      请求参数键: ['type', 'required', 'parameters', 'properties', 'description']
2026-03-11 15:21:27 | INFO | [a396c35aa84846d68b5392b5543c6e23] | app.api.v1.intent_workbench | [a396c35aa84846d68b5392b5543c6e23]      响应参数键: ['type', 'required', 'responses', 'properties', 'description']
2026-03-11 15:21:27 | INFO | [a396c35aa84846d68b5392b5543c6e23] | app.api.v1.intent_workbench | [a396c35aa84846d68b5392b5543c6e23] [阶段四] 生成场景结构...
2026-03-11 15:21:27 | INFO | [a396c35aa84846d68b5392b5543c6e23] | app.ai.service | AI 执行开始: task_type=intent_scenario_generation, project_id=1
2026-03-11 15:21:27 | INFO | [a396c35aa84846d68b5392b5543c6e23] | app.ai.service | AI 输入数据: method=None, path=None, summary=None
2026-03-11 15:21:27 | INFO | [a396c35aa84846d68b5392b5543c6e23] | app.dependencies | 连接池状态 - 大小: 20, 溢出: -18, 已检出: 2, 空闲: 18, 统计 - 创建: 4, 检出: 10, 检入: 6, 溢出: 0, 错误: 0, 最大并发: 2
2026-03-11 15:21:27 | INFO | [a396c35aa84846d68b5392b5543c6e23] | app.ai.context | 注入项目上下文: project_id=1, name=InvenTree
2026-03-11 15:21:27 | INFO | [a396c35aa84846d68b5392b5543c6e23] | app.ai.service | 渲染后的用户 Prompt（前500字符）: 
请根据用户的业务意图，生成一个完整的 API 测试场景。

用户意图：
测试登录流程

项目信息：
- 项目名称：InvenTree
- 业务领域：电商
- 技术栈：

候选 API 列表（已通过向量检索和关键词匹配筛选）：

ID: 2677
方法: POST
路径: /api/search/
摘要: Perform search query against available models.
描述: Perform search query against available models.
请求参数: {'type': 'object', 'required': ['search'], 'parameters': [], 'properties': {'limit': {'type': 'integer', 'default': 1}, 'offset': {'type': 'integer', 'default': 0}, 'search': {'type': 'string'}, 'search_notes': {'type': 'boolean', 'default': 
2026-03-11 15:21:27 | INFO | [a396c35aa84846d68b5392b5543c6e23] | app.ai.service | 调用 AI 模型: model=OpenAIAdapter
2026-03-11 15:21:53 | INFO | [a396c35aa84846d68b5392b5543c6e23] | httpx | HTTP Request: POST https://api.siliconflow.cn/v1/chat/completions "HTTP/1.1 200 OK"
2026-03-11 15:21:54 | INFO | [a396c35aa84846d68b5392b5543c6e23] | app.ai.adapters.openai | OpenAI 调用成功: model=Qwen/Qwen2.5-Coder-7B-Instruct, tokens=2172
2026-03-11 15:21:54 | INFO | [a396c35aa84846d68b5392b5543c6e23] | app.ai.service | AI 调用成功: task_type=intent_scenario_generation, project_id=1, tokens_used=2172
2026-03-11 15:21:54 | ERROR | [a396c35aa84846d68b5392b5543c6e23] | app.api.v1.intent_workbench | [a396c35aa84846d68b5392b5543c6e23] JSON 解析失败: Expecting value: line 1 column 1 (char 0), result=### 阶段一：业务步骤识别

#### 业务步骤分解
1. **创建用户**：用户需要注册或创建一个新账户。
2. **登录用户**：用户使用创建的账户登录系统。
3. **查询用户信息**：用户登录后，查询自己的用户信息以确认登录成功。

#### 识别每个步骤对应的 API 调用
1. **创建用户**：候选API列表中没有直接创建用户的API，因此需要一个占位符。
2. **登录用户**：候选API列表中没有直接登录用户的API，因此需要一个占位符。
3. **查询用户信息**：候选API列表中没有直接查询用户信息的API，因此需要一个占位符。

#### 确定步骤之间的执行顺序（依赖关系）
1. **创建用户**（假设通过占位符） -> **登录用户**（假设通过占位符） -> **查询用户信息**（假设通过占位符）

### 阶段二：场景生成

```json
{
  "scenario": {
    "name": "测试登录流程",
    "description": "测试用户注册、登录和查询用户信息的完整流程",
    "scenario_type": "bu
2026-03-11 15:21:54 | ERROR | [a396c35aa84846d68b5392b5543c6e23] | app.dependencies | 数据库会话异常: 500: AI 返回数据格式错误，无法解析 JSON
Traceback (most recent call last):
  File "D:\code\BugSeek\backend\app\api\v1\intent_workbench.py", line 241, in generate_scenario_from_intent
    scenario_result = json.loads(scenario_result)
  File "C:\Users\81026\AppData\Local\Programs\Python\Python310\lib\json\__init__.py", line 346, in loads
    return _default_decoder.decode(s)
  File "C:\Users\81026\AppData\Local\Programs\Python\Python310\lib\json\decoder.py", line 337, in decode
    obj, end = self.raw_decode(s, idx=_w(s, 0).end())
  File "C:\Users\81026\AppData\Local\Programs\Python\Python310\lib\json\decoder.py", line 355, in raw_decode
    raise JSONDecodeError("Expecting value", s, err.value) from None
json.decoder.JSONDecodeError: Expecting value: line 1 column 1 (char 0)

During handling of the above exception, another exception occurred:

Traceback (most recent call last):
  File "D:\code\BugSeek\backend\app\dependencies.py", line 196, in get_db
    yield db
  File "C:\Users\81026\AppData\Local\Programs\Python\Python310\lib\site-packages\fastapi\concurrency.py", line 29, in contextmanager_in_threadpool
    yield await run_in_threadpool(cm.__enter__)
  File "C:\Users\81026\AppData\Local\Programs\Python\Python310\lib\site-packages\fastapi\routing.py", line 101, in app
    response = await f(request)
  File "C:\Users\81026\AppData\Local\Programs\Python\Python310\lib\site-packages\fastapi\routing.py", line 355, in app
    raw_response = await run_endpoint_function(
  File "C:\Users\81026\AppData\Local\Programs\Python\Python310\lib\site-packages\fastapi\routing.py", line 243, in run_endpoint_function
    return await dependant.call(**values)
  File "D:\code\BugSeek\backend\app\api\v1\intent_workbench.py", line 244, in generate_scenario_from_intent
    raise HTTPException(
fastapi.exceptions.HTTPException: 500: AI 返回数据格式错误，无法解析 JSON
2026-03-11 15:44:15 | INFO | [abe035cfd4e24297aca7096e19470150] | root | 日志系统初始化完成
2026-03-11 15:44:16 | INFO | [abe035cfd4e24297aca7096e19470150] | app.main | 应用启动事件执行中...
2026-03-11 15:44:16 | INFO | [abe035cfd4e24297aca7096e19470150] | app.main | Celery 实例: bugseek
2026-03-11 15:44:16 | INFO | [abe035cfd4e24297aca7096e19470150] | app.main | Broker URL: redis://127.0.0.1:6380/0
2026-03-11 15:44:16 | INFO | [abe035cfd4e24297aca7096e19470150] | app.main | Result Backend: redis://127.0.0.1:6380/1
2026-03-11 15:44:16 | INFO | [abe035cfd4e24297aca7096e19470150] | app.main | 字段映射任务已注册: app.celery.tasks.execute_field_mapping_task
2026-03-11 15:44:16 | INFO | [abe035cfd4e24297aca7096e19470150] | app.main | 开始预热向量索引...
2026-03-11 15:44:16 | INFO | [abe035cfd4e24297aca7096e19470150] | app.main | 应用启动事件执行完成
2026-03-11 15:44:16 | INFO | [abe035cfd4e24297aca7096e19470150] | app.main | 提示: 请确保 Celery Worker 正在运行
2026-03-11 15:44:16 | INFO | [abe035cfd4e24297aca7096e19470150] | app.main | 启动命令: celery -A app.celery_config worker --loglevel=info --pool=solo
2026-03-11 15:44:16 | INFO | [abe035cfd4e24297aca7096e19470150] | app.utils.vector_index | VectorIndexManager 单例初始化完成
2026-03-11 15:44:16 | INFO | [abe035cfd4e24297aca7096e19470150] | app.utils.vector_index | [abe035cfd4e24297aca7096e19470150] 从缓存加载向量索引成功: 289 个列
2026-03-11 15:44:16 | INFO | [abe035cfd4e24297aca7096e19470150] | app.utils.vector_index | VectorIndexManager 缓存加载成功: 289 个列
2026-03-11 15:44:16 | INFO | [abe035cfd4e24297aca7096e19470150] | app.main | 数据库列向量索引已从缓存加载
2026-03-11 15:44:16 | INFO | [abe035cfd4e24297aca7096e19470150] | app.main | 开始 API 向量索引预热...
2026-03-11 15:44:16 | INFO | [abe035cfd4e24297aca7096e19470150] | app.main | 找到 2 个活跃项目
2026-03-11 15:44:16 | INFO | [abe035cfd4e24297aca7096e19470150] | app.utils.vector.factory | 创建向量管理器: api
2026-03-11 15:44:16 | INFO | [abe035cfd4e24297aca7096e19470150] | app.main | 为项目 1 (InvenTree) 构建 API 向量索引...
2026-03-11 15:44:16 | INFO | [abe035cfd4e24297aca7096e19470150] | app.utils.vector.api_strategy | 从数据库加载 API 数据: 644 条记录
2026-03-11 15:44:16 | INFO | [abe035cfd4e24297aca7096e19470150] | app.utils.vector.api_strategy | 开始构建 API 向量索引: 644 条记录
2026-03-11 15:44:16 | INFO | [abe035cfd4e24297aca7096e19470150] | app.utils.vector.api_strategy | API schema_hash 计算: 0125252f2d68fe710bd78bd9edfa9261
2026-03-11 15:44:16 | INFO | [abe035cfd4e24297aca7096e19470150] | app.utils.vector.base | 加载向量模型: sentence-transformers/all-MiniLM-L6-v2
2026-03-11 15:44:16 | INFO | [abe035cfd4e24297aca7096e19470150] | app.utils.vector.base | 模型缓存目录: D:\code\BugSeek\backend\data\api_vectors\models
2026-03-11 15:44:16 | INFO | [abe035cfd4e24297aca7096e19470150] | app.utils.vector.base | 使用 Hugging Face 镜像: https://hf-mirror.com
2026-03-11 15:44:16 | INFO | [abe035cfd4e24297aca7096e19470150] | sentence_transformers.SentenceTransformer | Use pytorch device_name: cpu
2026-03-11 15:44:16 | INFO | [abe035cfd4e24297aca7096e19470150] | sentence_transformers.SentenceTransformer | Load pretrained SentenceTransformer: sentence-transformers/all-MiniLM-L6-v2
2026-03-11 15:44:20 | INFO | [abe035cfd4e24297aca7096e19470150] | httpx | HTTP Request: HEAD https://hf-mirror.com/sentence-transformers/all-MiniLM-L6-v2/resolve/main/modules.json "HTTP/1.1 307 Temporary Redirect"
2026-03-11 15:44:20 | INFO | [abe035cfd4e24297aca7096e19470150] | httpx | HTTP Request: HEAD https://hf-mirror.com/api/resolve-cache/models/sentence-transformers/all-MiniLM-L6-v2/c9745ed1d9f207416be6d2e6f8de32d1f16199bf/modules.json "HTTP/1.1 200 OK"
2026-03-11 15:44:22 | INFO | [abe035cfd4e24297aca7096e19470150] | httpx | HTTP Request: HEAD https://hf-mirror.com/sentence-transformers/all-MiniLM-L6-v2/resolve/main/config_sentence_transformers.json "HTTP/1.1 307 Temporary Redirect"
2026-03-11 15:44:22 | INFO | [abe035cfd4e24297aca7096e19470150] | httpx | HTTP Request: HEAD https://hf-mirror.com/api/resolve-cache/models/sentence-transformers/all-MiniLM-L6-v2/c9745ed1d9f207416be6d2e6f8de32d1f16199bf/config_sentence_transformers.json "HTTP/1.1 200 OK"
2026-03-11 15:44:24 | INFO | [abe035cfd4e24297aca7096e19470150] | httpx | HTTP Request: HEAD https://hf-mirror.com/sentence-transformers/all-MiniLM-L6-v2/resolve/main/config_sentence_transformers.json "HTTP/1.1 307 Temporary Redirect"
2026-03-11 15:44:24 | INFO | [abe035cfd4e24297aca7096e19470150] | httpx | HTTP Request: HEAD https://hf-mirror.com/api/resolve-cache/models/sentence-transformers/all-MiniLM-L6-v2/c9745ed1d9f207416be6d2e6f8de32d1f16199bf/config_sentence_transformers.json "HTTP/1.1 200 OK"
2026-03-11 15:44:24 | INFO | [abe035cfd4e24297aca7096e19470150] | httpx | HTTP Request: HEAD https://hf-mirror.com/sentence-transformers/all-MiniLM-L6-v2/resolve/main/README.md "HTTP/1.1 307 Temporary Redirect"
2026-03-11 15:44:25 | INFO | [abe035cfd4e24297aca7096e19470150] | httpx | HTTP Request: HEAD https://hf-mirror.com/api/resolve-cache/models/sentence-transformers/all-MiniLM-L6-v2/c9745ed1d9f207416be6d2e6f8de32d1f16199bf/README.md "HTTP/1.1 200 OK"
2026-03-11 15:44:26 | INFO | [abe035cfd4e24297aca7096e19470150] | httpx | HTTP Request: HEAD https://hf-mirror.com/sentence-transformers/all-MiniLM-L6-v2/resolve/main/modules.json "HTTP/1.1 307 Temporary Redirect"
2026-03-11 15:44:26 | INFO | [abe035cfd4e24297aca7096e19470150] | httpx | HTTP Request: HEAD https://hf-mirror.com/api/resolve-cache/models/sentence-transformers/all-MiniLM-L6-v2/c9745ed1d9f207416be6d2e6f8de32d1f16199bf/modules.json "HTTP/1.1 200 OK"
2026-03-11 15:44:27 | INFO | [abe035cfd4e24297aca7096e19470150] | httpx | HTTP Request: HEAD https://hf-mirror.com/sentence-transformers/all-MiniLM-L6-v2/resolve/main/sentence_bert_config.json "HTTP/1.1 307 Temporary Redirect"
2026-03-11 15:44:27 | INFO | [abe035cfd4e24297aca7096e19470150] | httpx | HTTP Request: HEAD https://hf-mirror.com/api/resolve-cache/models/sentence-transformers/all-MiniLM-L6-v2/c9745ed1d9f207416be6d2e6f8de32d1f16199bf/sentence_bert_config.json "HTTP/1.1 200 OK"
2026-03-11 15:44:28 | INFO | [abe035cfd4e24297aca7096e19470150] | httpx | HTTP Request: HEAD https://hf-mirror.com/sentence-transformers/all-MiniLM-L6-v2/resolve/main/adapter_config.json "HTTP/1.1 404 Not Found"
2026-03-11 15:44:29 | INFO | [abe035cfd4e24297aca7096e19470150] | httpx | HTTP Request: HEAD https://hf-mirror.com/sentence-transformers/all-MiniLM-L6-v2/resolve/main/config.json "HTTP/1.1 307 Temporary Redirect"
2026-03-11 15:44:29 | INFO | [abe035cfd4e24297aca7096e19470150] | httpx | HTTP Request: HEAD https://hf-mirror.com/api/resolve-cache/models/sentence-transformers/all-MiniLM-L6-v2/c9745ed1d9f207416be6d2e6f8de32d1f16199bf/config.json "HTTP/1.1 200 OK"
2026-03-11 15:44:30 | INFO | [abe035cfd4e24297aca7096e19470150] | httpx | HTTP Request: HEAD https://hf-mirror.com/sentence-transformers/all-MiniLM-L6-v2/resolve/main/config.json "HTTP/1.1 307 Temporary Redirect"
2026-03-11 15:44:30 | INFO | [abe035cfd4e24297aca7096e19470150] | httpx | HTTP Request: HEAD https://hf-mirror.com/api/resolve-cache/models/sentence-transformers/all-MiniLM-L6-v2/c9745ed1d9f207416be6d2e6f8de32d1f16199bf/config.json "HTTP/1.1 200 OK"
2026-03-11 15:44:31 | INFO | [abe035cfd4e24297aca7096e19470150] | httpx | HTTP Request: HEAD https://hf-mirror.com/sentence-transformers/all-MiniLM-L6-v2/resolve/main/tokenizer_config.json "HTTP/1.1 307 Temporary Redirect"
2026-03-11 15:44:31 | INFO | [abe035cfd4e24297aca7096e19470150] | httpx | HTTP Request: HEAD https://hf-mirror.com/api/resolve-cache/models/sentence-transformers/all-MiniLM-L6-v2/c9745ed1d9f207416be6d2e6f8de32d1f16199bf/tokenizer_config.json "HTTP/1.1 200 OK"
2026-03-11 15:44:32 | INFO | [abe035cfd4e24297aca7096e19470150] | httpx | HTTP Request: GET https://hf-mirror.com/api/models/sentence-transformers/all-MiniLM-L6-v2/tree/main/additional_chat_templates?recursive=false&expand=false "HTTP/1.1 404 Not Found"
2026-03-11 15:44:32 | INFO | [abe035cfd4e24297aca7096e19470150] | httpx | HTTP Request: GET https://hf-mirror.com/api/models/sentence-transformers/all-MiniLM-L6-v2/tree/main?recursive=true&expand=false "HTTP/1.1 200 OK"
2026-03-11 15:44:33 | INFO | [abe035cfd4e24297aca7096e19470150] | httpx | HTTP Request: HEAD https://hf-mirror.com/sentence-transformers/all-MiniLM-L6-v2/resolve/main/1_Pooling/config.json "HTTP/1.1 307 Temporary Redirect"
2026-03-11 15:44:33 | INFO | [abe035cfd4e24297aca7096e19470150] | httpx | HTTP Request: HEAD https://hf-mirror.com/api/resolve-cache/models/sentence-transformers/all-MiniLM-L6-v2/c9745ed1d9f207416be6d2e6f8de32d1f16199bf/1_Pooling%2Fconfig.json "HTTP/1.1 200 OK"
2026-03-11 15:44:34 | INFO | [abe035cfd4e24297aca7096e19470150] | httpx | HTTP Request: GET https://hf-mirror.com/api/models/sentence-transformers/all-MiniLM-L6-v2 "HTTP/1.1 200 OK"
2026-03-11 15:44:34 | INFO | [abe035cfd4e24297aca7096e19470150] | app.utils.vector.base | 向量模型加载完成
2026-03-11 15:44:38 | INFO | [abe035cfd4e24297aca7096e19470150] | app.utils.vector.api_strategy | API 向量索引构建完成: shape=(644, 384)
2026-03-11 15:44:38 | INFO | [abe035cfd4e24297aca7096e19470150] | app.utils.vector.base | 向量索引缓存保存成功: D:\code\BugSeek\backend\data\api_vectors\api_embeddings.pkl
2026-03-11 15:44:38 | INFO | [abe035cfd4e24297aca7096e19470150] | app.main | ✅ 项目 1 (InvenTree) API 向量索引构建成功
2026-03-11 15:44:38 | INFO | [abe035cfd4e24297aca7096e19470150] | app.main | 为项目 2 (TEST) 构建 API 向量索引...
2026-03-11 15:44:38 | INFO | [abe035cfd4e24297aca7096e19470150] | app.utils.vector.api_strategy | API 向量索引已存在，跳过构建: 644 条记录
2026-03-11 15:44:38 | INFO | [abe035cfd4e24297aca7096e19470150] | app.main | ✅ 项目 2 (TEST) API 向量索引构建成功
2026-03-11 15:44:38 | INFO | [abe035cfd4e24297aca7096e19470150] | app.main | ✅ 向量索引预热任务完成，系统语义检索功能就绪
2026-03-11 15:45:03 | INFO | [518c1d784cf94c44879681418d40efc9] | root | 日志系统初始化完成
2026-03-11 15:45:04 | INFO | [518c1d784cf94c44879681418d40efc9] | app.main | 应用启动事件执行中...
2026-03-11 15:45:04 | INFO | [518c1d784cf94c44879681418d40efc9] | app.main | Celery 实例: bugseek
2026-03-11 15:45:04 | INFO | [518c1d784cf94c44879681418d40efc9] | app.main | Broker URL: redis://127.0.0.1:6380/0
2026-03-11 15:45:04 | INFO | [518c1d784cf94c44879681418d40efc9] | app.main | Result Backend: redis://127.0.0.1:6380/1
2026-03-11 15:45:04 | INFO | [518c1d784cf94c44879681418d40efc9] | app.main | 字段映射任务已注册: app.celery.tasks.execute_field_mapping_task
2026-03-11 15:45:04 | INFO | [518c1d784cf94c44879681418d40efc9] | app.main | 开始预热向量索引...
2026-03-11 15:45:04 | INFO | [518c1d784cf94c44879681418d40efc9] | app.main | 应用启动事件执行完成
2026-03-11 15:45:04 | INFO | [518c1d784cf94c44879681418d40efc9] | app.main | 提示: 请确保 Celery Worker 正在运行
2026-03-11 15:45:04 | INFO | [518c1d784cf94c44879681418d40efc9] | app.main | 启动命令: celery -A app.celery_config worker --loglevel=info --pool=solo
2026-03-11 15:45:04 | INFO | [518c1d784cf94c44879681418d40efc9] | app.utils.vector_index | VectorIndexManager 单例初始化完成
2026-03-11 15:45:04 | INFO | [518c1d784cf94c44879681418d40efc9] | app.utils.vector_index | [518c1d784cf94c44879681418d40efc9] 从缓存加载向量索引成功: 289 个列
2026-03-11 15:45:04 | INFO | [518c1d784cf94c44879681418d40efc9] | app.utils.vector_index | VectorIndexManager 缓存加载成功: 289 个列
2026-03-11 15:45:04 | INFO | [518c1d784cf94c44879681418d40efc9] | app.main | 数据库列向量索引已从缓存加载
2026-03-11 15:45:04 | INFO | [518c1d784cf94c44879681418d40efc9] | app.main | 开始 API 向量索引预热...
2026-03-11 15:45:04 | INFO | [518c1d784cf94c44879681418d40efc9] | app.main | 找到 2 个活跃项目
2026-03-11 15:45:04 | INFO | [518c1d784cf94c44879681418d40efc9] | app.utils.vector.factory | 创建向量管理器: api
2026-03-11 15:45:04 | INFO | [518c1d784cf94c44879681418d40efc9] | app.main | 为项目 1 (InvenTree) 构建 API 向量索引...
2026-03-11 15:45:04 | INFO | [518c1d784cf94c44879681418d40efc9] | app.utils.vector.api_strategy | 从数据库加载 API 数据: 644 条记录
2026-03-11 15:45:04 | INFO | [518c1d784cf94c44879681418d40efc9] | app.utils.vector.api_strategy | 开始构建 API 向量索引: 644 条记录
2026-03-11 15:45:04 | INFO | [518c1d784cf94c44879681418d40efc9] | app.utils.vector.api_strategy | API schema_hash 计算: 0125252f2d68fe710bd78bd9edfa9261
2026-03-11 15:45:04 | INFO | [518c1d784cf94c44879681418d40efc9] | app.utils.vector.base | 加载向量模型: sentence-transformers/all-MiniLM-L6-v2
2026-03-11 15:45:04 | INFO | [518c1d784cf94c44879681418d40efc9] | app.utils.vector.base | 模型缓存目录: D:\code\BugSeek\backend\data\api_vectors\models
2026-03-11 15:45:04 | INFO | [518c1d784cf94c44879681418d40efc9] | app.utils.vector.base | 使用 Hugging Face 镜像: https://hf-mirror.com
2026-03-11 15:45:04 | INFO | [518c1d784cf94c44879681418d40efc9] | sentence_transformers.SentenceTransformer | Use pytorch device_name: cpu
2026-03-11 15:45:04 | INFO | [518c1d784cf94c44879681418d40efc9] | sentence_transformers.SentenceTransformer | Load pretrained SentenceTransformer: sentence-transformers/all-MiniLM-L6-v2
2026-03-11 15:45:06 | INFO | [518c1d784cf94c44879681418d40efc9] | httpx | HTTP Request: HEAD https://hf-mirror.com/sentence-transformers/all-MiniLM-L6-v2/resolve/main/modules.json "HTTP/1.1 307 Temporary Redirect"
2026-03-11 15:45:06 | INFO | [518c1d784cf94c44879681418d40efc9] | httpx | HTTP Request: HEAD https://hf-mirror.com/api/resolve-cache/models/sentence-transformers/all-MiniLM-L6-v2/c9745ed1d9f207416be6d2e6f8de32d1f16199bf/modules.json "HTTP/1.1 200 OK"
2026-03-11 15:45:07 | INFO | [518c1d784cf94c44879681418d40efc9] | httpx | HTTP Request: HEAD https://hf-mirror.com/sentence-transformers/all-MiniLM-L6-v2/resolve/main/config_sentence_transformers.json "HTTP/1.1 307 Temporary Redirect"
2026-03-11 15:45:07 | INFO | [518c1d784cf94c44879681418d40efc9] | httpx | HTTP Request: HEAD https://hf-mirror.com/api/resolve-cache/models/sentence-transformers/all-MiniLM-L6-v2/c9745ed1d9f207416be6d2e6f8de32d1f16199bf/config_sentence_transformers.json "HTTP/1.1 200 OK"
2026-03-11 15:45:08 | INFO | [518c1d784cf94c44879681418d40efc9] | httpx | HTTP Request: HEAD https://hf-mirror.com/sentence-transformers/all-MiniLM-L6-v2/resolve/main/config_sentence_transformers.json "HTTP/1.1 307 Temporary Redirect"
2026-03-11 15:45:08 | INFO | [518c1d784cf94c44879681418d40efc9] | httpx | HTTP Request: HEAD https://hf-mirror.com/api/resolve-cache/models/sentence-transformers/all-MiniLM-L6-v2/c9745ed1d9f207416be6d2e6f8de32d1f16199bf/config_sentence_transformers.json "HTTP/1.1 200 OK"
2026-03-11 15:45:09 | INFO | [518c1d784cf94c44879681418d40efc9] | httpx | HTTP Request: HEAD https://hf-mirror.com/sentence-transformers/all-MiniLM-L6-v2/resolve/main/README.md "HTTP/1.1 307 Temporary Redirect"
2026-03-11 15:45:09 | INFO | [518c1d784cf94c44879681418d40efc9] | httpx | HTTP Request: HEAD https://hf-mirror.com/api/resolve-cache/models/sentence-transformers/all-MiniLM-L6-v2/c9745ed1d9f207416be6d2e6f8de32d1f16199bf/README.md "HTTP/1.1 200 OK"
2026-03-11 15:45:11 | INFO | [518c1d784cf94c44879681418d40efc9] | httpx | HTTP Request: HEAD https://hf-mirror.com/sentence-transformers/all-MiniLM-L6-v2/resolve/main/modules.json "HTTP/1.1 307 Temporary Redirect"
2026-03-11 15:45:11 | INFO | [518c1d784cf94c44879681418d40efc9] | httpx | HTTP Request: HEAD https://hf-mirror.com/api/resolve-cache/models/sentence-transformers/all-MiniLM-L6-v2/c9745ed1d9f207416be6d2e6f8de32d1f16199bf/modules.json "HTTP/1.1 200 OK"
2026-03-11 15:45:13 | INFO | [518c1d784cf94c44879681418d40efc9] | httpx | HTTP Request: HEAD https://hf-mirror.com/sentence-transformers/all-MiniLM-L6-v2/resolve/main/sentence_bert_config.json "HTTP/1.1 307 Temporary Redirect"
2026-03-11 15:45:13 | INFO | [518c1d784cf94c44879681418d40efc9] | httpx | HTTP Request: HEAD https://hf-mirror.com/api/resolve-cache/models/sentence-transformers/all-MiniLM-L6-v2/c9745ed1d9f207416be6d2e6f8de32d1f16199bf/sentence_bert_config.json "HTTP/1.1 200 OK"
2026-03-11 15:45:13 | INFO | [518c1d784cf94c44879681418d40efc9] | httpx | HTTP Request: HEAD https://hf-mirror.com/sentence-transformers/all-MiniLM-L6-v2/resolve/main/adapter_config.json "HTTP/1.1 404 Not Found"
2026-03-11 15:45:14 | INFO | [518c1d784cf94c44879681418d40efc9] | httpx | HTTP Request: HEAD https://hf-mirror.com/sentence-transformers/all-MiniLM-L6-v2/resolve/main/config.json "HTTP/1.1 307 Temporary Redirect"
2026-03-11 15:45:14 | INFO | [518c1d784cf94c44879681418d40efc9] | httpx | HTTP Request: HEAD https://hf-mirror.com/api/resolve-cache/models/sentence-transformers/all-MiniLM-L6-v2/c9745ed1d9f207416be6d2e6f8de32d1f16199bf/config.json "HTTP/1.1 200 OK"
2026-03-11 15:45:15 | INFO | [518c1d784cf94c44879681418d40efc9] | httpx | HTTP Request: HEAD https://hf-mirror.com/sentence-transformers/all-MiniLM-L6-v2/resolve/main/config.json "HTTP/1.1 307 Temporary Redirect"
2026-03-11 15:45:16 | INFO | [518c1d784cf94c44879681418d40efc9] | httpx | HTTP Request: HEAD https://hf-mirror.com/api/resolve-cache/models/sentence-transformers/all-MiniLM-L6-v2/c9745ed1d9f207416be6d2e6f8de32d1f16199bf/config.json "HTTP/1.1 200 OK"
2026-03-11 15:45:16 | INFO | [518c1d784cf94c44879681418d40efc9] | httpx | HTTP Request: HEAD https://hf-mirror.com/sentence-transformers/all-MiniLM-L6-v2/resolve/main/tokenizer_config.json "HTTP/1.1 307 Temporary Redirect"
2026-03-11 15:45:16 | INFO | [518c1d784cf94c44879681418d40efc9] | httpx | HTTP Request: HEAD https://hf-mirror.com/api/resolve-cache/models/sentence-transformers/all-MiniLM-L6-v2/c9745ed1d9f207416be6d2e6f8de32d1f16199bf/tokenizer_config.json "HTTP/1.1 200 OK"
2026-03-11 15:45:17 | INFO | [518c1d784cf94c44879681418d40efc9] | httpx | HTTP Request: GET https://hf-mirror.com/api/models/sentence-transformers/all-MiniLM-L6-v2/tree/main/additional_chat_templates?recursive=false&expand=false "HTTP/1.1 404 Not Found"
2026-03-11 15:45:17 | INFO | [518c1d784cf94c44879681418d40efc9] | httpx | HTTP Request: GET https://hf-mirror.com/api/models/sentence-transformers/all-MiniLM-L6-v2/tree/main?recursive=true&expand=false "HTTP/1.1 200 OK"
2026-03-11 15:45:18 | INFO | [518c1d784cf94c44879681418d40efc9] | httpx | HTTP Request: HEAD https://hf-mirror.com/sentence-transformers/all-MiniLM-L6-v2/resolve/main/1_Pooling/config.json "HTTP/1.1 307 Temporary Redirect"
2026-03-11 15:45:18 | INFO | [518c1d784cf94c44879681418d40efc9] | httpx | HTTP Request: HEAD https://hf-mirror.com/api/resolve-cache/models/sentence-transformers/all-MiniLM-L6-v2/c9745ed1d9f207416be6d2e6f8de32d1f16199bf/1_Pooling%2Fconfig.json "HTTP/1.1 200 OK"
2026-03-11 15:45:19 | INFO | [518c1d784cf94c44879681418d40efc9] | httpx | HTTP Request: GET https://hf-mirror.com/api/models/sentence-transformers/all-MiniLM-L6-v2 "HTTP/1.1 200 OK"
2026-03-11 15:45:19 | INFO | [518c1d784cf94c44879681418d40efc9] | app.utils.vector.base | 向量模型加载完成
2026-03-11 15:45:22 | INFO | [518c1d784cf94c44879681418d40efc9] | app.utils.vector.api_strategy | API 向量索引构建完成: shape=(644, 384)
2026-03-11 15:45:22 | INFO | [518c1d784cf94c44879681418d40efc9] | app.utils.vector.base | 向量索引缓存保存成功: D:\code\BugSeek\backend\data\api_vectors\api_embeddings.pkl
2026-03-11 15:45:22 | INFO | [518c1d784cf94c44879681418d40efc9] | app.main | ✅ 项目 1 (InvenTree) API 向量索引构建成功
2026-03-11 15:45:22 | INFO | [518c1d784cf94c44879681418d40efc9] | app.main | 为项目 2 (TEST) 构建 API 向量索引...
2026-03-11 15:45:22 | INFO | [518c1d784cf94c44879681418d40efc9] | app.utils.vector.api_strategy | API 向量索引已存在，跳过构建: 644 条记录
2026-03-11 15:45:22 | INFO | [518c1d784cf94c44879681418d40efc9] | app.main | ✅ 项目 2 (TEST) API 向量索引构建成功
2026-03-11 15:45:22 | INFO | [518c1d784cf94c44879681418d40efc9] | app.main | ✅ 向量索引预热任务完成，系统语义检索功能就绪
2026-03-11 15:45:48 | INFO | [8264ebef790541c3a2fd0e487f3a5c78] | root | 日志系统初始化完成
2026-03-11 15:45:48 | INFO | [8264ebef790541c3a2fd0e487f3a5c78] | app.main | 应用启动事件执行中...
2026-03-11 15:45:48 | INFO | [8264ebef790541c3a2fd0e487f3a5c78] | app.main | Celery 实例: bugseek
2026-03-11 15:45:48 | INFO | [8264ebef790541c3a2fd0e487f3a5c78] | app.main | Broker URL: redis://127.0.0.1:6380/0
2026-03-11 15:45:48 | INFO | [8264ebef790541c3a2fd0e487f3a5c78] | app.main | Result Backend: redis://127.0.0.1:6380/1
2026-03-11 15:45:48 | INFO | [8264ebef790541c3a2fd0e487f3a5c78] | app.main | 字段映射任务已注册: app.celery.tasks.execute_field_mapping_task
2026-03-11 15:45:48 | INFO | [8264ebef790541c3a2fd0e487f3a5c78] | app.main | 开始预热向量索引...
2026-03-11 15:45:48 | INFO | [8264ebef790541c3a2fd0e487f3a5c78] | app.main | 应用启动事件执行完成
2026-03-11 15:45:48 | INFO | [8264ebef790541c3a2fd0e487f3a5c78] | app.main | 提示: 请确保 Celery Worker 正在运行
2026-03-11 15:45:48 | INFO | [8264ebef790541c3a2fd0e487f3a5c78] | app.main | 启动命令: celery -A app.celery_config worker --loglevel=info --pool=solo
2026-03-11 15:45:48 | INFO | [8264ebef790541c3a2fd0e487f3a5c78] | app.utils.vector_index | VectorIndexManager 单例初始化完成
2026-03-11 15:45:48 | INFO | [8264ebef790541c3a2fd0e487f3a5c78] | app.utils.vector_index | [8264ebef790541c3a2fd0e487f3a5c78] 从缓存加载向量索引成功: 289 个列
2026-03-11 15:45:48 | INFO | [8264ebef790541c3a2fd0e487f3a5c78] | app.utils.vector_index | VectorIndexManager 缓存加载成功: 289 个列
2026-03-11 15:45:48 | INFO | [8264ebef790541c3a2fd0e487f3a5c78] | app.main | 数据库列向量索引已从缓存加载
2026-03-11 15:45:48 | INFO | [8264ebef790541c3a2fd0e487f3a5c78] | app.main | 开始 API 向量索引预热...
2026-03-11 15:45:49 | INFO | [8264ebef790541c3a2fd0e487f3a5c78] | app.main | 找到 2 个活跃项目
2026-03-11 15:45:49 | INFO | [8264ebef790541c3a2fd0e487f3a5c78] | app.utils.vector.factory | 创建向量管理器: api
2026-03-11 15:45:49 | INFO | [8264ebef790541c3a2fd0e487f3a5c78] | app.main | 为项目 1 (InvenTree) 构建 API 向量索引...
2026-03-11 15:45:49 | INFO | [8264ebef790541c3a2fd0e487f3a5c78] | app.utils.vector.api_strategy | 从数据库加载 API 数据: 644 条记录
2026-03-11 15:45:49 | INFO | [8264ebef790541c3a2fd0e487f3a5c78] | app.utils.vector.api_strategy | 开始构建 API 向量索引: 644 条记录
2026-03-11 15:45:49 | INFO | [8264ebef790541c3a2fd0e487f3a5c78] | app.utils.vector.api_strategy | API schema_hash 计算: 0125252f2d68fe710bd78bd9edfa9261
2026-03-11 15:45:49 | INFO | [8264ebef790541c3a2fd0e487f3a5c78] | app.utils.vector.base | 加载向量模型: sentence-transformers/all-MiniLM-L6-v2
2026-03-11 15:45:49 | INFO | [8264ebef790541c3a2fd0e487f3a5c78] | app.utils.vector.base | 模型缓存目录: D:\code\BugSeek\backend\data\api_vectors\models
2026-03-11 15:45:49 | INFO | [8264ebef790541c3a2fd0e487f3a5c78] | app.utils.vector.base | 使用 Hugging Face 镜像: https://hf-mirror.com
2026-03-11 15:45:49 | INFO | [8264ebef790541c3a2fd0e487f3a5c78] | sentence_transformers.SentenceTransformer | Use pytorch device_name: cpu
2026-03-11 15:45:49 | INFO | [8264ebef790541c3a2fd0e487f3a5c78] | sentence_transformers.SentenceTransformer | Load pretrained SentenceTransformer: sentence-transformers/all-MiniLM-L6-v2
2026-03-11 15:45:52 | INFO | [8264ebef790541c3a2fd0e487f3a5c78] | httpx | HTTP Request: HEAD https://hf-mirror.com/sentence-transformers/all-MiniLM-L6-v2/resolve/main/modules.json "HTTP/1.1 307 Temporary Redirect"
2026-03-11 15:45:52 | INFO | [8264ebef790541c3a2fd0e487f3a5c78] | httpx | HTTP Request: HEAD https://hf-mirror.com/api/resolve-cache/models/sentence-transformers/all-MiniLM-L6-v2/c9745ed1d9f207416be6d2e6f8de32d1f16199bf/modules.json "HTTP/1.1 200 OK"
2026-03-11 15:45:53 | INFO | [8264ebef790541c3a2fd0e487f3a5c78] | httpx | HTTP Request: HEAD https://hf-mirror.com/sentence-transformers/all-MiniLM-L6-v2/resolve/main/config_sentence_transformers.json "HTTP/1.1 307 Temporary Redirect"
2026-03-11 15:45:53 | INFO | [8264ebef790541c3a2fd0e487f3a5c78] | httpx | HTTP Request: HEAD https://hf-mirror.com/api/resolve-cache/models/sentence-transformers/all-MiniLM-L6-v2/c9745ed1d9f207416be6d2e6f8de32d1f16199bf/config_sentence_transformers.json "HTTP/1.1 200 OK"
2026-03-11 15:45:54 | INFO | [8264ebef790541c3a2fd0e487f3a5c78] | httpx | HTTP Request: HEAD https://hf-mirror.com/sentence-transformers/all-MiniLM-L6-v2/resolve/main/config_sentence_transformers.json "HTTP/1.1 307 Temporary Redirect"
2026-03-11 15:45:54 | INFO | [8264ebef790541c3a2fd0e487f3a5c78] | httpx | HTTP Request: HEAD https://hf-mirror.com/api/resolve-cache/models/sentence-transformers/all-MiniLM-L6-v2/c9745ed1d9f207416be6d2e6f8de32d1f16199bf/config_sentence_transformers.json "HTTP/1.1 200 OK"
2026-03-11 15:45:55 | INFO | [8264ebef790541c3a2fd0e487f3a5c78] | httpx | HTTP Request: HEAD https://hf-mirror.com/sentence-transformers/all-MiniLM-L6-v2/resolve/main/README.md "HTTP/1.1 307 Temporary Redirect"
2026-03-11 15:45:55 | INFO | [8264ebef790541c3a2fd0e487f3a5c78] | httpx | HTTP Request: HEAD https://hf-mirror.com/api/resolve-cache/models/sentence-transformers/all-MiniLM-L6-v2/c9745ed1d9f207416be6d2e6f8de32d1f16199bf/README.md "HTTP/1.1 200 OK"
2026-03-11 15:46:07 | INFO | [8264ebef790541c3a2fd0e487f3a5c78] | httpx | HTTP Request: HEAD https://hf-mirror.com/sentence-transformers/all-MiniLM-L6-v2/resolve/main/sentence_bert_config.json "HTTP/1.1 307 Temporary Redirect"
2026-03-11 15:46:08 | INFO | [8264ebef790541c3a2fd0e487f3a5c78] | httpx | HTTP Request: HEAD https://hf-mirror.com/api/resolve-cache/models/sentence-transformers/all-MiniLM-L6-v2/c9745ed1d9f207416be6d2e6f8de32d1f16199bf/sentence_bert_config.json "HTTP/1.1 200 OK"
2026-03-11 15:46:08 | INFO | [8264ebef790541c3a2fd0e487f3a5c78] | httpx | HTTP Request: HEAD https://hf-mirror.com/sentence-transformers/all-MiniLM-L6-v2/resolve/main/adapter_config.json "HTTP/1.1 404 Not Found"
2026-03-11 15:46:09 | INFO | [8264ebef790541c3a2fd0e487f3a5c78] | httpx | HTTP Request: HEAD https://hf-mirror.com/sentence-transformers/all-MiniLM-L6-v2/resolve/main/config.json "HTTP/1.1 307 Temporary Redirect"
2026-03-11 15:46:09 | INFO | [8264ebef790541c3a2fd0e487f3a5c78] | httpx | HTTP Request: HEAD https://hf-mirror.com/api/resolve-cache/models/sentence-transformers/all-MiniLM-L6-v2/c9745ed1d9f207416be6d2e6f8de32d1f16199bf/config.json "HTTP/1.1 200 OK"
2026-03-11 15:46:10 | INFO | [8264ebef790541c3a2fd0e487f3a5c78] | httpx | HTTP Request: HEAD https://hf-mirror.com/sentence-transformers/all-MiniLM-L6-v2/resolve/main/config.json "HTTP/1.1 307 Temporary Redirect"
2026-03-11 15:46:11 | INFO | [8264ebef790541c3a2fd0e487f3a5c78] | httpx | HTTP Request: HEAD https://hf-mirror.com/api/resolve-cache/models/sentence-transformers/all-MiniLM-L6-v2/c9745ed1d9f207416be6d2e6f8de32d1f16199bf/config.json "HTTP/1.1 200 OK"
2026-03-11 15:46:12 | INFO | [8264ebef790541c3a2fd0e487f3a5c78] | httpx | HTTP Request: HEAD https://hf-mirror.com/sentence-transformers/all-MiniLM-L6-v2/resolve/main/tokenizer_config.json "HTTP/1.1 307 Temporary Redirect"
2026-03-11 15:46:12 | INFO | [8264ebef790541c3a2fd0e487f3a5c78] | httpx | HTTP Request: HEAD https://hf-mirror.com/api/resolve-cache/models/sentence-transformers/all-MiniLM-L6-v2/c9745ed1d9f207416be6d2e6f8de32d1f16199bf/tokenizer_config.json "HTTP/1.1 200 OK"
2026-03-11 15:46:13 | INFO | [8264ebef790541c3a2fd0e487f3a5c78] | httpx | HTTP Request: GET https://hf-mirror.com/api/models/sentence-transformers/all-MiniLM-L6-v2/tree/main/additional_chat_templates?recursive=false&expand=false "HTTP/1.1 404 Not Found"
2026-03-11 15:46:13 | INFO | [8264ebef790541c3a2fd0e487f3a5c78] | httpx | HTTP Request: GET https://hf-mirror.com/api/models/sentence-transformers/all-MiniLM-L6-v2/tree/main?recursive=true&expand=false "HTTP/1.1 200 OK"
2026-03-11 15:46:14 | INFO | [8264ebef790541c3a2fd0e487f3a5c78] | httpx | HTTP Request: HEAD https://hf-mirror.com/sentence-transformers/all-MiniLM-L6-v2/resolve/main/1_Pooling/config.json "HTTP/1.1 307 Temporary Redirect"
2026-03-11 15:46:14 | INFO | [8264ebef790541c3a2fd0e487f3a5c78] | httpx | HTTP Request: HEAD https://hf-mirror.com/api/resolve-cache/models/sentence-transformers/all-MiniLM-L6-v2/c9745ed1d9f207416be6d2e6f8de32d1f16199bf/1_Pooling%2Fconfig.json "HTTP/1.1 200 OK"
2026-03-11 15:46:15 | INFO | [8264ebef790541c3a2fd0e487f3a5c78] | httpx | HTTP Request: GET https://hf-mirror.com/api/models/sentence-transformers/all-MiniLM-L6-v2 "HTTP/1.1 200 OK"
2026-03-11 15:46:15 | INFO | [8264ebef790541c3a2fd0e487f3a5c78] | app.utils.vector.base | 向量模型加载完成
2026-03-11 15:46:18 | INFO | [8264ebef790541c3a2fd0e487f3a5c78] | app.utils.vector.api_strategy | API 向量索引构建完成: shape=(644, 384)
2026-03-11 15:46:18 | INFO | [8264ebef790541c3a2fd0e487f3a5c78] | app.utils.vector.base | 向量索引缓存保存成功: D:\code\BugSeek\backend\data\api_vectors\api_embeddings.pkl
2026-03-11 15:46:18 | INFO | [8264ebef790541c3a2fd0e487f3a5c78] | app.main | ✅ 项目 1 (InvenTree) API 向量索引构建成功
2026-03-11 15:46:18 | INFO | [8264ebef790541c3a2fd0e487f3a5c78] | app.main | 为项目 2 (TEST) 构建 API 向量索引...
2026-03-11 15:46:18 | INFO | [8264ebef790541c3a2fd0e487f3a5c78] | app.utils.vector.api_strategy | API 向量索引已存在，跳过构建: 644 条记录
2026-03-11 15:46:18 | INFO | [8264ebef790541c3a2fd0e487f3a5c78] | app.main | ✅ 项目 2 (TEST) API 向量索引构建成功
2026-03-11 15:46:18 | INFO | [8264ebef790541c3a2fd0e487f3a5c78] | app.main | ✅ 向量索引预热任务完成，系统语义检索功能就绪
2026-03-11 15:48:28 | INFO | [0cb1a486072f49b1930ae8f07101a9ef] | app.api.v1.intent_workbench | [0cb1a486072f49b1930ae8f07101a9ef] 意图生成场景: intent='测试登录流程', project_id=1
2026-03-11 15:48:28 | INFO | [0cb1a486072f49b1930ae8f07101a9ef] | app.api.v1.intent_workbench | [0cb1a486072f49b1930ae8f07101a9ef] [阶段一] 轻量检索候选 API...
2026-03-11 15:48:28 | INFO | [0cb1a486072f49b1930ae8f07101a9ef] | app.services.api_retrieval | [0cb1a486072f49b1930ae8f07101a9ef] 开始轻量级混合检索: intent='测试登录流程'
2026-03-11 15:48:28 | INFO | [0cb1a486072f49b1930ae8f07101a9ef] | app.services.api_retrieval | [0cb1a486072f49b1930ae8f07101a9ef] [阶段一] 关键词召回...
2026-03-11 15:48:28 | INFO | [0cb1a486072f49b1930ae8f07101a9ef] | app.services.api_retrieval | [0cb1a486072f49b1930ae8f07101a9ef] [阶段一] 原始意图: '测试登录流程'
2026-03-11 15:48:28 | INFO | [0cb1a486072f49b1930ae8f07101a9ef] | app.services.api_retrieval | [0cb1a486072f49b1930ae8f07101a9ef] [阶段一] 清理后意图: '测试登录流程'
2026-03-11 15:48:28 | INFO | [0cb1a486072f49b1930ae8f07101a9ef] | app.services.api_retrieval | [0cb1a486072f49b1930ae8f07101a9ef] 提取关键词: ['POST', '测试登录流程']
2026-03-11 15:48:28 | INFO | [0cb1a486072f49b1930ae8f07101a9ef] | app.services.api_retrieval | [0cb1a486072f49b1930ae8f07101a9ef] [阶段一] 关键词召回完成: found=122 candidates
2026-03-11 15:48:28 | INFO | [0cb1a486072f49b1930ae8f07101a9ef] | app.services.api_retrieval | [0cb1a486072f49b1930ae8f07101a9ef] [阶段二] 向量语义检索...
2026-03-11 15:48:28 | INFO | [0cb1a486072f49b1930ae8f07101a9ef] | app.utils.vector.api_strategy | API 向量检索完成: found=50 results
2026-03-11 15:48:28 | INFO | [0cb1a486072f49b1930ae8f07101a9ef] | app.services.api_retrieval | [0cb1a486072f49b1930ae8f07101a9ef] 向量检索完成: found=50 results
2026-03-11 15:48:28 | INFO | [0cb1a486072f49b1930ae8f07101a9ef] | app.services.api_retrieval | [0cb1a486072f49b1930ae8f07101a9ef] [阶段二] 向量检索完成: found=50 candidates
2026-03-11 15:48:28 | INFO | [0cb1a486072f49b1930ae8f07101a9ef] | app.services.api_retrieval | [0cb1a486072f49b1930ae8f07101a9ef] [阶段三] RRF 融合排序...
2026-03-11 15:48:28 | INFO | [0cb1a486072f49b1930ae8f07101a9ef] | app.services.api_retrieval | [0cb1a486072f49b1930ae8f07101a9ef] [阶段三] RRF 融合完成: merged=156 candidates
2026-03-11 15:48:28 | INFO | [0cb1a486072f49b1930ae8f07101a9ef] | app.services.api_retrieval | [0cb1a486072f49b1930ae8f07101a9ef] 轻量检索完成: 最终截取 10 个候选
2026-03-11 15:48:28 | INFO | [0cb1a486072f49b1930ae8f07101a9ef] | app.api.v1.intent_workbench | [0cb1a486072f49b1930ae8f07101a9ef] [阶段一] 检索到 10 个候选 API
2026-03-11 15:48:28 | INFO | [0cb1a486072f49b1930ae8f07101a9ef] | app.api.v1.intent_workbench | [0cb1a486072f49b1930ae8f07101a9ef] [阶段一结果] 候选 API 列表:
2026-03-11 15:48:28 | INFO | [0cb1a486072f49b1930ae8f07101a9ef] | app.api.v1.intent_workbench | [0cb1a486072f49b1930ae8f07101a9ef]   1. ID=2678, POST /api/barcode/po-receive/, 摘要=Endpoint for handling receiving parts by scanning their barcode.

Barcode data are decoded by the client application,
and sent to this endpoint (as a JSON object) for validation.

The barcode should f, RRF分数=0.0244
2026-03-11 15:48:28 | INFO | [0cb1a486072f49b1930ae8f07101a9ef] | app.api.v1.intent_workbench | [0cb1a486072f49b1930ae8f07101a9ef]   2. ID=2827, POST /api/stock/return/, 摘要=API endpoint for returning items into stock.

This API endpoint is for items that are initially considered "not in stock",
and the user wants to return them to stock, marking them as
"available" for f, RRF分数=0.0243
2026-03-11 15:48:28 | INFO | [0cb1a486072f49b1930ae8f07101a9ef] | app.api.v1.intent_workbench | [0cb1a486072f49b1930ae8f07101a9ef]   3. ID=2819, POST /api/webhook/{endpoint}/, 摘要=Process incoming webhook., RRF分数=0.0237
2026-03-11 15:48:28 | INFO | [0cb1a486072f49b1930ae8f07101a9ef] | app.api.v1.intent_workbench | [0cb1a486072f49b1930ae8f07101a9ef]   4. ID=2772, POST /api/part/internal-price/, 摘要=API endpoint for list view of PartInternalPriceBreak model., RRF分数=0.0221
2026-03-11 15:48:28 | INFO | [0cb1a486072f49b1930ae8f07101a9ef] | app.api.v1.intent_workbench | [0cb1a486072f49b1930ae8f07101a9ef]   5. ID=2642, POST /api/part/stocktake/, 摘要=API endpoint for listing part stocktake information., RRF分数=0.0219
2026-03-11 15:48:28 | INFO | [0cb1a486072f49b1930ae8f07101a9ef] | app.api.v1.intent_workbench | [0cb1a486072f49b1930ae8f07101a9ef]   ... 还有 5 个 API
2026-03-11 15:48:28 | INFO | [0cb1a486072f49b1930ae8f07101a9ef] | app.api.v1.intent_workbench | [0cb1a486072f49b1930ae8f07101a9ef] [阶段二] AI 选择核心 API...
2026-03-11 15:48:28 | INFO | [0cb1a486072f49b1930ae8f07101a9ef] | app.ai.service | AI 执行开始: task_type=intent_api_selection, project_id=1
2026-03-11 15:48:28 | INFO | [0cb1a486072f49b1930ae8f07101a9ef] | app.ai.service | AI 输入数据: method=None, path=None, summary=None
2026-03-11 15:48:28 | INFO | [0cb1a486072f49b1930ae8f07101a9ef] | app.ai.context | 注入项目上下文: project_id=1, name=InvenTree
2026-03-11 15:48:28 | INFO | [0cb1a486072f49b1930ae8f07101a9ef] | app.ai.service | 渲染后的用户 Prompt（前500字符）: 
请根据用户意图，从候选 API 列表中选择 3-5 个最相关的 API。

用户意图：
测试登录流程

候选 API 列表（包含签名信息 + 关键参数）：

ID: 2678
路径: /api/barcode/po-receive/
摘要: Endpoint for handling receiving parts by scanning their barcode.

Barcode data are decoded by the client application,
and sent to this endpoint (as a JSON object) for validation.

The barcode should f
核心入参: ['barcode', 'location', 'supplier', 'line_item', 'auto_allocate', 'purchase_order']  # 修正陷阱四：保留关键参数摘要

ID: 2827
路径: /api/stock/return/
摘要: API endpoint for returning items
2026-03-11 15:48:29 | INFO | [0cb1a486072f49b1930ae8f07101a9ef] | app.ai.adapters.factory | 创建模型适配器: provider=openai
2026-03-11 15:48:29 | INFO | [0cb1a486072f49b1930ae8f07101a9ef] | app.ai.service | 调用 AI 模型: model=OpenAIAdapter
2026-03-11 15:48:32 | INFO | [0cb1a486072f49b1930ae8f07101a9ef] | httpx | HTTP Request: POST https://api.siliconflow.cn/v1/chat/completions "HTTP/1.1 200 OK"
2026-03-11 15:48:32 | INFO | [0cb1a486072f49b1930ae8f07101a9ef] | app.ai.adapters.openai | OpenAI 调用成功: model=Qwen/Qwen2.5-Coder-7B-Instruct, tokens=1111
2026-03-11 15:48:32 | INFO | [0cb1a486072f49b1930ae8f07101a9ef] | app.ai.service | AI 调用成功: task_type=intent_api_selection, project_id=1, tokens_used=1111
2026-03-11 15:48:32 | INFO | [0cb1a486072f49b1930ae8f07101a9ef] | app.api.v1.intent_workbench | [0cb1a486072f49b1930ae8f07101a9ef] [阶段二] AI 选择了 3 个核心 API
2026-03-11 15:48:32 | INFO | [0cb1a486072f49b1930ae8f07101a9ef] | app.api.v1.intent_workbench | [0cb1a486072f49b1930ae8f07101a9ef] [阶段二结果] 选中的 API ID 列表: [2678, 2669, 2805]
2026-03-11 15:48:32 | INFO | [0cb1a486072f49b1930ae8f07101a9ef] | app.api.v1.intent_workbench | [0cb1a486072f49b1930ae8f07101a9ef]   - ID=2678, POST /api/barcode/po-receive/, 摘要=Endpoint for handling receiving parts by scanning their barcode.

Barcode data are decoded by the client application,
and sent to this endpoint (as a JSON object) for validation.

The barcode should f
2026-03-11 15:48:32 | INFO | [0cb1a486072f49b1930ae8f07101a9ef] | app.api.v1.intent_workbench | [0cb1a486072f49b1930ae8f07101a9ef]   - ID=2669, POST /api/part/, 摘要=API endpoint for accessing a list of Part objects, or creating a new Part instance.
2026-03-11 15:48:32 | INFO | [0cb1a486072f49b1930ae8f07101a9ef] | app.api.v1.intent_workbench | [0cb1a486072f49b1930ae8f07101a9ef]   - ID=2805, POST /api/stock/change_status/, 摘要=API endpoint to change the status code of multiple StockItem objects.
2026-03-11 15:48:32 | INFO | [0cb1a486072f49b1930ae8f07101a9ef] | app.api.v1.intent_workbench | [0cb1a486072f49b1930ae8f07101a9ef] [阶段三] 加载选中 API 的详细 Schema...
2026-03-11 15:48:32 | INFO | [0cb1a486072f49b1930ae8f07101a9ef] | app.api.v1.intent_workbench | [0cb1a486072f49b1930ae8f07101a9ef] [阶段三] 成功加载 3 个 API 的详细 Schema
2026-03-11 15:48:32 | INFO | [0cb1a486072f49b1930ae8f07101a9ef] | app.api.v1.intent_workbench | [0cb1a486072f49b1930ae8f07101a9ef] [阶段三结果] 加载的 API 详细信息:
2026-03-11 15:48:32 | INFO | [0cb1a486072f49b1930ae8f07101a9ef] | app.api.v1.intent_workbench | [0cb1a486072f49b1930ae8f07101a9ef]   1. ID=2669, POST /api/part/
2026-03-11 15:48:32 | INFO | [0cb1a486072f49b1930ae8f07101a9ef] | app.api.v1.intent_workbench | [0cb1a486072f49b1930ae8f07101a9ef]      摘要: API endpoint for accessing a list of Part objects, or creating a new Part instance.
2026-03-11 15:48:32 | INFO | [0cb1a486072f49b1930ae8f07101a9ef] | app.api.v1.intent_workbench | [0cb1a486072f49b1930ae8f07101a9ef]      描述: API endpoint for accessing a list of Part objects, or creating a new Part instance.
2026-03-11 15:48:32 | INFO | [0cb1a486072f49b1930ae8f07101a9ef] | app.api.v1.intent_workbench | [0cb1a486072f49b1930ae8f07101a9ef]      请求参数键: ['type', 'required', 'parameters', 'properties', 'description']
2026-03-11 15:48:32 | INFO | [0cb1a486072f49b1930ae8f07101a9ef] | app.api.v1.intent_workbench | [0cb1a486072f49b1930ae8f07101a9ef]      响应参数键: ['type', 'required', 'responses', 'properties', 'description']
2026-03-11 15:48:32 | INFO | [0cb1a486072f49b1930ae8f07101a9ef] | app.api.v1.intent_workbench | [0cb1a486072f49b1930ae8f07101a9ef]   2. ID=2678, POST /api/barcode/po-receive/
2026-03-11 15:48:32 | INFO | [0cb1a486072f49b1930ae8f07101a9ef] | app.api.v1.intent_workbench | [0cb1a486072f49b1930ae8f07101a9ef]      摘要: Endpoint for handling receiving parts by scanning their barcode.

Barcode data are decoded by the client application,
and sent to this endpoint (as a JSON object) for validation.

The barcode should f
2026-03-11 15:48:32 | INFO | [0cb1a486072f49b1930ae8f07101a9ef] | app.api.v1.intent_workbench | [0cb1a486072f49b1930ae8f07101a9ef]      描述: Endpoint for handling receiving parts by scanning their barcode.

Barcode data are decoded by the cl...
2026-03-11 15:48:32 | INFO | [0cb1a486072f49b1930ae8f07101a9ef] | app.api.v1.intent_workbench | [0cb1a486072f49b1930ae8f07101a9ef]      请求参数键: ['type', 'required', 'parameters', 'properties', 'description']
2026-03-11 15:48:32 | INFO | [0cb1a486072f49b1930ae8f07101a9ef] | app.api.v1.intent_workbench | [0cb1a486072f49b1930ae8f07101a9ef]      响应参数键: ['type', 'required', 'responses', 'properties', 'description']
2026-03-11 15:48:32 | INFO | [0cb1a486072f49b1930ae8f07101a9ef] | app.api.v1.intent_workbench | [0cb1a486072f49b1930ae8f07101a9ef]   3. ID=2805, POST /api/stock/change_status/
2026-03-11 15:48:32 | INFO | [0cb1a486072f49b1930ae8f07101a9ef] | app.api.v1.intent_workbench | [0cb1a486072f49b1930ae8f07101a9ef]      摘要: API endpoint to change the status code of multiple StockItem objects.
2026-03-11 15:48:32 | INFO | [0cb1a486072f49b1930ae8f07101a9ef] | app.api.v1.intent_workbench | [0cb1a486072f49b1930ae8f07101a9ef]      描述: API endpoint to change the status code of multiple StockItem objects.
2026-03-11 15:48:32 | INFO | [0cb1a486072f49b1930ae8f07101a9ef] | app.api.v1.intent_workbench | [0cb1a486072f49b1930ae8f07101a9ef]      请求参数键: ['type', 'required', 'parameters', 'properties', 'description']
2026-03-11 15:48:32 | INFO | [0cb1a486072f49b1930ae8f07101a9ef] | app.api.v1.intent_workbench | [0cb1a486072f49b1930ae8f07101a9ef]      响应参数键: ['type', 'required', 'responses', 'properties', 'description']
2026-03-11 15:48:32 | INFO | [0cb1a486072f49b1930ae8f07101a9ef] | app.api.v1.intent_workbench | [0cb1a486072f49b1930ae8f07101a9ef] [阶段四] 生成场景结构...
2026-03-11 15:48:32 | INFO | [0cb1a486072f49b1930ae8f07101a9ef] | app.ai.service | AI 执行开始: task_type=intent_scenario_generation, project_id=1
2026-03-11 15:48:32 | INFO | [0cb1a486072f49b1930ae8f07101a9ef] | app.ai.service | AI 输入数据: method=None, path=None, summary=None
2026-03-11 15:48:32 | INFO | [0cb1a486072f49b1930ae8f07101a9ef] | app.dependencies | 连接池状态 - 大小: 20, 溢出: -18, 已检出: 2, 空闲: 18, 统计 - 创建: 4, 检出: 10, 检入: 6, 溢出: 0, 错误: 0, 最大并发: 2
2026-03-11 15:48:32 | INFO | [0cb1a486072f49b1930ae8f07101a9ef] | app.ai.context | 注入项目上下文: project_id=1, name=InvenTree
2026-03-11 15:48:32 | INFO | [0cb1a486072f49b1930ae8f07101a9ef] | app.ai.service | 渲染后的用户 Prompt（前500字符）: 
请根据用户的业务意图，生成一个完整的 API 测试场景。

用户意图：
测试登录流程

项目信息：
- 项目名称：InvenTree
- 业务领域：电商
- 技术栈：

候选 API 列表（已通过向量检索和关键词匹配筛选）：

ID: 2669
方法: POST
路径: /api/part/
摘要: API endpoint for accessing a list of Part objects, or creating a new Part instance.
描述: API endpoint for accessing a list of Part objects, or creating a new Part instance.
请求参数: {'type': 'object', 'required': ['barcode_hash', 'category_name', 'full_name', 'name', 'pk', 'starred', 'thumbnail'], 'parameters': [], 'properties': {'pk': {'type': 'inte
2026-03-11 15:48:32 | INFO | [0cb1a486072f49b1930ae8f07101a9ef] | app.ai.service | 调用 AI 模型: model=OpenAIAdapter
2026-03-11 15:48:49 | INFO | [0cb1a486072f49b1930ae8f07101a9ef] | httpx | HTTP Request: POST https://api.siliconflow.cn/v1/chat/completions "HTTP/1.1 200 OK"
2026-03-11 15:48:49 | INFO | [0cb1a486072f49b1930ae8f07101a9ef] | app.ai.adapters.openai | OpenAI 调用成功: model=Qwen/Qwen2.5-Coder-7B-Instruct, tokens=6820
2026-03-11 15:48:49 | INFO | [0cb1a486072f49b1930ae8f07101a9ef] | app.ai.service | AI 调用成功: task_type=intent_scenario_generation, project_id=1, tokens_used=6820
2026-03-11 15:48:49 | ERROR | [0cb1a486072f49b1930ae8f07101a9ef] | app.api.v1.intent_workbench | JSON 解析失败: Expecting value: line 1 column 1 (char 0), raw_text=### 阶段一：业务步骤识别

1. **登录用户**
   - 需要 API：待补齐：登录用户
   - 缺少该接口，需要用户手动选择。

2. **获取用户信息**
   - 需要 API：待补齐：获取用户信息
   - 缺少该接口，需要用户手动选择。

### 阶段二：场景生成

```json
{
  "scenario": {
    "name": "登录流程测试",
    "des
2026-03-11 15:48:49 | ERROR | [0cb1a486072f49b1930ae8f07101a9ef] | app.api.v1.intent_workbench | [0cb1a486072f49b1930ae8f07101a9ef] AI 返回格式净化失败: AI 返回数据格式错误: Expecting value: line 1 column 1 (char 0), AI原始返回=### 阶段一：业务步骤识别

1. **登录用户**
   - 需要 API：待补齐：登录用户
   - 缺少该接口，需要用户手动选择。

2. **获取用户信息**
   - 需要 API：待补齐：获取用户信息
   - 缺少该接口，需要用户手动选择。

### 阶段二：场景生成

```json
{
  "scenario": {
    "name": "登录流程测试",
    "description": "测试登录流程",
    "scenario_type": "business_flow",
    "source_type": "intent",
    "execution_mode": "dag",
    "timeout_seconds": 600,
    "retry_count": 0,
    "continue_on_failure": false
  },
  "nodes": [
    {
      "node_key": "step1",
      "node_name": "待补齐：登录用户",
      "node_type":
2026-03-11 15:48:49 | ERROR | [0cb1a486072f49b1930ae8f07101a9ef] | app.dependencies | 数据库会话异常: 500: AI 返回数据格式错误，无法解析: AI 返回数据格式错误: Expecting value: line 1 column 1 (char 0)
Traceback (most recent call last):
  File "D:\code\BugSeek\backend\app\api\v1\intent_workbench.py", line 584, in _parse_ai_response
    result = json.loads(raw_text)
  File "C:\Users\81026\AppData\Local\Programs\Python\Python310\lib\json\__init__.py", line 346, in loads
    return _default_decoder.decode(s)
  File "C:\Users\81026\AppData\Local\Programs\Python\Python310\lib\json\decoder.py", line 337, in decode
    obj, end = self.raw_decode(s, idx=_w(s, 0).end())
  File "C:\Users\81026\AppData\Local\Programs\Python\Python310\lib\json\decoder.py", line 355, in raw_decode
    raise JSONDecodeError("Expecting value", s, err.value) from None
json.decoder.JSONDecodeError: Expecting value: line 1 column 1 (char 0)

During handling of the above exception, another exception occurred:

Traceback (most recent call last):
  File "D:\code\BugSeek\backend\app\api\v1\intent_workbench.py", line 239, in generate_scenario_from_intent
    parsed_result = _parse_ai_response(ai_result["result"])
  File "D:\code\BugSeek\backend\app\api\v1\intent_workbench.py", line 588, in _parse_ai_response
    raise ValueError(f"AI 返回数据格式错误: {str(e)}")
ValueError: AI 返回数据格式错误: Expecting value: line 1 column 1 (char 0)

During handling of the above exception, another exception occurred:

Traceback (most recent call last):
  File "D:\code\BugSeek\backend\app\dependencies.py", line 196, in get_db
    yield db
  File "C:\Users\81026\AppData\Local\Programs\Python\Python310\lib\site-packages\fastapi\concurrency.py", line 29, in contextmanager_in_threadpool
    yield await run_in_threadpool(cm.__enter__)
  File "C:\Users\81026\AppData\Local\Programs\Python\Python310\lib\site-packages\fastapi\routing.py", line 101, in app
    response = await f(request)
  File "C:\Users\81026\AppData\Local\Programs\Python\Python310\lib\site-packages\fastapi\routing.py", line 355, in app
    raw_response = await run_endpoint_function(
  File "C:\Users\81026\AppData\Local\Programs\Python\Python310\lib\site-packages\fastapi\routing.py", line 243, in run_endpoint_function
    return await dependant.call(**values)
  File "D:\code\BugSeek\backend\app\api\v1\intent_workbench.py", line 248, in generate_scenario_from_intent
    raise HTTPException(
fastapi.exceptions.HTTPException: 500: AI 返回数据格式错误，无法解析: AI 返回数据格式错误: Expecting value: line 1 column 1 (char 0)
2026-03-11 16:24:14 | INFO | [7a779a665b6848c9894147fd532ab41e] | app.api.v1.versions | [7a779a665b6848c9894147fd532ab41e] 查询版本列表: project_id=1, page=1, page_size=100, user=admin
2026-03-11 16:24:14 | INFO | [d663396f01b1483e9c862d8ef6217c02] | app.api.v1.projects | [d663396f01b1483e9c862d8ef6217c02] 用户 admin 获取项目列表: page=1, page_size=100
2026-03-11 16:24:14 | INFO | [d663396f01b1483e9c862d8ef6217c02] | app.api.v1.projects | [d663396f01b1483e9c862d8ef6217c02] 获取项目列表成功: total=2
2026-03-11 16:24:14 | INFO | [c4c2fdb77e8a43018bc66e7a90b2c6e0] | app.api.v1.versions | [c4c2fdb77e8a43018bc66e7a90b2c6e0] 查询版本列表: project_id=1, page=1, page_size=100, user=admin
2026-03-11 16:24:14 | INFO | [ceefcef952a24bd1a110b9f56b714f71] | app.api.v1.projects | [ceefcef952a24bd1a110b9f56b714f71] 用户 admin 获取项目列表: page=1, page_size=100
2026-03-11 16:24:14 | INFO | [ceefcef952a24bd1a110b9f56b714f71] | app.api.v1.projects | [ceefcef952a24bd1a110b9f56b714f71] 获取项目列表成功: total=2
2026-03-11 16:24:14 | INFO | [44a54db5b97f4b12a9b8bbb2aa37a4e9] | app.dependencies | 连接池状态 - 大小: 20, 溢出: -18, 已检出: 1, 空闲: 19, 统计 - 创建: 4, 检出: 20, 检入: 18, 溢出: 0, 错误: 0, 最大并发: 2
2026-03-11 16:24:14 | INFO | [44a54db5b97f4b12a9b8bbb2aa37a4e9] | app.api.v1.projects | [44a54db5b97f4b12a9b8bbb2aa37a4e9] 用户 admin 获取项目列表: page=1, page_size=100
2026-03-11 16:24:14 | INFO | [44a54db5b97f4b12a9b8bbb2aa37a4e9] | app.api.v1.projects | [44a54db5b97f4b12a9b8bbb2aa37a4e9] 获取项目列表成功: total=2
2026-03-11 16:24:15 | INFO | [cda3741c9c1246d39685aba60a04b3e0] | app.api.v1.projects | [cda3741c9c1246d39685aba60a04b3e0] 用户 admin 获取项目列表: page=1, page_size=100
2026-03-11 16:24:15 | INFO | [cda3741c9c1246d39685aba60a04b3e0] | app.api.v1.projects | [cda3741c9c1246d39685aba60a04b3e0] 获取项目列表成功: total=2
2026-03-11 17:00:55 | INFO | [a9700dd8244c4581a49c8a9acbc1afe5] | app.api.v1.api_definitions | [a9700dd8244c4581a49c8a9acbc1afe5] 查询 API 定义列表: skip=0, limit=20, user=admin, project_id=1, version_id=1
2026-03-11 17:00:55 | INFO | [9a42277a4a2b4abb862ad44e81c1504b] | app.api.v1.api_definitions | [9a42277a4a2b4abb862ad44e81c1504b] 查询 API 定义列表: skip=0, limit=20, user=admin, project_id=1, version_id=1
2026-03-11 17:00:55 | INFO | [f05efe5a842748cf87b7c84019257535] | app.api.v1.api_definitions | [f05efe5a842748cf87b7c84019257535] 查询 API 定义列表: skip=0, limit=20, user=admin, project_id=1, version_id=1
2026-03-11 17:00:58 | INFO | [62ad0642cd0547a097e75738e6aa9cb6] | app.dependencies | 连接池状态 - 大小: 20, 溢出: -18, 已检出: 1, 空闲: 19, 统计 - 创建: 8, 检出: 30, 检入: 28, 溢出: 0, 错误: 0, 最大并发: 2
2026-03-11 17:00:58 | INFO | [62ad0642cd0547a097e75738e6aa9cb6] | app.api.v1.environments | [62ad0642cd0547a097e75738e6aa9cb6] 用户 admin 获取环境列表: project_id=1
2026-03-11 17:00:58 | INFO | [62ad0642cd0547a097e75738e6aa9cb6] | app.api.v1.environments | [62ad0642cd0547a097e75738e6aa9cb6] 用户 admin 查看环境 项目 InvenTree (id=1) 的环境
2026-03-11 17:00:58 | INFO | [62ad0642cd0547a097e75738e6aa9cb6] | app.api.v1.environments | [62ad0642cd0547a097e75738e6aa9cb6] 获取环境列表成功: total=2
2026-03-11 17:00:58 | INFO | [ac855f1d9a61438e8e5c8a261ae083b8] | app.api.v1.api_definitions | [ac855f1d9a61438e8e5c8a261ae083b8] 查询 API 定义列表: skip=0, limit=200, user=admin, project_id=1, version_id=1
2026-03-11 17:00:58 | INFO | [2baa9671db514207b3d046fe77705b93] | app.api.v1.api_cases | [2baa9671db514207b3d046fe77705b93] 查询 API 用例列表: skip=0, limit=20, user=admin, project_id=1
2026-03-11 17:00:58 | INFO | [486e1cf0be3d46e680de894c82870323] | app.api.v1.environments | [486e1cf0be3d46e680de894c82870323] 用户 admin 获取环境列表: project_id=1
2026-03-11 17:00:58 | INFO | [486e1cf0be3d46e680de894c82870323] | app.api.v1.environments | [486e1cf0be3d46e680de894c82870323] 用户 admin 查看环境 项目 InvenTree (id=1) 的环境
2026-03-11 17:00:58 | INFO | [486e1cf0be3d46e680de894c82870323] | app.api.v1.environments | [486e1cf0be3d46e680de894c82870323] 获取环境列表成功: total=2
2026-03-11 17:00:58 | INFO | [0bc8f7363e3541caa7c43b8cd2ec0e7c] | app.api.v1.api_definitions | [0bc8f7363e3541caa7c43b8cd2ec0e7c] 查询 API 定义列表: skip=0, limit=200, user=admin, project_id=1, version_id=1
2026-03-11 17:00:59 | INFO | [9eb0196b929747ca9f9481ffe218aeed] | app.dependencies | 连接池状态 - 大小: 20, 溢出: -17, 已检出: 2, 空闲: 18, 统计 - 创建: 10, 检出: 40, 检入: 36, 溢出: 0, 错误: 0, 最大并发: 2
2026-03-11 17:00:59 | INFO | [9eb0196b929747ca9f9481ffe218aeed] | app.api.v1.api_cases | [9eb0196b929747ca9f9481ffe218aeed] 查询 API 用例列表: skip=0, limit=20, user=admin, project_id=1
2026-03-11 17:01:07 | INFO | [97517d51eaf542dda5eb859691831cb6] | app.api.v1.api_definitions | [97517d51eaf542dda5eb859691831cb6] 查询 API 定义列表: skip=0, limit=20, user=admin, project_id=1, version_id=1
2026-03-11 17:01:07 | INFO | [39a41d4193ab4bd5a55184ec4b6add28] | app.api.v1.api_definitions | [39a41d4193ab4bd5a55184ec4b6add28] 查询 API 定义列表: skip=0, limit=20, user=admin, project_id=1, version_id=1
2026-03-11 17:01:07 | INFO | [0cf660db1a4b431db807ce9499303201] | app.api.v1.api_definitions | [0cf660db1a4b431db807ce9499303201] 查询 API 定义列表: skip=0, limit=20, user=admin, project_id=1, version_id=1
2026-03-11 17:01:29 | INFO | [9bf92694ce0b43ab8148ffd49ccbe6bf] | app.api.v1.api_definitions | [9bf92694ce0b43ab8148ffd49ccbe6bf] 查询 API 定义列表: skip=20, limit=20, user=admin, project_id=1, version_id=1
2026-03-11 17:01:38 | INFO | [e75fc38a6ba542f5ad73bed4b7da8324] | app.dependencies | 连接池状态 - 大小: 20, 溢出: -17, 已检出: 1, 空闲: 19, 统计 - 创建: 10, 检出: 50, 检入: 48, 溢出: 0, 错误: 0, 最大并发: 2
2026-03-11 17:01:38 | INFO | [e75fc38a6ba542f5ad73bed4b7da8324] | app.api.v1.api_definitions | [e75fc38a6ba542f5ad73bed4b7da8324] 查询 API 定义列表: skip=0, limit=20, user=admin, project_id=1, version_id=1
2026-03-11 17:01:38 | INFO | [b111cf8d2c1746c7b9f7c0aaf85b1ee6] | app.api.v1.api_definitions | [b111cf8d2c1746c7b9f7c0aaf85b1ee6] 查询 API 定义列表: skip=0, limit=20, user=admin, project_id=1, version_id=1
2026-03-11 17:01:38 | INFO | [d38eccf63ed9438ab29734a8bd0ebb40] | app.api.v1.api_definitions | [d38eccf63ed9438ab29734a8bd0ebb40] 查询 API 定义列表: skip=0, limit=20, user=admin, project_id=1, version_id=1
2026-03-11 17:01:44 | INFO | [0c373330755c4fc8a0c2ca7e69ddf920] | app.api.v1.api_definitions | [0c373330755c4fc8a0c2ca7e69ddf920] 查询 API 定义列表: skip=0, limit=200, user=admin, project_id=1, version_id=1
2026-03-11 17:01:44 | INFO | [6640dc5a5d4b40cbabb05bd653ad1370] | app.api.v1.api_cases | [6640dc5a5d4b40cbabb05bd653ad1370] 查询 API 用例列表: skip=0, limit=20, user=admin, project_id=1
2026-03-11 17:01:44 | INFO | [2eba5f1b7f4f4f0f9f5464ecfa90ad4f] | app.dependencies | 连接池状态 - 大小: 20, 溢出: -17, 已检出: 3, 空闲: 17, 统计 - 创建: 10, 检出: 60, 检入: 54, 溢出: 0, 错误: 0, 最大并发: 3
2026-03-11 17:01:44 | INFO | [2eba5f1b7f4f4f0f9f5464ecfa90ad4f] | app.api.v1.environments | [2eba5f1b7f4f4f0f9f5464ecfa90ad4f] 用户 admin 获取环境列表: project_id=1
2026-03-11 17:01:44 | INFO | [2eba5f1b7f4f4f0f9f5464ecfa90ad4f] | app.api.v1.environments | [2eba5f1b7f4f4f0f9f5464ecfa90ad4f] 用户 admin 查看环境 项目 InvenTree (id=1) 的环境
2026-03-11 17:01:44 | INFO | [2eba5f1b7f4f4f0f9f5464ecfa90ad4f] | app.api.v1.environments | [2eba5f1b7f4f4f0f9f5464ecfa90ad4f] 获取环境列表成功: total=2
2026-03-11 17:01:44 | INFO | [33c7ee3312b1493590654900670c3953] | app.api.v1.api_definitions | [33c7ee3312b1493590654900670c3953] 查询 API 定义列表: skip=0, limit=200, user=admin, project_id=1, version_id=1
2026-03-11 17:01:44 | INFO | [c4454f1d4a18435b98758b40a1fe0da8] | app.api.v1.api_cases | [c4454f1d4a18435b98758b40a1fe0da8] 查询 API 用例列表: skip=0, limit=20, user=admin, project_id=1
2026-03-11 17:01:44 | INFO | [f4932d359d7e4a97bac4816b6153000d] | app.api.v1.environments | [f4932d359d7e4a97bac4816b6153000d] 用户 admin 获取环境列表: project_id=1
2026-03-11 17:01:44 | INFO | [f4932d359d7e4a97bac4816b6153000d] | app.api.v1.environments | [f4932d359d7e4a97bac4816b6153000d] 用户 admin 查看环境 项目 InvenTree (id=1) 的环境
2026-03-11 17:01:44 | INFO | [f4932d359d7e4a97bac4816b6153000d] | app.api.v1.environments | [f4932d359d7e4a97bac4816b6153000d] 获取环境列表成功: total=2
2026-03-11 17:01:50 | INFO | [598a325d7908443ca6cb681af6233e9c] | app.api.v1.api_definitions | [598a325d7908443ca6cb681af6233e9c] 查询 API 定义列表: skip=0, limit=20, user=admin, project_id=1, version_id=1
2026-03-11 17:01:50 | INFO | [d93f2df0c6f64832a1c7d36f56eff69b] | app.dependencies | 连接池状态 - 大小: 20, 溢出: -17, 已检出: 1, 空闲: 19, 统计 - 创建: 10, 检出: 70, 检入: 68, 溢出: 0, 错误: 0, 最大并发: 3
2026-03-11 17:01:50 | INFO | [d93f2df0c6f64832a1c7d36f56eff69b] | app.api.v1.api_definitions | [d93f2df0c6f64832a1c7d36f56eff69b] 查询 API 定义列表: skip=0, limit=20, user=admin, project_id=1, version_id=1
2026-03-11 17:01:50 | INFO | [bb051d6ad37d469c94980d44ec96de42] | app.api.v1.api_definitions | [bb051d6ad37d469c94980d44ec96de42] 查询 API 定义列表: skip=0, limit=20, user=admin, project_id=1, version_id=1
2026-03-11 17:02:09 | INFO | [74fbbba497054e64adb0a1eaf74ccfbe] | app.api.v1.db_schemas | [74fbbba497054e64adb0a1eaf74ccfbe] 查询数据库结构列表: project_id=1, version_id=1
2026-03-11 17:02:09 | INFO | [91fb10abe92f45179e688159eb8c25b4] | app.api.v1.field_mappings_async | [91fb10abe92f45179e688159eb8c25b4] 查询任务列表: task_type=field_mapping_suggest, project_id=1, version_id=None, status_filter=None, limit=20, offset=0
2026-03-11 17:02:09 | INFO | [91fb10abe92f45179e688159eb8c25b4] | app.api.v1.field_mappings_async | [91fb10abe92f45179e688159eb8c25b4] 查询任务列表完成: total=1, returned=1
2026-03-11 17:02:09 | INFO | [730f913fd5c648969f66856acd1dfe77] | app.api.v1.field_mappings | [730f913fd5c648969f66856acd1dfe77] 查询字段映射列表: project_id=1, version_id=1
2026-03-11 17:02:09 | INFO | [776004d94a1f4d118b65fac361f32297] | app.dependencies | 连接池状态 - 大小: 20, 溢出: -17, 已检出: 1, 空闲: 19, 统计 - 创建: 10, 检出: 80, 检入: 78, 溢出: 0, 错误: 0, 最大并发: 3
2026-03-11 17:02:09 | INFO | [776004d94a1f4d118b65fac361f32297] | app.api.v1.db_schemas | [776004d94a1f4d118b65fac361f32297] 查询数据库结构列表: project_id=1, version_id=1
2026-03-11 17:02:09 | INFO | [d6e9a81ffdcf44e29302e9f845fad507] | app.api.v1.field_mappings | [d6e9a81ffdcf44e29302e9f845fad507] 查询字段映射列表: project_id=1, version_id=1
2026-03-11 17:02:09 | INFO | [9bcee4c2aad9421e97189759a25a6a7b] | app.api.v1.field_mappings_async | [9bcee4c2aad9421e97189759a25a6a7b] 查询任务列表: task_type=field_mapping_suggest, project_id=1, version_id=None, status_filter=None, limit=20, offset=0
2026-03-11 17:02:09 | INFO | [9bcee4c2aad9421e97189759a25a6a7b] | app.api.v1.field_mappings_async | [9bcee4c2aad9421e97189759a25a6a7b] 查询任务列表完成: total=1, returned=1
2026-03-11 17:02:09 | INFO | [228d8e848dbd4d2aa388cab55901216d] | app.api.v1.field_mappings_async | [228d8e848dbd4d2aa388cab55901216d] 获取字段映射建议结果: task_id=8, status_filter=None, search=None, page=1, size=20
2026-03-11 17:02:09 | INFO | [d57124cea5694f60b868e4c08f5f01a1] | app.api.v1.field_mappings_async | [d57124cea5694f60b868e4c08f5f01a1] 获取字段映射建议结果: task_id=8, status_filter=None, search=None, page=1, size=20
2026-03-11 17:02:13 | INFO | [92bc3beb44144de1b78cbe0e05bd7116] | app.dependencies | 连接池状态 - 大小: 20, 溢出: -17, 已检出: 1, 空闲: 19, 统计 - 创建: 10, 检出: 90, 检入: 88, 溢出: 0, 错误: 0, 最大并发: 3
2026-03-11 17:02:13 | INFO | [92bc3beb44144de1b78cbe0e05bd7116] | app.api.v1.api_definitions | [92bc3beb44144de1b78cbe0e05bd7116] 查询 API 定义列表: skip=0, limit=20, user=admin, project_id=1, version_id=1
2026-03-11 17:02:13 | INFO | [aeda909ece3e43479e0f71aad7ae90cc] | app.api.v1.api_definitions | [aeda909ece3e43479e0f71aad7ae90cc] 查询 API 定义列表: skip=0, limit=20, user=admin, project_id=1, version_id=1
2026-03-11 17:02:13 | INFO | [070cf0a134ab418aaa95b563f83f606b] | app.api.v1.api_definitions | [070cf0a134ab418aaa95b563f83f606b] 查询 API 定义列表: skip=0, limit=20, user=admin, project_id=1, version_id=1
2026-03-11 17:03:42 | INFO | [213160203e1e4eb1a464bfdc1a4176a4] | app.api.v1.sync_tasks | [213160203e1e4eb1a464bfdc1a4176a4] 查询同步任务列表: skip=0, limit=20, user=admin, project_id=1
2026-03-11 17:03:42 | INFO | [257440ab4b80413f82f0beaf3e44af09] | app.api.v1.sync_tasks | [257440ab4b80413f82f0beaf3e44af09] 查询同步任务列表: skip=0, limit=20, user=admin, project_id=1
2026-03-11 17:03:54 | INFO | [0a7760f9e1934781a08a3a5fb72c2d74] | app.dependencies | 连接池状态 - 大小: 20, 溢出: -17, 已检出: 1, 空闲: 19, 统计 - 创建: 10, 检出: 100, 检入: 98, 溢出: 0, 错误: 0, 最大并发: 3
2026-03-11 17:03:54 | INFO | [0a7760f9e1934781a08a3a5fb72c2d74] | app.api.v1.api_definitions | [0a7760f9e1934781a08a3a5fb72c2d74] 查询 API 定义列表: skip=0, limit=20, user=admin, project_id=1, version_id=1
2026-03-11 17:03:54 | INFO | [b524356d070644a58f784db0371cf639] | app.api.v1.api_definitions | [b524356d070644a58f784db0371cf639] 查询 API 定义列表: skip=0, limit=20, user=admin, project_id=1, version_id=1
2026-03-11 17:03:54 | INFO | [d89fca59691e412e8dd2ffe12edaa6b2] | app.api.v1.api_definitions | [d89fca59691e412e8dd2ffe12edaa6b2] 查询 API 定义列表: skip=0, limit=20, user=admin, project_id=1, version_id=1
2026-03-11 17:12:03 | INFO | [a03b6326a519481e804597a62dbb39f8] | root | 日志系统初始化完成
2026-03-11 17:12:04 | INFO | [a03b6326a519481e804597a62dbb39f8] | app.main | 应用启动事件执行中...
2026-03-11 17:12:04 | INFO | [a03b6326a519481e804597a62dbb39f8] | app.main | Celery 实例: bugseek
2026-03-11 17:12:04 | INFO | [a03b6326a519481e804597a62dbb39f8] | app.main | Broker URL: redis://127.0.0.1:6380/0
2026-03-11 17:12:04 | INFO | [a03b6326a519481e804597a62dbb39f8] | app.main | Result Backend: redis://127.0.0.1:6380/1
2026-03-11 17:12:04 | INFO | [a03b6326a519481e804597a62dbb39f8] | app.main | 字段映射任务已注册: app.celery.tasks.execute_field_mapping_task
2026-03-11 17:12:04 | INFO | [a03b6326a519481e804597a62dbb39f8] | app.main | 开始预热向量索引...
2026-03-11 17:12:04 | INFO | [a03b6326a519481e804597a62dbb39f8] | app.main | 应用启动事件执行完成
2026-03-11 17:12:04 | INFO | [a03b6326a519481e804597a62dbb39f8] | app.main | 提示: 请确保 Celery Worker 正在运行
2026-03-11 17:12:04 | INFO | [a03b6326a519481e804597a62dbb39f8] | app.main | 启动命令: celery -A app.celery_config worker --loglevel=info --pool=solo
2026-03-11 17:12:04 | INFO | [a03b6326a519481e804597a62dbb39f8] | app.utils.vector_index | VectorIndexManager 单例初始化完成
2026-03-11 17:12:04 | INFO | [a03b6326a519481e804597a62dbb39f8] | app.utils.vector_index | [a03b6326a519481e804597a62dbb39f8] 从缓存加载向量索引成功: 289 个列
2026-03-11 17:12:04 | INFO | [a03b6326a519481e804597a62dbb39f8] | app.utils.vector_index | VectorIndexManager 缓存加载成功: 289 个列
2026-03-11 17:12:04 | INFO | [a03b6326a519481e804597a62dbb39f8] | app.main | 数据库列向量索引已从缓存加载
2026-03-11 17:12:04 | INFO | [a03b6326a519481e804597a62dbb39f8] | app.main | 开始 API 向量索引预热...
2026-03-11 17:12:04 | INFO | [a03b6326a519481e804597a62dbb39f8] | app.main | 找到 2 个活跃项目
2026-03-11 17:12:04 | INFO | [a03b6326a519481e804597a62dbb39f8] | app.utils.vector.factory | 创建向量管理器: api
2026-03-11 17:12:04 | INFO | [a03b6326a519481e804597a62dbb39f8] | app.main | 为项目 1 (InvenTree) 构建 API 向量索引...
2026-03-11 17:12:04 | INFO | [a03b6326a519481e804597a62dbb39f8] | app.utils.vector.api_strategy | 从数据库加载 API 数据: 644 条记录
2026-03-11 17:12:04 | INFO | [a03b6326a519481e804597a62dbb39f8] | app.utils.vector.api_strategy | 开始构建 API 向量索引: 644 条记录
2026-03-11 17:12:04 | INFO | [a03b6326a519481e804597a62dbb39f8] | app.utils.vector.api_strategy | API schema_hash 计算: 0125252f2d68fe710bd78bd9edfa9261
2026-03-11 17:12:04 | INFO | [a03b6326a519481e804597a62dbb39f8] | app.utils.vector.base | 加载向量模型: sentence-transformers/all-MiniLM-L6-v2
2026-03-11 17:12:04 | INFO | [a03b6326a519481e804597a62dbb39f8] | app.utils.vector.base | 模型缓存目录: D:\code\BugSeek\backend\data\api_vectors\models
2026-03-11 17:12:04 | INFO | [a03b6326a519481e804597a62dbb39f8] | app.utils.vector.base | 使用 Hugging Face 镜像: https://hf-mirror.com
2026-03-11 17:12:04 | INFO | [a03b6326a519481e804597a62dbb39f8] | sentence_transformers.SentenceTransformer | Use pytorch device_name: cpu
2026-03-11 17:12:04 | INFO | [a03b6326a519481e804597a62dbb39f8] | sentence_transformers.SentenceTransformer | Load pretrained SentenceTransformer: sentence-transformers/all-MiniLM-L6-v2
2026-03-11 17:12:06 | INFO | [a03b6326a519481e804597a62dbb39f8] | httpx | HTTP Request: HEAD https://hf-mirror.com/sentence-transformers/all-MiniLM-L6-v2/resolve/main/modules.json "HTTP/1.1 307 Temporary Redirect"
2026-03-11 17:12:07 | INFO | [a03b6326a519481e804597a62dbb39f8] | httpx | HTTP Request: HEAD https://hf-mirror.com/api/resolve-cache/models/sentence-transformers/all-MiniLM-L6-v2/c9745ed1d9f207416be6d2e6f8de32d1f16199bf/modules.json "HTTP/1.1 200 OK"
2026-03-11 17:12:11 | INFO | [a03b6326a519481e804597a62dbb39f8] | httpx | HTTP Request: HEAD https://hf-mirror.com/sentence-transformers/all-MiniLM-L6-v2/resolve/main/config_sentence_transformers.json "HTTP/1.1 307 Temporary Redirect"
2026-03-11 17:12:11 | INFO | [a03b6326a519481e804597a62dbb39f8] | httpx | HTTP Request: HEAD https://hf-mirror.com/api/resolve-cache/models/sentence-transformers/all-MiniLM-L6-v2/c9745ed1d9f207416be6d2e6f8de32d1f16199bf/config_sentence_transformers.json "HTTP/1.1 200 OK"
2026-03-11 17:12:15 | INFO | [a03b6326a519481e804597a62dbb39f8] | httpx | HTTP Request: HEAD https://hf-mirror.com/sentence-transformers/all-MiniLM-L6-v2/resolve/main/config_sentence_transformers.json "HTTP/1.1 307 Temporary Redirect"
2026-03-11 17:12:16 | INFO | [a03b6326a519481e804597a62dbb39f8] | httpx | HTTP Request: HEAD https://hf-mirror.com/api/resolve-cache/models/sentence-transformers/all-MiniLM-L6-v2/c9745ed1d9f207416be6d2e6f8de32d1f16199bf/config_sentence_transformers.json "HTTP/1.1 200 OK"
2026-03-11 17:12:19 | INFO | [a03b6326a519481e804597a62dbb39f8] | httpx | HTTP Request: HEAD https://hf-mirror.com/sentence-transformers/all-MiniLM-L6-v2/resolve/main/README.md "HTTP/1.1 307 Temporary Redirect"
2026-03-11 17:12:19 | INFO | [a03b6326a519481e804597a62dbb39f8] | httpx | HTTP Request: HEAD https://hf-mirror.com/api/resolve-cache/models/sentence-transformers/all-MiniLM-L6-v2/c9745ed1d9f207416be6d2e6f8de32d1f16199bf/README.md "HTTP/1.1 200 OK"
2026-03-11 17:12:20 | INFO | [a03b6326a519481e804597a62dbb39f8] | httpx | HTTP Request: HEAD https://hf-mirror.com/sentence-transformers/all-MiniLM-L6-v2/resolve/main/modules.json "HTTP/1.1 307 Temporary Redirect"
2026-03-11 17:12:20 | INFO | [a03b6326a519481e804597a62dbb39f8] | httpx | HTTP Request: HEAD https://hf-mirror.com/api/resolve-cache/models/sentence-transformers/all-MiniLM-L6-v2/c9745ed1d9f207416be6d2e6f8de32d1f16199bf/modules.json "HTTP/1.1 200 OK"
2026-03-11 17:12:24 | INFO | [a03b6326a519481e804597a62dbb39f8] | httpx | HTTP Request: HEAD https://hf-mirror.com/sentence-transformers/all-MiniLM-L6-v2/resolve/main/sentence_bert_config.json "HTTP/1.1 307 Temporary Redirect"
2026-03-11 17:12:25 | INFO | [a03b6326a519481e804597a62dbb39f8] | httpx | HTTP Request: HEAD https://hf-mirror.com/api/resolve-cache/models/sentence-transformers/all-MiniLM-L6-v2/c9745ed1d9f207416be6d2e6f8de32d1f16199bf/sentence_bert_config.json "HTTP/1.1 200 OK"
2026-03-11 17:12:27 | INFO | [a03b6326a519481e804597a62dbb39f8] | httpx | HTTP Request: HEAD https://hf-mirror.com/sentence-transformers/all-MiniLM-L6-v2/resolve/main/adapter_config.json "HTTP/1.1 404 Not Found"
2026-03-11 17:12:29 | INFO | [a03b6326a519481e804597a62dbb39f8] | httpx | HTTP Request: HEAD https://hf-mirror.com/sentence-transformers/all-MiniLM-L6-v2/resolve/main/config.json "HTTP/1.1 307 Temporary Redirect"
2026-03-11 17:12:30 | INFO | [a03b6326a519481e804597a62dbb39f8] | httpx | HTTP Request: HEAD https://hf-mirror.com/api/resolve-cache/models/sentence-transformers/all-MiniLM-L6-v2/c9745ed1d9f207416be6d2e6f8de32d1f16199bf/config.json "HTTP/1.1 200 OK"
2026-03-11 17:12:33 | INFO | [a03b6326a519481e804597a62dbb39f8] | httpx | HTTP Request: HEAD https://hf-mirror.com/sentence-transformers/all-MiniLM-L6-v2/resolve/main/config.json "HTTP/1.1 307 Temporary Redirect"
2026-03-11 17:12:33 | INFO | [a03b6326a519481e804597a62dbb39f8] | httpx | HTTP Request: HEAD https://hf-mirror.com/api/resolve-cache/models/sentence-transformers/all-MiniLM-L6-v2/c9745ed1d9f207416be6d2e6f8de32d1f16199bf/config.json "HTTP/1.1 200 OK"
2026-03-11 17:12:36 | INFO | [a03b6326a519481e804597a62dbb39f8] | httpx | HTTP Request: HEAD https://hf-mirror.com/sentence-transformers/all-MiniLM-L6-v2/resolve/main/tokenizer_config.json "HTTP/1.1 307 Temporary Redirect"
2026-03-11 17:12:37 | INFO | [a03b6326a519481e804597a62dbb39f8] | httpx | HTTP Request: HEAD https://hf-mirror.com/api/resolve-cache/models/sentence-transformers/all-MiniLM-L6-v2/c9745ed1d9f207416be6d2e6f8de32d1f16199bf/tokenizer_config.json "HTTP/1.1 200 OK"
2026-03-11 17:12:37 | INFO | [a03b6326a519481e804597a62dbb39f8] | httpx | HTTP Request: GET https://hf-mirror.com/api/models/sentence-transformers/all-MiniLM-L6-v2/tree/main/additional_chat_templates?recursive=false&expand=false "HTTP/1.1 404 Not Found"
2026-03-11 17:12:38 | INFO | [a03b6326a519481e804597a62dbb39f8] | httpx | HTTP Request: GET https://hf-mirror.com/api/models/sentence-transformers/all-MiniLM-L6-v2/tree/main?recursive=true&expand=false "HTTP/1.1 200 OK"
2026-03-11 17:12:40 | INFO | [a03b6326a519481e804597a62dbb39f8] | httpx | HTTP Request: HEAD https://hf-mirror.com/sentence-transformers/all-MiniLM-L6-v2/resolve/main/1_Pooling/config.json "HTTP/1.1 307 Temporary Redirect"
2026-03-11 17:12:41 | INFO | [a03b6326a519481e804597a62dbb39f8] | httpx | HTTP Request: HEAD https://hf-mirror.com/api/resolve-cache/models/sentence-transformers/all-MiniLM-L6-v2/c9745ed1d9f207416be6d2e6f8de32d1f16199bf/1_Pooling%2Fconfig.json "HTTP/1.1 200 OK"
2026-03-11 17:12:42 | INFO | [a03b6326a519481e804597a62dbb39f8] | httpx | HTTP Request: GET https://hf-mirror.com/api/models/sentence-transformers/all-MiniLM-L6-v2 "HTTP/1.1 200 OK"
2026-03-11 17:12:44 | INFO | [a03b6326a519481e804597a62dbb39f8] | app.utils.vector.base | 向量模型加载完成
2026-03-11 17:12:48 | INFO | [a03b6326a519481e804597a62dbb39f8] | app.utils.vector.api_strategy | API 向量索引构建完成: shape=(644, 384)
2026-03-11 17:12:48 | INFO | [a03b6326a519481e804597a62dbb39f8] | app.utils.vector.base | 向量索引缓存保存成功: D:\code\BugSeek\backend\data\api_vectors\api_embeddings.pkl
2026-03-11 17:12:48 | INFO | [a03b6326a519481e804597a62dbb39f8] | app.main | ✅ 项目 1 (InvenTree) API 向量索引构建成功
2026-03-11 17:12:48 | INFO | [a03b6326a519481e804597a62dbb39f8] | app.main | 为项目 2 (TEST) 构建 API 向量索引...
2026-03-11 17:12:48 | INFO | [a03b6326a519481e804597a62dbb39f8] | app.utils.vector.api_strategy | API 向量索引已存在，跳过构建: 644 条记录
2026-03-11 17:12:48 | INFO | [a03b6326a519481e804597a62dbb39f8] | app.main | ✅ 项目 2 (TEST) API 向量索引构建成功
2026-03-11 17:12:48 | INFO | [a03b6326a519481e804597a62dbb39f8] | app.main | ✅ 向量索引预热任务完成，系统语义检索功能就绪
2026-03-11 17:13:04 | INFO | [1b84cfefcac74a1087f65331c3931f6c] | root | 日志系统初始化完成
2026-03-11 17:13:05 | INFO | [1b84cfefcac74a1087f65331c3931f6c] | app.main | 应用启动事件执行中...
2026-03-11 17:13:05 | INFO | [1b84cfefcac74a1087f65331c3931f6c] | app.main | Celery 实例: bugseek
2026-03-11 17:13:05 | INFO | [1b84cfefcac74a1087f65331c3931f6c] | app.main | Broker URL: redis://127.0.0.1:6380/0
2026-03-11 17:13:05 | INFO | [1b84cfefcac74a1087f65331c3931f6c] | app.main | Result Backend: redis://127.0.0.1:6380/1
2026-03-11 17:13:05 | INFO | [1b84cfefcac74a1087f65331c3931f6c] | app.main | 字段映射任务已注册: app.celery.tasks.execute_field_mapping_task
2026-03-11 17:13:05 | INFO | [1b84cfefcac74a1087f65331c3931f6c] | app.main | 开始预热向量索引...
2026-03-11 17:13:05 | INFO | [1b84cfefcac74a1087f65331c3931f6c] | app.main | 应用启动事件执行完成
2026-03-11 17:13:05 | INFO | [1b84cfefcac74a1087f65331c3931f6c] | app.main | 提示: 请确保 Celery Worker 正在运行
2026-03-11 17:13:05 | INFO | [1b84cfefcac74a1087f65331c3931f6c] | app.main | 启动命令: celery -A app.celery_config worker --loglevel=info --pool=solo
2026-03-11 17:13:05 | INFO | [1b84cfefcac74a1087f65331c3931f6c] | app.utils.vector_index | VectorIndexManager 单例初始化完成
2026-03-11 17:13:05 | INFO | [1b84cfefcac74a1087f65331c3931f6c] | app.utils.vector_index | [1b84cfefcac74a1087f65331c3931f6c] 从缓存加载向量索引成功: 289 个列
2026-03-11 17:13:05 | INFO | [1b84cfefcac74a1087f65331c3931f6c] | app.utils.vector_index | VectorIndexManager 缓存加载成功: 289 个列
2026-03-11 17:13:05 | INFO | [1b84cfefcac74a1087f65331c3931f6c] | app.main | 数据库列向量索引已从缓存加载
2026-03-11 17:13:05 | INFO | [1b84cfefcac74a1087f65331c3931f6c] | app.main | 开始 API 向量索引预热...
2026-03-11 17:13:05 | INFO | [1b84cfefcac74a1087f65331c3931f6c] | app.main | 找到 2 个活跃项目
2026-03-11 17:13:05 | INFO | [1b84cfefcac74a1087f65331c3931f6c] | app.utils.vector.factory | 创建向量管理器: api
2026-03-11 17:13:05 | INFO | [1b84cfefcac74a1087f65331c3931f6c] | app.main | 为项目 1 (InvenTree) 构建 API 向量索引...
2026-03-11 17:13:06 | INFO | [1b84cfefcac74a1087f65331c3931f6c] | app.utils.vector.api_strategy | 从数据库加载 API 数据: 644 条记录
2026-03-11 17:13:06 | INFO | [1b84cfefcac74a1087f65331c3931f6c] | app.utils.vector.api_strategy | 开始构建 API 向量索引: 644 条记录
2026-03-11 17:13:06 | INFO | [1b84cfefcac74a1087f65331c3931f6c] | app.utils.vector.api_strategy | API schema_hash 计算: 0125252f2d68fe710bd78bd9edfa9261
2026-03-11 17:13:06 | INFO | [1b84cfefcac74a1087f65331c3931f6c] | app.utils.vector.base | 加载向量模型: sentence-transformers/all-MiniLM-L6-v2
2026-03-11 17:13:06 | INFO | [1b84cfefcac74a1087f65331c3931f6c] | app.utils.vector.base | 模型缓存目录: D:\code\BugSeek\backend\data\api_vectors\models
2026-03-11 17:13:06 | INFO | [1b84cfefcac74a1087f65331c3931f6c] | app.utils.vector.base | 使用 Hugging Face 镜像: https://hf-mirror.com
2026-03-11 17:13:06 | INFO | [1b84cfefcac74a1087f65331c3931f6c] | sentence_transformers.SentenceTransformer | Use pytorch device_name: cpu
2026-03-11 17:13:06 | INFO | [1b84cfefcac74a1087f65331c3931f6c] | sentence_transformers.SentenceTransformer | Load pretrained SentenceTransformer: sentence-transformers/all-MiniLM-L6-v2
2026-03-11 17:13:07 | INFO | [1b84cfefcac74a1087f65331c3931f6c] | httpx | HTTP Request: HEAD https://hf-mirror.com/sentence-transformers/all-MiniLM-L6-v2/resolve/main/modules.json "HTTP/1.1 307 Temporary Redirect"
2026-03-11 17:13:08 | INFO | [1b84cfefcac74a1087f65331c3931f6c] | httpx | HTTP Request: HEAD https://hf-mirror.com/api/resolve-cache/models/sentence-transformers/all-MiniLM-L6-v2/c9745ed1d9f207416be6d2e6f8de32d1f16199bf/modules.json "HTTP/1.1 200 OK"
2026-03-11 17:13:11 | INFO | [1b84cfefcac74a1087f65331c3931f6c] | httpx | HTTP Request: HEAD https://hf-mirror.com/sentence-transformers/all-MiniLM-L6-v2/resolve/main/config_sentence_transformers.json "HTTP/1.1 307 Temporary Redirect"
2026-03-11 17:13:11 | INFO | [1b84cfefcac74a1087f65331c3931f6c] | httpx | HTTP Request: HEAD https://hf-mirror.com/api/resolve-cache/models/sentence-transformers/all-MiniLM-L6-v2/c9745ed1d9f207416be6d2e6f8de32d1f16199bf/config_sentence_transformers.json "HTTP/1.1 200 OK"
2026-03-11 17:13:12 | INFO | [1b84cfefcac74a1087f65331c3931f6c] | httpx | HTTP Request: HEAD https://hf-mirror.com/sentence-transformers/all-MiniLM-L6-v2/resolve/main/config_sentence_transformers.json "HTTP/1.1 307 Temporary Redirect"
2026-03-11 17:13:13 | INFO | [1b84cfefcac74a1087f65331c3931f6c] | httpx | HTTP Request: HEAD https://hf-mirror.com/api/resolve-cache/models/sentence-transformers/all-MiniLM-L6-v2/c9745ed1d9f207416be6d2e6f8de32d1f16199bf/config_sentence_transformers.json "HTTP/1.1 200 OK"
2026-03-11 17:13:14 | INFO | [1b84cfefcac74a1087f65331c3931f6c] | httpx | HTTP Request: HEAD https://hf-mirror.com/sentence-transformers/all-MiniLM-L6-v2/resolve/main/README.md "HTTP/1.1 307 Temporary Redirect"
2026-03-11 17:13:14 | INFO | [1b84cfefcac74a1087f65331c3931f6c] | httpx | HTTP Request: HEAD https://hf-mirror.com/api/resolve-cache/models/sentence-transformers/all-MiniLM-L6-v2/c9745ed1d9f207416be6d2e6f8de32d1f16199bf/README.md "HTTP/1.1 200 OK"
2026-03-11 17:13:19 | INFO | [1b84cfefcac74a1087f65331c3931f6c] | httpx | HTTP Request: HEAD https://hf-mirror.com/sentence-transformers/all-MiniLM-L6-v2/resolve/main/modules.json "HTTP/1.1 307 Temporary Redirect"
2026-03-11 17:13:20 | INFO | [1b84cfefcac74a1087f65331c3931f6c] | httpx | HTTP Request: HEAD https://hf-mirror.com/api/resolve-cache/models/sentence-transformers/all-MiniLM-L6-v2/c9745ed1d9f207416be6d2e6f8de32d1f16199bf/modules.json "HTTP/1.1 200 OK"
2026-03-11 17:13:25 | INFO | [1b84cfefcac74a1087f65331c3931f6c] | httpx | HTTP Request: HEAD https://hf-mirror.com/sentence-transformers/all-MiniLM-L6-v2/resolve/main/sentence_bert_config.json "HTTP/1.1 307 Temporary Redirect"
2026-03-11 17:13:26 | INFO | [1b84cfefcac74a1087f65331c3931f6c] | httpx | HTTP Request: HEAD https://hf-mirror.com/api/resolve-cache/models/sentence-transformers/all-MiniLM-L6-v2/c9745ed1d9f207416be6d2e6f8de32d1f16199bf/sentence_bert_config.json "HTTP/1.1 200 OK"
2026-03-11 17:13:29 | INFO | [1b84cfefcac74a1087f65331c3931f6c] | httpx | HTTP Request: HEAD https://hf-mirror.com/sentence-transformers/all-MiniLM-L6-v2/resolve/main/adapter_config.json "HTTP/1.1 404 Not Found"
2026-03-11 17:13:34 | INFO | [1b84cfefcac74a1087f65331c3931f6c] | httpx | HTTP Request: HEAD https://hf-mirror.com/sentence-transformers/all-MiniLM-L6-v2/resolve/main/config.json "HTTP/1.1 307 Temporary Redirect"
2026-03-11 17:13:34 | INFO | [1b84cfefcac74a1087f65331c3931f6c] | httpx | HTTP Request: HEAD https://hf-mirror.com/api/resolve-cache/models/sentence-transformers/all-MiniLM-L6-v2/c9745ed1d9f207416be6d2e6f8de32d1f16199bf/config.json "HTTP/1.1 200 OK"
2026-03-11 17:13:37 | INFO | [1b84cfefcac74a1087f65331c3931f6c] | httpx | HTTP Request: HEAD https://hf-mirror.com/sentence-transformers/all-MiniLM-L6-v2/resolve/main/config.json "HTTP/1.1 307 Temporary Redirect"
2026-03-11 17:13:38 | INFO | [1b84cfefcac74a1087f65331c3931f6c] | httpx | HTTP Request: HEAD https://hf-mirror.com/api/resolve-cache/models/sentence-transformers/all-MiniLM-L6-v2/c9745ed1d9f207416be6d2e6f8de32d1f16199bf/config.json "HTTP/1.1 200 OK"
2026-03-11 17:13:40 | INFO | [1b84cfefcac74a1087f65331c3931f6c] | httpx | HTTP Request: HEAD https://hf-mirror.com/sentence-transformers/all-MiniLM-L6-v2/resolve/main/tokenizer_config.json "HTTP/1.1 307 Temporary Redirect"
2026-03-11 17:13:40 | INFO | [1b84cfefcac74a1087f65331c3931f6c] | httpx | HTTP Request: HEAD https://hf-mirror.com/api/resolve-cache/models/sentence-transformers/all-MiniLM-L6-v2/c9745ed1d9f207416be6d2e6f8de32d1f16199bf/tokenizer_config.json "HTTP/1.1 200 OK"
2026-03-11 17:13:41 | INFO | [1b84cfefcac74a1087f65331c3931f6c] | httpx | HTTP Request: GET https://hf-mirror.com/api/models/sentence-transformers/all-MiniLM-L6-v2/tree/main/additional_chat_templates?recursive=false&expand=false "HTTP/1.1 404 Not Found"
2026-03-11 17:13:42 | INFO | [1b84cfefcac74a1087f65331c3931f6c] | httpx | HTTP Request: GET https://hf-mirror.com/api/models/sentence-transformers/all-MiniLM-L6-v2/tree/main?recursive=true&expand=false "HTTP/1.1 200 OK"
2026-03-11 17:13:42 | INFO | [1b84cfefcac74a1087f65331c3931f6c] | httpx | HTTP Request: HEAD https://hf-mirror.com/sentence-transformers/all-MiniLM-L6-v2/resolve/main/1_Pooling/config.json "HTTP/1.1 307 Temporary Redirect"
2026-03-11 17:13:43 | INFO | [1b84cfefcac74a1087f65331c3931f6c] | httpx | HTTP Request: HEAD https://hf-mirror.com/api/resolve-cache/models/sentence-transformers/all-MiniLM-L6-v2/c9745ed1d9f207416be6d2e6f8de32d1f16199bf/1_Pooling%2Fconfig.json "HTTP/1.1 200 OK"
2026-03-11 17:13:43 | INFO | [1b84cfefcac74a1087f65331c3931f6c] | httpx | HTTP Request: GET https://hf-mirror.com/api/models/sentence-transformers/all-MiniLM-L6-v2 "HTTP/1.1 200 OK"
2026-03-11 17:13:43 | INFO | [1b84cfefcac74a1087f65331c3931f6c] | app.utils.vector.base | 向量模型加载完成
2026-03-11 17:13:47 | INFO | [1b84cfefcac74a1087f65331c3931f6c] | app.utils.vector.api_strategy | API 向量索引构建完成: shape=(644, 384)
2026-03-11 17:13:47 | INFO | [1b84cfefcac74a1087f65331c3931f6c] | app.utils.vector.base | 向量索引缓存保存成功: D:\code\BugSeek\backend\data\api_vectors\api_embeddings.pkl
2026-03-11 17:13:47 | INFO | [1b84cfefcac74a1087f65331c3931f6c] | app.main | ✅ 项目 1 (InvenTree) API 向量索引构建成功
2026-03-11 17:13:47 | INFO | [1b84cfefcac74a1087f65331c3931f6c] | app.main | 为项目 2 (TEST) 构建 API 向量索引...
2026-03-11 17:13:47 | INFO | [1b84cfefcac74a1087f65331c3931f6c] | app.utils.vector.api_strategy | API 向量索引已存在，跳过构建: 644 条记录
2026-03-11 17:13:47 | INFO | [1b84cfefcac74a1087f65331c3931f6c] | app.main | ✅ 项目 2 (TEST) API 向量索引构建成功
2026-03-11 17:13:47 | INFO | [1b84cfefcac74a1087f65331c3931f6c] | app.main | ✅ 向量索引预热任务完成，系统语义检索功能就绪
2026-03-11 17:14:02 | INFO | [32bc68a83abc4e0ebf9ecc3e95a12ad7] | root | 日志系统初始化完成
2026-03-11 17:14:03 | INFO | [32bc68a83abc4e0ebf9ecc3e95a12ad7] | app.main | 应用启动事件执行中...
2026-03-11 17:14:03 | INFO | [32bc68a83abc4e0ebf9ecc3e95a12ad7] | app.main | Celery 实例: bugseek
2026-03-11 17:14:03 | INFO | [32bc68a83abc4e0ebf9ecc3e95a12ad7] | app.main | Broker URL: redis://127.0.0.1:6380/0
2026-03-11 17:14:03 | INFO | [32bc68a83abc4e0ebf9ecc3e95a12ad7] | app.main | Result Backend: redis://127.0.0.1:6380/1
2026-03-11 17:14:03 | INFO | [32bc68a83abc4e0ebf9ecc3e95a12ad7] | app.main | 字段映射任务已注册: app.celery.tasks.execute_field_mapping_task
2026-03-11 17:14:03 | INFO | [32bc68a83abc4e0ebf9ecc3e95a12ad7] | app.main | 开始预热向量索引...
2026-03-11 17:14:03 | INFO | [32bc68a83abc4e0ebf9ecc3e95a12ad7] | app.main | 应用启动事件执行完成
2026-03-11 17:14:03 | INFO | [32bc68a83abc4e0ebf9ecc3e95a12ad7] | app.main | 提示: 请确保 Celery Worker 正在运行
2026-03-11 17:14:03 | INFO | [32bc68a83abc4e0ebf9ecc3e95a12ad7] | app.main | 启动命令: celery -A app.celery_config worker --loglevel=info --pool=solo
2026-03-11 17:14:03 | INFO | [32bc68a83abc4e0ebf9ecc3e95a12ad7] | app.utils.vector_index | VectorIndexManager 单例初始化完成
2026-03-11 17:14:03 | INFO | [32bc68a83abc4e0ebf9ecc3e95a12ad7] | app.utils.vector_index | [32bc68a83abc4e0ebf9ecc3e95a12ad7] 从缓存加载向量索引成功: 289 个列
2026-03-11 17:14:03 | INFO | [32bc68a83abc4e0ebf9ecc3e95a12ad7] | app.utils.vector_index | VectorIndexManager 缓存加载成功: 289 个列
2026-03-11 17:14:03 | INFO | [32bc68a83abc4e0ebf9ecc3e95a12ad7] | app.main | 数据库列向量索引已从缓存加载
2026-03-11 17:14:03 | INFO | [32bc68a83abc4e0ebf9ecc3e95a12ad7] | app.main | 开始 API 向量索引预热...
2026-03-11 17:14:03 | INFO | [32bc68a83abc4e0ebf9ecc3e95a12ad7] | app.main | 找到 2 个活跃项目
2026-03-11 17:14:03 | INFO | [32bc68a83abc4e0ebf9ecc3e95a12ad7] | app.utils.vector.factory | 创建向量管理器: api
2026-03-11 17:14:03 | INFO | [32bc68a83abc4e0ebf9ecc3e95a12ad7] | app.main | 为项目 1 (InvenTree) 构建 API 向量索引...
2026-03-11 17:14:04 | INFO | [32bc68a83abc4e0ebf9ecc3e95a12ad7] | app.utils.vector.api_strategy | 从数据库加载 API 数据: 644 条记录
2026-03-11 17:14:04 | INFO | [32bc68a83abc4e0ebf9ecc3e95a12ad7] | app.utils.vector.api_strategy | 开始构建 API 向量索引: 644 条记录
2026-03-11 17:14:04 | INFO | [32bc68a83abc4e0ebf9ecc3e95a12ad7] | app.utils.vector.api_strategy | API schema_hash 计算: 0125252f2d68fe710bd78bd9edfa9261
2026-03-11 17:14:04 | INFO | [32bc68a83abc4e0ebf9ecc3e95a12ad7] | app.utils.vector.base | 加载向量模型: sentence-transformers/all-MiniLM-L6-v2
2026-03-11 17:14:04 | INFO | [32bc68a83abc4e0ebf9ecc3e95a12ad7] | app.utils.vector.base | 模型缓存目录: D:\code\BugSeek\backend\data\api_vectors\models
2026-03-11 17:14:04 | INFO | [32bc68a83abc4e0ebf9ecc3e95a12ad7] | app.utils.vector.base | 使用 Hugging Face 镜像: https://hf-mirror.com
2026-03-11 17:14:04 | INFO | [32bc68a83abc4e0ebf9ecc3e95a12ad7] | sentence_transformers.SentenceTransformer | Use pytorch device_name: cpu
2026-03-11 17:14:04 | INFO | [32bc68a83abc4e0ebf9ecc3e95a12ad7] | sentence_transformers.SentenceTransformer | Load pretrained SentenceTransformer: sentence-transformers/all-MiniLM-L6-v2
2026-03-11 17:14:06 | INFO | [32bc68a83abc4e0ebf9ecc3e95a12ad7] | httpx | HTTP Request: HEAD https://hf-mirror.com/sentence-transformers/all-MiniLM-L6-v2/resolve/main/modules.json "HTTP/1.1 307 Temporary Redirect"
2026-03-11 17:14:07 | INFO | [32bc68a83abc4e0ebf9ecc3e95a12ad7] | httpx | HTTP Request: HEAD https://hf-mirror.com/api/resolve-cache/models/sentence-transformers/all-MiniLM-L6-v2/c9745ed1d9f207416be6d2e6f8de32d1f16199bf/modules.json "HTTP/1.1 200 OK"
2026-03-11 17:14:07 | INFO | [32bc68a83abc4e0ebf9ecc3e95a12ad7] | httpx | HTTP Request: HEAD https://hf-mirror.com/sentence-transformers/all-MiniLM-L6-v2/resolve/main/config_sentence_transformers.json "HTTP/1.1 307 Temporary Redirect"
2026-03-11 17:14:07 | INFO | [32bc68a83abc4e0ebf9ecc3e95a12ad7] | httpx | HTTP Request: HEAD https://hf-mirror.com/api/resolve-cache/models/sentence-transformers/all-MiniLM-L6-v2/c9745ed1d9f207416be6d2e6f8de32d1f16199bf/config_sentence_transformers.json "HTTP/1.1 200 OK"
2026-03-11 17:14:08 | INFO | [32bc68a83abc4e0ebf9ecc3e95a12ad7] | httpx | HTTP Request: HEAD https://hf-mirror.com/sentence-transformers/all-MiniLM-L6-v2/resolve/main/config_sentence_transformers.json "HTTP/1.1 307 Temporary Redirect"
2026-03-11 17:14:08 | INFO | [32bc68a83abc4e0ebf9ecc3e95a12ad7] | httpx | HTTP Request: HEAD https://hf-mirror.com/api/resolve-cache/models/sentence-transformers/all-MiniLM-L6-v2/c9745ed1d9f207416be6d2e6f8de32d1f16199bf/config_sentence_transformers.json "HTTP/1.1 200 OK"
2026-03-11 17:14:09 | INFO | [32bc68a83abc4e0ebf9ecc3e95a12ad7] | httpx | HTTP Request: HEAD https://hf-mirror.com/sentence-transformers/all-MiniLM-L6-v2/resolve/main/README.md "HTTP/1.1 307 Temporary Redirect"
2026-03-11 17:14:10 | INFO | [32bc68a83abc4e0ebf9ecc3e95a12ad7] | httpx | HTTP Request: HEAD https://hf-mirror.com/api/resolve-cache/models/sentence-transformers/all-MiniLM-L6-v2/c9745ed1d9f207416be6d2e6f8de32d1f16199bf/README.md "HTTP/1.1 200 OK"
2026-03-11 17:14:10 | INFO | [32bc68a83abc4e0ebf9ecc3e95a12ad7] | httpx | HTTP Request: HEAD https://hf-mirror.com/sentence-transformers/all-MiniLM-L6-v2/resolve/main/modules.json "HTTP/1.1 307 Temporary Redirect"
2026-03-11 17:14:11 | INFO | [32bc68a83abc4e0ebf9ecc3e95a12ad7] | httpx | HTTP Request: HEAD https://hf-mirror.com/api/resolve-cache/models/sentence-transformers/all-MiniLM-L6-v2/c9745ed1d9f207416be6d2e6f8de32d1f16199bf/modules.json "HTTP/1.1 200 OK"
2026-03-11 17:14:11 | INFO | [32bc68a83abc4e0ebf9ecc3e95a12ad7] | httpx | HTTP Request: HEAD https://hf-mirror.com/sentence-transformers/all-MiniLM-L6-v2/resolve/main/sentence_bert_config.json "HTTP/1.1 307 Temporary Redirect"
2026-03-11 17:14:12 | INFO | [32bc68a83abc4e0ebf9ecc3e95a12ad7] | httpx | HTTP Request: HEAD https://hf-mirror.com/api/resolve-cache/models/sentence-transformers/all-MiniLM-L6-v2/c9745ed1d9f207416be6d2e6f8de32d1f16199bf/sentence_bert_config.json "HTTP/1.1 200 OK"
2026-03-11 17:14:12 | INFO | [32bc68a83abc4e0ebf9ecc3e95a12ad7] | httpx | HTTP Request: HEAD https://hf-mirror.com/sentence-transformers/all-MiniLM-L6-v2/resolve/main/adapter_config.json "HTTP/1.1 404 Not Found"
2026-03-11 17:14:13 | INFO | [32bc68a83abc4e0ebf9ecc3e95a12ad7] | httpx | HTTP Request: HEAD https://hf-mirror.com/sentence-transformers/all-MiniLM-L6-v2/resolve/main/config.json "HTTP/1.1 307 Temporary Redirect"
2026-03-11 17:14:13 | INFO | [32bc68a83abc4e0ebf9ecc3e95a12ad7] | httpx | HTTP Request: HEAD https://hf-mirror.com/api/resolve-cache/models/sentence-transformers/all-MiniLM-L6-v2/c9745ed1d9f207416be6d2e6f8de32d1f16199bf/config.json "HTTP/1.1 200 OK"
2026-03-11 17:14:14 | INFO | [32bc68a83abc4e0ebf9ecc3e95a12ad7] | httpx | HTTP Request: HEAD https://hf-mirror.com/sentence-transformers/all-MiniLM-L6-v2/resolve/main/config.json "HTTP/1.1 307 Temporary Redirect"
2026-03-11 17:14:15 | INFO | [32bc68a83abc4e0ebf9ecc3e95a12ad7] | httpx | HTTP Request: HEAD https://hf-mirror.com/api/resolve-cache/models/sentence-transformers/all-MiniLM-L6-v2/c9745ed1d9f207416be6d2e6f8de32d1f16199bf/config.json "HTTP/1.1 200 OK"
2026-03-11 17:14:15 | INFO | [32bc68a83abc4e0ebf9ecc3e95a12ad7] | httpx | HTTP Request: HEAD https://hf-mirror.com/sentence-transformers/all-MiniLM-L6-v2/resolve/main/tokenizer_config.json "HTTP/1.1 307 Temporary Redirect"
2026-03-11 17:14:16 | INFO | [32bc68a83abc4e0ebf9ecc3e95a12ad7] | httpx | HTTP Request: HEAD https://hf-mirror.com/api/resolve-cache/models/sentence-transformers/all-MiniLM-L6-v2/c9745ed1d9f207416be6d2e6f8de32d1f16199bf/tokenizer_config.json "HTTP/1.1 200 OK"
2026-03-11 17:14:16 | INFO | [32bc68a83abc4e0ebf9ecc3e95a12ad7] | httpx | HTTP Request: GET https://hf-mirror.com/api/models/sentence-transformers/all-MiniLM-L6-v2/tree/main/additional_chat_templates?recursive=false&expand=false "HTTP/1.1 404 Not Found"
2026-03-11 17:14:17 | INFO | [32bc68a83abc4e0ebf9ecc3e95a12ad7] | httpx | HTTP Request: GET https://hf-mirror.com/api/models/sentence-transformers/all-MiniLM-L6-v2/tree/main?recursive=true&expand=false "HTTP/1.1 200 OK"
2026-03-11 17:14:19 | INFO | [32bc68a83abc4e0ebf9ecc3e95a12ad7] | httpx | HTTP Request: HEAD https://hf-mirror.com/sentence-transformers/all-MiniLM-L6-v2/resolve/main/1_Pooling/config.json "HTTP/1.1 307 Temporary Redirect"
2026-03-11 17:14:20 | INFO | [32bc68a83abc4e0ebf9ecc3e95a12ad7] | httpx | HTTP Request: HEAD https://hf-mirror.com/api/resolve-cache/models/sentence-transformers/all-MiniLM-L6-v2/c9745ed1d9f207416be6d2e6f8de32d1f16199bf/1_Pooling%2Fconfig.json "HTTP/1.1 200 OK"
2026-03-11 17:14:20 | INFO | [32bc68a83abc4e0ebf9ecc3e95a12ad7] | httpx | HTTP Request: GET https://hf-mirror.com/api/models/sentence-transformers/all-MiniLM-L6-v2 "HTTP/1.1 200 OK"
2026-03-11 17:14:20 | INFO | [32bc68a83abc4e0ebf9ecc3e95a12ad7] | app.utils.vector.base | 向量模型加载完成
2026-03-11 17:14:24 | INFO | [32bc68a83abc4e0ebf9ecc3e95a12ad7] | app.utils.vector.api_strategy | API 向量索引构建完成: shape=(644, 384)
2026-03-11 17:14:24 | INFO | [32bc68a83abc4e0ebf9ecc3e95a12ad7] | app.utils.vector.base | 向量索引缓存保存成功: D:\code\BugSeek\backend\data\api_vectors\api_embeddings.pkl
2026-03-11 17:14:24 | INFO | [32bc68a83abc4e0ebf9ecc3e95a12ad7] | app.main | ✅ 项目 1 (InvenTree) API 向量索引构建成功
2026-03-11 17:14:24 | INFO | [32bc68a83abc4e0ebf9ecc3e95a12ad7] | app.main | 为项目 2 (TEST) 构建 API 向量索引...
2026-03-11 17:14:24 | INFO | [32bc68a83abc4e0ebf9ecc3e95a12ad7] | app.utils.vector.api_strategy | API 向量索引已存在，跳过构建: 644 条记录
2026-03-11 17:14:24 | INFO | [32bc68a83abc4e0ebf9ecc3e95a12ad7] | app.main | ✅ 项目 2 (TEST) API 向量索引构建成功
2026-03-11 17:14:24 | INFO | [32bc68a83abc4e0ebf9ecc3e95a12ad7] | app.main | ✅ 向量索引预热任务完成，系统语义检索功能就绪
2026-03-11 17:30:02 | INFO | [b81972191d51425fa7a546c1caae0f24] | app.api.v1.sync_tasks | [b81972191d51425fa7a546c1caae0f24] 查询同步任务列表: skip=0, limit=20, user=admin, project_id=1
2026-03-11 17:30:02 | INFO | [1629be3e4a19457bb4f7219cc5e43105] | app.api.v1.sync_tasks | [1629be3e4a19457bb4f7219cc5e43105] 查询同步任务列表: skip=0, limit=20, user=admin, project_id=1
