2026-02-04 09:47:03 | INFO | [1be92d80694841d7a2ba8fcfd9c6a14f] | root | 日志系统初始化完成
2026-02-04 09:47:04 | INFO | [1be92d80694841d7a2ba8fcfd9c6a14f] | app.main | 启动异步任务工作线程...
2026-02-04 09:47:04 | INFO | [1be92d80694841d7a2ba8fcfd9c6a14f] | app.main | 异步任务工作线程已启动
2026-02-04 09:47:04 | INFO | [1be92d80694841d7a2ba8fcfd9c6a14f] | app.core.async_task.manager | [1be92d80694841d7a2ba8fcfd9c6a14f] 启动异步任务工作线程
2026-02-04 09:55:08 | ERROR | [fc37552d9bee4ee5819f590dbdf7cb87] | app.dependencies | 数据库会话异常: 401: 无法验证凭据
Traceback (most recent call last):
  File "D:\code\BugSeek\backend\app\api\v1\deps.py", line 36, in get_current_user
    payload = jwt.decode(token, settings.SECRET_KEY, algorithms=[settings.ALGORITHM])
  File "C:\Users\81026\AppData\Local\Programs\Python\Python310\lib\site-packages\jose\jwt.py", line 174, in decode
    _validate_claims(
  File "C:\Users\81026\AppData\Local\Programs\Python\Python310\lib\site-packages\jose\jwt.py", line 497, in _validate_claims
    _validate_exp(claims, leeway=leeway)
  File "C:\Users\81026\AppData\Local\Programs\Python\Python310\lib\site-packages\jose\jwt.py", line 331, in _validate_exp
    raise ExpiredSignatureError("Signature has expired.")
jose.exceptions.ExpiredSignatureError: Signature has expired.

During handling of the above exception, another exception occurred:

Traceback (most recent call last):
  File "D:\code\BugSeek\backend\app\dependencies.py", line 19, in get_db
    yield db
  File "C:\Users\81026\AppData\Local\Programs\Python\Python310\lib\site-packages\fastapi\concurrency.py", line 29, in contextmanager_in_threadpool
    yield await run_in_threadpool(cm.__enter__)
  File "C:\Users\81026\AppData\Local\Programs\Python\Python310\lib\site-packages\fastapi\routing.py", line 101, in app
    response = await f(request)
  File "C:\Users\81026\AppData\Local\Programs\Python\Python310\lib\site-packages\fastapi\routing.py", line 345, in app
    solved_result = await solve_dependencies(
  File "C:\Users\81026\AppData\Local\Programs\Python\Python310\lib\site-packages\fastapi\dependencies\utils.py", line 643, in solve_dependencies
    solved = await call(**solved_result.values)
  File "D:\code\BugSeek\backend\app\api\v1\deps.py", line 41, in get_current_user
    raise credentials_exception
fastapi.exceptions.HTTPException: 401: 无法验证凭据
2026-02-04 09:55:08 | ERROR | [e43dff25dcb64ac79ab5fa8a0cef4065] | app.dependencies | 数据库会话异常: 401: 无法验证凭据
Traceback (most recent call last):
  File "D:\code\BugSeek\backend\app\api\v1\deps.py", line 36, in get_current_user
    payload = jwt.decode(token, settings.SECRET_KEY, algorithms=[settings.ALGORITHM])
  File "C:\Users\81026\AppData\Local\Programs\Python\Python310\lib\site-packages\jose\jwt.py", line 174, in decode
    _validate_claims(
  File "C:\Users\81026\AppData\Local\Programs\Python\Python310\lib\site-packages\jose\jwt.py", line 497, in _validate_claims
    _validate_exp(claims, leeway=leeway)
  File "C:\Users\81026\AppData\Local\Programs\Python\Python310\lib\site-packages\jose\jwt.py", line 331, in _validate_exp
    raise ExpiredSignatureError("Signature has expired.")
jose.exceptions.ExpiredSignatureError: Signature has expired.

During handling of the above exception, another exception occurred:

Traceback (most recent call last):
  File "D:\code\BugSeek\backend\app\dependencies.py", line 19, in get_db
    yield db
  File "C:\Users\81026\AppData\Local\Programs\Python\Python310\lib\site-packages\fastapi\concurrency.py", line 29, in contextmanager_in_threadpool
    yield await run_in_threadpool(cm.__enter__)
  File "C:\Users\81026\AppData\Local\Programs\Python\Python310\lib\site-packages\fastapi\routing.py", line 101, in app
    response = await f(request)
  File "C:\Users\81026\AppData\Local\Programs\Python\Python310\lib\site-packages\fastapi\routing.py", line 345, in app
    solved_result = await solve_dependencies(
  File "C:\Users\81026\AppData\Local\Programs\Python\Python310\lib\site-packages\fastapi\dependencies\utils.py", line 643, in solve_dependencies
    solved = await call(**solved_result.values)
  File "D:\code\BugSeek\backend\app\api\v1\deps.py", line 41, in get_current_user
    raise credentials_exception
fastapi.exceptions.HTTPException: 401: 无法验证凭据
2026-02-04 09:55:08 | ERROR | [125cd05aaeec48a7bd494dee242968a7] | app.dependencies | 数据库会话异常: 401: 无法验证凭据
Traceback (most recent call last):
  File "D:\code\BugSeek\backend\app\api\v1\deps.py", line 36, in get_current_user
    payload = jwt.decode(token, settings.SECRET_KEY, algorithms=[settings.ALGORITHM])
  File "C:\Users\81026\AppData\Local\Programs\Python\Python310\lib\site-packages\jose\jwt.py", line 174, in decode
    _validate_claims(
  File "C:\Users\81026\AppData\Local\Programs\Python\Python310\lib\site-packages\jose\jwt.py", line 497, in _validate_claims
    _validate_exp(claims, leeway=leeway)
  File "C:\Users\81026\AppData\Local\Programs\Python\Python310\lib\site-packages\jose\jwt.py", line 331, in _validate_exp
    raise ExpiredSignatureError("Signature has expired.")
jose.exceptions.ExpiredSignatureError: Signature has expired.

During handling of the above exception, another exception occurred:

Traceback (most recent call last):
  File "D:\code\BugSeek\backend\app\dependencies.py", line 19, in get_db
    yield db
  File "C:\Users\81026\AppData\Local\Programs\Python\Python310\lib\site-packages\fastapi\concurrency.py", line 29, in contextmanager_in_threadpool
    yield await run_in_threadpool(cm.__enter__)
  File "C:\Users\81026\AppData\Local\Programs\Python\Python310\lib\site-packages\fastapi\routing.py", line 101, in app
    response = await f(request)
  File "C:\Users\81026\AppData\Local\Programs\Python\Python310\lib\site-packages\fastapi\routing.py", line 345, in app
    solved_result = await solve_dependencies(
  File "C:\Users\81026\AppData\Local\Programs\Python\Python310\lib\site-packages\fastapi\dependencies\utils.py", line 643, in solve_dependencies
    solved = await call(**solved_result.values)
  File "D:\code\BugSeek\backend\app\api\v1\deps.py", line 41, in get_current_user
    raise credentials_exception
fastapi.exceptions.HTTPException: 401: 无法验证凭据
2026-02-04 09:55:08 | ERROR | [08d99e045a7149f197445dddfe9e0f3c] | app.dependencies | 数据库会话异常: 401: 无法验证凭据
Traceback (most recent call last):
  File "D:\code\BugSeek\backend\app\api\v1\deps.py", line 36, in get_current_user
    payload = jwt.decode(token, settings.SECRET_KEY, algorithms=[settings.ALGORITHM])
  File "C:\Users\81026\AppData\Local\Programs\Python\Python310\lib\site-packages\jose\jwt.py", line 174, in decode
    _validate_claims(
  File "C:\Users\81026\AppData\Local\Programs\Python\Python310\lib\site-packages\jose\jwt.py", line 497, in _validate_claims
    _validate_exp(claims, leeway=leeway)
  File "C:\Users\81026\AppData\Local\Programs\Python\Python310\lib\site-packages\jose\jwt.py", line 331, in _validate_exp
    raise ExpiredSignatureError("Signature has expired.")
jose.exceptions.ExpiredSignatureError: Signature has expired.

During handling of the above exception, another exception occurred:

Traceback (most recent call last):
  File "D:\code\BugSeek\backend\app\dependencies.py", line 19, in get_db
    yield db
  File "C:\Users\81026\AppData\Local\Programs\Python\Python310\lib\site-packages\fastapi\concurrency.py", line 29, in contextmanager_in_threadpool
    yield await run_in_threadpool(cm.__enter__)
  File "C:\Users\81026\AppData\Local\Programs\Python\Python310\lib\site-packages\fastapi\routing.py", line 101, in app
    response = await f(request)
  File "C:\Users\81026\AppData\Local\Programs\Python\Python310\lib\site-packages\fastapi\routing.py", line 345, in app
    solved_result = await solve_dependencies(
  File "C:\Users\81026\AppData\Local\Programs\Python\Python310\lib\site-packages\fastapi\dependencies\utils.py", line 643, in solve_dependencies
    solved = await call(**solved_result.values)
  File "D:\code\BugSeek\backend\app\api\v1\deps.py", line 41, in get_current_user
    raise credentials_exception
fastapi.exceptions.HTTPException: 401: 无法验证凭据
2026-02-04 09:55:08 | ERROR | [4dae10eb8b774290ac866af3eeeb7c11] | app.dependencies | 数据库会话异常: 401: 无法验证凭据
Traceback (most recent call last):
  File "D:\code\BugSeek\backend\app\api\v1\deps.py", line 36, in get_current_user
    payload = jwt.decode(token, settings.SECRET_KEY, algorithms=[settings.ALGORITHM])
  File "C:\Users\81026\AppData\Local\Programs\Python\Python310\lib\site-packages\jose\jwt.py", line 174, in decode
    _validate_claims(
  File "C:\Users\81026\AppData\Local\Programs\Python\Python310\lib\site-packages\jose\jwt.py", line 497, in _validate_claims
    _validate_exp(claims, leeway=leeway)
  File "C:\Users\81026\AppData\Local\Programs\Python\Python310\lib\site-packages\jose\jwt.py", line 331, in _validate_exp
    raise ExpiredSignatureError("Signature has expired.")
jose.exceptions.ExpiredSignatureError: Signature has expired.

During handling of the above exception, another exception occurred:

Traceback (most recent call last):
  File "D:\code\BugSeek\backend\app\dependencies.py", line 19, in get_db
    yield db
  File "C:\Users\81026\AppData\Local\Programs\Python\Python310\lib\site-packages\fastapi\concurrency.py", line 29, in contextmanager_in_threadpool
    yield await run_in_threadpool(cm.__enter__)
  File "C:\Users\81026\AppData\Local\Programs\Python\Python310\lib\site-packages\fastapi\routing.py", line 101, in app
    response = await f(request)
  File "C:\Users\81026\AppData\Local\Programs\Python\Python310\lib\site-packages\fastapi\routing.py", line 345, in app
    solved_result = await solve_dependencies(
  File "C:\Users\81026\AppData\Local\Programs\Python\Python310\lib\site-packages\fastapi\dependencies\utils.py", line 643, in solve_dependencies
    solved = await call(**solved_result.values)
  File "D:\code\BugSeek\backend\app\api\v1\deps.py", line 41, in get_current_user
    raise credentials_exception
fastapi.exceptions.HTTPException: 401: 无法验证凭据
2026-02-04 09:55:08 | ERROR | [924b65b672b04f9ab630676743726af9] | app.dependencies | 数据库会话异常: 401: 无法验证凭据
Traceback (most recent call last):
  File "D:\code\BugSeek\backend\app\api\v1\deps.py", line 36, in get_current_user
    payload = jwt.decode(token, settings.SECRET_KEY, algorithms=[settings.ALGORITHM])
  File "C:\Users\81026\AppData\Local\Programs\Python\Python310\lib\site-packages\jose\jwt.py", line 174, in decode
    _validate_claims(
  File "C:\Users\81026\AppData\Local\Programs\Python\Python310\lib\site-packages\jose\jwt.py", line 497, in _validate_claims
    _validate_exp(claims, leeway=leeway)
  File "C:\Users\81026\AppData\Local\Programs\Python\Python310\lib\site-packages\jose\jwt.py", line 331, in _validate_exp
    raise ExpiredSignatureError("Signature has expired.")
jose.exceptions.ExpiredSignatureError: Signature has expired.

During handling of the above exception, another exception occurred:

Traceback (most recent call last):
  File "D:\code\BugSeek\backend\app\dependencies.py", line 19, in get_db
    yield db
  File "C:\Users\81026\AppData\Local\Programs\Python\Python310\lib\site-packages\fastapi\concurrency.py", line 29, in contextmanager_in_threadpool
    yield await run_in_threadpool(cm.__enter__)
  File "C:\Users\81026\AppData\Local\Programs\Python\Python310\lib\site-packages\fastapi\routing.py", line 101, in app
    response = await f(request)
  File "C:\Users\81026\AppData\Local\Programs\Python\Python310\lib\site-packages\fastapi\routing.py", line 345, in app
    solved_result = await solve_dependencies(
  File "C:\Users\81026\AppData\Local\Programs\Python\Python310\lib\site-packages\fastapi\dependencies\utils.py", line 643, in solve_dependencies
    solved = await call(**solved_result.values)
  File "D:\code\BugSeek\backend\app\api\v1\deps.py", line 41, in get_current_user
    raise credentials_exception
fastapi.exceptions.HTTPException: 401: 无法验证凭据
2026-02-04 09:55:11 | INFO | [e937166ddc2e43b5a14962ab3388f82d] | app.api.v1.auth | 用户登录请求: username=admin
2026-02-04 09:55:12 | INFO | [e937166ddc2e43b5a14962ab3388f82d] | app.api.v1.auth | 用户登录成功: user_id=1, username=admin
2026-02-04 09:55:12 | INFO | [c01806c2a01d4da483a5dae8ef262e21] | app.api.v1.projects | [c01806c2a01d4da483a5dae8ef262e21] 用户 admin 获取项目列表: page=1, page_size=100
2026-02-04 09:55:12 | INFO | [c01806c2a01d4da483a5dae8ef262e21] | app.api.v1.projects | [c01806c2a01d4da483a5dae8ef262e21] 获取项目列表成功: total=2
2026-02-04 09:55:12 | INFO | [7763576d3dfd4bafb74c9be6bf240278] | app.api.v1.versions | [7763576d3dfd4bafb74c9be6bf240278] 用户 admin 获取版本列表: project_id=1, page=1, page_size=100
2026-02-04 09:55:12 | INFO | [7763576d3dfd4bafb74c9be6bf240278] | app.api.v1.versions | [7763576d3dfd4bafb74c9be6bf240278] 用户 admin 查看版本列表 项目 InvenTree (id=1) 的版本
2026-02-04 09:55:12 | INFO | [7763576d3dfd4bafb74c9be6bf240278] | app.api.v1.versions | [7763576d3dfd4bafb74c9be6bf240278] 获取版本列表成功: total=2
2026-02-04 09:55:12 | INFO | [891d39a8e51f4ee68b668dadeee1d49c] | app.api.v1.projects | [891d39a8e51f4ee68b668dadeee1d49c] 用户 admin 获取项目列表: page=1, page_size=100
2026-02-04 09:55:12 | INFO | [891d39a8e51f4ee68b668dadeee1d49c] | app.api.v1.projects | [891d39a8e51f4ee68b668dadeee1d49c] 获取项目列表成功: total=2
2026-02-04 09:55:12 | INFO | [40ef73a72cf9443dbc9873a5be8aa505] | app.api.v1.versions | [40ef73a72cf9443dbc9873a5be8aa505] 用户 admin 获取版本列表: project_id=1, page=1, page_size=100
2026-02-04 09:55:12 | INFO | [40ef73a72cf9443dbc9873a5be8aa505] | app.api.v1.versions | [40ef73a72cf9443dbc9873a5be8aa505] 用户 admin 查看版本列表 项目 InvenTree (id=1) 的版本
2026-02-04 09:55:12 | INFO | [40ef73a72cf9443dbc9873a5be8aa505] | app.api.v1.versions | [40ef73a72cf9443dbc9873a5be8aa505] 获取版本列表成功: total=2
2026-02-04 09:55:12 | INFO | [ace35885b5c84f85b4ff9b5340a12c5c] | app.api.v1.projects | [ace35885b5c84f85b4ff9b5340a12c5c] 用户 admin 获取项目列表: page=1, page_size=100
2026-02-04 09:55:12 | INFO | [ace35885b5c84f85b4ff9b5340a12c5c] | app.api.v1.projects | [ace35885b5c84f85b4ff9b5340a12c5c] 获取项目列表成功: total=2
2026-02-04 09:55:12 | INFO | [8d134fc89364470ca0368bdf51508ec3] | app.api.v1.projects | [8d134fc89364470ca0368bdf51508ec3] 用户 admin 获取项目列表: page=1, page_size=100
2026-02-04 09:55:12 | INFO | [8d134fc89364470ca0368bdf51508ec3] | app.api.v1.projects | [8d134fc89364470ca0368bdf51508ec3] 获取项目列表成功: total=2
2026-02-04 09:55:15 | INFO | [3d536a74eef54869bdce3fd8802abd50] | app.api.v1.sync_tasks | [3d536a74eef54869bdce3fd8802abd50] 查询同步任务列表: skip=0, limit=20, user=admin, project_id=1
2026-02-04 09:55:15 | INFO | [ad85ff549e484da69722845904954819] | app.api.v1.sync_tasks | [ad85ff549e484da69722845904954819] 查询同步任务列表: skip=0, limit=20, user=admin, project_id=1
2026-02-04 10:03:35 | INFO | [3184fe588ec14581a4a1027d7d5ce908] | app.api.v1.sync_tasks | [3184fe588ec14581a4a1027d7d5ce908] 查询同步任务列表: skip=0, limit=20, user=admin, project_id=1
2026-02-04 10:05:09 | INFO | [8935249accf54919aa586a98d820ff06] | root | 日志系统初始化完成
2026-02-04 10:05:09 | INFO | [8935249accf54919aa586a98d820ff06] | app.main | 启动异步任务工作线程...
2026-02-04 10:05:09 | INFO | [8935249accf54919aa586a98d820ff06] | app.main | 异步任务工作线程已启动
2026-02-04 10:05:09 | INFO | [8935249accf54919aa586a98d820ff06] | app.core.async_task.manager | [8935249accf54919aa586a98d820ff06] 启动异步任务工作线程
2026-02-04 10:05:19 | INFO | [32be54f469ec47c7a59783ac89b307a0] | root | 日志系统初始化完成
2026-02-04 10:05:19 | INFO | [32be54f469ec47c7a59783ac89b307a0] | app.main | 启动异步任务工作线程...
2026-02-04 10:05:19 | INFO | [32be54f469ec47c7a59783ac89b307a0] | app.main | 异步任务工作线程已启动
2026-02-04 10:05:19 | INFO | [32be54f469ec47c7a59783ac89b307a0] | app.core.async_task.manager | [32be54f469ec47c7a59783ac89b307a0] 启动异步任务工作线程
2026-02-04 10:11:55 | INFO | [999e4ef8b00f4bc9bfd2ebd7cedc2d28] | app.api.v1.sync_tasks | [999e4ef8b00f4bc9bfd2ebd7cedc2d28] 创建同步任务: name=V1.1, source_type=swagger, user=admin
2026-02-04 10:11:55 | INFO | [999e4ef8b00f4bc9bfd2ebd7cedc2d28] | app.api.v1.sync_tasks | [999e4ef8b00f4bc9bfd2ebd7cedc2d28] 同步任务创建并启动成功: id=7, celery_task_id=e2828d80-21aa-4572-b78c-b01fa08dd582
2026-02-04 10:11:55 | INFO | [280decada10041ae9539d115498439dc] | app.api.v1.sync_tasks | [280decada10041ae9539d115498439dc] 查询同步任务列表: skip=0, limit=20, user=admin, project_id=1
2026-02-04 10:11:58 | INFO | [1e442a72021f4877abafb6f65abad717] | app.api.v1.sync_tasks | [1e442a72021f4877abafb6f65abad717] 查询同步任务列表: skip=0, limit=20, user=admin, project_id=1
2026-02-04 10:11:59 | INFO | [d1105aea2e484b7f9d40d47a38fe0d96] | app.api.v1.sync_tasks | [d1105aea2e484b7f9d40d47a38fe0d96] 查询同步任务列表: skip=0, limit=20, user=admin, project_id=1
2026-02-04 10:12:00 | INFO | [19217588bcf74be798bcc073a8db9b97] | app.api.v1.sync_tasks | [19217588bcf74be798bcc073a8db9b97] 查询同步任务列表: skip=0, limit=20, user=admin, project_id=1
2026-02-04 10:12:00 | INFO | [bebcdc6a761843c8bd8cc815af5fd668] | app.api.v1.sync_tasks | [bebcdc6a761843c8bd8cc815af5fd668] 查询同步任务列表: skip=0, limit=20, user=admin, project_id=1
2026-02-04 10:12:00 | INFO | [96dcd492e3f44f11af1b8c3881cd353a] | app.api.v1.sync_tasks | [96dcd492e3f44f11af1b8c3881cd353a] 查询同步任务列表: skip=0, limit=20, user=admin, project_id=1
2026-02-04 10:12:12 | INFO | [886e3d63c385404e8e0261895185a6bf] | app.api.v1.sync_tasks | [886e3d63c385404e8e0261895185a6bf] 查询同步任务列表: skip=0, limit=20, user=admin, project_id=1
2026-02-04 10:12:13 | INFO | [f6b46fff1753431ca8bfe77f44671be2] | app.api.v1.sync_tasks | [f6b46fff1753431ca8bfe77f44671be2] 查询同步任务列表: skip=0, limit=20, user=admin, project_id=1
2026-02-04 10:12:13 | INFO | [a9be9897c9f64fee8c5f8f40b4a49976] | app.api.v1.sync_tasks | [a9be9897c9f64fee8c5f8f40b4a49976] 查询同步任务列表: skip=0, limit=20, user=admin, project_id=1
2026-02-04 10:12:13 | INFO | [e7a8284be4914199ae74f30338b63fec] | app.api.v1.sync_tasks | [e7a8284be4914199ae74f30338b63fec] 查询同步任务列表: skip=0, limit=20, user=admin, project_id=1
2026-02-04 10:12:13 | INFO | [9c5f430ee9eb44eca681f65468712838] | app.api.v1.sync_tasks | [9c5f430ee9eb44eca681f65468712838] 查询同步任务列表: skip=0, limit=20, user=admin, project_id=1
2026-02-04 10:12:14 | INFO | [b3b92b513a024472a6f9dbb76e330538] | app.api.v1.sync_tasks | [b3b92b513a024472a6f9dbb76e330538] 查询同步任务列表: skip=0, limit=20, user=admin, project_id=1
2026-02-04 10:12:14 | INFO | [9691ccacdb734c69976ca51826263a3d] | app.api.v1.sync_tasks | [9691ccacdb734c69976ca51826263a3d] 查询同步任务列表: skip=0, limit=20, user=admin, project_id=1
2026-02-04 10:12:14 | INFO | [19eeda27a29641129ea08b4782d39f39] | app.api.v1.sync_tasks | [19eeda27a29641129ea08b4782d39f39] 查询同步任务列表: skip=0, limit=20, user=admin, project_id=1
2026-02-04 10:12:14 | INFO | [8170e6620e7b4104b9133579bc69db4f] | app.api.v1.sync_tasks | [8170e6620e7b4104b9133579bc69db4f] 查询同步任务列表: skip=0, limit=20, user=admin, project_id=1
2026-02-04 10:12:20 | INFO | [7e4a9ab0d77046af9ed41ac985f9e9ca] | app.api.v1.sync_tasks | [7e4a9ab0d77046af9ed41ac985f9e9ca] 查询同步任务列表: skip=0, limit=20, user=admin, project_id=1
2026-02-04 10:12:21 | INFO | [e22b8c49761c4693a64ac3b02e73590e] | app.api.v1.sync_tasks | [e22b8c49761c4693a64ac3b02e73590e] 查询同步任务列表: skip=0, limit=20, user=admin, project_id=1
2026-02-04 10:12:21 | INFO | [904ae0ac543c41cb82287c59e900879c] | app.api.v1.sync_tasks | [904ae0ac543c41cb82287c59e900879c] 查询同步任务列表: skip=0, limit=20, user=admin, project_id=1
2026-02-04 10:12:22 | INFO | [9a049becc27f411bb978028b427e5b39] | app.api.v1.sync_tasks | [9a049becc27f411bb978028b427e5b39] 查询同步任务列表: skip=0, limit=20, user=admin, project_id=1
2026-02-04 10:12:40 | INFO | [9c6d44542840467b8bbd929a391726a8] | app.api.v1.sync_tasks | [9c6d44542840467b8bbd929a391726a8] 查询同步任务列表: skip=0, limit=20, user=admin, project_id=1
2026-02-04 10:12:41 | INFO | [0ff8630840c34075a13acde573314b05] | app.api.v1.sync_tasks | [0ff8630840c34075a13acde573314b05] 查询同步任务列表: skip=0, limit=20, user=admin, project_id=1
2026-02-04 10:12:41 | INFO | [8daee95d36724ef38eb1b9eec253c61d] | app.api.v1.sync_tasks | [8daee95d36724ef38eb1b9eec253c61d] 查询同步任务列表: skip=0, limit=20, user=admin, project_id=1
2026-02-04 10:12:41 | INFO | [3cf1411a615841be961777cb3ccd46a9] | app.api.v1.sync_tasks | [3cf1411a615841be961777cb3ccd46a9] 查询同步任务列表: skip=0, limit=20, user=admin, project_id=1
2026-02-04 10:12:42 | INFO | [2a8cc33f49414f61bf173475f8091313] | app.api.v1.sync_tasks | [2a8cc33f49414f61bf173475f8091313] 查询同步任务列表: skip=0, limit=20, user=admin, project_id=1
2026-02-04 10:12:42 | INFO | [dabfb2b82fa349479ba7e7a945f2adf3] | app.api.v1.sync_tasks | [dabfb2b82fa349479ba7e7a945f2adf3] 查询同步任务列表: skip=0, limit=20, user=admin, project_id=1
2026-02-04 10:12:42 | INFO | [6e0a8cd2f70d40a697afa7fbd7885352] | app.api.v1.sync_tasks | [6e0a8cd2f70d40a697afa7fbd7885352] 查询同步任务列表: skip=0, limit=20, user=admin, project_id=1
2026-02-04 10:12:42 | INFO | [e2273e53e0e849d9a266d59c983337c2] | app.api.v1.sync_tasks | [e2273e53e0e849d9a266d59c983337c2] 查询同步任务列表: skip=0, limit=20, user=admin, project_id=1
2026-02-04 10:13:21 | INFO | [377b2efdd61848058fbb7ea82f20e511] | app.api.v1.sync_tasks | [377b2efdd61848058fbb7ea82f20e511] 查询同步任务列表: skip=0, limit=20, user=admin, project_id=1
2026-02-04 10:13:21 | INFO | [fd15b035d23d45d891614eca89b609ca] | app.api.v1.sync_tasks | [fd15b035d23d45d891614eca89b609ca] 查询同步任务列表: skip=0, limit=20, user=admin, project_id=1
2026-02-04 10:13:22 | INFO | [7dd24048796940b98e37e906e8385929] | app.api.v1.sync_tasks | [7dd24048796940b98e37e906e8385929] 查询同步任务列表: skip=0, limit=20, user=admin, project_id=1
2026-02-04 10:13:22 | INFO | [7786ea263d444ecda004c5c13fc37d86] | app.api.v1.sync_tasks | [7786ea263d444ecda004c5c13fc37d86] 查询同步任务列表: skip=0, limit=20, user=admin, project_id=1
2026-02-04 10:13:22 | INFO | [315e434809284620977733f062f3c24b] | app.api.v1.sync_tasks | [315e434809284620977733f062f3c24b] 查询同步任务列表: skip=0, limit=20, user=admin, project_id=1
2026-02-04 10:13:22 | INFO | [3786c5b44bb44748aa1d26f2c1687667] | app.api.v1.sync_tasks | [3786c5b44bb44748aa1d26f2c1687667] 查询同步任务列表: skip=0, limit=20, user=admin, project_id=1
2026-02-04 10:13:22 | INFO | [7aec18f16e9e41fab7792763ff112ecd] | app.api.v1.sync_tasks | [7aec18f16e9e41fab7792763ff112ecd] 查询同步任务列表: skip=0, limit=20, user=admin, project_id=1
2026-02-04 10:13:23 | INFO | [d8a4129e4bd940709865a07c645cc07e] | app.api.v1.sync_tasks | [d8a4129e4bd940709865a07c645cc07e] 查询同步任务列表: skip=0, limit=20, user=admin, project_id=1
2026-02-04 10:13:23 | INFO | [2bbe824929e449c286fa885f2d3796f6] | app.api.v1.sync_tasks | [2bbe824929e449c286fa885f2d3796f6] 查询同步任务列表: skip=0, limit=20, user=admin, project_id=1
2026-02-04 10:13:23 | INFO | [bc0ecab832034467a16479df3c849dbe] | app.api.v1.sync_tasks | [bc0ecab832034467a16479df3c849dbe] 查询同步任务列表: skip=0, limit=20, user=admin, project_id=1
2026-02-04 10:13:34 | INFO | [1852bbd62aa6465b9e91d39024c0acd7] | app.api.v1.sync_tasks | [1852bbd62aa6465b9e91d39024c0acd7] 查询同步任务列表: skip=0, limit=20, user=admin, project_id=1
2026-02-04 10:13:34 | INFO | [fe8d6cc2efa344c787f68ec4f195fbef] | app.api.v1.sync_tasks | [fe8d6cc2efa344c787f68ec4f195fbef] 查询同步任务列表: skip=0, limit=20, user=admin, project_id=1
2026-02-04 10:13:34 | INFO | [e92cd79cabbc49c8bea2917b7e873d6c] | app.api.v1.sync_tasks | [e92cd79cabbc49c8bea2917b7e873d6c] 查询同步任务列表: skip=0, limit=20, user=admin, project_id=1
2026-02-04 10:13:35 | INFO | [de1734a9579e485c8efd819efb0c646c] | app.api.v1.sync_tasks | [de1734a9579e485c8efd819efb0c646c] 查询同步任务列表: skip=0, limit=20, user=admin, project_id=1
2026-02-04 10:17:57 | INFO | [9ac1af46c61f490895c52e8663103190] | root | 日志系统初始化完成
2026-02-04 10:17:57 | INFO | [9ac1af46c61f490895c52e8663103190] | app.main | 启动异步任务工作线程...
2026-02-04 10:17:57 | INFO | [9ac1af46c61f490895c52e8663103190] | app.main | 异步任务工作线程已启动
2026-02-04 10:17:57 | INFO | [9ac1af46c61f490895c52e8663103190] | app.core.async_task.manager | [9ac1af46c61f490895c52e8663103190] 启动异步任务工作线程
2026-02-04 10:17:59 | INFO | [f9a1bf903b6f48518f4052f323604f99] | app.api.v1.sync_tasks | [f9a1bf903b6f48518f4052f323604f99] 查询同步任务列表: skip=0, limit=20, user=admin, project_id=1
2026-02-04 10:17:59 | ERROR | [f9a1bf903b6f48518f4052f323604f99] | app.dependencies | 数据库会话异常: (psycopg2.errors.UndefinedColumn) column sync_tasks.impact_analysis does not exist
LINE 2: ...og, sync_tasks.diff_data AS sync_tasks_diff_data, sync_tasks...
                                                             ^

[SQL: SELECT count(*) AS count_1 
FROM (SELECT sync_tasks.id AS sync_tasks_id, sync_tasks.project_id AS sync_tasks_project_id, sync_tasks.version_id AS sync_tasks_version_id, sync_tasks.name AS sync_tasks_name, sync_tasks.source_type AS sync_tasks_source_type, sync_tasks.source_url AS sync_tasks_source_url, sync_tasks.source_version AS sync_tasks_source_version, sync_tasks.task_id AS sync_tasks_task_id, sync_tasks.status AS sync_tasks_status, sync_tasks.progress AS sync_tasks_progress, sync_tasks.total_count AS sync_tasks_total_count, sync_tasks.added_count AS sync_tasks_added_count, sync_tasks.updated_count AS sync_tasks_updated_count, sync_tasks.deleted_count AS sync_tasks_deleted_count, sync_tasks.conflict_count AS sync_tasks_conflict_count, sync_tasks.error_message AS sync_tasks_error_message, sync_tasks.execution_log AS sync_tasks_execution_log, sync_tasks.diff_data AS sync_tasks_diff_data, sync_tasks.impact_analysis AS sync_tasks_impact_analysis, sync_tasks.fix_data AS sync_tasks_fix_data, sync_tasks.started_at AS sync_tasks_started_at, sync_tasks.completed_at AS sync_tasks_completed_at, sync_tasks.created_by AS sync_tasks_created_by, sync_tasks.created_at AS sync_tasks_created_at, sync_tasks.updated_at AS sync_tasks_updated_at 
FROM sync_tasks 
WHERE sync_tasks.project_id = %(project_id_1)s) AS anon_1]
[parameters: {'project_id_1': 1}]
(Background on this error at: https://sqlalche.me/e/20/f405)
Traceback (most recent call last):
  File "C:\Users\81026\AppData\Local\Programs\Python\Python310\lib\site-packages\sqlalchemy\engine\base.py", line 1967, in _exec_single_context
    self.dialect.do_execute(
  File "C:\Users\81026\AppData\Local\Programs\Python\Python310\lib\site-packages\sqlalchemy\engine\default.py", line 952, in do_execute
    cursor.execute(statement, parameters)
psycopg2.errors.UndefinedColumn: column sync_tasks.impact_analysis does not exist
LINE 2: ...og, sync_tasks.diff_data AS sync_tasks_diff_data, sync_tasks...
                                                             ^


The above exception was the direct cause of the following exception:

Traceback (most recent call last):
  File "D:\code\BugSeek\backend\app\dependencies.py", line 19, in get_db
    yield db
  File "C:\Users\81026\AppData\Local\Programs\Python\Python310\lib\site-packages\fastapi\concurrency.py", line 29, in contextmanager_in_threadpool
    yield await run_in_threadpool(cm.__enter__)
  File "C:\Users\81026\AppData\Local\Programs\Python\Python310\lib\site-packages\fastapi\routing.py", line 101, in app
    response = await f(request)
  File "C:\Users\81026\AppData\Local\Programs\Python\Python310\lib\site-packages\fastapi\routing.py", line 355, in app
    raw_response = await run_endpoint_function(
  File "C:\Users\81026\AppData\Local\Programs\Python\Python310\lib\site-packages\fastapi\routing.py", line 243, in run_endpoint_function
    return await dependant.call(**values)
  File "D:\code\BugSeek\backend\app\api\v1\sync_tasks.py", line 191, in get_sync_tasks
    total = query.count()
  File "C:\Users\81026\AppData\Local\Programs\Python\Python310\lib\site-packages\sqlalchemy\orm\query.py", line 3146, in count
    self._legacy_from_self(col).enable_eagerloads(False).scalar()
  File "C:\Users\81026\AppData\Local\Programs\Python\Python310\lib\site-packages\sqlalchemy\orm\query.py", line 2835, in scalar
    ret = self.one()
  File "C:\Users\81026\AppData\Local\Programs\Python\Python310\lib\site-packages\sqlalchemy\orm\query.py", line 2808, in one
    return self._iter().one()  # type: ignore
  File "C:\Users\81026\AppData\Local\Programs\Python\Python310\lib\site-packages\sqlalchemy\orm\query.py", line 2857, in _iter
    result: Union[ScalarResult[_T], Result[_T]] = self.session.execute(
  File "C:\Users\81026\AppData\Local\Programs\Python\Python310\lib\site-packages\sqlalchemy\orm\session.py", line 2351, in execute
    return self._execute_internal(
  File "C:\Users\81026\AppData\Local\Programs\Python\Python310\lib\site-packages\sqlalchemy\orm\session.py", line 2249, in _execute_internal
    result: Result[Any] = compile_state_cls.orm_execute_statement(
  File "C:\Users\81026\AppData\Local\Programs\Python\Python310\lib\site-packages\sqlalchemy\orm\context.py", line 306, in orm_execute_statement
    result = conn.execute(
  File "C:\Users\81026\AppData\Local\Programs\Python\Python310\lib\site-packages\sqlalchemy\engine\base.py", line 1419, in execute
    return meth(
  File "C:\Users\81026\AppData\Local\Programs\Python\Python310\lib\site-packages\sqlalchemy\sql\elements.py", line 527, in _execute_on_connection
    return connection._execute_clauseelement(
  File "C:\Users\81026\AppData\Local\Programs\Python\Python310\lib\site-packages\sqlalchemy\engine\base.py", line 1641, in _execute_clauseelement
    ret = self._execute_context(
  File "C:\Users\81026\AppData\Local\Programs\Python\Python310\lib\site-packages\sqlalchemy\engine\base.py", line 1846, in _execute_context
    return self._exec_single_context(
  File "C:\Users\81026\AppData\Local\Programs\Python\Python310\lib\site-packages\sqlalchemy\engine\base.py", line 1986, in _exec_single_context
    self._handle_dbapi_exception(
  File "C:\Users\81026\AppData\Local\Programs\Python\Python310\lib\site-packages\sqlalchemy\engine\base.py", line 2363, in _handle_dbapi_exception
    raise sqlalchemy_exception.with_traceback(exc_info[2]) from e
  File "C:\Users\81026\AppData\Local\Programs\Python\Python310\lib\site-packages\sqlalchemy\engine\base.py", line 1967, in _exec_single_context
    self.dialect.do_execute(
  File "C:\Users\81026\AppData\Local\Programs\Python\Python310\lib\site-packages\sqlalchemy\engine\default.py", line 952, in do_execute
    cursor.execute(statement, parameters)
sqlalchemy.exc.ProgrammingError: (psycopg2.errors.UndefinedColumn) column sync_tasks.impact_analysis does not exist
LINE 2: ...og, sync_tasks.diff_data AS sync_tasks_diff_data, sync_tasks...
                                                             ^

[SQL: SELECT count(*) AS count_1 
FROM (SELECT sync_tasks.id AS sync_tasks_id, sync_tasks.project_id AS sync_tasks_project_id, sync_tasks.version_id AS sync_tasks_version_id, sync_tasks.name AS sync_tasks_name, sync_tasks.source_type AS sync_tasks_source_type, sync_tasks.source_url AS sync_tasks_source_url, sync_tasks.source_version AS sync_tasks_source_version, sync_tasks.task_id AS sync_tasks_task_id, sync_tasks.status AS sync_tasks_status, sync_tasks.progress AS sync_tasks_progress, sync_tasks.total_count AS sync_tasks_total_count, sync_tasks.added_count AS sync_tasks_added_count, sync_tasks.updated_count AS sync_tasks_updated_count, sync_tasks.deleted_count AS sync_tasks_deleted_count, sync_tasks.conflict_count AS sync_tasks_conflict_count, sync_tasks.error_message AS sync_tasks_error_message, sync_tasks.execution_log AS sync_tasks_execution_log, sync_tasks.diff_data AS sync_tasks_diff_data, sync_tasks.impact_analysis AS sync_tasks_impact_analysis, sync_tasks.fix_data AS sync_tasks_fix_data, sync_tasks.started_at AS sync_tasks_started_at, sync_tasks.completed_at AS sync_tasks_completed_at, sync_tasks.created_by AS sync_tasks_created_by, sync_tasks.created_at AS sync_tasks_created_at, sync_tasks.updated_at AS sync_tasks_updated_at 
FROM sync_tasks 
WHERE sync_tasks.project_id = %(project_id_1)s) AS anon_1]
[parameters: {'project_id_1': 1}]
(Background on this error at: https://sqlalche.me/e/20/f405)
2026-02-04 10:17:59 | ERROR | [f9a1bf903b6f48518f4052f323604f99] | app.main | 未捕获的异常: (psycopg2.errors.UndefinedColumn) column sync_tasks.impact_analysis does not exist
LINE 2: ...og, sync_tasks.diff_data AS sync_tasks_diff_data, sync_tasks...
                                                             ^

[SQL: SELECT count(*) AS count_1 
FROM (SELECT sync_tasks.id AS sync_tasks_id, sync_tasks.project_id AS sync_tasks_project_id, sync_tasks.version_id AS sync_tasks_version_id, sync_tasks.name AS sync_tasks_name, sync_tasks.source_type AS sync_tasks_source_type, sync_tasks.source_url AS sync_tasks_source_url, sync_tasks.source_version AS sync_tasks_source_version, sync_tasks.task_id AS sync_tasks_task_id, sync_tasks.status AS sync_tasks_status, sync_tasks.progress AS sync_tasks_progress, sync_tasks.total_count AS sync_tasks_total_count, sync_tasks.added_count AS sync_tasks_added_count, sync_tasks.updated_count AS sync_tasks_updated_count, sync_tasks.deleted_count AS sync_tasks_deleted_count, sync_tasks.conflict_count AS sync_tasks_conflict_count, sync_tasks.error_message AS sync_tasks_error_message, sync_tasks.execution_log AS sync_tasks_execution_log, sync_tasks.diff_data AS sync_tasks_diff_data, sync_tasks.impact_analysis AS sync_tasks_impact_analysis, sync_tasks.fix_data AS sync_tasks_fix_data, sync_tasks.started_at AS sync_tasks_started_at, sync_tasks.completed_at AS sync_tasks_completed_at, sync_tasks.created_by AS sync_tasks_created_by, sync_tasks.created_at AS sync_tasks_created_at, sync_tasks.updated_at AS sync_tasks_updated_at 
FROM sync_tasks 
WHERE sync_tasks.project_id = %(project_id_1)s) AS anon_1]
[parameters: {'project_id_1': 1}]
(Background on this error at: https://sqlalche.me/e/20/f405) | 路径: /api/v1/sync-tasks | 方法: GET
Traceback (most recent call last):
  File "C:\Users\81026\AppData\Local\Programs\Python\Python310\lib\site-packages\sqlalchemy\engine\base.py", line 1967, in _exec_single_context
    self.dialect.do_execute(
  File "C:\Users\81026\AppData\Local\Programs\Python\Python310\lib\site-packages\sqlalchemy\engine\default.py", line 952, in do_execute
    cursor.execute(statement, parameters)
psycopg2.errors.UndefinedColumn: column sync_tasks.impact_analysis does not exist
LINE 2: ...og, sync_tasks.diff_data AS sync_tasks_diff_data, sync_tasks...
                                                             ^


The above exception was the direct cause of the following exception:

Traceback (most recent call last):
  File "C:\Users\81026\AppData\Local\Programs\Python\Python310\lib\site-packages\starlette\middleware\errors.py", line 164, in __call__
    await self.app(scope, receive, _send)
  File "C:\Users\81026\AppData\Local\Programs\Python\Python310\lib\site-packages\starlette\middleware\base.py", line 191, in __call__
    with recv_stream, send_stream, collapse_excgroups():
  File "C:\Users\81026\AppData\Local\Programs\Python\Python310\lib\contextlib.py", line 153, in __exit__
    self.gen.throw(typ, value, traceback)
  File "C:\Users\81026\AppData\Local\Programs\Python\Python310\lib\site-packages\starlette\_utils.py", line 85, in collapse_excgroups
    raise exc
  File "C:\Users\81026\AppData\Local\Programs\Python\Python310\lib\site-packages\starlette\middleware\base.py", line 193, in __call__
    response = await self.dispatch_func(request, call_next)
  File "D:\code\BugSeek\backend\app\main.py", line 45, in trace_id_middleware
    response = await call_next(request)
  File "C:\Users\81026\AppData\Local\Programs\Python\Python310\lib\site-packages\starlette\middleware\base.py", line 168, in call_next
    raise app_exc from app_exc.__cause__ or app_exc.__context__
  File "C:\Users\81026\AppData\Local\Programs\Python\Python310\lib\site-packages\starlette\middleware\base.py", line 144, in coro
    await self.app(scope, receive_or_disconnect, send_no_error)
  File "C:\Users\81026\AppData\Local\Programs\Python\Python310\lib\site-packages\starlette\middleware\cors.py", line 85, in __call__
    await self.app(scope, receive, send)
  File "C:\Users\81026\AppData\Local\Programs\Python\Python310\lib\site-packages\starlette\middleware\exceptions.py", line 63, in __call__
    await wrap_app_handling_exceptions(self.app, conn)(scope, receive, send)
  File "C:\Users\81026\AppData\Local\Programs\Python\Python310\lib\site-packages\starlette\_exception_handler.py", line 53, in wrapped_app
    raise exc
  File "C:\Users\81026\AppData\Local\Programs\Python\Python310\lib\site-packages\starlette\_exception_handler.py", line 42, in wrapped_app
    await app(scope, receive, sender)
  File "C:\Users\81026\AppData\Local\Programs\Python\Python310\lib\site-packages\fastapi\middleware\asyncexitstack.py", line 18, in __call__
    await self.app(scope, receive, send)
  File "C:\Users\81026\AppData\Local\Programs\Python\Python310\lib\site-packages\starlette\routing.py", line 716, in __call__
    await self.middleware_stack(scope, receive, send)
  File "C:\Users\81026\AppData\Local\Programs\Python\Python310\lib\site-packages\starlette\routing.py", line 736, in app
    await route.handle(scope, receive, send)
  File "C:\Users\81026\AppData\Local\Programs\Python\Python310\lib\site-packages\starlette\routing.py", line 290, in handle
    await self.app(scope, receive, send)
  File "C:\Users\81026\AppData\Local\Programs\Python\Python310\lib\site-packages\fastapi\routing.py", line 115, in app
    await wrap_app_handling_exceptions(app, request)(scope, receive, send)
  File "C:\Users\81026\AppData\Local\Programs\Python\Python310\lib\site-packages\starlette\_exception_handler.py", line 53, in wrapped_app
    raise exc
  File "C:\Users\81026\AppData\Local\Programs\Python\Python310\lib\site-packages\starlette\_exception_handler.py", line 42, in wrapped_app
    await app(scope, receive, sender)
  File "C:\Users\81026\AppData\Local\Programs\Python\Python310\lib\site-packages\fastapi\routing.py", line 101, in app
    response = await f(request)
  File "C:\Users\81026\AppData\Local\Programs\Python\Python310\lib\site-packages\fastapi\routing.py", line 355, in app
    raw_response = await run_endpoint_function(
  File "C:\Users\81026\AppData\Local\Programs\Python\Python310\lib\site-packages\fastapi\routing.py", line 243, in run_endpoint_function
    return await dependant.call(**values)
  File "D:\code\BugSeek\backend\app\api\v1\sync_tasks.py", line 191, in get_sync_tasks
    total = query.count()
  File "C:\Users\81026\AppData\Local\Programs\Python\Python310\lib\site-packages\sqlalchemy\orm\query.py", line 3146, in count
    self._legacy_from_self(col).enable_eagerloads(False).scalar()
  File "C:\Users\81026\AppData\Local\Programs\Python\Python310\lib\site-packages\sqlalchemy\orm\query.py", line 2835, in scalar
    ret = self.one()
  File "C:\Users\81026\AppData\Local\Programs\Python\Python310\lib\site-packages\sqlalchemy\orm\query.py", line 2808, in one
    return self._iter().one()  # type: ignore
  File "C:\Users\81026\AppData\Local\Programs\Python\Python310\lib\site-packages\sqlalchemy\orm\query.py", line 2857, in _iter
    result: Union[ScalarResult[_T], Result[_T]] = self.session.execute(
  File "C:\Users\81026\AppData\Local\Programs\Python\Python310\lib\site-packages\sqlalchemy\orm\session.py", line 2351, in execute
    return self._execute_internal(
  File "C:\Users\81026\AppData\Local\Programs\Python\Python310\lib\site-packages\sqlalchemy\orm\session.py", line 2249, in _execute_internal
    result: Result[Any] = compile_state_cls.orm_execute_statement(
  File "C:\Users\81026\AppData\Local\Programs\Python\Python310\lib\site-packages\sqlalchemy\orm\context.py", line 306, in orm_execute_statement
    result = conn.execute(
  File "C:\Users\81026\AppData\Local\Programs\Python\Python310\lib\site-packages\sqlalchemy\engine\base.py", line 1419, in execute
    return meth(
  File "C:\Users\81026\AppData\Local\Programs\Python\Python310\lib\site-packages\sqlalchemy\sql\elements.py", line 527, in _execute_on_connection
    return connection._execute_clauseelement(
  File "C:\Users\81026\AppData\Local\Programs\Python\Python310\lib\site-packages\sqlalchemy\engine\base.py", line 1641, in _execute_clauseelement
    ret = self._execute_context(
  File "C:\Users\81026\AppData\Local\Programs\Python\Python310\lib\site-packages\sqlalchemy\engine\base.py", line 1846, in _execute_context
    return self._exec_single_context(
  File "C:\Users\81026\AppData\Local\Programs\Python\Python310\lib\site-packages\sqlalchemy\engine\base.py", line 1986, in _exec_single_context
    self._handle_dbapi_exception(
  File "C:\Users\81026\AppData\Local\Programs\Python\Python310\lib\site-packages\sqlalchemy\engine\base.py", line 2363, in _handle_dbapi_exception
    raise sqlalchemy_exception.with_traceback(exc_info[2]) from e
  File "C:\Users\81026\AppData\Local\Programs\Python\Python310\lib\site-packages\sqlalchemy\engine\base.py", line 1967, in _exec_single_context
    self.dialect.do_execute(
  File "C:\Users\81026\AppData\Local\Programs\Python\Python310\lib\site-packages\sqlalchemy\engine\default.py", line 952, in do_execute
    cursor.execute(statement, parameters)
sqlalchemy.exc.ProgrammingError: (psycopg2.errors.UndefinedColumn) column sync_tasks.impact_analysis does not exist
LINE 2: ...og, sync_tasks.diff_data AS sync_tasks_diff_data, sync_tasks...
                                                             ^

[SQL: SELECT count(*) AS count_1 
FROM (SELECT sync_tasks.id AS sync_tasks_id, sync_tasks.project_id AS sync_tasks_project_id, sync_tasks.version_id AS sync_tasks_version_id, sync_tasks.name AS sync_tasks_name, sync_tasks.source_type AS sync_tasks_source_type, sync_tasks.source_url AS sync_tasks_source_url, sync_tasks.source_version AS sync_tasks_source_version, sync_tasks.task_id AS sync_tasks_task_id, sync_tasks.status AS sync_tasks_status, sync_tasks.progress AS sync_tasks_progress, sync_tasks.total_count AS sync_tasks_total_count, sync_tasks.added_count AS sync_tasks_added_count, sync_tasks.updated_count AS sync_tasks_updated_count, sync_tasks.deleted_count AS sync_tasks_deleted_count, sync_tasks.conflict_count AS sync_tasks_conflict_count, sync_tasks.error_message AS sync_tasks_error_message, sync_tasks.execution_log AS sync_tasks_execution_log, sync_tasks.diff_data AS sync_tasks_diff_data, sync_tasks.impact_analysis AS sync_tasks_impact_analysis, sync_tasks.fix_data AS sync_tasks_fix_data, sync_tasks.started_at AS sync_tasks_started_at, sync_tasks.completed_at AS sync_tasks_completed_at, sync_tasks.created_by AS sync_tasks_created_by, sync_tasks.created_at AS sync_tasks_created_at, sync_tasks.updated_at AS sync_tasks_updated_at 
FROM sync_tasks 
WHERE sync_tasks.project_id = %(project_id_1)s) AS anon_1]
[parameters: {'project_id_1': 1}]
(Background on this error at: https://sqlalche.me/e/20/f405)
2026-02-04 10:18:01 | INFO | [6b630e955cd64ab2934ee30824a9fdec] | app.api.v1.sync_tasks | [6b630e955cd64ab2934ee30824a9fdec] 查询同步任务列表: skip=0, limit=20, user=admin, project_id=1
2026-02-04 10:18:01 | ERROR | [6b630e955cd64ab2934ee30824a9fdec] | app.dependencies | 数据库会话异常: (psycopg2.errors.UndefinedColumn) column sync_tasks.impact_analysis does not exist
LINE 2: ...og, sync_tasks.diff_data AS sync_tasks_diff_data, sync_tasks...
                                                             ^

[SQL: SELECT count(*) AS count_1 
FROM (SELECT sync_tasks.id AS sync_tasks_id, sync_tasks.project_id AS sync_tasks_project_id, sync_tasks.version_id AS sync_tasks_version_id, sync_tasks.name AS sync_tasks_name, sync_tasks.source_type AS sync_tasks_source_type, sync_tasks.source_url AS sync_tasks_source_url, sync_tasks.source_version AS sync_tasks_source_version, sync_tasks.task_id AS sync_tasks_task_id, sync_tasks.status AS sync_tasks_status, sync_tasks.progress AS sync_tasks_progress, sync_tasks.total_count AS sync_tasks_total_count, sync_tasks.added_count AS sync_tasks_added_count, sync_tasks.updated_count AS sync_tasks_updated_count, sync_tasks.deleted_count AS sync_tasks_deleted_count, sync_tasks.conflict_count AS sync_tasks_conflict_count, sync_tasks.error_message AS sync_tasks_error_message, sync_tasks.execution_log AS sync_tasks_execution_log, sync_tasks.diff_data AS sync_tasks_diff_data, sync_tasks.impact_analysis AS sync_tasks_impact_analysis, sync_tasks.fix_data AS sync_tasks_fix_data, sync_tasks.started_at AS sync_tasks_started_at, sync_tasks.completed_at AS sync_tasks_completed_at, sync_tasks.created_by AS sync_tasks_created_by, sync_tasks.created_at AS sync_tasks_created_at, sync_tasks.updated_at AS sync_tasks_updated_at 
FROM sync_tasks 
WHERE sync_tasks.project_id = %(project_id_1)s) AS anon_1]
[parameters: {'project_id_1': 1}]
(Background on this error at: https://sqlalche.me/e/20/f405)
Traceback (most recent call last):
  File "C:\Users\81026\AppData\Local\Programs\Python\Python310\lib\site-packages\sqlalchemy\engine\base.py", line 1967, in _exec_single_context
    self.dialect.do_execute(
  File "C:\Users\81026\AppData\Local\Programs\Python\Python310\lib\site-packages\sqlalchemy\engine\default.py", line 952, in do_execute
    cursor.execute(statement, parameters)
psycopg2.errors.UndefinedColumn: column sync_tasks.impact_analysis does not exist
LINE 2: ...og, sync_tasks.diff_data AS sync_tasks_diff_data, sync_tasks...
                                                             ^


The above exception was the direct cause of the following exception:

Traceback (most recent call last):
  File "D:\code\BugSeek\backend\app\dependencies.py", line 19, in get_db
    yield db
  File "C:\Users\81026\AppData\Local\Programs\Python\Python310\lib\site-packages\fastapi\concurrency.py", line 29, in contextmanager_in_threadpool
    yield await run_in_threadpool(cm.__enter__)
  File "C:\Users\81026\AppData\Local\Programs\Python\Python310\lib\site-packages\fastapi\routing.py", line 101, in app
    response = await f(request)
  File "C:\Users\81026\AppData\Local\Programs\Python\Python310\lib\site-packages\fastapi\routing.py", line 355, in app
    raw_response = await run_endpoint_function(
  File "C:\Users\81026\AppData\Local\Programs\Python\Python310\lib\site-packages\fastapi\routing.py", line 243, in run_endpoint_function
    return await dependant.call(**values)
  File "D:\code\BugSeek\backend\app\api\v1\sync_tasks.py", line 191, in get_sync_tasks
    total = query.count()
  File "C:\Users\81026\AppData\Local\Programs\Python\Python310\lib\site-packages\sqlalchemy\orm\query.py", line 3146, in count
    self._legacy_from_self(col).enable_eagerloads(False).scalar()
  File "C:\Users\81026\AppData\Local\Programs\Python\Python310\lib\site-packages\sqlalchemy\orm\query.py", line 2835, in scalar
    ret = self.one()
  File "C:\Users\81026\AppData\Local\Programs\Python\Python310\lib\site-packages\sqlalchemy\orm\query.py", line 2808, in one
    return self._iter().one()  # type: ignore
  File "C:\Users\81026\AppData\Local\Programs\Python\Python310\lib\site-packages\sqlalchemy\orm\query.py", line 2857, in _iter
    result: Union[ScalarResult[_T], Result[_T]] = self.session.execute(
  File "C:\Users\81026\AppData\Local\Programs\Python\Python310\lib\site-packages\sqlalchemy\orm\session.py", line 2351, in execute
    return self._execute_internal(
  File "C:\Users\81026\AppData\Local\Programs\Python\Python310\lib\site-packages\sqlalchemy\orm\session.py", line 2249, in _execute_internal
    result: Result[Any] = compile_state_cls.orm_execute_statement(
  File "C:\Users\81026\AppData\Local\Programs\Python\Python310\lib\site-packages\sqlalchemy\orm\context.py", line 306, in orm_execute_statement
    result = conn.execute(
  File "C:\Users\81026\AppData\Local\Programs\Python\Python310\lib\site-packages\sqlalchemy\engine\base.py", line 1419, in execute
    return meth(
  File "C:\Users\81026\AppData\Local\Programs\Python\Python310\lib\site-packages\sqlalchemy\sql\elements.py", line 527, in _execute_on_connection
    return connection._execute_clauseelement(
  File "C:\Users\81026\AppData\Local\Programs\Python\Python310\lib\site-packages\sqlalchemy\engine\base.py", line 1641, in _execute_clauseelement
    ret = self._execute_context(
  File "C:\Users\81026\AppData\Local\Programs\Python\Python310\lib\site-packages\sqlalchemy\engine\base.py", line 1846, in _execute_context
    return self._exec_single_context(
  File "C:\Users\81026\AppData\Local\Programs\Python\Python310\lib\site-packages\sqlalchemy\engine\base.py", line 1986, in _exec_single_context
    self._handle_dbapi_exception(
  File "C:\Users\81026\AppData\Local\Programs\Python\Python310\lib\site-packages\sqlalchemy\engine\base.py", line 2363, in _handle_dbapi_exception
    raise sqlalchemy_exception.with_traceback(exc_info[2]) from e
  File "C:\Users\81026\AppData\Local\Programs\Python\Python310\lib\site-packages\sqlalchemy\engine\base.py", line 1967, in _exec_single_context
    self.dialect.do_execute(
  File "C:\Users\81026\AppData\Local\Programs\Python\Python310\lib\site-packages\sqlalchemy\engine\default.py", line 952, in do_execute
    cursor.execute(statement, parameters)
sqlalchemy.exc.ProgrammingError: (psycopg2.errors.UndefinedColumn) column sync_tasks.impact_analysis does not exist
LINE 2: ...og, sync_tasks.diff_data AS sync_tasks_diff_data, sync_tasks...
                                                             ^

[SQL: SELECT count(*) AS count_1 
FROM (SELECT sync_tasks.id AS sync_tasks_id, sync_tasks.project_id AS sync_tasks_project_id, sync_tasks.version_id AS sync_tasks_version_id, sync_tasks.name AS sync_tasks_name, sync_tasks.source_type AS sync_tasks_source_type, sync_tasks.source_url AS sync_tasks_source_url, sync_tasks.source_version AS sync_tasks_source_version, sync_tasks.task_id AS sync_tasks_task_id, sync_tasks.status AS sync_tasks_status, sync_tasks.progress AS sync_tasks_progress, sync_tasks.total_count AS sync_tasks_total_count, sync_tasks.added_count AS sync_tasks_added_count, sync_tasks.updated_count AS sync_tasks_updated_count, sync_tasks.deleted_count AS sync_tasks_deleted_count, sync_tasks.conflict_count AS sync_tasks_conflict_count, sync_tasks.error_message AS sync_tasks_error_message, sync_tasks.execution_log AS sync_tasks_execution_log, sync_tasks.diff_data AS sync_tasks_diff_data, sync_tasks.impact_analysis AS sync_tasks_impact_analysis, sync_tasks.fix_data AS sync_tasks_fix_data, sync_tasks.started_at AS sync_tasks_started_at, sync_tasks.completed_at AS sync_tasks_completed_at, sync_tasks.created_by AS sync_tasks_created_by, sync_tasks.created_at AS sync_tasks_created_at, sync_tasks.updated_at AS sync_tasks_updated_at 
FROM sync_tasks 
WHERE sync_tasks.project_id = %(project_id_1)s) AS anon_1]
[parameters: {'project_id_1': 1}]
(Background on this error at: https://sqlalche.me/e/20/f405)
2026-02-04 10:18:01 | ERROR | [6b630e955cd64ab2934ee30824a9fdec] | app.main | 未捕获的异常: (psycopg2.errors.UndefinedColumn) column sync_tasks.impact_analysis does not exist
LINE 2: ...og, sync_tasks.diff_data AS sync_tasks_diff_data, sync_tasks...
                                                             ^

[SQL: SELECT count(*) AS count_1 
FROM (SELECT sync_tasks.id AS sync_tasks_id, sync_tasks.project_id AS sync_tasks_project_id, sync_tasks.version_id AS sync_tasks_version_id, sync_tasks.name AS sync_tasks_name, sync_tasks.source_type AS sync_tasks_source_type, sync_tasks.source_url AS sync_tasks_source_url, sync_tasks.source_version AS sync_tasks_source_version, sync_tasks.task_id AS sync_tasks_task_id, sync_tasks.status AS sync_tasks_status, sync_tasks.progress AS sync_tasks_progress, sync_tasks.total_count AS sync_tasks_total_count, sync_tasks.added_count AS sync_tasks_added_count, sync_tasks.updated_count AS sync_tasks_updated_count, sync_tasks.deleted_count AS sync_tasks_deleted_count, sync_tasks.conflict_count AS sync_tasks_conflict_count, sync_tasks.error_message AS sync_tasks_error_message, sync_tasks.execution_log AS sync_tasks_execution_log, sync_tasks.diff_data AS sync_tasks_diff_data, sync_tasks.impact_analysis AS sync_tasks_impact_analysis, sync_tasks.fix_data AS sync_tasks_fix_data, sync_tasks.started_at AS sync_tasks_started_at, sync_tasks.completed_at AS sync_tasks_completed_at, sync_tasks.created_by AS sync_tasks_created_by, sync_tasks.created_at AS sync_tasks_created_at, sync_tasks.updated_at AS sync_tasks_updated_at 
FROM sync_tasks 
WHERE sync_tasks.project_id = %(project_id_1)s) AS anon_1]
[parameters: {'project_id_1': 1}]
(Background on this error at: https://sqlalche.me/e/20/f405) | 路径: /api/v1/sync-tasks | 方法: GET
Traceback (most recent call last):
  File "C:\Users\81026\AppData\Local\Programs\Python\Python310\lib\site-packages\sqlalchemy\engine\base.py", line 1967, in _exec_single_context
    self.dialect.do_execute(
  File "C:\Users\81026\AppData\Local\Programs\Python\Python310\lib\site-packages\sqlalchemy\engine\default.py", line 952, in do_execute
    cursor.execute(statement, parameters)
psycopg2.errors.UndefinedColumn: column sync_tasks.impact_analysis does not exist
LINE 2: ...og, sync_tasks.diff_data AS sync_tasks_diff_data, sync_tasks...
                                                             ^


The above exception was the direct cause of the following exception:

Traceback (most recent call last):
  File "C:\Users\81026\AppData\Local\Programs\Python\Python310\lib\site-packages\starlette\middleware\errors.py", line 164, in __call__
    await self.app(scope, receive, _send)
  File "C:\Users\81026\AppData\Local\Programs\Python\Python310\lib\site-packages\starlette\middleware\base.py", line 191, in __call__
    with recv_stream, send_stream, collapse_excgroups():
  File "C:\Users\81026\AppData\Local\Programs\Python\Python310\lib\contextlib.py", line 153, in __exit__
    self.gen.throw(typ, value, traceback)
  File "C:\Users\81026\AppData\Local\Programs\Python\Python310\lib\site-packages\starlette\_utils.py", line 85, in collapse_excgroups
    raise exc
  File "C:\Users\81026\AppData\Local\Programs\Python\Python310\lib\site-packages\starlette\middleware\base.py", line 193, in __call__
    response = await self.dispatch_func(request, call_next)
  File "D:\code\BugSeek\backend\app\main.py", line 45, in trace_id_middleware
    response = await call_next(request)
  File "C:\Users\81026\AppData\Local\Programs\Python\Python310\lib\site-packages\starlette\middleware\base.py", line 168, in call_next
    raise app_exc from app_exc.__cause__ or app_exc.__context__
  File "C:\Users\81026\AppData\Local\Programs\Python\Python310\lib\site-packages\starlette\middleware\base.py", line 144, in coro
    await self.app(scope, receive_or_disconnect, send_no_error)
  File "C:\Users\81026\AppData\Local\Programs\Python\Python310\lib\site-packages\starlette\middleware\cors.py", line 85, in __call__
    await self.app(scope, receive, send)
  File "C:\Users\81026\AppData\Local\Programs\Python\Python310\lib\site-packages\starlette\middleware\exceptions.py", line 63, in __call__
    await wrap_app_handling_exceptions(self.app, conn)(scope, receive, send)
  File "C:\Users\81026\AppData\Local\Programs\Python\Python310\lib\site-packages\starlette\_exception_handler.py", line 53, in wrapped_app
    raise exc
  File "C:\Users\81026\AppData\Local\Programs\Python\Python310\lib\site-packages\starlette\_exception_handler.py", line 42, in wrapped_app
    await app(scope, receive, sender)
  File "C:\Users\81026\AppData\Local\Programs\Python\Python310\lib\site-packages\fastapi\middleware\asyncexitstack.py", line 18, in __call__
    await self.app(scope, receive, send)
  File "C:\Users\81026\AppData\Local\Programs\Python\Python310\lib\site-packages\starlette\routing.py", line 716, in __call__
    await self.middleware_stack(scope, receive, send)
  File "C:\Users\81026\AppData\Local\Programs\Python\Python310\lib\site-packages\starlette\routing.py", line 736, in app
    await route.handle(scope, receive, send)
  File "C:\Users\81026\AppData\Local\Programs\Python\Python310\lib\site-packages\starlette\routing.py", line 290, in handle
    await self.app(scope, receive, send)
  File "C:\Users\81026\AppData\Local\Programs\Python\Python310\lib\site-packages\fastapi\routing.py", line 115, in app
    await wrap_app_handling_exceptions(app, request)(scope, receive, send)
  File "C:\Users\81026\AppData\Local\Programs\Python\Python310\lib\site-packages\starlette\_exception_handler.py", line 53, in wrapped_app
    raise exc
  File "C:\Users\81026\AppData\Local\Programs\Python\Python310\lib\site-packages\starlette\_exception_handler.py", line 42, in wrapped_app
    await app(scope, receive, sender)
  File "C:\Users\81026\AppData\Local\Programs\Python\Python310\lib\site-packages\fastapi\routing.py", line 101, in app
    response = await f(request)
  File "C:\Users\81026\AppData\Local\Programs\Python\Python310\lib\site-packages\fastapi\routing.py", line 355, in app
    raw_response = await run_endpoint_function(
  File "C:\Users\81026\AppData\Local\Programs\Python\Python310\lib\site-packages\fastapi\routing.py", line 243, in run_endpoint_function
    return await dependant.call(**values)
  File "D:\code\BugSeek\backend\app\api\v1\sync_tasks.py", line 191, in get_sync_tasks
    total = query.count()
  File "C:\Users\81026\AppData\Local\Programs\Python\Python310\lib\site-packages\sqlalchemy\orm\query.py", line 3146, in count
    self._legacy_from_self(col).enable_eagerloads(False).scalar()
  File "C:\Users\81026\AppData\Local\Programs\Python\Python310\lib\site-packages\sqlalchemy\orm\query.py", line 2835, in scalar
    ret = self.one()
  File "C:\Users\81026\AppData\Local\Programs\Python\Python310\lib\site-packages\sqlalchemy\orm\query.py", line 2808, in one
    return self._iter().one()  # type: ignore
  File "C:\Users\81026\AppData\Local\Programs\Python\Python310\lib\site-packages\sqlalchemy\orm\query.py", line 2857, in _iter
    result: Union[ScalarResult[_T], Result[_T]] = self.session.execute(
  File "C:\Users\81026\AppData\Local\Programs\Python\Python310\lib\site-packages\sqlalchemy\orm\session.py", line 2351, in execute
    return self._execute_internal(
  File "C:\Users\81026\AppData\Local\Programs\Python\Python310\lib\site-packages\sqlalchemy\orm\session.py", line 2249, in _execute_internal
    result: Result[Any] = compile_state_cls.orm_execute_statement(
  File "C:\Users\81026\AppData\Local\Programs\Python\Python310\lib\site-packages\sqlalchemy\orm\context.py", line 306, in orm_execute_statement
    result = conn.execute(
  File "C:\Users\81026\AppData\Local\Programs\Python\Python310\lib\site-packages\sqlalchemy\engine\base.py", line 1419, in execute
    return meth(
  File "C:\Users\81026\AppData\Local\Programs\Python\Python310\lib\site-packages\sqlalchemy\sql\elements.py", line 527, in _execute_on_connection
    return connection._execute_clauseelement(
  File "C:\Users\81026\AppData\Local\Programs\Python\Python310\lib\site-packages\sqlalchemy\engine\base.py", line 1641, in _execute_clauseelement
    ret = self._execute_context(
  File "C:\Users\81026\AppData\Local\Programs\Python\Python310\lib\site-packages\sqlalchemy\engine\base.py", line 1846, in _execute_context
    return self._exec_single_context(
  File "C:\Users\81026\AppData\Local\Programs\Python\Python310\lib\site-packages\sqlalchemy\engine\base.py", line 1986, in _exec_single_context
    self._handle_dbapi_exception(
  File "C:\Users\81026\AppData\Local\Programs\Python\Python310\lib\site-packages\sqlalchemy\engine\base.py", line 2363, in _handle_dbapi_exception
    raise sqlalchemy_exception.with_traceback(exc_info[2]) from e
  File "C:\Users\81026\AppData\Local\Programs\Python\Python310\lib\site-packages\sqlalchemy\engine\base.py", line 1967, in _exec_single_context
    self.dialect.do_execute(
  File "C:\Users\81026\AppData\Local\Programs\Python\Python310\lib\site-packages\sqlalchemy\engine\default.py", line 952, in do_execute
    cursor.execute(statement, parameters)
sqlalchemy.exc.ProgrammingError: (psycopg2.errors.UndefinedColumn) column sync_tasks.impact_analysis does not exist
LINE 2: ...og, sync_tasks.diff_data AS sync_tasks_diff_data, sync_tasks...
                                                             ^

[SQL: SELECT count(*) AS count_1 
FROM (SELECT sync_tasks.id AS sync_tasks_id, sync_tasks.project_id AS sync_tasks_project_id, sync_tasks.version_id AS sync_tasks_version_id, sync_tasks.name AS sync_tasks_name, sync_tasks.source_type AS sync_tasks_source_type, sync_tasks.source_url AS sync_tasks_source_url, sync_tasks.source_version AS sync_tasks_source_version, sync_tasks.task_id AS sync_tasks_task_id, sync_tasks.status AS sync_tasks_status, sync_tasks.progress AS sync_tasks_progress, sync_tasks.total_count AS sync_tasks_total_count, sync_tasks.added_count AS sync_tasks_added_count, sync_tasks.updated_count AS sync_tasks_updated_count, sync_tasks.deleted_count AS sync_tasks_deleted_count, sync_tasks.conflict_count AS sync_tasks_conflict_count, sync_tasks.error_message AS sync_tasks_error_message, sync_tasks.execution_log AS sync_tasks_execution_log, sync_tasks.diff_data AS sync_tasks_diff_data, sync_tasks.impact_analysis AS sync_tasks_impact_analysis, sync_tasks.fix_data AS sync_tasks_fix_data, sync_tasks.started_at AS sync_tasks_started_at, sync_tasks.completed_at AS sync_tasks_completed_at, sync_tasks.created_by AS sync_tasks_created_by, sync_tasks.created_at AS sync_tasks_created_at, sync_tasks.updated_at AS sync_tasks_updated_at 
FROM sync_tasks 
WHERE sync_tasks.project_id = %(project_id_1)s) AS anon_1]
[parameters: {'project_id_1': 1}]
(Background on this error at: https://sqlalche.me/e/20/f405)
2026-02-04 10:18:43 | INFO | [fa34937485564f5eabf57f07643d60fe] | root | 日志系统初始化完成
2026-02-04 10:18:43 | INFO | [fa34937485564f5eabf57f07643d60fe] | app.main | 启动异步任务工作线程...
2026-02-04 10:18:43 | INFO | [fa34937485564f5eabf57f07643d60fe] | app.main | 异步任务工作线程已启动
2026-02-04 10:18:43 | INFO | [fa34937485564f5eabf57f07643d60fe] | app.core.async_task.manager | [fa34937485564f5eabf57f07643d60fe] 启动异步任务工作线程
2026-02-04 10:44:32 | INFO | [94510d526dac4b108ab0dda05727d227] | app.api.v1.projects | [94510d526dac4b108ab0dda05727d227] 用户 admin 获取项目列表: page=1, page_size=100
2026-02-04 10:44:32 | INFO | [94510d526dac4b108ab0dda05727d227] | app.api.v1.projects | [94510d526dac4b108ab0dda05727d227] 获取项目列表成功: total=2
2026-02-04 10:44:32 | INFO | [6f3047b13fa64b61bcba56300443cbd0] | app.api.v1.sync_tasks | [6f3047b13fa64b61bcba56300443cbd0] 查询同步任务列表: skip=0, limit=20, user=admin, project_id=1
2026-02-04 10:44:32 | INFO | [2e452d5b5e0748cf9b6832a0cbcb3df6] | app.api.v1.versions | [2e452d5b5e0748cf9b6832a0cbcb3df6] 用户 admin 获取版本列表: project_id=1, page=1, page_size=100
2026-02-04 10:44:32 | INFO | [2e452d5b5e0748cf9b6832a0cbcb3df6] | app.api.v1.versions | [2e452d5b5e0748cf9b6832a0cbcb3df6] 用户 admin 查看版本列表 项目 InvenTree (id=1) 的版本
2026-02-04 10:44:32 | INFO | [2e452d5b5e0748cf9b6832a0cbcb3df6] | app.api.v1.versions | [2e452d5b5e0748cf9b6832a0cbcb3df6] 获取版本列表成功: total=2
2026-02-04 10:44:32 | ERROR | [6f3047b13fa64b61bcba56300443cbd0] | app.dependencies | 数据库会话异常: (psycopg2.errors.UndefinedColumn) column sync_tasks.impact_analysis does not exist
LINE 2: ...og, sync_tasks.diff_data AS sync_tasks_diff_data, sync_tasks...
                                                             ^

[SQL: SELECT count(*) AS count_1 
FROM (SELECT sync_tasks.id AS sync_tasks_id, sync_tasks.project_id AS sync_tasks_project_id, sync_tasks.version_id AS sync_tasks_version_id, sync_tasks.name AS sync_tasks_name, sync_tasks.source_type AS sync_tasks_source_type, sync_tasks.source_url AS sync_tasks_source_url, sync_tasks.source_version AS sync_tasks_source_version, sync_tasks.task_id AS sync_tasks_task_id, sync_tasks.status AS sync_tasks_status, sync_tasks.progress AS sync_tasks_progress, sync_tasks.total_count AS sync_tasks_total_count, sync_tasks.added_count AS sync_tasks_added_count, sync_tasks.updated_count AS sync_tasks_updated_count, sync_tasks.deleted_count AS sync_tasks_deleted_count, sync_tasks.conflict_count AS sync_tasks_conflict_count, sync_tasks.error_message AS sync_tasks_error_message, sync_tasks.execution_log AS sync_tasks_execution_log, sync_tasks.diff_data AS sync_tasks_diff_data, sync_tasks.impact_analysis AS sync_tasks_impact_analysis, sync_tasks.fix_data AS sync_tasks_fix_data, sync_tasks.started_at AS sync_tasks_started_at, sync_tasks.completed_at AS sync_tasks_completed_at, sync_tasks.created_by AS sync_tasks_created_by, sync_tasks.created_at AS sync_tasks_created_at, sync_tasks.updated_at AS sync_tasks_updated_at 
FROM sync_tasks 
WHERE sync_tasks.project_id = %(project_id_1)s) AS anon_1]
[parameters: {'project_id_1': 1}]
(Background on this error at: https://sqlalche.me/e/20/f405)
Traceback (most recent call last):
  File "C:\Users\81026\AppData\Local\Programs\Python\Python310\lib\site-packages\sqlalchemy\engine\base.py", line 1967, in _exec_single_context
    self.dialect.do_execute(
  File "C:\Users\81026\AppData\Local\Programs\Python\Python310\lib\site-packages\sqlalchemy\engine\default.py", line 952, in do_execute
    cursor.execute(statement, parameters)
psycopg2.errors.UndefinedColumn: column sync_tasks.impact_analysis does not exist
LINE 2: ...og, sync_tasks.diff_data AS sync_tasks_diff_data, sync_tasks...
                                                             ^


The above exception was the direct cause of the following exception:

Traceback (most recent call last):
  File "D:\code\BugSeek\backend\app\dependencies.py", line 19, in get_db
    yield db
  File "C:\Users\81026\AppData\Local\Programs\Python\Python310\lib\site-packages\fastapi\concurrency.py", line 29, in contextmanager_in_threadpool
    yield await run_in_threadpool(cm.__enter__)
  File "C:\Users\81026\AppData\Local\Programs\Python\Python310\lib\site-packages\fastapi\routing.py", line 101, in app
    response = await f(request)
  File "C:\Users\81026\AppData\Local\Programs\Python\Python310\lib\site-packages\fastapi\routing.py", line 355, in app
    raw_response = await run_endpoint_function(
  File "C:\Users\81026\AppData\Local\Programs\Python\Python310\lib\site-packages\fastapi\routing.py", line 243, in run_endpoint_function
    return await dependant.call(**values)
  File "D:\code\BugSeek\backend\app\api\v1\sync_tasks.py", line 191, in get_sync_tasks
    total = query.count()
  File "C:\Users\81026\AppData\Local\Programs\Python\Python310\lib\site-packages\sqlalchemy\orm\query.py", line 3146, in count
    self._legacy_from_self(col).enable_eagerloads(False).scalar()
  File "C:\Users\81026\AppData\Local\Programs\Python\Python310\lib\site-packages\sqlalchemy\orm\query.py", line 2835, in scalar
    ret = self.one()
  File "C:\Users\81026\AppData\Local\Programs\Python\Python310\lib\site-packages\sqlalchemy\orm\query.py", line 2808, in one
    return self._iter().one()  # type: ignore
  File "C:\Users\81026\AppData\Local\Programs\Python\Python310\lib\site-packages\sqlalchemy\orm\query.py", line 2857, in _iter
    result: Union[ScalarResult[_T], Result[_T]] = self.session.execute(
  File "C:\Users\81026\AppData\Local\Programs\Python\Python310\lib\site-packages\sqlalchemy\orm\session.py", line 2351, in execute
    return self._execute_internal(
  File "C:\Users\81026\AppData\Local\Programs\Python\Python310\lib\site-packages\sqlalchemy\orm\session.py", line 2249, in _execute_internal
    result: Result[Any] = compile_state_cls.orm_execute_statement(
  File "C:\Users\81026\AppData\Local\Programs\Python\Python310\lib\site-packages\sqlalchemy\orm\context.py", line 306, in orm_execute_statement
    result = conn.execute(
  File "C:\Users\81026\AppData\Local\Programs\Python\Python310\lib\site-packages\sqlalchemy\engine\base.py", line 1419, in execute
    return meth(
  File "C:\Users\81026\AppData\Local\Programs\Python\Python310\lib\site-packages\sqlalchemy\sql\elements.py", line 527, in _execute_on_connection
    return connection._execute_clauseelement(
  File "C:\Users\81026\AppData\Local\Programs\Python\Python310\lib\site-packages\sqlalchemy\engine\base.py", line 1641, in _execute_clauseelement
    ret = self._execute_context(
  File "C:\Users\81026\AppData\Local\Programs\Python\Python310\lib\site-packages\sqlalchemy\engine\base.py", line 1846, in _execute_context
    return self._exec_single_context(
  File "C:\Users\81026\AppData\Local\Programs\Python\Python310\lib\site-packages\sqlalchemy\engine\base.py", line 1986, in _exec_single_context
    self._handle_dbapi_exception(
  File "C:\Users\81026\AppData\Local\Programs\Python\Python310\lib\site-packages\sqlalchemy\engine\base.py", line 2363, in _handle_dbapi_exception
    raise sqlalchemy_exception.with_traceback(exc_info[2]) from e
  File "C:\Users\81026\AppData\Local\Programs\Python\Python310\lib\site-packages\sqlalchemy\engine\base.py", line 1967, in _exec_single_context
    self.dialect.do_execute(
  File "C:\Users\81026\AppData\Local\Programs\Python\Python310\lib\site-packages\sqlalchemy\engine\default.py", line 952, in do_execute
    cursor.execute(statement, parameters)
sqlalchemy.exc.ProgrammingError: (psycopg2.errors.UndefinedColumn) column sync_tasks.impact_analysis does not exist
LINE 2: ...og, sync_tasks.diff_data AS sync_tasks_diff_data, sync_tasks...
                                                             ^

[SQL: SELECT count(*) AS count_1 
FROM (SELECT sync_tasks.id AS sync_tasks_id, sync_tasks.project_id AS sync_tasks_project_id, sync_tasks.version_id AS sync_tasks_version_id, sync_tasks.name AS sync_tasks_name, sync_tasks.source_type AS sync_tasks_source_type, sync_tasks.source_url AS sync_tasks_source_url, sync_tasks.source_version AS sync_tasks_source_version, sync_tasks.task_id AS sync_tasks_task_id, sync_tasks.status AS sync_tasks_status, sync_tasks.progress AS sync_tasks_progress, sync_tasks.total_count AS sync_tasks_total_count, sync_tasks.added_count AS sync_tasks_added_count, sync_tasks.updated_count AS sync_tasks_updated_count, sync_tasks.deleted_count AS sync_tasks_deleted_count, sync_tasks.conflict_count AS sync_tasks_conflict_count, sync_tasks.error_message AS sync_tasks_error_message, sync_tasks.execution_log AS sync_tasks_execution_log, sync_tasks.diff_data AS sync_tasks_diff_data, sync_tasks.impact_analysis AS sync_tasks_impact_analysis, sync_tasks.fix_data AS sync_tasks_fix_data, sync_tasks.started_at AS sync_tasks_started_at, sync_tasks.completed_at AS sync_tasks_completed_at, sync_tasks.created_by AS sync_tasks_created_by, sync_tasks.created_at AS sync_tasks_created_at, sync_tasks.updated_at AS sync_tasks_updated_at 
FROM sync_tasks 
WHERE sync_tasks.project_id = %(project_id_1)s) AS anon_1]
[parameters: {'project_id_1': 1}]
(Background on this error at: https://sqlalche.me/e/20/f405)
2026-02-04 10:44:32 | INFO | [100ab446d3b942df8b3e339bcffba2c2] | app.api.v1.projects | [100ab446d3b942df8b3e339bcffba2c2] 用户 admin 获取项目列表: page=1, page_size=100
2026-02-04 10:44:33 | INFO | [100ab446d3b942df8b3e339bcffba2c2] | app.api.v1.projects | [100ab446d3b942df8b3e339bcffba2c2] 获取项目列表成功: total=2
2026-02-04 10:44:33 | ERROR | [6f3047b13fa64b61bcba56300443cbd0] | app.main | 未捕获的异常: (psycopg2.errors.UndefinedColumn) column sync_tasks.impact_analysis does not exist
LINE 2: ...og, sync_tasks.diff_data AS sync_tasks_diff_data, sync_tasks...
                                                             ^

[SQL: SELECT count(*) AS count_1 
FROM (SELECT sync_tasks.id AS sync_tasks_id, sync_tasks.project_id AS sync_tasks_project_id, sync_tasks.version_id AS sync_tasks_version_id, sync_tasks.name AS sync_tasks_name, sync_tasks.source_type AS sync_tasks_source_type, sync_tasks.source_url AS sync_tasks_source_url, sync_tasks.source_version AS sync_tasks_source_version, sync_tasks.task_id AS sync_tasks_task_id, sync_tasks.status AS sync_tasks_status, sync_tasks.progress AS sync_tasks_progress, sync_tasks.total_count AS sync_tasks_total_count, sync_tasks.added_count AS sync_tasks_added_count, sync_tasks.updated_count AS sync_tasks_updated_count, sync_tasks.deleted_count AS sync_tasks_deleted_count, sync_tasks.conflict_count AS sync_tasks_conflict_count, sync_tasks.error_message AS sync_tasks_error_message, sync_tasks.execution_log AS sync_tasks_execution_log, sync_tasks.diff_data AS sync_tasks_diff_data, sync_tasks.impact_analysis AS sync_tasks_impact_analysis, sync_tasks.fix_data AS sync_tasks_fix_data, sync_tasks.started_at AS sync_tasks_started_at, sync_tasks.completed_at AS sync_tasks_completed_at, sync_tasks.created_by AS sync_tasks_created_by, sync_tasks.created_at AS sync_tasks_created_at, sync_tasks.updated_at AS sync_tasks_updated_at 
FROM sync_tasks 
WHERE sync_tasks.project_id = %(project_id_1)s) AS anon_1]
[parameters: {'project_id_1': 1}]
(Background on this error at: https://sqlalche.me/e/20/f405) | 路径: /api/v1/sync-tasks | 方法: GET
Traceback (most recent call last):
  File "C:\Users\81026\AppData\Local\Programs\Python\Python310\lib\site-packages\sqlalchemy\engine\base.py", line 1967, in _exec_single_context
    self.dialect.do_execute(
  File "C:\Users\81026\AppData\Local\Programs\Python\Python310\lib\site-packages\sqlalchemy\engine\default.py", line 952, in do_execute
    cursor.execute(statement, parameters)
psycopg2.errors.UndefinedColumn: column sync_tasks.impact_analysis does not exist
LINE 2: ...og, sync_tasks.diff_data AS sync_tasks_diff_data, sync_tasks...
                                                             ^


The above exception was the direct cause of the following exception:

Traceback (most recent call last):
  File "C:\Users\81026\AppData\Local\Programs\Python\Python310\lib\site-packages\starlette\middleware\errors.py", line 164, in __call__
    await self.app(scope, receive, _send)
  File "C:\Users\81026\AppData\Local\Programs\Python\Python310\lib\site-packages\starlette\middleware\base.py", line 191, in __call__
    with recv_stream, send_stream, collapse_excgroups():
  File "C:\Users\81026\AppData\Local\Programs\Python\Python310\lib\contextlib.py", line 153, in __exit__
    self.gen.throw(typ, value, traceback)
  File "C:\Users\81026\AppData\Local\Programs\Python\Python310\lib\site-packages\starlette\_utils.py", line 85, in collapse_excgroups
    raise exc
  File "C:\Users\81026\AppData\Local\Programs\Python\Python310\lib\site-packages\starlette\middleware\base.py", line 193, in __call__
    response = await self.dispatch_func(request, call_next)
  File "D:\code\BugSeek\backend\app\main.py", line 45, in trace_id_middleware
    response = await call_next(request)
  File "C:\Users\81026\AppData\Local\Programs\Python\Python310\lib\site-packages\starlette\middleware\base.py", line 168, in call_next
    raise app_exc from app_exc.__cause__ or app_exc.__context__
  File "C:\Users\81026\AppData\Local\Programs\Python\Python310\lib\site-packages\starlette\middleware\base.py", line 144, in coro
    await self.app(scope, receive_or_disconnect, send_no_error)
  File "C:\Users\81026\AppData\Local\Programs\Python\Python310\lib\site-packages\starlette\middleware\cors.py", line 85, in __call__
    await self.app(scope, receive, send)
  File "C:\Users\81026\AppData\Local\Programs\Python\Python310\lib\site-packages\starlette\middleware\exceptions.py", line 63, in __call__
    await wrap_app_handling_exceptions(self.app, conn)(scope, receive, send)
  File "C:\Users\81026\AppData\Local\Programs\Python\Python310\lib\site-packages\starlette\_exception_handler.py", line 53, in wrapped_app
    raise exc
  File "C:\Users\81026\AppData\Local\Programs\Python\Python310\lib\site-packages\starlette\_exception_handler.py", line 42, in wrapped_app
    await app(scope, receive, sender)
  File "C:\Users\81026\AppData\Local\Programs\Python\Python310\lib\site-packages\fastapi\middleware\asyncexitstack.py", line 18, in __call__
    await self.app(scope, receive, send)
  File "C:\Users\81026\AppData\Local\Programs\Python\Python310\lib\site-packages\starlette\routing.py", line 716, in __call__
    await self.middleware_stack(scope, receive, send)
  File "C:\Users\81026\AppData\Local\Programs\Python\Python310\lib\site-packages\starlette\routing.py", line 736, in app
    await route.handle(scope, receive, send)
  File "C:\Users\81026\AppData\Local\Programs\Python\Python310\lib\site-packages\starlette\routing.py", line 290, in handle
    await self.app(scope, receive, send)
  File "C:\Users\81026\AppData\Local\Programs\Python\Python310\lib\site-packages\fastapi\routing.py", line 115, in app
    await wrap_app_handling_exceptions(app, request)(scope, receive, send)
  File "C:\Users\81026\AppData\Local\Programs\Python\Python310\lib\site-packages\starlette\_exception_handler.py", line 53, in wrapped_app
    raise exc
  File "C:\Users\81026\AppData\Local\Programs\Python\Python310\lib\site-packages\starlette\_exception_handler.py", line 42, in wrapped_app
    await app(scope, receive, sender)
  File "C:\Users\81026\AppData\Local\Programs\Python\Python310\lib\site-packages\fastapi\routing.py", line 101, in app
    response = await f(request)
  File "C:\Users\81026\AppData\Local\Programs\Python\Python310\lib\site-packages\fastapi\routing.py", line 355, in app
    raw_response = await run_endpoint_function(
  File "C:\Users\81026\AppData\Local\Programs\Python\Python310\lib\site-packages\fastapi\routing.py", line 243, in run_endpoint_function
    return await dependant.call(**values)
  File "D:\code\BugSeek\backend\app\api\v1\sync_tasks.py", line 191, in get_sync_tasks
    total = query.count()
  File "C:\Users\81026\AppData\Local\Programs\Python\Python310\lib\site-packages\sqlalchemy\orm\query.py", line 3146, in count
    self._legacy_from_self(col).enable_eagerloads(False).scalar()
  File "C:\Users\81026\AppData\Local\Programs\Python\Python310\lib\site-packages\sqlalchemy\orm\query.py", line 2835, in scalar
    ret = self.one()
  File "C:\Users\81026\AppData\Local\Programs\Python\Python310\lib\site-packages\sqlalchemy\orm\query.py", line 2808, in one
    return self._iter().one()  # type: ignore
  File "C:\Users\81026\AppData\Local\Programs\Python\Python310\lib\site-packages\sqlalchemy\orm\query.py", line 2857, in _iter
    result: Union[ScalarResult[_T], Result[_T]] = self.session.execute(
  File "C:\Users\81026\AppData\Local\Programs\Python\Python310\lib\site-packages\sqlalchemy\orm\session.py", line 2351, in execute
    return self._execute_internal(
  File "C:\Users\81026\AppData\Local\Programs\Python\Python310\lib\site-packages\sqlalchemy\orm\session.py", line 2249, in _execute_internal
    result: Result[Any] = compile_state_cls.orm_execute_statement(
  File "C:\Users\81026\AppData\Local\Programs\Python\Python310\lib\site-packages\sqlalchemy\orm\context.py", line 306, in orm_execute_statement
    result = conn.execute(
  File "C:\Users\81026\AppData\Local\Programs\Python\Python310\lib\site-packages\sqlalchemy\engine\base.py", line 1419, in execute
    return meth(
  File "C:\Users\81026\AppData\Local\Programs\Python\Python310\lib\site-packages\sqlalchemy\sql\elements.py", line 527, in _execute_on_connection
    return connection._execute_clauseelement(
  File "C:\Users\81026\AppData\Local\Programs\Python\Python310\lib\site-packages\sqlalchemy\engine\base.py", line 1641, in _execute_clauseelement
    ret = self._execute_context(
  File "C:\Users\81026\AppData\Local\Programs\Python\Python310\lib\site-packages\sqlalchemy\engine\base.py", line 1846, in _execute_context
    return self._exec_single_context(
  File "C:\Users\81026\AppData\Local\Programs\Python\Python310\lib\site-packages\sqlalchemy\engine\base.py", line 1986, in _exec_single_context
    self._handle_dbapi_exception(
  File "C:\Users\81026\AppData\Local\Programs\Python\Python310\lib\site-packages\sqlalchemy\engine\base.py", line 2363, in _handle_dbapi_exception
    raise sqlalchemy_exception.with_traceback(exc_info[2]) from e
  File "C:\Users\81026\AppData\Local\Programs\Python\Python310\lib\site-packages\sqlalchemy\engine\base.py", line 1967, in _exec_single_context
    self.dialect.do_execute(
  File "C:\Users\81026\AppData\Local\Programs\Python\Python310\lib\site-packages\sqlalchemy\engine\default.py", line 952, in do_execute
    cursor.execute(statement, parameters)
sqlalchemy.exc.ProgrammingError: (psycopg2.errors.UndefinedColumn) column sync_tasks.impact_analysis does not exist
LINE 2: ...og, sync_tasks.diff_data AS sync_tasks_diff_data, sync_tasks...
                                                             ^

[SQL: SELECT count(*) AS count_1 
FROM (SELECT sync_tasks.id AS sync_tasks_id, sync_tasks.project_id AS sync_tasks_project_id, sync_tasks.version_id AS sync_tasks_version_id, sync_tasks.name AS sync_tasks_name, sync_tasks.source_type AS sync_tasks_source_type, sync_tasks.source_url AS sync_tasks_source_url, sync_tasks.source_version AS sync_tasks_source_version, sync_tasks.task_id AS sync_tasks_task_id, sync_tasks.status AS sync_tasks_status, sync_tasks.progress AS sync_tasks_progress, sync_tasks.total_count AS sync_tasks_total_count, sync_tasks.added_count AS sync_tasks_added_count, sync_tasks.updated_count AS sync_tasks_updated_count, sync_tasks.deleted_count AS sync_tasks_deleted_count, sync_tasks.conflict_count AS sync_tasks_conflict_count, sync_tasks.error_message AS sync_tasks_error_message, sync_tasks.execution_log AS sync_tasks_execution_log, sync_tasks.diff_data AS sync_tasks_diff_data, sync_tasks.impact_analysis AS sync_tasks_impact_analysis, sync_tasks.fix_data AS sync_tasks_fix_data, sync_tasks.started_at AS sync_tasks_started_at, sync_tasks.completed_at AS sync_tasks_completed_at, sync_tasks.created_by AS sync_tasks_created_by, sync_tasks.created_at AS sync_tasks_created_at, sync_tasks.updated_at AS sync_tasks_updated_at 
FROM sync_tasks 
WHERE sync_tasks.project_id = %(project_id_1)s) AS anon_1]
[parameters: {'project_id_1': 1}]
(Background on this error at: https://sqlalche.me/e/20/f405)
2026-02-04 10:44:33 | INFO | [f7ce27e7154b4464a3452d1093e6dec0] | app.api.v1.versions | [f7ce27e7154b4464a3452d1093e6dec0] 用户 admin 获取版本列表: project_id=1, page=1, page_size=100
2026-02-04 10:44:33 | INFO | [f7ce27e7154b4464a3452d1093e6dec0] | app.api.v1.versions | [f7ce27e7154b4464a3452d1093e6dec0] 用户 admin 查看版本列表 项目 InvenTree (id=1) 的版本
2026-02-04 10:44:33 | INFO | [f7ce27e7154b4464a3452d1093e6dec0] | app.api.v1.versions | [f7ce27e7154b4464a3452d1093e6dec0] 获取版本列表成功: total=2
2026-02-04 10:44:33 | INFO | [157ab1403f814c8c87f96611a7e5b9c5] | app.api.v1.projects | [157ab1403f814c8c87f96611a7e5b9c5] 用户 admin 获取项目列表: page=1, page_size=100
2026-02-04 10:44:33 | INFO | [157ab1403f814c8c87f96611a7e5b9c5] | app.api.v1.projects | [157ab1403f814c8c87f96611a7e5b9c5] 获取项目列表成功: total=2
2026-02-04 10:44:33 | INFO | [4025a9cd8c234743aaeb4877af936960] | app.api.v1.sync_tasks | [4025a9cd8c234743aaeb4877af936960] 查询同步任务列表: skip=0, limit=20, user=admin, project_id=1
2026-02-04 10:44:33 | ERROR | [4025a9cd8c234743aaeb4877af936960] | app.dependencies | 数据库会话异常: (psycopg2.errors.UndefinedColumn) column sync_tasks.impact_analysis does not exist
LINE 2: ...og, sync_tasks.diff_data AS sync_tasks_diff_data, sync_tasks...
                                                             ^

[SQL: SELECT count(*) AS count_1 
FROM (SELECT sync_tasks.id AS sync_tasks_id, sync_tasks.project_id AS sync_tasks_project_id, sync_tasks.version_id AS sync_tasks_version_id, sync_tasks.name AS sync_tasks_name, sync_tasks.source_type AS sync_tasks_source_type, sync_tasks.source_url AS sync_tasks_source_url, sync_tasks.source_version AS sync_tasks_source_version, sync_tasks.task_id AS sync_tasks_task_id, sync_tasks.status AS sync_tasks_status, sync_tasks.progress AS sync_tasks_progress, sync_tasks.total_count AS sync_tasks_total_count, sync_tasks.added_count AS sync_tasks_added_count, sync_tasks.updated_count AS sync_tasks_updated_count, sync_tasks.deleted_count AS sync_tasks_deleted_count, sync_tasks.conflict_count AS sync_tasks_conflict_count, sync_tasks.error_message AS sync_tasks_error_message, sync_tasks.execution_log AS sync_tasks_execution_log, sync_tasks.diff_data AS sync_tasks_diff_data, sync_tasks.impact_analysis AS sync_tasks_impact_analysis, sync_tasks.fix_data AS sync_tasks_fix_data, sync_tasks.started_at AS sync_tasks_started_at, sync_tasks.completed_at AS sync_tasks_completed_at, sync_tasks.created_by AS sync_tasks_created_by, sync_tasks.created_at AS sync_tasks_created_at, sync_tasks.updated_at AS sync_tasks_updated_at 
FROM sync_tasks 
WHERE sync_tasks.project_id = %(project_id_1)s) AS anon_1]
[parameters: {'project_id_1': 1}]
(Background on this error at: https://sqlalche.me/e/20/f405)
Traceback (most recent call last):
  File "C:\Users\81026\AppData\Local\Programs\Python\Python310\lib\site-packages\sqlalchemy\engine\base.py", line 1967, in _exec_single_context
    self.dialect.do_execute(
  File "C:\Users\81026\AppData\Local\Programs\Python\Python310\lib\site-packages\sqlalchemy\engine\default.py", line 952, in do_execute
    cursor.execute(statement, parameters)
psycopg2.errors.UndefinedColumn: column sync_tasks.impact_analysis does not exist
LINE 2: ...og, sync_tasks.diff_data AS sync_tasks_diff_data, sync_tasks...
                                                             ^


The above exception was the direct cause of the following exception:

Traceback (most recent call last):
  File "D:\code\BugSeek\backend\app\dependencies.py", line 19, in get_db
    yield db
  File "C:\Users\81026\AppData\Local\Programs\Python\Python310\lib\site-packages\fastapi\concurrency.py", line 29, in contextmanager_in_threadpool
    yield await run_in_threadpool(cm.__enter__)
  File "C:\Users\81026\AppData\Local\Programs\Python\Python310\lib\site-packages\fastapi\routing.py", line 101, in app
    response = await f(request)
  File "C:\Users\81026\AppData\Local\Programs\Python\Python310\lib\site-packages\fastapi\routing.py", line 355, in app
    raw_response = await run_endpoint_function(
  File "C:\Users\81026\AppData\Local\Programs\Python\Python310\lib\site-packages\fastapi\routing.py", line 243, in run_endpoint_function
    return await dependant.call(**values)
  File "D:\code\BugSeek\backend\app\api\v1\sync_tasks.py", line 191, in get_sync_tasks
    total = query.count()
  File "C:\Users\81026\AppData\Local\Programs\Python\Python310\lib\site-packages\sqlalchemy\orm\query.py", line 3146, in count
    self._legacy_from_self(col).enable_eagerloads(False).scalar()
  File "C:\Users\81026\AppData\Local\Programs\Python\Python310\lib\site-packages\sqlalchemy\orm\query.py", line 2835, in scalar
    ret = self.one()
  File "C:\Users\81026\AppData\Local\Programs\Python\Python310\lib\site-packages\sqlalchemy\orm\query.py", line 2808, in one
    return self._iter().one()  # type: ignore
  File "C:\Users\81026\AppData\Local\Programs\Python\Python310\lib\site-packages\sqlalchemy\orm\query.py", line 2857, in _iter
    result: Union[ScalarResult[_T], Result[_T]] = self.session.execute(
  File "C:\Users\81026\AppData\Local\Programs\Python\Python310\lib\site-packages\sqlalchemy\orm\session.py", line 2351, in execute
    return self._execute_internal(
  File "C:\Users\81026\AppData\Local\Programs\Python\Python310\lib\site-packages\sqlalchemy\orm\session.py", line 2249, in _execute_internal
    result: Result[Any] = compile_state_cls.orm_execute_statement(
  File "C:\Users\81026\AppData\Local\Programs\Python\Python310\lib\site-packages\sqlalchemy\orm\context.py", line 306, in orm_execute_statement
    result = conn.execute(
  File "C:\Users\81026\AppData\Local\Programs\Python\Python310\lib\site-packages\sqlalchemy\engine\base.py", line 1419, in execute
    return meth(
  File "C:\Users\81026\AppData\Local\Programs\Python\Python310\lib\site-packages\sqlalchemy\sql\elements.py", line 527, in _execute_on_connection
    return connection._execute_clauseelement(
  File "C:\Users\81026\AppData\Local\Programs\Python\Python310\lib\site-packages\sqlalchemy\engine\base.py", line 1641, in _execute_clauseelement
    ret = self._execute_context(
  File "C:\Users\81026\AppData\Local\Programs\Python\Python310\lib\site-packages\sqlalchemy\engine\base.py", line 1846, in _execute_context
    return self._exec_single_context(
  File "C:\Users\81026\AppData\Local\Programs\Python\Python310\lib\site-packages\sqlalchemy\engine\base.py", line 1986, in _exec_single_context
    self._handle_dbapi_exception(
  File "C:\Users\81026\AppData\Local\Programs\Python\Python310\lib\site-packages\sqlalchemy\engine\base.py", line 2363, in _handle_dbapi_exception
    raise sqlalchemy_exception.with_traceback(exc_info[2]) from e
  File "C:\Users\81026\AppData\Local\Programs\Python\Python310\lib\site-packages\sqlalchemy\engine\base.py", line 1967, in _exec_single_context
    self.dialect.do_execute(
  File "C:\Users\81026\AppData\Local\Programs\Python\Python310\lib\site-packages\sqlalchemy\engine\default.py", line 952, in do_execute
    cursor.execute(statement, parameters)
sqlalchemy.exc.ProgrammingError: (psycopg2.errors.UndefinedColumn) column sync_tasks.impact_analysis does not exist
LINE 2: ...og, sync_tasks.diff_data AS sync_tasks_diff_data, sync_tasks...
                                                             ^

[SQL: SELECT count(*) AS count_1 
FROM (SELECT sync_tasks.id AS sync_tasks_id, sync_tasks.project_id AS sync_tasks_project_id, sync_tasks.version_id AS sync_tasks_version_id, sync_tasks.name AS sync_tasks_name, sync_tasks.source_type AS sync_tasks_source_type, sync_tasks.source_url AS sync_tasks_source_url, sync_tasks.source_version AS sync_tasks_source_version, sync_tasks.task_id AS sync_tasks_task_id, sync_tasks.status AS sync_tasks_status, sync_tasks.progress AS sync_tasks_progress, sync_tasks.total_count AS sync_tasks_total_count, sync_tasks.added_count AS sync_tasks_added_count, sync_tasks.updated_count AS sync_tasks_updated_count, sync_tasks.deleted_count AS sync_tasks_deleted_count, sync_tasks.conflict_count AS sync_tasks_conflict_count, sync_tasks.error_message AS sync_tasks_error_message, sync_tasks.execution_log AS sync_tasks_execution_log, sync_tasks.diff_data AS sync_tasks_diff_data, sync_tasks.impact_analysis AS sync_tasks_impact_analysis, sync_tasks.fix_data AS sync_tasks_fix_data, sync_tasks.started_at AS sync_tasks_started_at, sync_tasks.completed_at AS sync_tasks_completed_at, sync_tasks.created_by AS sync_tasks_created_by, sync_tasks.created_at AS sync_tasks_created_at, sync_tasks.updated_at AS sync_tasks_updated_at 
FROM sync_tasks 
WHERE sync_tasks.project_id = %(project_id_1)s) AS anon_1]
[parameters: {'project_id_1': 1}]
(Background on this error at: https://sqlalche.me/e/20/f405)
2026-02-04 10:44:33 | INFO | [8cac1b3299d54cc4953dddd5c17e605d] | app.api.v1.projects | [8cac1b3299d54cc4953dddd5c17e605d] 用户 admin 获取项目列表: page=1, page_size=100
2026-02-04 10:44:33 | INFO | [8cac1b3299d54cc4953dddd5c17e605d] | app.api.v1.projects | [8cac1b3299d54cc4953dddd5c17e605d] 获取项目列表成功: total=2
2026-02-04 10:44:33 | ERROR | [4025a9cd8c234743aaeb4877af936960] | app.main | 未捕获的异常: (psycopg2.errors.UndefinedColumn) column sync_tasks.impact_analysis does not exist
LINE 2: ...og, sync_tasks.diff_data AS sync_tasks_diff_data, sync_tasks...
                                                             ^

[SQL: SELECT count(*) AS count_1 
FROM (SELECT sync_tasks.id AS sync_tasks_id, sync_tasks.project_id AS sync_tasks_project_id, sync_tasks.version_id AS sync_tasks_version_id, sync_tasks.name AS sync_tasks_name, sync_tasks.source_type AS sync_tasks_source_type, sync_tasks.source_url AS sync_tasks_source_url, sync_tasks.source_version AS sync_tasks_source_version, sync_tasks.task_id AS sync_tasks_task_id, sync_tasks.status AS sync_tasks_status, sync_tasks.progress AS sync_tasks_progress, sync_tasks.total_count AS sync_tasks_total_count, sync_tasks.added_count AS sync_tasks_added_count, sync_tasks.updated_count AS sync_tasks_updated_count, sync_tasks.deleted_count AS sync_tasks_deleted_count, sync_tasks.conflict_count AS sync_tasks_conflict_count, sync_tasks.error_message AS sync_tasks_error_message, sync_tasks.execution_log AS sync_tasks_execution_log, sync_tasks.diff_data AS sync_tasks_diff_data, sync_tasks.impact_analysis AS sync_tasks_impact_analysis, sync_tasks.fix_data AS sync_tasks_fix_data, sync_tasks.started_at AS sync_tasks_started_at, sync_tasks.completed_at AS sync_tasks_completed_at, sync_tasks.created_by AS sync_tasks_created_by, sync_tasks.created_at AS sync_tasks_created_at, sync_tasks.updated_at AS sync_tasks_updated_at 
FROM sync_tasks 
WHERE sync_tasks.project_id = %(project_id_1)s) AS anon_1]
[parameters: {'project_id_1': 1}]
(Background on this error at: https://sqlalche.me/e/20/f405) | 路径: /api/v1/sync-tasks | 方法: GET
Traceback (most recent call last):
  File "C:\Users\81026\AppData\Local\Programs\Python\Python310\lib\site-packages\sqlalchemy\engine\base.py", line 1967, in _exec_single_context
    self.dialect.do_execute(
  File "C:\Users\81026\AppData\Local\Programs\Python\Python310\lib\site-packages\sqlalchemy\engine\default.py", line 952, in do_execute
    cursor.execute(statement, parameters)
psycopg2.errors.UndefinedColumn: column sync_tasks.impact_analysis does not exist
LINE 2: ...og, sync_tasks.diff_data AS sync_tasks_diff_data, sync_tasks...
                                                             ^


The above exception was the direct cause of the following exception:

Traceback (most recent call last):
  File "C:\Users\81026\AppData\Local\Programs\Python\Python310\lib\site-packages\starlette\middleware\errors.py", line 164, in __call__
    await self.app(scope, receive, _send)
  File "C:\Users\81026\AppData\Local\Programs\Python\Python310\lib\site-packages\starlette\middleware\base.py", line 191, in __call__
    with recv_stream, send_stream, collapse_excgroups():
  File "C:\Users\81026\AppData\Local\Programs\Python\Python310\lib\contextlib.py", line 153, in __exit__
    self.gen.throw(typ, value, traceback)
  File "C:\Users\81026\AppData\Local\Programs\Python\Python310\lib\site-packages\starlette\_utils.py", line 85, in collapse_excgroups
    raise exc
  File "C:\Users\81026\AppData\Local\Programs\Python\Python310\lib\site-packages\starlette\middleware\base.py", line 193, in __call__
    response = await self.dispatch_func(request, call_next)
  File "D:\code\BugSeek\backend\app\main.py", line 45, in trace_id_middleware
    response = await call_next(request)
  File "C:\Users\81026\AppData\Local\Programs\Python\Python310\lib\site-packages\starlette\middleware\base.py", line 168, in call_next
    raise app_exc from app_exc.__cause__ or app_exc.__context__
  File "C:\Users\81026\AppData\Local\Programs\Python\Python310\lib\site-packages\starlette\middleware\base.py", line 144, in coro
    await self.app(scope, receive_or_disconnect, send_no_error)
  File "C:\Users\81026\AppData\Local\Programs\Python\Python310\lib\site-packages\starlette\middleware\cors.py", line 85, in __call__
    await self.app(scope, receive, send)
  File "C:\Users\81026\AppData\Local\Programs\Python\Python310\lib\site-packages\starlette\middleware\exceptions.py", line 63, in __call__
    await wrap_app_handling_exceptions(self.app, conn)(scope, receive, send)
  File "C:\Users\81026\AppData\Local\Programs\Python\Python310\lib\site-packages\starlette\_exception_handler.py", line 53, in wrapped_app
    raise exc
  File "C:\Users\81026\AppData\Local\Programs\Python\Python310\lib\site-packages\starlette\_exception_handler.py", line 42, in wrapped_app
    await app(scope, receive, sender)
  File "C:\Users\81026\AppData\Local\Programs\Python\Python310\lib\site-packages\fastapi\middleware\asyncexitstack.py", line 18, in __call__
    await self.app(scope, receive, send)
  File "C:\Users\81026\AppData\Local\Programs\Python\Python310\lib\site-packages\starlette\routing.py", line 716, in __call__
    await self.middleware_stack(scope, receive, send)
  File "C:\Users\81026\AppData\Local\Programs\Python\Python310\lib\site-packages\starlette\routing.py", line 736, in app
    await route.handle(scope, receive, send)
  File "C:\Users\81026\AppData\Local\Programs\Python\Python310\lib\site-packages\starlette\routing.py", line 290, in handle
    await self.app(scope, receive, send)
  File "C:\Users\81026\AppData\Local\Programs\Python\Python310\lib\site-packages\fastapi\routing.py", line 115, in app
    await wrap_app_handling_exceptions(app, request)(scope, receive, send)
  File "C:\Users\81026\AppData\Local\Programs\Python\Python310\lib\site-packages\starlette\_exception_handler.py", line 53, in wrapped_app
    raise exc
  File "C:\Users\81026\AppData\Local\Programs\Python\Python310\lib\site-packages\starlette\_exception_handler.py", line 42, in wrapped_app
    await app(scope, receive, sender)
  File "C:\Users\81026\AppData\Local\Programs\Python\Python310\lib\site-packages\fastapi\routing.py", line 101, in app
    response = await f(request)
  File "C:\Users\81026\AppData\Local\Programs\Python\Python310\lib\site-packages\fastapi\routing.py", line 355, in app
    raw_response = await run_endpoint_function(
  File "C:\Users\81026\AppData\Local\Programs\Python\Python310\lib\site-packages\fastapi\routing.py", line 243, in run_endpoint_function
    return await dependant.call(**values)
  File "D:\code\BugSeek\backend\app\api\v1\sync_tasks.py", line 191, in get_sync_tasks
    total = query.count()
  File "C:\Users\81026\AppData\Local\Programs\Python\Python310\lib\site-packages\sqlalchemy\orm\query.py", line 3146, in count
    self._legacy_from_self(col).enable_eagerloads(False).scalar()
  File "C:\Users\81026\AppData\Local\Programs\Python\Python310\lib\site-packages\sqlalchemy\orm\query.py", line 2835, in scalar
    ret = self.one()
  File "C:\Users\81026\AppData\Local\Programs\Python\Python310\lib\site-packages\sqlalchemy\orm\query.py", line 2808, in one
    return self._iter().one()  # type: ignore
  File "C:\Users\81026\AppData\Local\Programs\Python\Python310\lib\site-packages\sqlalchemy\orm\query.py", line 2857, in _iter
    result: Union[ScalarResult[_T], Result[_T]] = self.session.execute(
  File "C:\Users\81026\AppData\Local\Programs\Python\Python310\lib\site-packages\sqlalchemy\orm\session.py", line 2351, in execute
    return self._execute_internal(
  File "C:\Users\81026\AppData\Local\Programs\Python\Python310\lib\site-packages\sqlalchemy\orm\session.py", line 2249, in _execute_internal
    result: Result[Any] = compile_state_cls.orm_execute_statement(
  File "C:\Users\81026\AppData\Local\Programs\Python\Python310\lib\site-packages\sqlalchemy\orm\context.py", line 306, in orm_execute_statement
    result = conn.execute(
  File "C:\Users\81026\AppData\Local\Programs\Python\Python310\lib\site-packages\sqlalchemy\engine\base.py", line 1419, in execute
    return meth(
  File "C:\Users\81026\AppData\Local\Programs\Python\Python310\lib\site-packages\sqlalchemy\sql\elements.py", line 527, in _execute_on_connection
    return connection._execute_clauseelement(
  File "C:\Users\81026\AppData\Local\Programs\Python\Python310\lib\site-packages\sqlalchemy\engine\base.py", line 1641, in _execute_clauseelement
    ret = self._execute_context(
  File "C:\Users\81026\AppData\Local\Programs\Python\Python310\lib\site-packages\sqlalchemy\engine\base.py", line 1846, in _execute_context
    return self._exec_single_context(
  File "C:\Users\81026\AppData\Local\Programs\Python\Python310\lib\site-packages\sqlalchemy\engine\base.py", line 1986, in _exec_single_context
    self._handle_dbapi_exception(
  File "C:\Users\81026\AppData\Local\Programs\Python\Python310\lib\site-packages\sqlalchemy\engine\base.py", line 2363, in _handle_dbapi_exception
    raise sqlalchemy_exception.with_traceback(exc_info[2]) from e
  File "C:\Users\81026\AppData\Local\Programs\Python\Python310\lib\site-packages\sqlalchemy\engine\base.py", line 1967, in _exec_single_context
    self.dialect.do_execute(
  File "C:\Users\81026\AppData\Local\Programs\Python\Python310\lib\site-packages\sqlalchemy\engine\default.py", line 952, in do_execute
    cursor.execute(statement, parameters)
sqlalchemy.exc.ProgrammingError: (psycopg2.errors.UndefinedColumn) column sync_tasks.impact_analysis does not exist
LINE 2: ...og, sync_tasks.diff_data AS sync_tasks_diff_data, sync_tasks...
                                                             ^

[SQL: SELECT count(*) AS count_1 
FROM (SELECT sync_tasks.id AS sync_tasks_id, sync_tasks.project_id AS sync_tasks_project_id, sync_tasks.version_id AS sync_tasks_version_id, sync_tasks.name AS sync_tasks_name, sync_tasks.source_type AS sync_tasks_source_type, sync_tasks.source_url AS sync_tasks_source_url, sync_tasks.source_version AS sync_tasks_source_version, sync_tasks.task_id AS sync_tasks_task_id, sync_tasks.status AS sync_tasks_status, sync_tasks.progress AS sync_tasks_progress, sync_tasks.total_count AS sync_tasks_total_count, sync_tasks.added_count AS sync_tasks_added_count, sync_tasks.updated_count AS sync_tasks_updated_count, sync_tasks.deleted_count AS sync_tasks_deleted_count, sync_tasks.conflict_count AS sync_tasks_conflict_count, sync_tasks.error_message AS sync_tasks_error_message, sync_tasks.execution_log AS sync_tasks_execution_log, sync_tasks.diff_data AS sync_tasks_diff_data, sync_tasks.impact_analysis AS sync_tasks_impact_analysis, sync_tasks.fix_data AS sync_tasks_fix_data, sync_tasks.started_at AS sync_tasks_started_at, sync_tasks.completed_at AS sync_tasks_completed_at, sync_tasks.created_by AS sync_tasks_created_by, sync_tasks.created_at AS sync_tasks_created_at, sync_tasks.updated_at AS sync_tasks_updated_at 
FROM sync_tasks 
WHERE sync_tasks.project_id = %(project_id_1)s) AS anon_1]
[parameters: {'project_id_1': 1}]
(Background on this error at: https://sqlalche.me/e/20/f405)
2026-02-04 10:45:14 | INFO | [01bde307ce9942a0a4829a65b6de7599] | app.api.v1.sync_tasks | [01bde307ce9942a0a4829a65b6de7599] 查询同步任务列表: skip=0, limit=20, user=admin, project_id=1
2026-02-04 10:45:14 | ERROR | [01bde307ce9942a0a4829a65b6de7599] | app.dependencies | 数据库会话异常: (psycopg2.errors.UndefinedColumn) column sync_tasks.impact_analysis does not exist
LINE 2: ...og, sync_tasks.diff_data AS sync_tasks_diff_data, sync_tasks...
                                                             ^

[SQL: SELECT count(*) AS count_1 
FROM (SELECT sync_tasks.id AS sync_tasks_id, sync_tasks.project_id AS sync_tasks_project_id, sync_tasks.version_id AS sync_tasks_version_id, sync_tasks.name AS sync_tasks_name, sync_tasks.source_type AS sync_tasks_source_type, sync_tasks.source_url AS sync_tasks_source_url, sync_tasks.source_version AS sync_tasks_source_version, sync_tasks.task_id AS sync_tasks_task_id, sync_tasks.status AS sync_tasks_status, sync_tasks.progress AS sync_tasks_progress, sync_tasks.total_count AS sync_tasks_total_count, sync_tasks.added_count AS sync_tasks_added_count, sync_tasks.updated_count AS sync_tasks_updated_count, sync_tasks.deleted_count AS sync_tasks_deleted_count, sync_tasks.conflict_count AS sync_tasks_conflict_count, sync_tasks.error_message AS sync_tasks_error_message, sync_tasks.execution_log AS sync_tasks_execution_log, sync_tasks.diff_data AS sync_tasks_diff_data, sync_tasks.impact_analysis AS sync_tasks_impact_analysis, sync_tasks.fix_data AS sync_tasks_fix_data, sync_tasks.started_at AS sync_tasks_started_at, sync_tasks.completed_at AS sync_tasks_completed_at, sync_tasks.created_by AS sync_tasks_created_by, sync_tasks.created_at AS sync_tasks_created_at, sync_tasks.updated_at AS sync_tasks_updated_at 
FROM sync_tasks 
WHERE sync_tasks.project_id = %(project_id_1)s) AS anon_1]
[parameters: {'project_id_1': 1}]
(Background on this error at: https://sqlalche.me/e/20/f405)
Traceback (most recent call last):
  File "C:\Users\81026\AppData\Local\Programs\Python\Python310\lib\site-packages\sqlalchemy\engine\base.py", line 1967, in _exec_single_context
    self.dialect.do_execute(
  File "C:\Users\81026\AppData\Local\Programs\Python\Python310\lib\site-packages\sqlalchemy\engine\default.py", line 952, in do_execute
    cursor.execute(statement, parameters)
psycopg2.errors.UndefinedColumn: column sync_tasks.impact_analysis does not exist
LINE 2: ...og, sync_tasks.diff_data AS sync_tasks_diff_data, sync_tasks...
                                                             ^


The above exception was the direct cause of the following exception:

Traceback (most recent call last):
  File "D:\code\BugSeek\backend\app\dependencies.py", line 19, in get_db
    yield db
  File "C:\Users\81026\AppData\Local\Programs\Python\Python310\lib\site-packages\fastapi\concurrency.py", line 29, in contextmanager_in_threadpool
    yield await run_in_threadpool(cm.__enter__)
  File "C:\Users\81026\AppData\Local\Programs\Python\Python310\lib\site-packages\fastapi\routing.py", line 101, in app
    response = await f(request)
  File "C:\Users\81026\AppData\Local\Programs\Python\Python310\lib\site-packages\fastapi\routing.py", line 355, in app
    raw_response = await run_endpoint_function(
  File "C:\Users\81026\AppData\Local\Programs\Python\Python310\lib\site-packages\fastapi\routing.py", line 243, in run_endpoint_function
    return await dependant.call(**values)
  File "D:\code\BugSeek\backend\app\api\v1\sync_tasks.py", line 191, in get_sync_tasks
    total = query.count()
  File "C:\Users\81026\AppData\Local\Programs\Python\Python310\lib\site-packages\sqlalchemy\orm\query.py", line 3146, in count
    self._legacy_from_self(col).enable_eagerloads(False).scalar()
  File "C:\Users\81026\AppData\Local\Programs\Python\Python310\lib\site-packages\sqlalchemy\orm\query.py", line 2835, in scalar
    ret = self.one()
  File "C:\Users\81026\AppData\Local\Programs\Python\Python310\lib\site-packages\sqlalchemy\orm\query.py", line 2808, in one
    return self._iter().one()  # type: ignore
  File "C:\Users\81026\AppData\Local\Programs\Python\Python310\lib\site-packages\sqlalchemy\orm\query.py", line 2857, in _iter
    result: Union[ScalarResult[_T], Result[_T]] = self.session.execute(
  File "C:\Users\81026\AppData\Local\Programs\Python\Python310\lib\site-packages\sqlalchemy\orm\session.py", line 2351, in execute
    return self._execute_internal(
  File "C:\Users\81026\AppData\Local\Programs\Python\Python310\lib\site-packages\sqlalchemy\orm\session.py", line 2249, in _execute_internal
    result: Result[Any] = compile_state_cls.orm_execute_statement(
  File "C:\Users\81026\AppData\Local\Programs\Python\Python310\lib\site-packages\sqlalchemy\orm\context.py", line 306, in orm_execute_statement
    result = conn.execute(
  File "C:\Users\81026\AppData\Local\Programs\Python\Python310\lib\site-packages\sqlalchemy\engine\base.py", line 1419, in execute
    return meth(
  File "C:\Users\81026\AppData\Local\Programs\Python\Python310\lib\site-packages\sqlalchemy\sql\elements.py", line 527, in _execute_on_connection
    return connection._execute_clauseelement(
  File "C:\Users\81026\AppData\Local\Programs\Python\Python310\lib\site-packages\sqlalchemy\engine\base.py", line 1641, in _execute_clauseelement
    ret = self._execute_context(
  File "C:\Users\81026\AppData\Local\Programs\Python\Python310\lib\site-packages\sqlalchemy\engine\base.py", line 1846, in _execute_context
    return self._exec_single_context(
  File "C:\Users\81026\AppData\Local\Programs\Python\Python310\lib\site-packages\sqlalchemy\engine\base.py", line 1986, in _exec_single_context
    self._handle_dbapi_exception(
  File "C:\Users\81026\AppData\Local\Programs\Python\Python310\lib\site-packages\sqlalchemy\engine\base.py", line 2363, in _handle_dbapi_exception
    raise sqlalchemy_exception.with_traceback(exc_info[2]) from e
  File "C:\Users\81026\AppData\Local\Programs\Python\Python310\lib\site-packages\sqlalchemy\engine\base.py", line 1967, in _exec_single_context
    self.dialect.do_execute(
  File "C:\Users\81026\AppData\Local\Programs\Python\Python310\lib\site-packages\sqlalchemy\engine\default.py", line 952, in do_execute
    cursor.execute(statement, parameters)
sqlalchemy.exc.ProgrammingError: (psycopg2.errors.UndefinedColumn) column sync_tasks.impact_analysis does not exist
LINE 2: ...og, sync_tasks.diff_data AS sync_tasks_diff_data, sync_tasks...
                                                             ^

[SQL: SELECT count(*) AS count_1 
FROM (SELECT sync_tasks.id AS sync_tasks_id, sync_tasks.project_id AS sync_tasks_project_id, sync_tasks.version_id AS sync_tasks_version_id, sync_tasks.name AS sync_tasks_name, sync_tasks.source_type AS sync_tasks_source_type, sync_tasks.source_url AS sync_tasks_source_url, sync_tasks.source_version AS sync_tasks_source_version, sync_tasks.task_id AS sync_tasks_task_id, sync_tasks.status AS sync_tasks_status, sync_tasks.progress AS sync_tasks_progress, sync_tasks.total_count AS sync_tasks_total_count, sync_tasks.added_count AS sync_tasks_added_count, sync_tasks.updated_count AS sync_tasks_updated_count, sync_tasks.deleted_count AS sync_tasks_deleted_count, sync_tasks.conflict_count AS sync_tasks_conflict_count, sync_tasks.error_message AS sync_tasks_error_message, sync_tasks.execution_log AS sync_tasks_execution_log, sync_tasks.diff_data AS sync_tasks_diff_data, sync_tasks.impact_analysis AS sync_tasks_impact_analysis, sync_tasks.fix_data AS sync_tasks_fix_data, sync_tasks.started_at AS sync_tasks_started_at, sync_tasks.completed_at AS sync_tasks_completed_at, sync_tasks.created_by AS sync_tasks_created_by, sync_tasks.created_at AS sync_tasks_created_at, sync_tasks.updated_at AS sync_tasks_updated_at 
FROM sync_tasks 
WHERE sync_tasks.project_id = %(project_id_1)s) AS anon_1]
[parameters: {'project_id_1': 1}]
(Background on this error at: https://sqlalche.me/e/20/f405)
2026-02-04 10:45:14 | ERROR | [01bde307ce9942a0a4829a65b6de7599] | app.main | 未捕获的异常: (psycopg2.errors.UndefinedColumn) column sync_tasks.impact_analysis does not exist
LINE 2: ...og, sync_tasks.diff_data AS sync_tasks_diff_data, sync_tasks...
                                                             ^

[SQL: SELECT count(*) AS count_1 
FROM (SELECT sync_tasks.id AS sync_tasks_id, sync_tasks.project_id AS sync_tasks_project_id, sync_tasks.version_id AS sync_tasks_version_id, sync_tasks.name AS sync_tasks_name, sync_tasks.source_type AS sync_tasks_source_type, sync_tasks.source_url AS sync_tasks_source_url, sync_tasks.source_version AS sync_tasks_source_version, sync_tasks.task_id AS sync_tasks_task_id, sync_tasks.status AS sync_tasks_status, sync_tasks.progress AS sync_tasks_progress, sync_tasks.total_count AS sync_tasks_total_count, sync_tasks.added_count AS sync_tasks_added_count, sync_tasks.updated_count AS sync_tasks_updated_count, sync_tasks.deleted_count AS sync_tasks_deleted_count, sync_tasks.conflict_count AS sync_tasks_conflict_count, sync_tasks.error_message AS sync_tasks_error_message, sync_tasks.execution_log AS sync_tasks_execution_log, sync_tasks.diff_data AS sync_tasks_diff_data, sync_tasks.impact_analysis AS sync_tasks_impact_analysis, sync_tasks.fix_data AS sync_tasks_fix_data, sync_tasks.started_at AS sync_tasks_started_at, sync_tasks.completed_at AS sync_tasks_completed_at, sync_tasks.created_by AS sync_tasks_created_by, sync_tasks.created_at AS sync_tasks_created_at, sync_tasks.updated_at AS sync_tasks_updated_at 
FROM sync_tasks 
WHERE sync_tasks.project_id = %(project_id_1)s) AS anon_1]
[parameters: {'project_id_1': 1}]
(Background on this error at: https://sqlalche.me/e/20/f405) | 路径: /api/v1/sync-tasks | 方法: GET
Traceback (most recent call last):
  File "C:\Users\81026\AppData\Local\Programs\Python\Python310\lib\site-packages\sqlalchemy\engine\base.py", line 1967, in _exec_single_context
    self.dialect.do_execute(
  File "C:\Users\81026\AppData\Local\Programs\Python\Python310\lib\site-packages\sqlalchemy\engine\default.py", line 952, in do_execute
    cursor.execute(statement, parameters)
psycopg2.errors.UndefinedColumn: column sync_tasks.impact_analysis does not exist
LINE 2: ...og, sync_tasks.diff_data AS sync_tasks_diff_data, sync_tasks...
                                                             ^


The above exception was the direct cause of the following exception:

Traceback (most recent call last):
  File "C:\Users\81026\AppData\Local\Programs\Python\Python310\lib\site-packages\starlette\middleware\errors.py", line 164, in __call__
    await self.app(scope, receive, _send)
  File "C:\Users\81026\AppData\Local\Programs\Python\Python310\lib\site-packages\starlette\middleware\base.py", line 191, in __call__
    with recv_stream, send_stream, collapse_excgroups():
  File "C:\Users\81026\AppData\Local\Programs\Python\Python310\lib\contextlib.py", line 153, in __exit__
    self.gen.throw(typ, value, traceback)
  File "C:\Users\81026\AppData\Local\Programs\Python\Python310\lib\site-packages\starlette\_utils.py", line 85, in collapse_excgroups
    raise exc
  File "C:\Users\81026\AppData\Local\Programs\Python\Python310\lib\site-packages\starlette\middleware\base.py", line 193, in __call__
    response = await self.dispatch_func(request, call_next)
  File "D:\code\BugSeek\backend\app\main.py", line 45, in trace_id_middleware
    response = await call_next(request)
  File "C:\Users\81026\AppData\Local\Programs\Python\Python310\lib\site-packages\starlette\middleware\base.py", line 168, in call_next
    raise app_exc from app_exc.__cause__ or app_exc.__context__
  File "C:\Users\81026\AppData\Local\Programs\Python\Python310\lib\site-packages\starlette\middleware\base.py", line 144, in coro
    await self.app(scope, receive_or_disconnect, send_no_error)
  File "C:\Users\81026\AppData\Local\Programs\Python\Python310\lib\site-packages\starlette\middleware\cors.py", line 85, in __call__
    await self.app(scope, receive, send)
  File "C:\Users\81026\AppData\Local\Programs\Python\Python310\lib\site-packages\starlette\middleware\exceptions.py", line 63, in __call__
    await wrap_app_handling_exceptions(self.app, conn)(scope, receive, send)
  File "C:\Users\81026\AppData\Local\Programs\Python\Python310\lib\site-packages\starlette\_exception_handler.py", line 53, in wrapped_app
    raise exc
  File "C:\Users\81026\AppData\Local\Programs\Python\Python310\lib\site-packages\starlette\_exception_handler.py", line 42, in wrapped_app
    await app(scope, receive, sender)
  File "C:\Users\81026\AppData\Local\Programs\Python\Python310\lib\site-packages\fastapi\middleware\asyncexitstack.py", line 18, in __call__
    await self.app(scope, receive, send)
  File "C:\Users\81026\AppData\Local\Programs\Python\Python310\lib\site-packages\starlette\routing.py", line 716, in __call__
    await self.middleware_stack(scope, receive, send)
  File "C:\Users\81026\AppData\Local\Programs\Python\Python310\lib\site-packages\starlette\routing.py", line 736, in app
    await route.handle(scope, receive, send)
  File "C:\Users\81026\AppData\Local\Programs\Python\Python310\lib\site-packages\starlette\routing.py", line 290, in handle
    await self.app(scope, receive, send)
  File "C:\Users\81026\AppData\Local\Programs\Python\Python310\lib\site-packages\fastapi\routing.py", line 115, in app
    await wrap_app_handling_exceptions(app, request)(scope, receive, send)
  File "C:\Users\81026\AppData\Local\Programs\Python\Python310\lib\site-packages\starlette\_exception_handler.py", line 53, in wrapped_app
    raise exc
  File "C:\Users\81026\AppData\Local\Programs\Python\Python310\lib\site-packages\starlette\_exception_handler.py", line 42, in wrapped_app
    await app(scope, receive, sender)
  File "C:\Users\81026\AppData\Local\Programs\Python\Python310\lib\site-packages\fastapi\routing.py", line 101, in app
    response = await f(request)
  File "C:\Users\81026\AppData\Local\Programs\Python\Python310\lib\site-packages\fastapi\routing.py", line 355, in app
    raw_response = await run_endpoint_function(
  File "C:\Users\81026\AppData\Local\Programs\Python\Python310\lib\site-packages\fastapi\routing.py", line 243, in run_endpoint_function
    return await dependant.call(**values)
  File "D:\code\BugSeek\backend\app\api\v1\sync_tasks.py", line 191, in get_sync_tasks
    total = query.count()
  File "C:\Users\81026\AppData\Local\Programs\Python\Python310\lib\site-packages\sqlalchemy\orm\query.py", line 3146, in count
    self._legacy_from_self(col).enable_eagerloads(False).scalar()
  File "C:\Users\81026\AppData\Local\Programs\Python\Python310\lib\site-packages\sqlalchemy\orm\query.py", line 2835, in scalar
    ret = self.one()
  File "C:\Users\81026\AppData\Local\Programs\Python\Python310\lib\site-packages\sqlalchemy\orm\query.py", line 2808, in one
    return self._iter().one()  # type: ignore
  File "C:\Users\81026\AppData\Local\Programs\Python\Python310\lib\site-packages\sqlalchemy\orm\query.py", line 2857, in _iter
    result: Union[ScalarResult[_T], Result[_T]] = self.session.execute(
  File "C:\Users\81026\AppData\Local\Programs\Python\Python310\lib\site-packages\sqlalchemy\orm\session.py", line 2351, in execute
    return self._execute_internal(
  File "C:\Users\81026\AppData\Local\Programs\Python\Python310\lib\site-packages\sqlalchemy\orm\session.py", line 2249, in _execute_internal
    result: Result[Any] = compile_state_cls.orm_execute_statement(
  File "C:\Users\81026\AppData\Local\Programs\Python\Python310\lib\site-packages\sqlalchemy\orm\context.py", line 306, in orm_execute_statement
    result = conn.execute(
  File "C:\Users\81026\AppData\Local\Programs\Python\Python310\lib\site-packages\sqlalchemy\engine\base.py", line 1419, in execute
    return meth(
  File "C:\Users\81026\AppData\Local\Programs\Python\Python310\lib\site-packages\sqlalchemy\sql\elements.py", line 527, in _execute_on_connection
    return connection._execute_clauseelement(
  File "C:\Users\81026\AppData\Local\Programs\Python\Python310\lib\site-packages\sqlalchemy\engine\base.py", line 1641, in _execute_clauseelement
    ret = self._execute_context(
  File "C:\Users\81026\AppData\Local\Programs\Python\Python310\lib\site-packages\sqlalchemy\engine\base.py", line 1846, in _execute_context
    return self._exec_single_context(
  File "C:\Users\81026\AppData\Local\Programs\Python\Python310\lib\site-packages\sqlalchemy\engine\base.py", line 1986, in _exec_single_context
    self._handle_dbapi_exception(
  File "C:\Users\81026\AppData\Local\Programs\Python\Python310\lib\site-packages\sqlalchemy\engine\base.py", line 2363, in _handle_dbapi_exception
    raise sqlalchemy_exception.with_traceback(exc_info[2]) from e
  File "C:\Users\81026\AppData\Local\Programs\Python\Python310\lib\site-packages\sqlalchemy\engine\base.py", line 1967, in _exec_single_context
    self.dialect.do_execute(
  File "C:\Users\81026\AppData\Local\Programs\Python\Python310\lib\site-packages\sqlalchemy\engine\default.py", line 952, in do_execute
    cursor.execute(statement, parameters)
sqlalchemy.exc.ProgrammingError: (psycopg2.errors.UndefinedColumn) column sync_tasks.impact_analysis does not exist
LINE 2: ...og, sync_tasks.diff_data AS sync_tasks_diff_data, sync_tasks...
                                                             ^

[SQL: SELECT count(*) AS count_1 
FROM (SELECT sync_tasks.id AS sync_tasks_id, sync_tasks.project_id AS sync_tasks_project_id, sync_tasks.version_id AS sync_tasks_version_id, sync_tasks.name AS sync_tasks_name, sync_tasks.source_type AS sync_tasks_source_type, sync_tasks.source_url AS sync_tasks_source_url, sync_tasks.source_version AS sync_tasks_source_version, sync_tasks.task_id AS sync_tasks_task_id, sync_tasks.status AS sync_tasks_status, sync_tasks.progress AS sync_tasks_progress, sync_tasks.total_count AS sync_tasks_total_count, sync_tasks.added_count AS sync_tasks_added_count, sync_tasks.updated_count AS sync_tasks_updated_count, sync_tasks.deleted_count AS sync_tasks_deleted_count, sync_tasks.conflict_count AS sync_tasks_conflict_count, sync_tasks.error_message AS sync_tasks_error_message, sync_tasks.execution_log AS sync_tasks_execution_log, sync_tasks.diff_data AS sync_tasks_diff_data, sync_tasks.impact_analysis AS sync_tasks_impact_analysis, sync_tasks.fix_data AS sync_tasks_fix_data, sync_tasks.started_at AS sync_tasks_started_at, sync_tasks.completed_at AS sync_tasks_completed_at, sync_tasks.created_by AS sync_tasks_created_by, sync_tasks.created_at AS sync_tasks_created_at, sync_tasks.updated_at AS sync_tasks_updated_at 
FROM sync_tasks 
WHERE sync_tasks.project_id = %(project_id_1)s) AS anon_1]
[parameters: {'project_id_1': 1}]
(Background on this error at: https://sqlalche.me/e/20/f405)
2026-02-04 10:45:49 | INFO | [44a15dc908ab4d8b9f2aefe4045284ce] | app.api.v1.sync_tasks | [44a15dc908ab4d8b9f2aefe4045284ce] 查询同步任务列表: skip=0, limit=20, user=admin, project_id=1
2026-02-04 10:45:49 | ERROR | [44a15dc908ab4d8b9f2aefe4045284ce] | app.dependencies | 数据库会话异常: (psycopg2.errors.UndefinedColumn) column sync_tasks.impact_analysis does not exist
LINE 2: ...og, sync_tasks.diff_data AS sync_tasks_diff_data, sync_tasks...
                                                             ^

[SQL: SELECT count(*) AS count_1 
FROM (SELECT sync_tasks.id AS sync_tasks_id, sync_tasks.project_id AS sync_tasks_project_id, sync_tasks.version_id AS sync_tasks_version_id, sync_tasks.name AS sync_tasks_name, sync_tasks.source_type AS sync_tasks_source_type, sync_tasks.source_url AS sync_tasks_source_url, sync_tasks.source_version AS sync_tasks_source_version, sync_tasks.task_id AS sync_tasks_task_id, sync_tasks.status AS sync_tasks_status, sync_tasks.progress AS sync_tasks_progress, sync_tasks.total_count AS sync_tasks_total_count, sync_tasks.added_count AS sync_tasks_added_count, sync_tasks.updated_count AS sync_tasks_updated_count, sync_tasks.deleted_count AS sync_tasks_deleted_count, sync_tasks.conflict_count AS sync_tasks_conflict_count, sync_tasks.error_message AS sync_tasks_error_message, sync_tasks.execution_log AS sync_tasks_execution_log, sync_tasks.diff_data AS sync_tasks_diff_data, sync_tasks.impact_analysis AS sync_tasks_impact_analysis, sync_tasks.fix_data AS sync_tasks_fix_data, sync_tasks.started_at AS sync_tasks_started_at, sync_tasks.completed_at AS sync_tasks_completed_at, sync_tasks.created_by AS sync_tasks_created_by, sync_tasks.created_at AS sync_tasks_created_at, sync_tasks.updated_at AS sync_tasks_updated_at 
FROM sync_tasks 
WHERE sync_tasks.project_id = %(project_id_1)s) AS anon_1]
[parameters: {'project_id_1': 1}]
(Background on this error at: https://sqlalche.me/e/20/f405)
Traceback (most recent call last):
  File "C:\Users\81026\AppData\Local\Programs\Python\Python310\lib\site-packages\sqlalchemy\engine\base.py", line 1967, in _exec_single_context
    self.dialect.do_execute(
  File "C:\Users\81026\AppData\Local\Programs\Python\Python310\lib\site-packages\sqlalchemy\engine\default.py", line 952, in do_execute
    cursor.execute(statement, parameters)
psycopg2.errors.UndefinedColumn: column sync_tasks.impact_analysis does not exist
LINE 2: ...og, sync_tasks.diff_data AS sync_tasks_diff_data, sync_tasks...
                                                             ^


The above exception was the direct cause of the following exception:

Traceback (most recent call last):
  File "D:\code\BugSeek\backend\app\dependencies.py", line 19, in get_db
    yield db
  File "C:\Users\81026\AppData\Local\Programs\Python\Python310\lib\site-packages\fastapi\concurrency.py", line 29, in contextmanager_in_threadpool
    yield await run_in_threadpool(cm.__enter__)
  File "C:\Users\81026\AppData\Local\Programs\Python\Python310\lib\site-packages\fastapi\routing.py", line 101, in app
    response = await f(request)
  File "C:\Users\81026\AppData\Local\Programs\Python\Python310\lib\site-packages\fastapi\routing.py", line 355, in app
    raw_response = await run_endpoint_function(
  File "C:\Users\81026\AppData\Local\Programs\Python\Python310\lib\site-packages\fastapi\routing.py", line 243, in run_endpoint_function
    return await dependant.call(**values)
  File "D:\code\BugSeek\backend\app\api\v1\sync_tasks.py", line 191, in get_sync_tasks
    total = query.count()
  File "C:\Users\81026\AppData\Local\Programs\Python\Python310\lib\site-packages\sqlalchemy\orm\query.py", line 3146, in count
    self._legacy_from_self(col).enable_eagerloads(False).scalar()
  File "C:\Users\81026\AppData\Local\Programs\Python\Python310\lib\site-packages\sqlalchemy\orm\query.py", line 2835, in scalar
    ret = self.one()
  File "C:\Users\81026\AppData\Local\Programs\Python\Python310\lib\site-packages\sqlalchemy\orm\query.py", line 2808, in one
    return self._iter().one()  # type: ignore
  File "C:\Users\81026\AppData\Local\Programs\Python\Python310\lib\site-packages\sqlalchemy\orm\query.py", line 2857, in _iter
    result: Union[ScalarResult[_T], Result[_T]] = self.session.execute(
  File "C:\Users\81026\AppData\Local\Programs\Python\Python310\lib\site-packages\sqlalchemy\orm\session.py", line 2351, in execute
    return self._execute_internal(
  File "C:\Users\81026\AppData\Local\Programs\Python\Python310\lib\site-packages\sqlalchemy\orm\session.py", line 2249, in _execute_internal
    result: Result[Any] = compile_state_cls.orm_execute_statement(
  File "C:\Users\81026\AppData\Local\Programs\Python\Python310\lib\site-packages\sqlalchemy\orm\context.py", line 306, in orm_execute_statement
    result = conn.execute(
  File "C:\Users\81026\AppData\Local\Programs\Python\Python310\lib\site-packages\sqlalchemy\engine\base.py", line 1419, in execute
    return meth(
  File "C:\Users\81026\AppData\Local\Programs\Python\Python310\lib\site-packages\sqlalchemy\sql\elements.py", line 527, in _execute_on_connection
    return connection._execute_clauseelement(
  File "C:\Users\81026\AppData\Local\Programs\Python\Python310\lib\site-packages\sqlalchemy\engine\base.py", line 1641, in _execute_clauseelement
    ret = self._execute_context(
  File "C:\Users\81026\AppData\Local\Programs\Python\Python310\lib\site-packages\sqlalchemy\engine\base.py", line 1846, in _execute_context
    return self._exec_single_context(
  File "C:\Users\81026\AppData\Local\Programs\Python\Python310\lib\site-packages\sqlalchemy\engine\base.py", line 1986, in _exec_single_context
    self._handle_dbapi_exception(
  File "C:\Users\81026\AppData\Local\Programs\Python\Python310\lib\site-packages\sqlalchemy\engine\base.py", line 2363, in _handle_dbapi_exception
    raise sqlalchemy_exception.with_traceback(exc_info[2]) from e
  File "C:\Users\81026\AppData\Local\Programs\Python\Python310\lib\site-packages\sqlalchemy\engine\base.py", line 1967, in _exec_single_context
    self.dialect.do_execute(
  File "C:\Users\81026\AppData\Local\Programs\Python\Python310\lib\site-packages\sqlalchemy\engine\default.py", line 952, in do_execute
    cursor.execute(statement, parameters)
sqlalchemy.exc.ProgrammingError: (psycopg2.errors.UndefinedColumn) column sync_tasks.impact_analysis does not exist
LINE 2: ...og, sync_tasks.diff_data AS sync_tasks_diff_data, sync_tasks...
                                                             ^

[SQL: SELECT count(*) AS count_1 
FROM (SELECT sync_tasks.id AS sync_tasks_id, sync_tasks.project_id AS sync_tasks_project_id, sync_tasks.version_id AS sync_tasks_version_id, sync_tasks.name AS sync_tasks_name, sync_tasks.source_type AS sync_tasks_source_type, sync_tasks.source_url AS sync_tasks_source_url, sync_tasks.source_version AS sync_tasks_source_version, sync_tasks.task_id AS sync_tasks_task_id, sync_tasks.status AS sync_tasks_status, sync_tasks.progress AS sync_tasks_progress, sync_tasks.total_count AS sync_tasks_total_count, sync_tasks.added_count AS sync_tasks_added_count, sync_tasks.updated_count AS sync_tasks_updated_count, sync_tasks.deleted_count AS sync_tasks_deleted_count, sync_tasks.conflict_count AS sync_tasks_conflict_count, sync_tasks.error_message AS sync_tasks_error_message, sync_tasks.execution_log AS sync_tasks_execution_log, sync_tasks.diff_data AS sync_tasks_diff_data, sync_tasks.impact_analysis AS sync_tasks_impact_analysis, sync_tasks.fix_data AS sync_tasks_fix_data, sync_tasks.started_at AS sync_tasks_started_at, sync_tasks.completed_at AS sync_tasks_completed_at, sync_tasks.created_by AS sync_tasks_created_by, sync_tasks.created_at AS sync_tasks_created_at, sync_tasks.updated_at AS sync_tasks_updated_at 
FROM sync_tasks 
WHERE sync_tasks.project_id = %(project_id_1)s) AS anon_1]
[parameters: {'project_id_1': 1}]
(Background on this error at: https://sqlalche.me/e/20/f405)
2026-02-04 10:45:49 | ERROR | [44a15dc908ab4d8b9f2aefe4045284ce] | app.main | 未捕获的异常: (psycopg2.errors.UndefinedColumn) column sync_tasks.impact_analysis does not exist
LINE 2: ...og, sync_tasks.diff_data AS sync_tasks_diff_data, sync_tasks...
                                                             ^

[SQL: SELECT count(*) AS count_1 
FROM (SELECT sync_tasks.id AS sync_tasks_id, sync_tasks.project_id AS sync_tasks_project_id, sync_tasks.version_id AS sync_tasks_version_id, sync_tasks.name AS sync_tasks_name, sync_tasks.source_type AS sync_tasks_source_type, sync_tasks.source_url AS sync_tasks_source_url, sync_tasks.source_version AS sync_tasks_source_version, sync_tasks.task_id AS sync_tasks_task_id, sync_tasks.status AS sync_tasks_status, sync_tasks.progress AS sync_tasks_progress, sync_tasks.total_count AS sync_tasks_total_count, sync_tasks.added_count AS sync_tasks_added_count, sync_tasks.updated_count AS sync_tasks_updated_count, sync_tasks.deleted_count AS sync_tasks_deleted_count, sync_tasks.conflict_count AS sync_tasks_conflict_count, sync_tasks.error_message AS sync_tasks_error_message, sync_tasks.execution_log AS sync_tasks_execution_log, sync_tasks.diff_data AS sync_tasks_diff_data, sync_tasks.impact_analysis AS sync_tasks_impact_analysis, sync_tasks.fix_data AS sync_tasks_fix_data, sync_tasks.started_at AS sync_tasks_started_at, sync_tasks.completed_at AS sync_tasks_completed_at, sync_tasks.created_by AS sync_tasks_created_by, sync_tasks.created_at AS sync_tasks_created_at, sync_tasks.updated_at AS sync_tasks_updated_at 
FROM sync_tasks 
WHERE sync_tasks.project_id = %(project_id_1)s) AS anon_1]
[parameters: {'project_id_1': 1}]
(Background on this error at: https://sqlalche.me/e/20/f405) | 路径: /api/v1/sync-tasks | 方法: GET
Traceback (most recent call last):
  File "C:\Users\81026\AppData\Local\Programs\Python\Python310\lib\site-packages\sqlalchemy\engine\base.py", line 1967, in _exec_single_context
    self.dialect.do_execute(
  File "C:\Users\81026\AppData\Local\Programs\Python\Python310\lib\site-packages\sqlalchemy\engine\default.py", line 952, in do_execute
    cursor.execute(statement, parameters)
psycopg2.errors.UndefinedColumn: column sync_tasks.impact_analysis does not exist
LINE 2: ...og, sync_tasks.diff_data AS sync_tasks_diff_data, sync_tasks...
                                                             ^


The above exception was the direct cause of the following exception:

Traceback (most recent call last):
  File "C:\Users\81026\AppData\Local\Programs\Python\Python310\lib\site-packages\starlette\middleware\errors.py", line 164, in __call__
    await self.app(scope, receive, _send)
  File "C:\Users\81026\AppData\Local\Programs\Python\Python310\lib\site-packages\starlette\middleware\base.py", line 191, in __call__
    with recv_stream, send_stream, collapse_excgroups():
  File "C:\Users\81026\AppData\Local\Programs\Python\Python310\lib\contextlib.py", line 153, in __exit__
    self.gen.throw(typ, value, traceback)
  File "C:\Users\81026\AppData\Local\Programs\Python\Python310\lib\site-packages\starlette\_utils.py", line 85, in collapse_excgroups
    raise exc
  File "C:\Users\81026\AppData\Local\Programs\Python\Python310\lib\site-packages\starlette\middleware\base.py", line 193, in __call__
    response = await self.dispatch_func(request, call_next)
  File "D:\code\BugSeek\backend\app\main.py", line 45, in trace_id_middleware
    response = await call_next(request)
  File "C:\Users\81026\AppData\Local\Programs\Python\Python310\lib\site-packages\starlette\middleware\base.py", line 168, in call_next
    raise app_exc from app_exc.__cause__ or app_exc.__context__
  File "C:\Users\81026\AppData\Local\Programs\Python\Python310\lib\site-packages\starlette\middleware\base.py", line 144, in coro
    await self.app(scope, receive_or_disconnect, send_no_error)
  File "C:\Users\81026\AppData\Local\Programs\Python\Python310\lib\site-packages\starlette\middleware\cors.py", line 85, in __call__
    await self.app(scope, receive, send)
  File "C:\Users\81026\AppData\Local\Programs\Python\Python310\lib\site-packages\starlette\middleware\exceptions.py", line 63, in __call__
    await wrap_app_handling_exceptions(self.app, conn)(scope, receive, send)
  File "C:\Users\81026\AppData\Local\Programs\Python\Python310\lib\site-packages\starlette\_exception_handler.py", line 53, in wrapped_app
    raise exc
  File "C:\Users\81026\AppData\Local\Programs\Python\Python310\lib\site-packages\starlette\_exception_handler.py", line 42, in wrapped_app
    await app(scope, receive, sender)
  File "C:\Users\81026\AppData\Local\Programs\Python\Python310\lib\site-packages\fastapi\middleware\asyncexitstack.py", line 18, in __call__
    await self.app(scope, receive, send)
  File "C:\Users\81026\AppData\Local\Programs\Python\Python310\lib\site-packages\starlette\routing.py", line 716, in __call__
    await self.middleware_stack(scope, receive, send)
  File "C:\Users\81026\AppData\Local\Programs\Python\Python310\lib\site-packages\starlette\routing.py", line 736, in app
    await route.handle(scope, receive, send)
  File "C:\Users\81026\AppData\Local\Programs\Python\Python310\lib\site-packages\starlette\routing.py", line 290, in handle
    await self.app(scope, receive, send)
  File "C:\Users\81026\AppData\Local\Programs\Python\Python310\lib\site-packages\fastapi\routing.py", line 115, in app
    await wrap_app_handling_exceptions(app, request)(scope, receive, send)
  File "C:\Users\81026\AppData\Local\Programs\Python\Python310\lib\site-packages\starlette\_exception_handler.py", line 53, in wrapped_app
    raise exc
  File "C:\Users\81026\AppData\Local\Programs\Python\Python310\lib\site-packages\starlette\_exception_handler.py", line 42, in wrapped_app
    await app(scope, receive, sender)
  File "C:\Users\81026\AppData\Local\Programs\Python\Python310\lib\site-packages\fastapi\routing.py", line 101, in app
    response = await f(request)
  File "C:\Users\81026\AppData\Local\Programs\Python\Python310\lib\site-packages\fastapi\routing.py", line 355, in app
    raw_response = await run_endpoint_function(
  File "C:\Users\81026\AppData\Local\Programs\Python\Python310\lib\site-packages\fastapi\routing.py", line 243, in run_endpoint_function
    return await dependant.call(**values)
  File "D:\code\BugSeek\backend\app\api\v1\sync_tasks.py", line 191, in get_sync_tasks
    total = query.count()
  File "C:\Users\81026\AppData\Local\Programs\Python\Python310\lib\site-packages\sqlalchemy\orm\query.py", line 3146, in count
    self._legacy_from_self(col).enable_eagerloads(False).scalar()
  File "C:\Users\81026\AppData\Local\Programs\Python\Python310\lib\site-packages\sqlalchemy\orm\query.py", line 2835, in scalar
    ret = self.one()
  File "C:\Users\81026\AppData\Local\Programs\Python\Python310\lib\site-packages\sqlalchemy\orm\query.py", line 2808, in one
    return self._iter().one()  # type: ignore
  File "C:\Users\81026\AppData\Local\Programs\Python\Python310\lib\site-packages\sqlalchemy\orm\query.py", line 2857, in _iter
    result: Union[ScalarResult[_T], Result[_T]] = self.session.execute(
  File "C:\Users\81026\AppData\Local\Programs\Python\Python310\lib\site-packages\sqlalchemy\orm\session.py", line 2351, in execute
    return self._execute_internal(
  File "C:\Users\81026\AppData\Local\Programs\Python\Python310\lib\site-packages\sqlalchemy\orm\session.py", line 2249, in _execute_internal
    result: Result[Any] = compile_state_cls.orm_execute_statement(
  File "C:\Users\81026\AppData\Local\Programs\Python\Python310\lib\site-packages\sqlalchemy\orm\context.py", line 306, in orm_execute_statement
    result = conn.execute(
  File "C:\Users\81026\AppData\Local\Programs\Python\Python310\lib\site-packages\sqlalchemy\engine\base.py", line 1419, in execute
    return meth(
  File "C:\Users\81026\AppData\Local\Programs\Python\Python310\lib\site-packages\sqlalchemy\sql\elements.py", line 527, in _execute_on_connection
    return connection._execute_clauseelement(
  File "C:\Users\81026\AppData\Local\Programs\Python\Python310\lib\site-packages\sqlalchemy\engine\base.py", line 1641, in _execute_clauseelement
    ret = self._execute_context(
  File "C:\Users\81026\AppData\Local\Programs\Python\Python310\lib\site-packages\sqlalchemy\engine\base.py", line 1846, in _execute_context
    return self._exec_single_context(
  File "C:\Users\81026\AppData\Local\Programs\Python\Python310\lib\site-packages\sqlalchemy\engine\base.py", line 1986, in _exec_single_context
    self._handle_dbapi_exception(
  File "C:\Users\81026\AppData\Local\Programs\Python\Python310\lib\site-packages\sqlalchemy\engine\base.py", line 2363, in _handle_dbapi_exception
    raise sqlalchemy_exception.with_traceback(exc_info[2]) from e
  File "C:\Users\81026\AppData\Local\Programs\Python\Python310\lib\site-packages\sqlalchemy\engine\base.py", line 1967, in _exec_single_context
    self.dialect.do_execute(
  File "C:\Users\81026\AppData\Local\Programs\Python\Python310\lib\site-packages\sqlalchemy\engine\default.py", line 952, in do_execute
    cursor.execute(statement, parameters)
sqlalchemy.exc.ProgrammingError: (psycopg2.errors.UndefinedColumn) column sync_tasks.impact_analysis does not exist
LINE 2: ...og, sync_tasks.diff_data AS sync_tasks_diff_data, sync_tasks...
                                                             ^

[SQL: SELECT count(*) AS count_1 
FROM (SELECT sync_tasks.id AS sync_tasks_id, sync_tasks.project_id AS sync_tasks_project_id, sync_tasks.version_id AS sync_tasks_version_id, sync_tasks.name AS sync_tasks_name, sync_tasks.source_type AS sync_tasks_source_type, sync_tasks.source_url AS sync_tasks_source_url, sync_tasks.source_version AS sync_tasks_source_version, sync_tasks.task_id AS sync_tasks_task_id, sync_tasks.status AS sync_tasks_status, sync_tasks.progress AS sync_tasks_progress, sync_tasks.total_count AS sync_tasks_total_count, sync_tasks.added_count AS sync_tasks_added_count, sync_tasks.updated_count AS sync_tasks_updated_count, sync_tasks.deleted_count AS sync_tasks_deleted_count, sync_tasks.conflict_count AS sync_tasks_conflict_count, sync_tasks.error_message AS sync_tasks_error_message, sync_tasks.execution_log AS sync_tasks_execution_log, sync_tasks.diff_data AS sync_tasks_diff_data, sync_tasks.impact_analysis AS sync_tasks_impact_analysis, sync_tasks.fix_data AS sync_tasks_fix_data, sync_tasks.started_at AS sync_tasks_started_at, sync_tasks.completed_at AS sync_tasks_completed_at, sync_tasks.created_by AS sync_tasks_created_by, sync_tasks.created_at AS sync_tasks_created_at, sync_tasks.updated_at AS sync_tasks_updated_at 
FROM sync_tasks 
WHERE sync_tasks.project_id = %(project_id_1)s) AS anon_1]
[parameters: {'project_id_1': 1}]
(Background on this error at: https://sqlalche.me/e/20/f405)
2026-02-04 10:47:14 | INFO | [7db1ed56796f42d6bf33c1ea3790c7ad] | root | 日志系统初始化完成
2026-02-04 10:47:15 | INFO | [7db1ed56796f42d6bf33c1ea3790c7ad] | app.main | 启动异步任务工作线程...
2026-02-04 10:47:15 | INFO | [7db1ed56796f42d6bf33c1ea3790c7ad] | app.main | 异步任务工作线程已启动
2026-02-04 10:47:15 | INFO | [7db1ed56796f42d6bf33c1ea3790c7ad] | app.core.async_task.manager | [7db1ed56796f42d6bf33c1ea3790c7ad] 启动异步任务工作线程
2026-02-04 10:47:26 | INFO | [0a3139ba62334314b04d1bf6593ed80e] | root | 日志系统初始化完成
2026-02-04 10:47:26 | INFO | [0a3139ba62334314b04d1bf6593ed80e] | app.main | 启动异步任务工作线程...
2026-02-04 10:47:26 | INFO | [0a3139ba62334314b04d1bf6593ed80e] | app.main | 异步任务工作线程已启动
2026-02-04 10:47:26 | INFO | [0a3139ba62334314b04d1bf6593ed80e] | app.core.async_task.manager | [0a3139ba62334314b04d1bf6593ed80e] 启动异步任务工作线程
2026-02-04 10:47:43 | INFO | [6ce04c87e0234055807518e2b3a851a8] | root | 日志系统初始化完成
2026-02-04 10:47:43 | INFO | [6ce04c87e0234055807518e2b3a851a8] | app.main | 启动异步任务工作线程...
2026-02-04 10:47:43 | INFO | [6ce04c87e0234055807518e2b3a851a8] | app.main | 异步任务工作线程已启动
2026-02-04 10:47:43 | INFO | [6ce04c87e0234055807518e2b3a851a8] | app.core.async_task.manager | [6ce04c87e0234055807518e2b3a851a8] 启动异步任务工作线程
2026-02-04 10:48:07 | INFO | [3c9264b66f804a75938f39e7775a5180] | root | 日志系统初始化完成
2026-02-04 10:48:07 | INFO | [3c9264b66f804a75938f39e7775a5180] | app.main | 启动异步任务工作线程...
2026-02-04 10:48:07 | INFO | [3c9264b66f804a75938f39e7775a5180] | app.main | 异步任务工作线程已启动
2026-02-04 10:48:07 | INFO | [3c9264b66f804a75938f39e7775a5180] | app.core.async_task.manager | [3c9264b66f804a75938f39e7775a5180] 启动异步任务工作线程
2026-02-04 10:48:39 | INFO | [c9db7258a51e4333b7056bfbe3b74056] | app.api.v1.sync_tasks | [c9db7258a51e4333b7056bfbe3b74056] 查询同步任务列表: skip=0, limit=20, user=admin, project_id=1
2026-02-04 10:48:44 | INFO | [1fa33c2176c349c3b6805481f2c1264f] | app.api.v1.sync_tasks | [1fa33c2176c349c3b6805481f2c1264f] 查询同步任务列表: skip=0, limit=20, user=admin, project_id=1
2026-02-04 10:49:37 | INFO | [6fc7218c01ee4a48b85cc63cacfb9da1] | app.api.v1.sync_tasks | [6fc7218c01ee4a48b85cc63cacfb9da1] 查询同步任务列表: skip=0, limit=20, user=admin, project_id=1
2026-02-04 10:49:58 | INFO | [6812fdd859e04660be9d8c6e8e587318] | app.api.v1.sync_tasks | [6812fdd859e04660be9d8c6e8e587318] 查询同步任务列表: skip=0, limit=20, user=admin, project_id=1
2026-02-04 10:51:38 | INFO | [5db621d563c646adadd23e83e976021d] | app.api.v1.sync_tasks | [5db621d563c646adadd23e83e976021d] 查询同步任务列表: skip=0, limit=20, user=admin, project_id=1
2026-02-04 10:52:06 | INFO | [1bc8b83ebca348c69e2b60f2d89862d9] | app.api.v1.sync_tasks | [1bc8b83ebca348c69e2b60f2d89862d9] 删除同步任务: id=6, user=admin
2026-02-04 10:52:06 | INFO | [1bc8b83ebca348c69e2b60f2d89862d9] | app.api.v1.sync_tasks | [1bc8b83ebca348c69e2b60f2d89862d9] 同步任务删除成功: id=6
2026-02-04 10:52:06 | INFO | [d0cfabf53507413890b25c482bf7dd56] | app.api.v1.sync_tasks | [d0cfabf53507413890b25c482bf7dd56] 查询同步任务列表: skip=0, limit=20, user=admin, project_id=1
2026-02-04 10:52:16 | INFO | [bb1d4e41229f47958b5a80e643715f13] | app.api.v1.sync_tasks | [bb1d4e41229f47958b5a80e643715f13] 创建同步任务: name=V1, source_type=swagger, user=admin
2026-02-04 10:52:16 | INFO | [bb1d4e41229f47958b5a80e643715f13] | app.api.v1.sync_tasks | [bb1d4e41229f47958b5a80e643715f13] 同步任务创建并启动成功: id=8, celery_task_id=eb98b5f0-9b59-4eb2-8a46-c50fbcb9700a
2026-02-04 10:52:16 | INFO | [4ec6aeec50534373bd248c6a808386f3] | app.api.v1.sync_tasks | [4ec6aeec50534373bd248c6a808386f3] 查询同步任务列表: skip=0, limit=20, user=admin, project_id=1
2026-02-04 10:52:19 | INFO | [327e7fd038b948b0bf3496b87ed820cb] | app.api.v1.sync_tasks | [327e7fd038b948b0bf3496b87ed820cb] 查询同步任务列表: skip=0, limit=20, user=admin, project_id=1
2026-02-04 10:52:19 | INFO | [390082c92b54498cb9fd825c939ff0df] | app.api.v1.sync_tasks | [390082c92b54498cb9fd825c939ff0df] 查询同步任务列表: skip=0, limit=20, user=admin, project_id=1
2026-02-04 10:52:20 | INFO | [891d4b2ecd8446cba8e7a10e147b644e] | app.api.v1.sync_tasks | [891d4b2ecd8446cba8e7a10e147b644e] 查询同步任务列表: skip=0, limit=20, user=admin, project_id=1
2026-02-04 10:52:20 | INFO | [d8ae8ecdf17745cabb8a3b9ad09c5693] | app.api.v1.sync_tasks | [d8ae8ecdf17745cabb8a3b9ad09c5693] 查询同步任务列表: skip=0, limit=20, user=admin, project_id=1
2026-02-04 10:52:20 | INFO | [3d638ab9452b468aa128db77129d07fb] | app.api.v1.sync_tasks | [3d638ab9452b468aa128db77129d07fb] 查询同步任务列表: skip=0, limit=20, user=admin, project_id=1
2026-02-04 10:52:20 | INFO | [c458ad50d14d4fc3bb2f4f5fd469e211] | app.api.v1.sync_tasks | [c458ad50d14d4fc3bb2f4f5fd469e211] 查询同步任务列表: skip=0, limit=20, user=admin, project_id=1
2026-02-04 10:52:20 | INFO | [32c6b15a088c4c569084d35a68ea528c] | app.api.v1.sync_tasks | [32c6b15a088c4c569084d35a68ea528c] 查询同步任务列表: skip=0, limit=20, user=admin, project_id=1
2026-02-04 10:52:21 | INFO | [15ae8da76ded437b85bd7abd6cfbf350] | app.api.v1.sync_tasks | [15ae8da76ded437b85bd7abd6cfbf350] 查询同步任务列表: skip=0, limit=20, user=admin, project_id=1
2026-02-04 10:52:21 | INFO | [14cd2c0f60a0410b80d433fc01f27a0e] | app.api.v1.sync_tasks | [14cd2c0f60a0410b80d433fc01f27a0e] 查询同步任务列表: skip=0, limit=20, user=admin, project_id=1
2026-02-04 10:52:21 | INFO | [17e20890826446f593c4ab1bb1981f1f] | app.api.v1.sync_tasks | [17e20890826446f593c4ab1bb1981f1f] 查询同步任务列表: skip=0, limit=20, user=admin, project_id=1
2026-02-04 10:52:21 | INFO | [f2c41ca6054e4459898d5f592ab7022c] | app.api.v1.sync_tasks | [f2c41ca6054e4459898d5f592ab7022c] 查询同步任务列表: skip=0, limit=20, user=admin, project_id=1
2026-02-04 10:52:21 | INFO | [cf9e1d2304204c60b69ad7c917712b45] | app.api.v1.sync_tasks | [cf9e1d2304204c60b69ad7c917712b45] 查询同步任务列表: skip=0, limit=20, user=admin, project_id=1
2026-02-04 10:52:21 | INFO | [45db6fd7c4624d378e60a83f1875d05f] | app.api.v1.sync_tasks | [45db6fd7c4624d378e60a83f1875d05f] 查询同步任务列表: skip=0, limit=20, user=admin, project_id=1
2026-02-04 10:52:22 | INFO | [bf3c00bc6c3c40b9a776326e43c9342b] | app.api.v1.sync_tasks | [bf3c00bc6c3c40b9a776326e43c9342b] 查询同步任务列表: skip=0, limit=20, user=admin, project_id=1
2026-02-04 10:52:22 | INFO | [c6f65d12ffaf465aad2a8018a8396417] | app.api.v1.sync_tasks | [c6f65d12ffaf465aad2a8018a8396417] 查询同步任务列表: skip=0, limit=20, user=admin, project_id=1
2026-02-04 10:52:22 | INFO | [fb9e2e1f16414472a69ea8c9f5e9c112] | app.api.v1.sync_tasks | [fb9e2e1f16414472a69ea8c9f5e9c112] 查询同步任务列表: skip=0, limit=20, user=admin, project_id=1
2026-02-04 10:52:22 | INFO | [79803481f2d54a1097beec6ef6d64531] | app.api.v1.sync_tasks | [79803481f2d54a1097beec6ef6d64531] 查询同步任务列表: skip=0, limit=20, user=admin, project_id=1
2026-02-04 10:52:22 | INFO | [dc5e06ea93a94d27a9f672a34d40792d] | app.api.v1.sync_tasks | [dc5e06ea93a94d27a9f672a34d40792d] 查询同步任务列表: skip=0, limit=20, user=admin, project_id=1
2026-02-04 10:52:23 | INFO | [59b476d8351d4a0dbafbb07dc478317f] | app.api.v1.sync_tasks | [59b476d8351d4a0dbafbb07dc478317f] 查询同步任务列表: skip=0, limit=20, user=admin, project_id=1
2026-02-04 10:52:23 | INFO | [ed294f661ab441c1895761c28cc5c951] | app.api.v1.sync_tasks | [ed294f661ab441c1895761c28cc5c951] 查询同步任务列表: skip=0, limit=20, user=admin, project_id=1
2026-02-04 10:52:23 | INFO | [567a03f5cbe9472099531add670245f9] | app.api.v1.sync_tasks | [567a03f5cbe9472099531add670245f9] 查询同步任务列表: skip=0, limit=20, user=admin, project_id=1
2026-02-04 10:52:23 | INFO | [ba5de226739846a0848ff6c58447243e] | app.api.v1.sync_tasks | [ba5de226739846a0848ff6c58447243e] 查询同步任务列表: skip=0, limit=20, user=admin, project_id=1
2026-02-04 10:52:23 | INFO | [ccb1f0fc6387418e9bde0efd002bda26] | app.api.v1.sync_tasks | [ccb1f0fc6387418e9bde0efd002bda26] 查询同步任务列表: skip=0, limit=20, user=admin, project_id=1
2026-02-04 10:52:24 | INFO | [a00ffe5ae6c447bfac4827a26096f3ca] | app.api.v1.sync_tasks | [a00ffe5ae6c447bfac4827a26096f3ca] 查询同步任务列表: skip=0, limit=20, user=admin, project_id=1
2026-02-04 10:52:24 | INFO | [77d7fd4b2b894be8a3292b27e456f3a6] | app.api.v1.sync_tasks | [77d7fd4b2b894be8a3292b27e456f3a6] 查询同步任务列表: skip=0, limit=20, user=admin, project_id=1
2026-02-04 10:52:24 | INFO | [cb189c57880b49a0b293de000328aec1] | app.api.v1.sync_tasks | [cb189c57880b49a0b293de000328aec1] 查询同步任务列表: skip=0, limit=20, user=admin, project_id=1
2026-02-04 10:52:24 | INFO | [252ad9d0b4a54f5fbef9ca16d7593921] | app.api.v1.sync_tasks | [252ad9d0b4a54f5fbef9ca16d7593921] 查询同步任务列表: skip=0, limit=20, user=admin, project_id=1
2026-02-04 10:52:24 | INFO | [01527ce92cba41b7bd93dfccdeb00d0c] | app.api.v1.sync_tasks | [01527ce92cba41b7bd93dfccdeb00d0c] 查询同步任务列表: skip=0, limit=20, user=admin, project_id=1
2026-02-04 10:52:25 | INFO | [4cf38d18e510488bba8a3e61fe96ee1e] | app.api.v1.sync_tasks | [4cf38d18e510488bba8a3e61fe96ee1e] 查询同步任务列表: skip=0, limit=20, user=admin, project_id=1
2026-02-04 10:52:25 | INFO | [4d33b5ec1b06452ca18cb48da4f27435] | app.api.v1.sync_tasks | [4d33b5ec1b06452ca18cb48da4f27435] 查询同步任务列表: skip=0, limit=20, user=admin, project_id=1
2026-02-04 10:52:25 | INFO | [e688d74fb954451fa7c9ca466445e4b9] | app.api.v1.sync_tasks | [e688d74fb954451fa7c9ca466445e4b9] 查询同步任务列表: skip=0, limit=20, user=admin, project_id=1
2026-02-04 10:52:25 | INFO | [fc1ea4f874f042e1a012c6652d985e0f] | app.api.v1.sync_tasks | [fc1ea4f874f042e1a012c6652d985e0f] 查询同步任务列表: skip=0, limit=20, user=admin, project_id=1
2026-02-04 10:52:25 | INFO | [807929763dfe40928b7dcfcdcba8bcd7] | app.api.v1.sync_tasks | [807929763dfe40928b7dcfcdcba8bcd7] 查询同步任务列表: skip=0, limit=20, user=admin, project_id=1
2026-02-04 10:52:26 | INFO | [85bf24bfb7204d6492549aa8d88905ce] | app.api.v1.sync_tasks | [85bf24bfb7204d6492549aa8d88905ce] 查询同步任务列表: skip=0, limit=20, user=admin, project_id=1
2026-02-04 10:52:26 | INFO | [f631ba9c6b2846c59c20831229fcfe4c] | app.api.v1.sync_tasks | [f631ba9c6b2846c59c20831229fcfe4c] 查询同步任务列表: skip=0, limit=20, user=admin, project_id=1
2026-02-04 10:52:26 | INFO | [fec615b0ef26465fbe6d498f2a1b180c] | app.api.v1.sync_tasks | [fec615b0ef26465fbe6d498f2a1b180c] 查询同步任务列表: skip=0, limit=20, user=admin, project_id=1
2026-02-04 10:53:39 | INFO | [61dded2219054e159214c9f1b3317ce4] | root | 日志系统初始化完成
2026-02-04 10:53:39 | INFO | [61dded2219054e159214c9f1b3317ce4] | app.main | 启动异步任务工作线程...
2026-02-04 10:53:39 | INFO | [61dded2219054e159214c9f1b3317ce4] | app.main | 异步任务工作线程已启动
2026-02-04 10:53:39 | INFO | [61dded2219054e159214c9f1b3317ce4] | app.core.async_task.manager | [61dded2219054e159214c9f1b3317ce4] 启动异步任务工作线程
2026-02-04 10:53:39 | INFO | [668f6e5e0021444c9ff40ab942f75e5d] | app.api.v1.sync_tasks | [668f6e5e0021444c9ff40ab942f75e5d] 查询同步任务列表: skip=0, limit=20, user=admin, project_id=1
2026-02-04 10:54:05 | INFO | [653599075b634292ab418b469d5ec409] | root | 日志系统初始化完成
2026-02-04 10:54:05 | INFO | [653599075b634292ab418b469d5ec409] | app.main | 启动异步任务工作线程...
2026-02-04 10:54:05 | INFO | [653599075b634292ab418b469d5ec409] | app.main | 异步任务工作线程已启动
2026-02-04 10:54:05 | INFO | [653599075b634292ab418b469d5ec409] | app.core.async_task.manager | [653599075b634292ab418b469d5ec409] 启动异步任务工作线程
2026-02-04 10:54:16 | INFO | [f8abd5eed1754c6d9f3189bece272d1c] | root | 日志系统初始化完成
2026-02-04 10:54:16 | INFO | [f8abd5eed1754c6d9f3189bece272d1c] | app.main | 启动异步任务工作线程...
2026-02-04 10:54:16 | INFO | [f8abd5eed1754c6d9f3189bece272d1c] | app.main | 异步任务工作线程已启动
2026-02-04 10:54:16 | INFO | [f8abd5eed1754c6d9f3189bece272d1c] | app.core.async_task.manager | [f8abd5eed1754c6d9f3189bece272d1c] 启动异步任务工作线程
2026-02-04 10:54:39 | INFO | [d5adabfa21e44a518fa2f148c336b50a] | app.api.v1.sync_tasks | [d5adabfa21e44a518fa2f148c336b50a] 查询同步任务列表: skip=0, limit=20, user=admin, project_id=1
2026-02-04 10:54:40 | INFO | [8b9e7f2e37c84fdaa0fcf9a1f29a05d2] | app.api.v1.sync_tasks | [8b9e7f2e37c84fdaa0fcf9a1f29a05d2] 查询同步任务列表: skip=0, limit=20, user=admin, project_id=1
2026-02-04 10:54:41 | INFO | [717b8ecb222946859772f2a74431f1e8] | app.api.v1.sync_tasks | [717b8ecb222946859772f2a74431f1e8] 查询同步任务列表: skip=0, limit=20, user=admin, project_id=1
2026-02-04 10:54:41 | INFO | [194a4c5b903546379c950f697d0eafb6] | app.api.v1.sync_tasks | [194a4c5b903546379c950f697d0eafb6] 查询同步任务列表: skip=0, limit=20, user=admin, project_id=1
2026-02-04 10:54:42 | INFO | [285ae1519eeb4117925bc336d7959ed3] | app.api.v1.sync_tasks | [285ae1519eeb4117925bc336d7959ed3] 查询同步任务列表: skip=0, limit=20, user=admin, project_id=1
2026-02-04 10:54:49 | INFO | [37b183698ffe4aa9af6523046f6438b1] | app.api.v1.projects | [37b183698ffe4aa9af6523046f6438b1] 用户 admin 获取项目列表: page=1, page_size=100
2026-02-04 10:54:49 | INFO | [37b183698ffe4aa9af6523046f6438b1] | app.api.v1.projects | [37b183698ffe4aa9af6523046f6438b1] 获取项目列表成功: total=2
2026-02-04 10:54:49 | INFO | [c9799ff988ba4e398b5688f808fe57a8] | app.api.v1.versions | [c9799ff988ba4e398b5688f808fe57a8] 用户 admin 获取版本列表: project_id=1, page=1, page_size=100
2026-02-04 10:54:49 | INFO | [c9799ff988ba4e398b5688f808fe57a8] | app.api.v1.versions | [c9799ff988ba4e398b5688f808fe57a8] 用户 admin 查看版本列表 项目 InvenTree (id=1) 的版本
2026-02-04 10:54:49 | INFO | [c9799ff988ba4e398b5688f808fe57a8] | app.api.v1.versions | [c9799ff988ba4e398b5688f808fe57a8] 获取版本列表成功: total=2
2026-02-04 10:54:49 | INFO | [de59295877b74d17b47d971230029474] | app.api.v1.versions | [de59295877b74d17b47d971230029474] 用户 admin 获取版本列表: project_id=1, page=1, page_size=100
2026-02-04 10:54:49 | INFO | [de59295877b74d17b47d971230029474] | app.api.v1.versions | [de59295877b74d17b47d971230029474] 用户 admin 查看版本列表 项目 InvenTree (id=1) 的版本
2026-02-04 10:54:49 | INFO | [de59295877b74d17b47d971230029474] | app.api.v1.versions | [de59295877b74d17b47d971230029474] 获取版本列表成功: total=2
2026-02-04 10:54:49 | INFO | [5f73c9cf21fa409b91b341705ec06567] | app.api.v1.projects | [5f73c9cf21fa409b91b341705ec06567] 用户 admin 获取项目列表: page=1, page_size=100
2026-02-04 10:54:49 | INFO | [5f73c9cf21fa409b91b341705ec06567] | app.api.v1.projects | [5f73c9cf21fa409b91b341705ec06567] 获取项目列表成功: total=2
2026-02-04 10:54:49 | INFO | [add56c87f4f244bab34d8e3c90c6e7ab] | app.api.v1.projects | [add56c87f4f244bab34d8e3c90c6e7ab] 用户 admin 获取项目列表: page=1, page_size=100
2026-02-04 10:54:49 | INFO | [add56c87f4f244bab34d8e3c90c6e7ab] | app.api.v1.projects | [add56c87f4f244bab34d8e3c90c6e7ab] 获取项目列表成功: total=2
2026-02-04 10:54:49 | INFO | [e0fa30b6c56540ae834dd54334cd391c] | app.api.v1.projects | [e0fa30b6c56540ae834dd54334cd391c] 用户 admin 获取项目列表: page=1, page_size=100
2026-02-04 10:54:49 | INFO | [e0fa30b6c56540ae834dd54334cd391c] | app.api.v1.projects | [e0fa30b6c56540ae834dd54334cd391c] 获取项目列表成功: total=2
2026-02-04 10:55:31 | INFO | [bbe432f517874361bb4eefb396f19cc2] | app.api.v1.projects | [bbe432f517874361bb4eefb396f19cc2] 用户 admin 获取项目列表: page=1, page_size=100
2026-02-04 10:55:31 | INFO | [bbe432f517874361bb4eefb396f19cc2] | app.api.v1.projects | [bbe432f517874361bb4eefb396f19cc2] 获取项目列表成功: total=2
2026-02-04 10:55:31 | INFO | [04d73b1cf66c4a3089c3d075fac7609d] | app.api.v1.versions | [04d73b1cf66c4a3089c3d075fac7609d] 用户 admin 获取版本列表: project_id=1, page=1, page_size=100
2026-02-04 10:55:31 | INFO | [04d73b1cf66c4a3089c3d075fac7609d] | app.api.v1.versions | [04d73b1cf66c4a3089c3d075fac7609d] 用户 admin 查看版本列表 项目 InvenTree (id=1) 的版本
2026-02-04 10:55:31 | INFO | [04d73b1cf66c4a3089c3d075fac7609d] | app.api.v1.versions | [04d73b1cf66c4a3089c3d075fac7609d] 获取版本列表成功: total=2
2026-02-04 10:55:31 | INFO | [fa3364a7d8424e1e9c7edf6d66425667] | app.api.v1.projects | [fa3364a7d8424e1e9c7edf6d66425667] 用户 admin 获取项目列表: page=1, page_size=100
2026-02-04 10:55:31 | INFO | [fa3364a7d8424e1e9c7edf6d66425667] | app.api.v1.projects | [fa3364a7d8424e1e9c7edf6d66425667] 获取项目列表成功: total=2
2026-02-04 10:55:31 | INFO | [6a18a286a958423bb3f13c93e432ef0a] | app.api.v1.versions | [6a18a286a958423bb3f13c93e432ef0a] 用户 admin 获取版本列表: project_id=1, page=1, page_size=100
2026-02-04 10:55:31 | INFO | [6a18a286a958423bb3f13c93e432ef0a] | app.api.v1.versions | [6a18a286a958423bb3f13c93e432ef0a] 用户 admin 查看版本列表 项目 InvenTree (id=1) 的版本
2026-02-04 10:55:31 | INFO | [6a18a286a958423bb3f13c93e432ef0a] | app.api.v1.versions | [6a18a286a958423bb3f13c93e432ef0a] 获取版本列表成功: total=2
2026-02-04 10:55:31 | INFO | [a7bb74baf6bd4b8796c11d34f5759193] | app.api.v1.projects | [a7bb74baf6bd4b8796c11d34f5759193] 用户 admin 获取项目列表: page=1, page_size=100
2026-02-04 10:55:31 | INFO | [a7bb74baf6bd4b8796c11d34f5759193] | app.api.v1.projects | [a7bb74baf6bd4b8796c11d34f5759193] 获取项目列表成功: total=2
2026-02-04 10:55:31 | INFO | [857b9581778f455197cc862ba93dd93a] | app.api.v1.projects | [857b9581778f455197cc862ba93dd93a] 用户 admin 获取项目列表: page=1, page_size=100
2026-02-04 10:55:31 | INFO | [857b9581778f455197cc862ba93dd93a] | app.api.v1.projects | [857b9581778f455197cc862ba93dd93a] 获取项目列表成功: total=2
2026-02-04 10:55:34 | INFO | [09fa9d186a764d9a9f1727a2acff96fa] | app.api.v1.sync_tasks | [09fa9d186a764d9a9f1727a2acff96fa] 查询同步任务列表: skip=0, limit=20, user=admin, project_id=1
2026-02-04 10:55:34 | INFO | [17e06aa5adc94c5e84aa0d4378b95a6c] | app.api.v1.sync_tasks | [17e06aa5adc94c5e84aa0d4378b95a6c] 查询同步任务列表: skip=0, limit=20, user=admin, project_id=1
2026-02-04 10:56:15 | INFO | [f977918850444f48a4b233b1314613d4] | root | 日志系统初始化完成
2026-02-04 10:56:15 | INFO | [f977918850444f48a4b233b1314613d4] | app.main | 启动异步任务工作线程...
2026-02-04 10:56:15 | INFO | [f977918850444f48a4b233b1314613d4] | app.main | 异步任务工作线程已启动
2026-02-04 10:56:15 | INFO | [f977918850444f48a4b233b1314613d4] | app.core.async_task.manager | [f977918850444f48a4b233b1314613d4] 启动异步任务工作线程
2026-02-04 10:56:26 | INFO | [28e8b3bf2b4141ffb53be51da60e4d85] | root | 日志系统初始化完成
2026-02-04 10:56:27 | INFO | [28e8b3bf2b4141ffb53be51da60e4d85] | app.main | 启动异步任务工作线程...
2026-02-04 10:56:27 | INFO | [28e8b3bf2b4141ffb53be51da60e4d85] | app.main | 异步任务工作线程已启动
2026-02-04 10:56:27 | INFO | [28e8b3bf2b4141ffb53be51da60e4d85] | app.core.async_task.manager | [28e8b3bf2b4141ffb53be51da60e4d85] 启动异步任务工作线程
2026-02-04 10:56:37 | INFO | [0400a28d5a1045a2995c92bfbcdceb0b] | root | 日志系统初始化完成
2026-02-04 10:56:37 | INFO | [0400a28d5a1045a2995c92bfbcdceb0b] | app.main | 启动异步任务工作线程...
2026-02-04 10:56:37 | INFO | [0400a28d5a1045a2995c92bfbcdceb0b] | app.main | 异步任务工作线程已启动
2026-02-04 10:56:37 | INFO | [0400a28d5a1045a2995c92bfbcdceb0b] | app.core.async_task.manager | [0400a28d5a1045a2995c92bfbcdceb0b] 启动异步任务工作线程
2026-02-04 10:57:06 | INFO | [1ad7e0f54ba7468aa8416bda265f3c3a] | app.api.v1.sync_tasks | [1ad7e0f54ba7468aa8416bda265f3c3a] 查询同步任务列表: skip=0, limit=20, user=admin, project_id=1
2026-02-04 10:57:07 | INFO | [d6148317b67b44f6a4014d27914786bb] | app.api.v1.sync_tasks | [d6148317b67b44f6a4014d27914786bb] 查询同步任务列表: skip=0, limit=20, user=admin, project_id=1
2026-02-04 10:57:09 | INFO | [35bf691fbe3040c1bb2a181bdac3eb1e] | app.api.v1.sync_tasks | [35bf691fbe3040c1bb2a181bdac3eb1e] 查询同步任务列表: skip=0, limit=20, user=admin, project_id=1
2026-02-04 10:57:19 | INFO | [2be78d54e00243738120613f50e11fd5] | app.api.v1.sync_tasks | [2be78d54e00243738120613f50e11fd5] 创建同步任务: name=V1.2, source_type=swagger, user=admin
2026-02-04 10:57:19 | INFO | [2be78d54e00243738120613f50e11fd5] | app.api.v1.sync_tasks | [2be78d54e00243738120613f50e11fd5] 同步任务创建并启动成功: id=9, celery_task_id=0f9fb567-56a4-4c8d-a2fb-2ec4529b546f
2026-02-04 10:57:19 | INFO | [979889ae982c4fd9bb092cda15cbb04b] | app.api.v1.sync_tasks | [979889ae982c4fd9bb092cda15cbb04b] 查询同步任务列表: skip=0, limit=20, user=admin, project_id=1
2026-02-04 10:58:14 | INFO | [e7c55e3f74ac4728b7b9b5f1d3f37670] | app.api.v1.sync_tasks | [e7c55e3f74ac4728b7b9b5f1d3f37670] 查询同步任务列表: skip=0, limit=20, user=admin, project_id=1
2026-02-04 10:58:25 | INFO | [231340b68ede4d648a13813a5f936404] | app.api.v1.sync_tasks | [231340b68ede4d648a13813a5f936404] 创建同步任务: name=V1.3, source_type=swagger, user=admin
2026-02-04 10:58:25 | INFO | [231340b68ede4d648a13813a5f936404] | app.api.v1.sync_tasks | [231340b68ede4d648a13813a5f936404] 同步任务创建并启动成功: id=10, celery_task_id=b20ce692-3c00-47fd-8d1f-fbb3f80f52cd
2026-02-04 10:58:25 | INFO | [42129ed3fbe2480691a4106c29abc8e1] | app.api.v1.sync_tasks | [42129ed3fbe2480691a4106c29abc8e1] 查询同步任务列表: skip=0, limit=20, user=admin, project_id=1
2026-02-04 10:58:27 | INFO | [8098646184cb4566a1306264d19aa983] | app.api.v1.sync_tasks | [8098646184cb4566a1306264d19aa983] 查询同步任务列表: skip=0, limit=20, user=admin, project_id=1
2026-02-04 11:00:05 | INFO | [cb604006c659480897229c87f1197125] | app.api.v1.sync_tasks | [cb604006c659480897229c87f1197125] 查询同步任务列表: skip=0, limit=20, user=admin, project_id=1
2026-02-04 11:00:08 | INFO | [cb34cad68125478a8c48c70cb0fc04ed] | app.api.v1.sync_tasks | [cb34cad68125478a8c48c70cb0fc04ed] 查询同步任务列表: skip=0, limit=20, user=admin, project_id=1
2026-02-04 11:00:13 | INFO | [51bfee13f3fc4063b184440c02ab728d] | root | 日志系统初始化完成
2026-02-04 11:00:13 | INFO | [51bfee13f3fc4063b184440c02ab728d] | app.main | 启动异步任务工作线程...
2026-02-04 11:00:13 | INFO | [51bfee13f3fc4063b184440c02ab728d] | app.main | 异步任务工作线程已启动
2026-02-04 11:00:13 | INFO | [51bfee13f3fc4063b184440c02ab728d] | app.core.async_task.manager | [51bfee13f3fc4063b184440c02ab728d] 启动异步任务工作线程
2026-02-04 11:00:22 | INFO | [2c35f2c6da024de287c76538d1287a13] | root | 日志系统初始化完成
2026-02-04 11:00:22 | INFO | [2c35f2c6da024de287c76538d1287a13] | app.main | 启动异步任务工作线程...
2026-02-04 11:00:22 | INFO | [2c35f2c6da024de287c76538d1287a13] | app.main | 异步任务工作线程已启动
2026-02-04 11:00:22 | INFO | [2c35f2c6da024de287c76538d1287a13] | app.core.async_task.manager | [2c35f2c6da024de287c76538d1287a13] 启动异步任务工作线程
2026-02-04 11:00:37 | INFO | [49e915627ace4714978337ee7a778d00] | app.api.v1.sync_tasks | [49e915627ace4714978337ee7a778d00] 查询同步任务列表: skip=0, limit=20, user=admin, project_id=1
2026-02-04 11:00:40 | INFO | [0d2e7be715034ffaae1272ff4ea8c726] | app.api.v1.sync_tasks | [0d2e7be715034ffaae1272ff4ea8c726] 查询同步任务列表: skip=0, limit=20, user=admin, project_id=1
2026-02-04 11:00:43 | INFO | [ff077f0db52a4f38b23eb69b1b4576f8] | app.api.v1.sync_tasks | [ff077f0db52a4f38b23eb69b1b4576f8] 查询同步任务列表: skip=0, limit=20, user=admin, project_id=1
2026-02-04 11:00:46 | INFO | [c2b1d02b256c4c2fb592d7d7f4b1c188] | app.api.v1.sync_tasks | [c2b1d02b256c4c2fb592d7d7f4b1c188] 查询同步任务列表: skip=0, limit=20, user=admin, project_id=1
2026-02-04 11:01:08 | INFO | [e09b67f85c1941dd82837f20619e6d8b] | root | 日志系统初始化完成
2026-02-04 11:01:08 | INFO | [e09b67f85c1941dd82837f20619e6d8b] | app.main | 启动异步任务工作线程...
2026-02-04 11:01:08 | INFO | [e09b67f85c1941dd82837f20619e6d8b] | app.main | 异步任务工作线程已启动
2026-02-04 11:01:08 | INFO | [e09b67f85c1941dd82837f20619e6d8b] | app.core.async_task.manager | [e09b67f85c1941dd82837f20619e6d8b] 启动异步任务工作线程
2026-02-04 11:01:20 | INFO | [f99c091fceb04353ac2e18ecc3382a8b] | root | 日志系统初始化完成
2026-02-04 11:01:20 | INFO | [f99c091fceb04353ac2e18ecc3382a8b] | app.main | 启动异步任务工作线程...
2026-02-04 11:01:20 | INFO | [f99c091fceb04353ac2e18ecc3382a8b] | app.main | 异步任务工作线程已启动
2026-02-04 11:01:20 | INFO | [f99c091fceb04353ac2e18ecc3382a8b] | app.core.async_task.manager | [f99c091fceb04353ac2e18ecc3382a8b] 启动异步任务工作线程
2026-02-04 11:02:14 | INFO | [68dd558ebab04e71bdf6d19992ca049b] | app.api.v1.sync_tasks | [68dd558ebab04e71bdf6d19992ca049b] 创建同步任务: name=V1.4, source_type=swagger, user=admin
2026-02-04 11:02:14 | INFO | [68dd558ebab04e71bdf6d19992ca049b] | app.api.v1.sync_tasks | [68dd558ebab04e71bdf6d19992ca049b] 同步任务创建并启动成功: id=11, celery_task_id=6f238bf9-adf9-43f1-938f-fc083ebeb2c7
2026-02-04 11:02:14 | INFO | [04a7e960975f4b49aff858d5214410fc] | app.api.v1.sync_tasks | [04a7e960975f4b49aff858d5214410fc] 查询同步任务列表: skip=0, limit=20, user=admin, project_id=1
2026-02-04 11:02:17 | INFO | [d99dde6f65f143ca8fdaa3ae98ffad9f] | app.api.v1.sync_tasks | [d99dde6f65f143ca8fdaa3ae98ffad9f] 查询同步任务列表: skip=0, limit=20, user=admin, project_id=1
2026-02-04 11:02:32 | INFO | [e92fd1a7676147c9b6f4254a689077c1] | app.api.v1.sync_tasks | [e92fd1a7676147c9b6f4254a689077c1] 查询同步任务列表: skip=0, limit=20, user=admin, project_id=1
2026-02-04 11:39:11 | INFO | [28ac93cd418c48dbb0f9f7ce8af97864] | app.api.v1.projects | [28ac93cd418c48dbb0f9f7ce8af97864] 用户 admin 获取项目列表: page=1, page_size=100
2026-02-04 11:39:11 | INFO | [28ac93cd418c48dbb0f9f7ce8af97864] | app.api.v1.projects | [28ac93cd418c48dbb0f9f7ce8af97864] 获取项目列表成功: total=2
2026-02-04 11:39:11 | INFO | [c336d8c65257428f93ecf5bb12013bc9] | app.api.v1.versions | [c336d8c65257428f93ecf5bb12013bc9] 用户 admin 获取版本列表: project_id=1, page=1, page_size=100
2026-02-04 11:39:11 | INFO | [c336d8c65257428f93ecf5bb12013bc9] | app.api.v1.versions | [c336d8c65257428f93ecf5bb12013bc9] 用户 admin 查看版本列表 项目 InvenTree (id=1) 的版本
2026-02-04 11:39:11 | INFO | [c336d8c65257428f93ecf5bb12013bc9] | app.api.v1.versions | [c336d8c65257428f93ecf5bb12013bc9] 获取版本列表成功: total=2
2026-02-04 11:39:11 | INFO | [e1efe05e627d45d483b980fd9928dc1a] | app.api.v1.sync_tasks | [e1efe05e627d45d483b980fd9928dc1a] 查询同步任务列表: skip=0, limit=20, user=admin, project_id=1
2026-02-04 11:39:11 | INFO | [30f8cc59d03244f48310419e39fdadbe] | app.api.v1.projects | [30f8cc59d03244f48310419e39fdadbe] 用户 admin 获取项目列表: page=1, page_size=100
2026-02-04 11:39:11 | INFO | [30f8cc59d03244f48310419e39fdadbe] | app.api.v1.projects | [30f8cc59d03244f48310419e39fdadbe] 获取项目列表成功: total=2
2026-02-04 11:39:11 | INFO | [4fa7a586c0df47198bf81c961fa78afa] | app.api.v1.versions | [4fa7a586c0df47198bf81c961fa78afa] 用户 admin 获取版本列表: project_id=1, page=1, page_size=100
2026-02-04 11:39:11 | INFO | [4fa7a586c0df47198bf81c961fa78afa] | app.api.v1.versions | [4fa7a586c0df47198bf81c961fa78afa] 用户 admin 查看版本列表 项目 InvenTree (id=1) 的版本
2026-02-04 11:39:11 | INFO | [4fa7a586c0df47198bf81c961fa78afa] | app.api.v1.versions | [4fa7a586c0df47198bf81c961fa78afa] 获取版本列表成功: total=2
2026-02-04 11:39:11 | INFO | [9f69518326e4473abdfa62a6d0484861] | app.api.v1.sync_tasks | [9f69518326e4473abdfa62a6d0484861] 查询同步任务列表: skip=0, limit=20, user=admin, project_id=1
2026-02-04 11:39:11 | INFO | [cc57f444e45748fca225f637e82ce3e6] | app.api.v1.projects | [cc57f444e45748fca225f637e82ce3e6] 用户 admin 获取项目列表: page=1, page_size=100
2026-02-04 11:39:11 | INFO | [cc57f444e45748fca225f637e82ce3e6] | app.api.v1.projects | [cc57f444e45748fca225f637e82ce3e6] 获取项目列表成功: total=2
2026-02-04 11:39:11 | INFO | [36805df95c0d41dc8646fb3f778968bb] | app.api.v1.projects | [36805df95c0d41dc8646fb3f778968bb] 用户 admin 获取项目列表: page=1, page_size=100
2026-02-04 11:39:11 | INFO | [36805df95c0d41dc8646fb3f778968bb] | app.api.v1.projects | [36805df95c0d41dc8646fb3f778968bb] 获取项目列表成功: total=2
2026-02-04 11:39:12 | INFO | [3e3809ab9baa4fd3b2a31dadcabade1a] | app.api.v1.sync_tasks | [3e3809ab9baa4fd3b2a31dadcabade1a] 查询同步任务列表: skip=0, limit=20, user=admin, project_id=1
2026-02-04 11:39:21 | INFO | [ce30b08337464a71acd443c77d5c292e] | app.api.v1.sync_tasks | [ce30b08337464a71acd443c77d5c292e] 查询同步任务列表: skip=0, limit=20, user=admin, project_id=1
2026-02-04 11:39:23 | INFO | [4017b1d0903a43a4b2632abf92217ccd] | app.api.v1.sync_tasks | [4017b1d0903a43a4b2632abf92217ccd] 查询同步任务列表: skip=0, limit=20, user=admin, project_id=1
2026-02-04 11:39:25 | INFO | [61d9b79284624a5b8b735bca6ef397ae] | app.api.v1.sync_tasks | [61d9b79284624a5b8b735bca6ef397ae] 查询同步任务列表: skip=0, limit=20, user=admin, project_id=1
2026-02-04 11:39:27 | INFO | [7f88f735738c445294dce8fcf0997f21] | app.api.v1.sync_tasks | [7f88f735738c445294dce8fcf0997f21] 查询同步任务列表: skip=0, limit=20, user=admin, project_id=1
2026-02-04 11:39:29 | INFO | [181fedb847a442c0bb537365ed5835ba] | app.api.v1.sync_tasks | [181fedb847a442c0bb537365ed5835ba] 查询同步任务列表: skip=0, limit=20, user=admin, project_id=1
2026-02-04 11:39:30 | INFO | [c72631a647914e90bd0b287434624a84] | app.api.v1.sync_tasks | [c72631a647914e90bd0b287434624a84] 查询同步任务列表: skip=0, limit=20, user=admin, project_id=1
2026-02-04 11:39:31 | INFO | [471be9f15b0b46c4bf9ef07e02e30906] | app.api.v1.sync_tasks | [471be9f15b0b46c4bf9ef07e02e30906] 查询同步任务列表: skip=0, limit=20, user=admin, project_id=1
2026-02-04 11:41:34 | INFO | [49b21d409c394295b8ef2dc05086d4c6] | app.api.v1.sync_tasks | [49b21d409c394295b8ef2dc05086d4c6] 查询同步任务列表: skip=0, limit=20, user=admin, project_id=1
2026-02-04 11:41:47 | INFO | [0849d500c6f843abbea3ce0d5dbf2716] | app.api.v1.projects | [0849d500c6f843abbea3ce0d5dbf2716] 用户 admin 获取项目列表: page=1, page_size=100
2026-02-04 11:41:47 | INFO | [0849d500c6f843abbea3ce0d5dbf2716] | app.api.v1.projects | [0849d500c6f843abbea3ce0d5dbf2716] 获取项目列表成功: total=2
2026-02-04 11:41:47 | INFO | [0ecfbce64b474a9bb5c2a7d954f406a2] | app.api.v1.projects | [0ecfbce64b474a9bb5c2a7d954f406a2] 用户 admin 获取项目列表: page=1, page_size=100
2026-02-04 11:41:47 | INFO | [0ecfbce64b474a9bb5c2a7d954f406a2] | app.api.v1.projects | [0ecfbce64b474a9bb5c2a7d954f406a2] 获取项目列表成功: total=2
2026-02-04 11:41:47 | INFO | [7c4f0cac4081430aa19563b120af9dc2] | app.api.v1.versions | [7c4f0cac4081430aa19563b120af9dc2] 用户 admin 获取版本列表: project_id=1, page=1, page_size=100
2026-02-04 11:41:47 | INFO | [7c4f0cac4081430aa19563b120af9dc2] | app.api.v1.versions | [7c4f0cac4081430aa19563b120af9dc2] 用户 admin 查看版本列表 项目 InvenTree (id=1) 的版本
2026-02-04 11:41:47 | INFO | [7c4f0cac4081430aa19563b120af9dc2] | app.api.v1.versions | [7c4f0cac4081430aa19563b120af9dc2] 获取版本列表成功: total=2
2026-02-04 11:41:47 | INFO | [4a9309cb3a734260b7cd176566dd9875] | app.api.v1.projects | [4a9309cb3a734260b7cd176566dd9875] 用户 admin 获取项目列表: page=1, page_size=100
2026-02-04 11:41:47 | INFO | [4a9309cb3a734260b7cd176566dd9875] | app.api.v1.projects | [4a9309cb3a734260b7cd176566dd9875] 获取项目列表成功: total=2
2026-02-04 11:41:47 | INFO | [637dd04714574f27893021f25dc58b70] | app.api.v1.versions | [637dd04714574f27893021f25dc58b70] 用户 admin 获取版本列表: project_id=1, page=1, page_size=100
2026-02-04 11:41:47 | INFO | [637dd04714574f27893021f25dc58b70] | app.api.v1.versions | [637dd04714574f27893021f25dc58b70] 用户 admin 查看版本列表 项目 InvenTree (id=1) 的版本
2026-02-04 11:41:47 | INFO | [637dd04714574f27893021f25dc58b70] | app.api.v1.versions | [637dd04714574f27893021f25dc58b70] 获取版本列表成功: total=2
2026-02-04 11:41:47 | INFO | [ea3f87f2ad104ff9a59201a7fb7cc6c3] | app.api.v1.projects | [ea3f87f2ad104ff9a59201a7fb7cc6c3] 用户 admin 获取项目列表: page=1, page_size=100
2026-02-04 11:41:47 | INFO | [ea3f87f2ad104ff9a59201a7fb7cc6c3] | app.api.v1.projects | [ea3f87f2ad104ff9a59201a7fb7cc6c3] 获取项目列表成功: total=2
2026-02-04 11:41:49 | INFO | [8a5e6d6188084b92b0101bb5748d8d5c] | app.api.v1.sync_tasks | [8a5e6d6188084b92b0101bb5748d8d5c] 查询同步任务列表: skip=0, limit=20, user=admin, project_id=1
2026-02-04 11:41:49 | INFO | [baf7c5eb8c6e47b09a8e89f4f973e79c] | app.api.v1.sync_tasks | [baf7c5eb8c6e47b09a8e89f4f973e79c] 查询同步任务列表: skip=0, limit=20, user=admin, project_id=1
2026-02-04 11:41:51 | INFO | [bc26e825a9db4dcc81c1c2d4f2f23ac3] | app.api.v1.sync_tasks | [bc26e825a9db4dcc81c1c2d4f2f23ac3] 查询同步任务列表: skip=0, limit=20, user=admin, project_id=1
2026-02-04 11:41:51 | INFO | [8e1f7e5efa1e4c849d8bf02c38d9206e] | app.api.v1.sync_tasks | [8e1f7e5efa1e4c849d8bf02c38d9206e] 查询同步任务列表: skip=0, limit=20, user=admin, project_id=1
2026-02-04 11:42:08 | INFO | [f28d11bd9a0d44ef88176b2b2c463221] | app.api.v1.sync_tasks | [f28d11bd9a0d44ef88176b2b2c463221] 查询同步任务列表: skip=0, limit=20, user=admin, project_id=1
2026-02-04 11:42:08 | INFO | [934e68e85934448d8dfe10a57831d488] | app.api.v1.sync_tasks | [934e68e85934448d8dfe10a57831d488] 查询同步任务列表: skip=0, limit=20, user=admin, project_id=1
2026-02-04 11:42:11 | INFO | [fb11184a9e484dbd84dbdef45146ccb9] | app.api.v1.sync_tasks | [fb11184a9e484dbd84dbdef45146ccb9] 查询同步任务列表: skip=0, limit=20, user=admin, project_id=1
2026-02-04 11:42:11 | INFO | [782d28c75a98418db73a159b05efc222] | app.api.v1.sync_tasks | [782d28c75a98418db73a159b05efc222] 查询同步任务列表: skip=0, limit=20, user=admin, project_id=1
2026-02-04 11:49:54 | INFO | [9ab051d39f774564b8cad58ccd3d3cf8] | app.api.v1.sync_tasks | [9ab051d39f774564b8cad58ccd3d3cf8] 查询同步任务列表: skip=0, limit=20, user=admin, project_id=1
2026-02-04 11:58:05 | INFO | [d4576a85635349ada82ebf644c158ce1] | app.api.v1.api_definitions | [d4576a85635349ada82ebf644c158ce1] 查询 API 定义列表: skip=0, limit=20, user=admin, project_id=1, version_id=1
2026-02-04 11:58:05 | INFO | [1a441ea767ce4b8a84d20f819698e5bb] | app.api.v1.api_definitions | [1a441ea767ce4b8a84d20f819698e5bb] 查询 API 定义列表: skip=0, limit=20, user=admin, project_id=1, version_id=1
2026-02-04 11:58:05 | INFO | [2e9154320442446fa8bcec93e72c0a57] | app.api.v1.projects | [2e9154320442446fa8bcec93e72c0a57] 用户 admin 获取项目列表: page=1, page_size=100
2026-02-04 11:58:05 | INFO | [2e9154320442446fa8bcec93e72c0a57] | app.api.v1.projects | [2e9154320442446fa8bcec93e72c0a57] 获取项目列表成功: total=2
2026-02-04 11:58:05 | INFO | [4ac7edb4850f4a3d8cbc5c5c9f1816fe] | app.api.v1.versions | [4ac7edb4850f4a3d8cbc5c5c9f1816fe] 用户 admin 获取版本列表: project_id=1, page=1, page_size=100
2026-02-04 11:58:05 | INFO | [4ac7edb4850f4a3d8cbc5c5c9f1816fe] | app.api.v1.versions | [4ac7edb4850f4a3d8cbc5c5c9f1816fe] 用户 admin 查看版本列表 项目 InvenTree (id=1) 的版本
2026-02-04 11:58:05 | INFO | [4ac7edb4850f4a3d8cbc5c5c9f1816fe] | app.api.v1.versions | [4ac7edb4850f4a3d8cbc5c5c9f1816fe] 获取版本列表成功: total=2
2026-02-04 11:58:05 | INFO | [101a6166076049d8a6aaae4994bde902] | app.api.v1.projects | [101a6166076049d8a6aaae4994bde902] 用户 admin 获取项目列表: page=1, page_size=100
2026-02-04 11:58:05 | INFO | [101a6166076049d8a6aaae4994bde902] | app.api.v1.projects | [101a6166076049d8a6aaae4994bde902] 获取项目列表成功: total=2
2026-02-04 11:58:05 | INFO | [762ff282de1041c6b5c18c2535d8a392] | app.api.v1.projects | [762ff282de1041c6b5c18c2535d8a392] 用户 admin 获取项目列表: page=1, page_size=100
2026-02-04 11:58:05 | INFO | [762ff282de1041c6b5c18c2535d8a392] | app.api.v1.projects | [762ff282de1041c6b5c18c2535d8a392] 获取项目列表成功: total=2
2026-02-04 11:58:05 | INFO | [a17e35d047ca4e90a071090a9379bcf6] | app.api.v1.versions | [a17e35d047ca4e90a071090a9379bcf6] 用户 admin 获取版本列表: project_id=1, page=1, page_size=100
2026-02-04 11:58:05 | INFO | [a17e35d047ca4e90a071090a9379bcf6] | app.api.v1.versions | [a17e35d047ca4e90a071090a9379bcf6] 用户 admin 查看版本列表 项目 InvenTree (id=1) 的版本
2026-02-04 11:58:05 | INFO | [a17e35d047ca4e90a071090a9379bcf6] | app.api.v1.versions | [a17e35d047ca4e90a071090a9379bcf6] 获取版本列表成功: total=2
2026-02-04 11:58:05 | INFO | [25b37a15e1874121b54f73ae63f09539] | app.api.v1.projects | [25b37a15e1874121b54f73ae63f09539] 用户 admin 获取项目列表: page=1, page_size=100
2026-02-04 11:58:05 | INFO | [25b37a15e1874121b54f73ae63f09539] | app.api.v1.projects | [25b37a15e1874121b54f73ae63f09539] 获取项目列表成功: total=2
2026-02-04 11:58:05 | INFO | [b5f303df709c483a883ae8e6d794d4e0] | app.api.v1.api_definitions | [b5f303df709c483a883ae8e6d794d4e0] 查询 API 定义列表: skip=0, limit=20, user=admin, project_id=1, version_id=1
2026-02-04 11:58:07 | INFO | [2bf3701bda8a404f8fc604c9bca3b92c] | app.api.v1.api_definitions | [2bf3701bda8a404f8fc604c9bca3b92c] 查询 API 定义列表: skip=0, limit=20, user=admin, project_id=1, version_id=1
2026-02-04 11:58:10 | INFO | [2215d9a627904ea8bcdc0c79797239ad] | app.api.v1.sync_tasks | [2215d9a627904ea8bcdc0c79797239ad] 查询同步任务列表: skip=0, limit=20, user=admin, project_id=1
2026-02-04 11:58:10 | INFO | [440fc59a1d3d4e2a9fe176981b96dc2c] | app.api.v1.sync_tasks | [440fc59a1d3d4e2a9fe176981b96dc2c] 查询同步任务列表: skip=0, limit=20, user=admin, project_id=1
2026-02-04 11:58:17 | INFO | [d650c8ac008545008b6271414621c63d] | app.api.v1.api_cases | [d650c8ac008545008b6271414621c63d] 查询 API 用例列表: skip=0, limit=20, user=admin, project_id=1
2026-02-04 11:58:17 | INFO | [10b696bd74ef4d36997f8cfb804be566] | app.api.v1.api_definitions | [10b696bd74ef4d36997f8cfb804be566] 查询 API 定义列表: skip=0, limit=200, user=admin, project_id=1, version_id=1
2026-02-04 11:58:17 | INFO | [7580a78cd1a743a584b7547130547897] | app.api.v1.api_definitions | [7580a78cd1a743a584b7547130547897] 查询 API 定义列表: skip=0, limit=200, user=admin, project_id=1, version_id=1
2026-02-04 11:58:17 | INFO | [efb55498a1a348e09e0bf5ef70cec792] | app.api.v1.environments | [efb55498a1a348e09e0bf5ef70cec792] 用户 admin 获取环境列表: project_id=1
2026-02-04 11:58:17 | INFO | [efb55498a1a348e09e0bf5ef70cec792] | app.api.v1.environments | [efb55498a1a348e09e0bf5ef70cec792] 用户 admin 查看环境 项目 InvenTree (id=1) 的环境
2026-02-04 11:58:17 | INFO | [efb55498a1a348e09e0bf5ef70cec792] | app.api.v1.environments | [efb55498a1a348e09e0bf5ef70cec792] 获取环境列表成功: total=1
2026-02-04 11:58:17 | INFO | [7815e386c0554a26814ed6394099897c] | app.api.v1.environments | [7815e386c0554a26814ed6394099897c] 用户 admin 获取环境列表: project_id=1
2026-02-04 11:58:17 | INFO | [7815e386c0554a26814ed6394099897c] | app.api.v1.environments | [7815e386c0554a26814ed6394099897c] 用户 admin 查看环境 项目 InvenTree (id=1) 的环境
2026-02-04 11:58:17 | INFO | [7815e386c0554a26814ed6394099897c] | app.api.v1.environments | [7815e386c0554a26814ed6394099897c] 获取环境列表成功: total=1
2026-02-04 11:58:17 | INFO | [efd237d091604225a4c2f849c13129ec] | app.api.v1.api_cases | [efd237d091604225a4c2f849c13129ec] 查询 API 用例列表: skip=0, limit=20, user=admin, project_id=1
2026-02-04 11:58:19 | INFO | [b0cff7d0a21a41eda850271e000b198b] | app.api.v1.api_definitions | [b0cff7d0a21a41eda850271e000b198b] 查询 API 定义列表: skip=0, limit=20, user=admin, project_id=1, version_id=1
2026-02-04 11:58:19 | INFO | [5b759f335d9a484f86dc2a33bb0e41f5] | app.api.v1.api_definitions | [5b759f335d9a484f86dc2a33bb0e41f5] 查询 API 定义列表: skip=0, limit=20, user=admin, project_id=1, version_id=1
2026-02-04 11:58:19 | INFO | [77970e722e7d4413acedd3313af327b3] | app.api.v1.api_definitions | [77970e722e7d4413acedd3313af327b3] 查询 API 定义列表: skip=0, limit=20, user=admin, project_id=1, version_id=1
2026-02-04 11:58:51 | INFO | [a306081bdb5648d2998362db39627354] | app.api.v1.sync_tasks | [a306081bdb5648d2998362db39627354] 查询同步任务列表: skip=0, limit=20, user=admin, project_id=1
2026-02-04 11:58:51 | INFO | [d9357e8c419e4397bf2266d3eb9c0977] | app.api.v1.sync_tasks | [d9357e8c419e4397bf2266d3eb9c0977] 查询同步任务列表: skip=0, limit=20, user=admin, project_id=1
2026-02-04 11:59:42 | INFO | [0103ece387274d0488f3b749d5d8a931] | app.api.v1.sync_tasks | [0103ece387274d0488f3b749d5d8a931] 查询同步任务列表: skip=0, limit=20, user=admin, project_id=1
2026-02-04 11:59:44 | INFO | [53c66fa7663b47928a055bc9b48ff3ba] | app.api.v1.sync_tasks | [53c66fa7663b47928a055bc9b48ff3ba] 删除同步任务: id=10, user=admin
2026-02-04 11:59:44 | INFO | [53c66fa7663b47928a055bc9b48ff3ba] | app.api.v1.sync_tasks | [53c66fa7663b47928a055bc9b48ff3ba] 同步任务删除成功: id=10
2026-02-04 11:59:44 | INFO | [f4d75a45c89f49a79908205862c47231] | app.api.v1.sync_tasks | [f4d75a45c89f49a79908205862c47231] 查询同步任务列表: skip=0, limit=20, user=admin, project_id=1
2026-02-04 13:39:02 | INFO | [98691fbe68324059b04c4dc78fbc09ca] | app.api.v1.versions | [98691fbe68324059b04c4dc78fbc09ca] 用户 admin 获取版本列表: project_id=1, page=1, page_size=100
2026-02-04 13:39:02 | INFO | [98691fbe68324059b04c4dc78fbc09ca] | app.api.v1.versions | [98691fbe68324059b04c4dc78fbc09ca] 用户 admin 查看版本列表 项目 InvenTree (id=1) 的版本
2026-02-04 13:39:02 | INFO | [98691fbe68324059b04c4dc78fbc09ca] | app.api.v1.versions | [98691fbe68324059b04c4dc78fbc09ca] 获取版本列表成功: total=2
2026-02-04 13:39:02 | INFO | [2b45b3cbff9b47be93bf094fd487a01e] | app.api.v1.projects | [2b45b3cbff9b47be93bf094fd487a01e] 用户 admin 获取项目列表: page=1, page_size=100
2026-02-04 13:39:02 | INFO | [2b45b3cbff9b47be93bf094fd487a01e] | app.api.v1.projects | [2b45b3cbff9b47be93bf094fd487a01e] 获取项目列表成功: total=2
2026-02-04 13:39:02 | INFO | [9d5fdc993e7f4111ba57d71dc648f9d1] | app.api.v1.sync_tasks | [9d5fdc993e7f4111ba57d71dc648f9d1] 查询同步任务列表: skip=0, limit=20, user=admin, project_id=1
2026-02-04 13:39:02 | INFO | [772ae873098248c28bad09cee45ef6d5] | app.api.v1.sync_tasks | [772ae873098248c28bad09cee45ef6d5] 查询同步任务列表: skip=0, limit=20, user=admin, project_id=1
2026-02-04 13:39:02 | INFO | [5ffe772fc011449f996168b0dcb3fd16] | app.api.v1.projects | [5ffe772fc011449f996168b0dcb3fd16] 用户 admin 获取项目列表: page=1, page_size=100
2026-02-04 13:39:02 | INFO | [5ffe772fc011449f996168b0dcb3fd16] | app.api.v1.projects | [5ffe772fc011449f996168b0dcb3fd16] 获取项目列表成功: total=2
2026-02-04 13:39:02 | INFO | [1ffce1161be842a6a70adc910e3e8961] | app.api.v1.projects | [1ffce1161be842a6a70adc910e3e8961] 用户 admin 获取项目列表: page=1, page_size=100
2026-02-04 13:39:02 | INFO | [1ffce1161be842a6a70adc910e3e8961] | app.api.v1.projects | [1ffce1161be842a6a70adc910e3e8961] 获取项目列表成功: total=2
2026-02-04 13:39:02 | INFO | [daa535897aaf4ca6bd097565c6f5c348] | app.api.v1.versions | [daa535897aaf4ca6bd097565c6f5c348] 用户 admin 获取版本列表: project_id=1, page=1, page_size=100
2026-02-04 13:39:02 | INFO | [daa535897aaf4ca6bd097565c6f5c348] | app.api.v1.versions | [daa535897aaf4ca6bd097565c6f5c348] 用户 admin 查看版本列表 项目 InvenTree (id=1) 的版本
2026-02-04 13:39:02 | INFO | [daa535897aaf4ca6bd097565c6f5c348] | app.api.v1.versions | [daa535897aaf4ca6bd097565c6f5c348] 获取版本列表成功: total=2
2026-02-04 13:39:02 | INFO | [59509246f4964632ae8465aac0999993] | app.api.v1.projects | [59509246f4964632ae8465aac0999993] 用户 admin 获取项目列表: page=1, page_size=100
2026-02-04 13:39:02 | INFO | [59509246f4964632ae8465aac0999993] | app.api.v1.projects | [59509246f4964632ae8465aac0999993] 获取项目列表成功: total=2
2026-02-04 13:50:09 | INFO | [78f961c3a4b848d1a7e857b921442a63] | root | 日志系统初始化完成
2026-02-04 13:50:09 | INFO | [78f961c3a4b848d1a7e857b921442a63] | app.main | 启动异步任务工作线程...
2026-02-04 13:50:09 | INFO | [78f961c3a4b848d1a7e857b921442a63] | app.main | 异步任务工作线程已启动
2026-02-04 13:50:09 | INFO | [78f961c3a4b848d1a7e857b921442a63] | app.core.async_task.manager | [78f961c3a4b848d1a7e857b921442a63] 启动异步任务工作线程
2026-02-04 13:50:46 | INFO | [4359d0ad137a44dcb440ff22a6a2e214] | root | 日志系统初始化完成
2026-02-04 13:50:46 | INFO | [4359d0ad137a44dcb440ff22a6a2e214] | app.main | 启动异步任务工作线程...
2026-02-04 13:50:46 | INFO | [4359d0ad137a44dcb440ff22a6a2e214] | app.main | 异步任务工作线程已启动
2026-02-04 13:50:46 | INFO | [4359d0ad137a44dcb440ff22a6a2e214] | app.core.async_task.manager | [4359d0ad137a44dcb440ff22a6a2e214] 启动异步任务工作线程
2026-02-04 13:50:53 | INFO | [e2c0808ebf2142aeadfb7ec7613944ce] | root | 日志系统初始化完成
2026-02-04 13:50:53 | INFO | [e2c0808ebf2142aeadfb7ec7613944ce] | app.main | 启动异步任务工作线程...
2026-02-04 13:50:53 | INFO | [e2c0808ebf2142aeadfb7ec7613944ce] | app.main | 异步任务工作线程已启动
2026-02-04 13:50:53 | INFO | [e2c0808ebf2142aeadfb7ec7613944ce] | app.core.async_task.manager | [e2c0808ebf2142aeadfb7ec7613944ce] 启动异步任务工作线程
2026-02-04 14:09:10 | INFO | [96fa5e1ee9784a2fa1a97f5025628bc4] | app.api.v1.sync_tasks | [96fa5e1ee9784a2fa1a97f5025628bc4] 查询同步任务列表: skip=0, limit=20, user=admin, project_id=1
2026-02-04 14:09:15 | INFO | [f050fd1c9fce403a87831e1a771c1111] | app.api.v1.projects | [f050fd1c9fce403a87831e1a771c1111] 用户 admin 获取项目列表: page=1, page_size=100
2026-02-04 14:09:15 | INFO | [f050fd1c9fce403a87831e1a771c1111] | app.api.v1.projects | [f050fd1c9fce403a87831e1a771c1111] 获取项目列表成功: total=2
2026-02-04 14:09:15 | INFO | [b030e01ef8a641bf8c8263618f3ff2e7] | app.api.v1.projects | [b030e01ef8a641bf8c8263618f3ff2e7] 用户 admin 获取项目列表: page=1, page_size=100
2026-02-04 14:09:15 | INFO | [b030e01ef8a641bf8c8263618f3ff2e7] | app.api.v1.projects | [b030e01ef8a641bf8c8263618f3ff2e7] 获取项目列表成功: total=2
2026-02-04 14:09:16 | INFO | [a5a06c7f7225483f81c919fd55f67be9] | app.api.v1.versions | [a5a06c7f7225483f81c919fd55f67be9] 用户 admin 获取版本列表: project_id=1, page=1, page_size=100
2026-02-04 14:09:16 | INFO | [a5a06c7f7225483f81c919fd55f67be9] | app.api.v1.versions | [a5a06c7f7225483f81c919fd55f67be9] 用户 admin 查看版本列表 项目 InvenTree (id=1) 的版本
2026-02-04 14:09:16 | INFO | [a5a06c7f7225483f81c919fd55f67be9] | app.api.v1.versions | [a5a06c7f7225483f81c919fd55f67be9] 获取版本列表成功: total=2
2026-02-04 14:09:16 | INFO | [5f6fd700aeac44d5a153b9d36cbd6e3e] | app.api.v1.sync_tasks | [5f6fd700aeac44d5a153b9d36cbd6e3e] 查询同步任务列表: skip=0, limit=20, user=admin, project_id=1
2026-02-04 14:09:16 | INFO | [4424fd07d2e74f3580019d639fa96742] | app.api.v1.sync_tasks | [4424fd07d2e74f3580019d639fa96742] 查询同步任务列表: skip=0, limit=20, user=admin, project_id=1
2026-02-04 14:09:16 | INFO | [644417e3347c4573b45a0d2d91673060] | app.api.v1.projects | [644417e3347c4573b45a0d2d91673060] 用户 admin 获取项目列表: page=1, page_size=100
2026-02-04 14:09:16 | INFO | [644417e3347c4573b45a0d2d91673060] | app.api.v1.projects | [644417e3347c4573b45a0d2d91673060] 获取项目列表成功: total=2
2026-02-04 14:09:16 | INFO | [c6959312edc242389628c266a8464db2] | app.api.v1.versions | [c6959312edc242389628c266a8464db2] 用户 admin 获取版本列表: project_id=1, page=1, page_size=100
2026-02-04 14:09:16 | INFO | [c6959312edc242389628c266a8464db2] | app.api.v1.versions | [c6959312edc242389628c266a8464db2] 用户 admin 查看版本列表 项目 InvenTree (id=1) 的版本
2026-02-04 14:09:16 | INFO | [c6959312edc242389628c266a8464db2] | app.api.v1.versions | [c6959312edc242389628c266a8464db2] 获取版本列表成功: total=2
2026-02-04 14:09:16 | INFO | [115ba152ac794a65ac99d3750d30ad31] | app.api.v1.projects | [115ba152ac794a65ac99d3750d30ad31] 用户 admin 获取项目列表: page=1, page_size=100
2026-02-04 14:09:16 | INFO | [115ba152ac794a65ac99d3750d30ad31] | app.api.v1.projects | [115ba152ac794a65ac99d3750d30ad31] 获取项目列表成功: total=2
2026-02-04 14:09:18 | INFO | [0d219a87232f4c2db3cea6b7b639f931] | app.api.v1.sync_tasks | [0d219a87232f4c2db3cea6b7b639f931] 查询同步任务列表: skip=0, limit=20, user=admin, project_id=1
2026-02-04 14:09:18 | INFO | [30f0a974cc1f44aeb8cec95a52cf690f] | app.api.v1.sync_tasks | [30f0a974cc1f44aeb8cec95a52cf690f] 查询同步任务列表: skip=0, limit=20, user=admin, project_id=1
2026-02-04 14:09:22 | INFO | [143cde4f49c0422ea51afeb946999438] | app.api.v1.sync_tasks | [143cde4f49c0422ea51afeb946999438] 查询同步任务列表: skip=0, limit=20, user=admin, project_id=1
2026-02-04 14:09:22 | INFO | [b41493b63d8a40af8f3def89c1621c20] | app.api.v1.sync_tasks | [b41493b63d8a40af8f3def89c1621c20] 查询同步任务列表: skip=0, limit=20, user=admin, project_id=1
2026-02-04 14:09:27 | INFO | [338dfd178b4744978d6f8348bc28a69a] | app.api.v1.sync_tasks | [338dfd178b4744978d6f8348bc28a69a] 删除同步任务: id=11, user=admin
2026-02-04 14:09:27 | INFO | [338dfd178b4744978d6f8348bc28a69a] | app.api.v1.sync_tasks | [338dfd178b4744978d6f8348bc28a69a] 同步任务删除成功: id=11
2026-02-04 14:09:27 | INFO | [439510297b62405cb61744938cc37cd2] | app.api.v1.sync_tasks | [439510297b62405cb61744938cc37cd2] 查询同步任务列表: skip=0, limit=20, user=admin, project_id=1
2026-02-04 14:09:29 | INFO | [72043b58269c4828b45c70643b1e641f] | app.api.v1.api_cases | [72043b58269c4828b45c70643b1e641f] 查询 API 用例列表: skip=0, limit=20, user=admin, project_id=1
2026-02-04 14:09:29 | INFO | [faa6f1f509e647a780852a378d0d3097] | app.api.v1.environments | [faa6f1f509e647a780852a378d0d3097] 用户 admin 获取环境列表: project_id=1
2026-02-04 14:09:29 | INFO | [faa6f1f509e647a780852a378d0d3097] | app.api.v1.environments | [faa6f1f509e647a780852a378d0d3097] 用户 admin 查看环境 项目 InvenTree (id=1) 的环境
2026-02-04 14:09:29 | INFO | [faa6f1f509e647a780852a378d0d3097] | app.api.v1.environments | [faa6f1f509e647a780852a378d0d3097] 获取环境列表成功: total=1
2026-02-04 14:09:29 | INFO | [8bd4a4ed1c5540ceab8faeba4783f93d] | app.api.v1.api_definitions | [8bd4a4ed1c5540ceab8faeba4783f93d] 查询 API 定义列表: skip=0, limit=200, user=admin, project_id=1, version_id=1
2026-02-04 14:09:29 | INFO | [84e1b16633ab49658d6544c323d4f7b6] | app.api.v1.api_definitions | [84e1b16633ab49658d6544c323d4f7b6] 查询 API 定义列表: skip=0, limit=200, user=admin, project_id=1, version_id=1
2026-02-04 14:09:29 | INFO | [ee18db2e7ad042959a103d473049c242] | app.api.v1.api_cases | [ee18db2e7ad042959a103d473049c242] 查询 API 用例列表: skip=0, limit=20, user=admin, project_id=1
2026-02-04 14:09:29 | INFO | [53e455fd59254740aaecb5c75e1b56fa] | app.api.v1.environments | [53e455fd59254740aaecb5c75e1b56fa] 用户 admin 获取环境列表: project_id=1
2026-02-04 14:09:29 | INFO | [53e455fd59254740aaecb5c75e1b56fa] | app.api.v1.environments | [53e455fd59254740aaecb5c75e1b56fa] 用户 admin 查看环境 项目 InvenTree (id=1) 的环境
2026-02-04 14:09:29 | INFO | [53e455fd59254740aaecb5c75e1b56fa] | app.api.v1.environments | [53e455fd59254740aaecb5c75e1b56fa] 获取环境列表成功: total=1
2026-02-04 14:09:31 | INFO | [b7dde401163043ed805c542c8e9fd859] | app.api.v1.api_definitions | [b7dde401163043ed805c542c8e9fd859] 查询 API 定义列表: skip=0, limit=20, user=admin, project_id=1, version_id=1
2026-02-04 14:09:31 | INFO | [455ab7efae434c79833ea0e35f8419da] | app.api.v1.api_definitions | [455ab7efae434c79833ea0e35f8419da] 查询 API 定义列表: skip=0, limit=20, user=admin, project_id=1, version_id=1
2026-02-04 14:09:31 | INFO | [15b32e870f454de888740da1177fcd29] | app.api.v1.api_definitions | [15b32e870f454de888740da1177fcd29] 查询 API 定义列表: skip=0, limit=20, user=admin, project_id=1, version_id=1
2026-02-04 14:09:33 | INFO | [8dabb08cf0744fd0a327e8db8e5ef382] | app.api.v1.sync_tasks | [8dabb08cf0744fd0a327e8db8e5ef382] 查询同步任务列表: skip=0, limit=20, user=admin, project_id=1
2026-02-04 14:09:33 | INFO | [7c123b7c6abc47d59916d5fd5d6f6720] | app.api.v1.sync_tasks | [7c123b7c6abc47d59916d5fd5d6f6720] 查询同步任务列表: skip=0, limit=20, user=admin, project_id=1
2026-02-04 14:11:21 | INFO | [f9a4b16f3d734e9087eb6e8d14f689ba] | root | 日志系统初始化完成
2026-02-04 14:11:21 | INFO | [f9a4b16f3d734e9087eb6e8d14f689ba] | app.main | 启动异步任务工作线程...
2026-02-04 14:11:21 | INFO | [f9a4b16f3d734e9087eb6e8d14f689ba] | app.main | 异步任务工作线程已启动
2026-02-04 14:11:21 | INFO | [f9a4b16f3d734e9087eb6e8d14f689ba] | app.core.async_task.manager | [f9a4b16f3d734e9087eb6e8d14f689ba] 启动异步任务工作线程
2026-02-04 14:11:38 | INFO | [d00ca165bb5248fc8f6d986735deaa4d] | app.api.v1.sync_tasks | [d00ca165bb5248fc8f6d986735deaa4d] 查询同步任务列表: skip=0, limit=20, user=admin, project_id=1
2026-02-04 14:15:08 | INFO | [88b5c6f065d541e3a0f7676eb9a5fe81] | app.api.v1.sync_tasks | [88b5c6f065d541e3a0f7676eb9a5fe81] 查询同步任务列表: skip=0, limit=20, user=admin, project_id=1
2026-02-04 14:16:12 | INFO | [a3a0cdd14fcc4e9d8a10e64683c2317e] | root | 日志系统初始化完成
2026-02-04 14:16:12 | INFO | [a3a0cdd14fcc4e9d8a10e64683c2317e] | app.main | 启动异步任务工作线程...
2026-02-04 14:16:12 | INFO | [a3a0cdd14fcc4e9d8a10e64683c2317e] | app.main | 异步任务工作线程已启动
2026-02-04 14:16:12 | INFO | [a3a0cdd14fcc4e9d8a10e64683c2317e] | app.core.async_task.manager | [a3a0cdd14fcc4e9d8a10e64683c2317e] 启动异步任务工作线程
2026-02-04 14:16:50 | INFO | [22bc2da59e4347a1946aa71e1959d362] | root | 日志系统初始化完成
2026-02-04 14:16:51 | INFO | [22bc2da59e4347a1946aa71e1959d362] | app.main | 启动异步任务工作线程...
2026-02-04 14:16:51 | INFO | [22bc2da59e4347a1946aa71e1959d362] | app.main | 异步任务工作线程已启动
2026-02-04 14:16:51 | INFO | [22bc2da59e4347a1946aa71e1959d362] | app.core.async_task.manager | [22bc2da59e4347a1946aa71e1959d362] 启动异步任务工作线程
2026-02-04 14:18:06 | INFO | [410e8d70317546e9a65d32486533f781] | app.api.v1.sync_tasks | [410e8d70317546e9a65d32486533f781] 查询同步任务列表: skip=0, limit=20, user=admin, project_id=1
2026-02-04 14:18:58 | INFO | [79adc1680e51422f8eedba5d57629434] | app.api.v1.sync_tasks | [79adc1680e51422f8eedba5d57629434] 查询同步任务列表: skip=0, limit=20, user=admin, project_id=1
2026-02-04 14:21:49 | INFO | [137900687d04428bb0920640e8099e75] | app.api.v1.sync_tasks | [137900687d04428bb0920640e8099e75] 查询同步任务列表: skip=0, limit=20, user=admin, project_id=1
2026-02-04 14:21:52 | INFO | [b7804a20db2643ec9d2fea5bb82dbaf2] | app.api.v1.projects | [b7804a20db2643ec9d2fea5bb82dbaf2] 用户 admin 获取项目列表: page=1, page_size=100
2026-02-04 14:21:52 | INFO | [b7804a20db2643ec9d2fea5bb82dbaf2] | app.api.v1.projects | [b7804a20db2643ec9d2fea5bb82dbaf2] 获取项目列表成功: total=2
2026-02-04 14:21:52 | INFO | [9d144109a5da42609caf61831f9480d2] | app.api.v1.sync_tasks | [9d144109a5da42609caf61831f9480d2] 查询同步任务列表: skip=0, limit=20, user=admin, project_id=1
2026-02-04 14:21:52 | INFO | [490440d31a704ad0b8367e0b1a1a338a] | app.api.v1.versions | [490440d31a704ad0b8367e0b1a1a338a] 用户 admin 获取版本列表: project_id=1, page=1, page_size=100
2026-02-04 14:21:52 | INFO | [490440d31a704ad0b8367e0b1a1a338a] | app.api.v1.versions | [490440d31a704ad0b8367e0b1a1a338a] 用户 admin 查看版本列表 项目 InvenTree (id=1) 的版本
2026-02-04 14:21:52 | INFO | [490440d31a704ad0b8367e0b1a1a338a] | app.api.v1.versions | [490440d31a704ad0b8367e0b1a1a338a] 获取版本列表成功: total=2
2026-02-04 14:21:52 | INFO | [ee940865e42a414aaf1273bb6ffda45f] | app.api.v1.projects | [ee940865e42a414aaf1273bb6ffda45f] 用户 admin 获取项目列表: page=1, page_size=100
2026-02-04 14:21:52 | INFO | [ee940865e42a414aaf1273bb6ffda45f] | app.api.v1.projects | [ee940865e42a414aaf1273bb6ffda45f] 获取项目列表成功: total=2
2026-02-04 14:21:52 | INFO | [704d1749102544b98b9bf3cff79a51dc] | app.api.v1.sync_tasks | [704d1749102544b98b9bf3cff79a51dc] 查询同步任务列表: skip=0, limit=20, user=admin, project_id=1
2026-02-04 14:21:52 | INFO | [309ab92e5a52462daa1b55b8063908d9] | app.api.v1.versions | [309ab92e5a52462daa1b55b8063908d9] 用户 admin 获取版本列表: project_id=1, page=1, page_size=100
2026-02-04 14:21:52 | INFO | [309ab92e5a52462daa1b55b8063908d9] | app.api.v1.versions | [309ab92e5a52462daa1b55b8063908d9] 用户 admin 查看版本列表 项目 InvenTree (id=1) 的版本
2026-02-04 14:21:52 | INFO | [309ab92e5a52462daa1b55b8063908d9] | app.api.v1.versions | [309ab92e5a52462daa1b55b8063908d9] 获取版本列表成功: total=2
2026-02-04 14:21:52 | INFO | [e36440e49d1a42e6a8683a3c085c9706] | app.api.v1.projects | [e36440e49d1a42e6a8683a3c085c9706] 用户 admin 获取项目列表: page=1, page_size=100
2026-02-04 14:21:52 | INFO | [e36440e49d1a42e6a8683a3c085c9706] | app.api.v1.projects | [e36440e49d1a42e6a8683a3c085c9706] 获取项目列表成功: total=2
2026-02-04 14:21:52 | INFO | [9bc9f6d3265940dc9a6947f417d9306a] | app.api.v1.projects | [9bc9f6d3265940dc9a6947f417d9306a] 用户 admin 获取项目列表: page=1, page_size=100
2026-02-04 14:21:52 | INFO | [9bc9f6d3265940dc9a6947f417d9306a] | app.api.v1.projects | [9bc9f6d3265940dc9a6947f417d9306a] 获取项目列表成功: total=2
2026-02-04 14:22:05 | INFO | [0b7a53747c0645b3b9cb17bf011fcf4d] | app.api.v1.sync_tasks | [0b7a53747c0645b3b9cb17bf011fcf4d] 创建同步任务: name=V1, source_type=swagger, user=admin
2026-02-04 14:22:05 | INFO | [0b7a53747c0645b3b9cb17bf011fcf4d] | app.api.v1.sync_tasks | [0b7a53747c0645b3b9cb17bf011fcf4d] 同步任务创建并启动成功: id=12, celery_task_id=893feb74-79f3-42b9-8e74-1d1b78d1f863
2026-02-04 14:22:05 | INFO | [21a6d1ec2a6c42609869936dbb0eb2f0] | app.api.v1.sync_tasks | [21a6d1ec2a6c42609869936dbb0eb2f0] 查询同步任务列表: skip=0, limit=20, user=admin, project_id=1
2026-02-04 14:22:08 | INFO | [9bd8e2d9877b4f00b4c2083824813a24] | app.api.v1.sync_tasks | [9bd8e2d9877b4f00b4c2083824813a24] 查询同步任务列表: skip=0, limit=20, user=admin, project_id=1
2026-02-04 14:22:09 | INFO | [a6af496e2abc4a7ba5f692a44b6081bf] | app.api.v1.sync_tasks | [a6af496e2abc4a7ba5f692a44b6081bf] 查询同步任务列表: skip=0, limit=20, user=admin, project_id=1
2026-02-04 14:22:11 | INFO | [14ece1bee9fe40ac86896de13c05c444] | app.api.v1.sync_tasks | [14ece1bee9fe40ac86896de13c05c444] 查询同步任务列表: skip=0, limit=20, user=admin, project_id=1
2026-02-04 14:22:11 | INFO | [ebd49151e27a483b8335dfad50ec0d41] | app.api.v1.sync_tasks | [ebd49151e27a483b8335dfad50ec0d41] 查询同步任务列表: skip=0, limit=20, user=admin, project_id=1
2026-02-04 14:22:12 | INFO | [931e254b559c4a63bd0f24aa711050ad] | app.api.v1.sync_tasks | [931e254b559c4a63bd0f24aa711050ad] 查询同步任务列表: skip=0, limit=20, user=admin, project_id=1
2026-02-04 14:22:12 | INFO | [34088e2b75244b89878ed8f1310bf5f6] | app.api.v1.sync_tasks | [34088e2b75244b89878ed8f1310bf5f6] 查询同步任务列表: skip=0, limit=20, user=admin, project_id=1
2026-02-04 14:22:13 | INFO | [f15ed1e82c624d27b6b28d9f9519a11b] | app.api.v1.sync_tasks | [f15ed1e82c624d27b6b28d9f9519a11b] 查询同步任务列表: skip=0, limit=20, user=admin, project_id=1
2026-02-04 14:22:13 | INFO | [d590f25f91d74f0c967035d98720232b] | app.api.v1.sync_tasks | [d590f25f91d74f0c967035d98720232b] 查询同步任务列表: skip=0, limit=20, user=admin, project_id=1
2026-02-04 14:22:13 | INFO | [c0972541d7d24b0db0283441508e7999] | app.api.v1.sync_tasks | [c0972541d7d24b0db0283441508e7999] 查询同步任务列表: skip=0, limit=20, user=admin, project_id=1
2026-02-04 14:22:13 | INFO | [986b3233d023490b9fb95088fdc60895] | app.api.v1.sync_tasks | [986b3233d023490b9fb95088fdc60895] 查询同步任务列表: skip=0, limit=20, user=admin, project_id=1
2026-02-04 14:22:14 | INFO | [a8a11f70a1e2404490de53cfcdd18bf4] | app.api.v1.sync_tasks | [a8a11f70a1e2404490de53cfcdd18bf4] 查询同步任务列表: skip=0, limit=20, user=admin, project_id=1
2026-02-04 14:22:14 | INFO | [231b7eef18d9443a8b4a877a82ab37cb] | app.api.v1.sync_tasks | [231b7eef18d9443a8b4a877a82ab37cb] 查询同步任务列表: skip=0, limit=20, user=admin, project_id=1
2026-02-04 14:22:14 | INFO | [a911086d717945338d98b629f8318b7d] | app.api.v1.sync_tasks | [a911086d717945338d98b629f8318b7d] 查询同步任务列表: skip=0, limit=20, user=admin, project_id=1
2026-02-04 14:22:14 | INFO | [33c9c93cbe914a569677b597ee4e0104] | app.api.v1.sync_tasks | [33c9c93cbe914a569677b597ee4e0104] 查询同步任务列表: skip=0, limit=20, user=admin, project_id=1
2026-02-04 14:22:14 | INFO | [6a935a82767f492cb2e7d8c2567cb301] | app.api.v1.sync_tasks | [6a935a82767f492cb2e7d8c2567cb301] 查询同步任务列表: skip=0, limit=20, user=admin, project_id=1
2026-02-04 14:22:14 | INFO | [7254336db70f4e20a3965b281784933f] | app.api.v1.sync_tasks | [7254336db70f4e20a3965b281784933f] 查询同步任务列表: skip=0, limit=20, user=admin, project_id=1
2026-02-04 14:22:15 | INFO | [702e927c1ddb48e49d78d2201fd1667b] | app.api.v1.sync_tasks | [702e927c1ddb48e49d78d2201fd1667b] 查询同步任务列表: skip=0, limit=20, user=admin, project_id=1
2026-02-04 14:22:15 | INFO | [2a3ef81f018a436eb2c8a7c48efedf1d] | app.api.v1.sync_tasks | [2a3ef81f018a436eb2c8a7c48efedf1d] 查询同步任务列表: skip=0, limit=20, user=admin, project_id=1
2026-02-04 14:22:15 | INFO | [1d40637a989745d6a3bf6ce1f4185ff3] | app.api.v1.sync_tasks | [1d40637a989745d6a3bf6ce1f4185ff3] 查询同步任务列表: skip=0, limit=20, user=admin, project_id=1
2026-02-04 14:22:15 | INFO | [f302d52da6e54158a23270db63212de6] | app.api.v1.sync_tasks | [f302d52da6e54158a23270db63212de6] 查询同步任务列表: skip=0, limit=20, user=admin, project_id=1
2026-02-04 14:22:15 | INFO | [e451379a424843549daea4d9c74087af] | app.api.v1.sync_tasks | [e451379a424843549daea4d9c74087af] 查询同步任务列表: skip=0, limit=20, user=admin, project_id=1
2026-02-04 14:22:16 | INFO | [2eaa8d6e4d4245f58a92d6edf31f62fc] | app.api.v1.sync_tasks | [2eaa8d6e4d4245f58a92d6edf31f62fc] 查询同步任务列表: skip=0, limit=20, user=admin, project_id=1
2026-02-04 14:22:16 | INFO | [e67c15890cef44d8955ed1982b22d421] | app.api.v1.sync_tasks | [e67c15890cef44d8955ed1982b22d421] 查询同步任务列表: skip=0, limit=20, user=admin, project_id=1
2026-02-04 14:22:16 | INFO | [17530b5398794803b81e9773a466db28] | app.api.v1.sync_tasks | [17530b5398794803b81e9773a466db28] 查询同步任务列表: skip=0, limit=20, user=admin, project_id=1
2026-02-04 14:22:16 | INFO | [d961a8d42c124b078f340508c2e5001d] | app.api.v1.sync_tasks | [d961a8d42c124b078f340508c2e5001d] 查询同步任务列表: skip=0, limit=20, user=admin, project_id=1
2026-02-04 14:22:16 | INFO | [89bd347a4dcc4b268d352d076e23f26e] | app.api.v1.sync_tasks | [89bd347a4dcc4b268d352d076e23f26e] 查询同步任务列表: skip=0, limit=20, user=admin, project_id=1
2026-02-04 14:22:16 | INFO | [cc9d9254bd334a7f97ddbaf326d4e65e] | app.api.v1.sync_tasks | [cc9d9254bd334a7f97ddbaf326d4e65e] 查询同步任务列表: skip=0, limit=20, user=admin, project_id=1
2026-02-04 14:22:17 | INFO | [9e595347ea924aeeb1f481fafa023058] | app.api.v1.sync_tasks | [9e595347ea924aeeb1f481fafa023058] 查询同步任务列表: skip=0, limit=20, user=admin, project_id=1
2026-02-04 14:22:17 | INFO | [8e8b7034c0c1429896528be776187fde] | app.api.v1.sync_tasks | [8e8b7034c0c1429896528be776187fde] 查询同步任务列表: skip=0, limit=20, user=admin, project_id=1
2026-02-04 14:22:17 | INFO | [d966b13a2bc14c2187304c02a41ad06e] | app.api.v1.sync_tasks | [d966b13a2bc14c2187304c02a41ad06e] 查询同步任务列表: skip=0, limit=20, user=admin, project_id=1
2026-02-04 14:22:17 | INFO | [e9f6c93ad9a643ca83c03a527c853283] | app.api.v1.sync_tasks | [e9f6c93ad9a643ca83c03a527c853283] 查询同步任务列表: skip=0, limit=20, user=admin, project_id=1
2026-02-04 14:22:17 | INFO | [69b0066fd2214ea594c287bfcdd073f6] | app.api.v1.sync_tasks | [69b0066fd2214ea594c287bfcdd073f6] 查询同步任务列表: skip=0, limit=20, user=admin, project_id=1
2026-02-04 14:22:18 | INFO | [4883135f2db2498b8702454be9351eae] | app.api.v1.sync_tasks | [4883135f2db2498b8702454be9351eae] 查询同步任务列表: skip=0, limit=20, user=admin, project_id=1
2026-02-04 14:22:21 | INFO | [eadec03e5e084bf9837b6e0342cf856b] | app.api.v1.sync_tasks | [eadec03e5e084bf9837b6e0342cf856b] 查询同步任务列表: skip=0, limit=20, user=admin, project_id=1
2026-02-04 14:22:22 | INFO | [25b6824e8cc94091b63edb5bd03c20dc] | app.api.v1.sync_tasks | [25b6824e8cc94091b63edb5bd03c20dc] 查询同步任务列表: skip=0, limit=20, user=admin, project_id=1
2026-02-04 14:25:37 | INFO | [3e7c7739708d456b9d8e17d0d4ce5c80] | app.api.v1.sync_tasks | [3e7c7739708d456b9d8e17d0d4ce5c80] 查询同步任务列表: skip=0, limit=20, user=admin, project_id=1
2026-02-04 14:26:12 | INFO | [d73049d3f5034de98aeec8072903a9b5] | app.api.v1.api_definitions | [d73049d3f5034de98aeec8072903a9b5] 查询 API 定义列表: skip=0, limit=20, user=admin, project_id=1, version_id=1
2026-02-04 14:26:12 | INFO | [f38043d0771e4f4ba0dc1e9bfca9f4ef] | app.api.v1.api_definitions | [f38043d0771e4f4ba0dc1e9bfca9f4ef] 查询 API 定义列表: skip=0, limit=20, user=admin, project_id=1, version_id=1
2026-02-04 14:26:12 | INFO | [5ba10885ba984aba9e09e989bac53958] | app.api.v1.api_definitions | [5ba10885ba984aba9e09e989bac53958] 查询 API 定义列表: skip=0, limit=20, user=admin, project_id=1, version_id=1
2026-02-04 14:32:14 | INFO | [75f470ad21d74aa2b5e74668497944ae] | app.api.v1.api_definitions | [75f470ad21d74aa2b5e74668497944ae] 查询 API 定义列表: skip=0, limit=20, user=admin, project_id=1, version_id=1
2026-02-04 14:32:15 | INFO | [61eb945babc44eab99445d07db7fe055] | app.api.v1.api_definitions | [61eb945babc44eab99445d07db7fe055] 查询 API 定义列表: skip=0, limit=20, user=admin, project_id=1, version_id=1
2026-02-04 14:32:44 | INFO | [b21b497307c24cacbd2dada8c73a3cb7] | app.api.v1.sync_tasks | [b21b497307c24cacbd2dada8c73a3cb7] 查询同步任务列表: skip=0, limit=20, user=admin, project_id=1
2026-02-04 14:32:44 | INFO | [af7fa07ddf4f47658ad6a1ca8a8ee990] | app.api.v1.sync_tasks | [af7fa07ddf4f47658ad6a1ca8a8ee990] 查询同步任务列表: skip=0, limit=20, user=admin, project_id=1
2026-02-04 14:33:06 | INFO | [196d659828d842c3966eae6740805e5c] | app.api.v1.api_definitions | [196d659828d842c3966eae6740805e5c] 查询 API 定义列表: skip=0, limit=20, user=admin, project_id=1, version_id=1
2026-02-04 14:33:06 | INFO | [eabcfaf95db8466c9bd039959f36aba6] | app.api.v1.api_definitions | [eabcfaf95db8466c9bd039959f36aba6] 查询 API 定义列表: skip=0, limit=20, user=admin, project_id=1, version_id=1
2026-02-04 14:33:06 | INFO | [8bca8441f36943e0b6aa03a4d205ecb0] | app.api.v1.api_definitions | [8bca8441f36943e0b6aa03a4d205ecb0] 查询 API 定义列表: skip=0, limit=20, user=admin, project_id=1, version_id=1
2026-02-04 14:33:07 | INFO | [90d9c26462af40eeadc6210f26617810] | app.api.v1.sync_tasks | [90d9c26462af40eeadc6210f26617810] 查询同步任务列表: skip=0, limit=20, user=admin, project_id=1
2026-02-04 14:33:07 | INFO | [b1b9dd202980436e971179f7f4acfa4d] | app.api.v1.sync_tasks | [b1b9dd202980436e971179f7f4acfa4d] 查询同步任务列表: skip=0, limit=20, user=admin, project_id=1
2026-02-04 14:33:59 | INFO | [d615acf1be3649888c0e1378db52e883] | root | 日志系统初始化完成
2026-02-04 14:33:59 | INFO | [d615acf1be3649888c0e1378db52e883] | app.main | 启动异步任务工作线程...
2026-02-04 14:33:59 | INFO | [d615acf1be3649888c0e1378db52e883] | app.main | 异步任务工作线程已启动
2026-02-04 14:33:59 | INFO | [d615acf1be3649888c0e1378db52e883] | app.core.async_task.manager | [d615acf1be3649888c0e1378db52e883] 启动异步任务工作线程
2026-02-04 14:34:16 | INFO | [ea31060b3632457182e76f936ecf0889] | root | 日志系统初始化完成
2026-02-04 14:34:16 | INFO | [ea31060b3632457182e76f936ecf0889] | app.main | 启动异步任务工作线程...
2026-02-04 14:34:16 | INFO | [ea31060b3632457182e76f936ecf0889] | app.main | 异步任务工作线程已启动
2026-02-04 14:34:16 | INFO | [ea31060b3632457182e76f936ecf0889] | app.core.async_task.manager | [ea31060b3632457182e76f936ecf0889] 启动异步任务工作线程
2026-02-04 14:35:43 | INFO | [ad98d53956e249bb8a1b2edc780433b6] | app.api.v1.projects | [ad98d53956e249bb8a1b2edc780433b6] 用户 admin 获取项目列表: page=1, page_size=100
2026-02-04 14:35:43 | INFO | [ad98d53956e249bb8a1b2edc780433b6] | app.api.v1.projects | [ad98d53956e249bb8a1b2edc780433b6] 获取项目列表成功: total=2
2026-02-04 14:35:43 | INFO | [5e15d2be34ae4846ba7147d581addecc] | app.api.v1.versions | [5e15d2be34ae4846ba7147d581addecc] 用户 admin 获取版本列表: project_id=1, page=1, page_size=100
2026-02-04 14:35:43 | INFO | [5e15d2be34ae4846ba7147d581addecc] | app.api.v1.versions | [5e15d2be34ae4846ba7147d581addecc] 用户 admin 查看版本列表 项目 InvenTree (id=1) 的版本
2026-02-04 14:35:43 | INFO | [5e15d2be34ae4846ba7147d581addecc] | app.api.v1.versions | [5e15d2be34ae4846ba7147d581addecc] 获取版本列表成功: total=2
2026-02-04 14:35:43 | INFO | [f10952483cce4fabb9e4b433933ed456] | app.api.v1.sync_tasks | [f10952483cce4fabb9e4b433933ed456] 查询同步任务列表: skip=0, limit=20, user=admin, project_id=1
2026-02-04 14:35:43 | INFO | [a2fdc74c81d94e4294ea4aff235e5459] | app.api.v1.projects | [a2fdc74c81d94e4294ea4aff235e5459] 用户 admin 获取项目列表: page=1, page_size=100
2026-02-04 14:35:43 | INFO | [a2fdc74c81d94e4294ea4aff235e5459] | app.api.v1.projects | [a2fdc74c81d94e4294ea4aff235e5459] 获取项目列表成功: total=2
2026-02-04 14:35:43 | INFO | [13e783cadaa94f868a5657c41edd0579] | app.api.v1.projects | [13e783cadaa94f868a5657c41edd0579] 用户 admin 获取项目列表: page=1, page_size=100
2026-02-04 14:35:43 | INFO | [13e783cadaa94f868a5657c41edd0579] | app.api.v1.projects | [13e783cadaa94f868a5657c41edd0579] 获取项目列表成功: total=2
2026-02-04 14:35:43 | INFO | [6542d0d45312430ab6d4b63b1ec400a2] | app.api.v1.sync_tasks | [6542d0d45312430ab6d4b63b1ec400a2] 查询同步任务列表: skip=0, limit=20, user=admin, project_id=1
2026-02-04 14:35:43 | INFO | [bd2a156e9cd14d9285ca8bf1efd17235] | app.api.v1.projects | [bd2a156e9cd14d9285ca8bf1efd17235] 用户 admin 获取项目列表: page=1, page_size=100
2026-02-04 14:35:43 | INFO | [bd2a156e9cd14d9285ca8bf1efd17235] | app.api.v1.projects | [bd2a156e9cd14d9285ca8bf1efd17235] 获取项目列表成功: total=2
2026-02-04 14:35:43 | INFO | [4986225428484a4294c9115d8e28f61b] | app.api.v1.versions | [4986225428484a4294c9115d8e28f61b] 用户 admin 获取版本列表: project_id=1, page=1, page_size=100
2026-02-04 14:35:43 | INFO | [4986225428484a4294c9115d8e28f61b] | app.api.v1.versions | [4986225428484a4294c9115d8e28f61b] 用户 admin 查看版本列表 项目 InvenTree (id=1) 的版本
2026-02-04 14:35:43 | INFO | [4986225428484a4294c9115d8e28f61b] | app.api.v1.versions | [4986225428484a4294c9115d8e28f61b] 获取版本列表成功: total=2
2026-02-04 14:35:50 | INFO | [e48c210ae4414eb4bed562255f0e2185] | app.api.v1.projects | [e48c210ae4414eb4bed562255f0e2185] 用户 admin 获取项目列表: page=1, page_size=100
2026-02-04 14:35:50 | INFO | [e48c210ae4414eb4bed562255f0e2185] | app.api.v1.projects | [e48c210ae4414eb4bed562255f0e2185] 获取项目列表成功: total=2
2026-02-04 14:35:50 | INFO | [a48253b141c34616ba887f0f89ef1215] | app.api.v1.versions | [a48253b141c34616ba887f0f89ef1215] 用户 admin 获取版本列表: project_id=1, page=1, page_size=100
2026-02-04 14:35:50 | INFO | [a48253b141c34616ba887f0f89ef1215] | app.api.v1.versions | [a48253b141c34616ba887f0f89ef1215] 用户 admin 查看版本列表 项目 InvenTree (id=1) 的版本
2026-02-04 14:35:50 | INFO | [a48253b141c34616ba887f0f89ef1215] | app.api.v1.versions | [a48253b141c34616ba887f0f89ef1215] 获取版本列表成功: total=2
2026-02-04 14:35:50 | INFO | [711f41333cdb4cf2ac0b083150bc8229] | app.api.v1.versions | [711f41333cdb4cf2ac0b083150bc8229] 用户 admin 获取版本列表: project_id=1, page=1, page_size=100
2026-02-04 14:35:50 | INFO | [711f41333cdb4cf2ac0b083150bc8229] | app.api.v1.versions | [711f41333cdb4cf2ac0b083150bc8229] 用户 admin 查看版本列表 项目 InvenTree (id=1) 的版本
2026-02-04 14:35:50 | INFO | [711f41333cdb4cf2ac0b083150bc8229] | app.api.v1.versions | [711f41333cdb4cf2ac0b083150bc8229] 获取版本列表成功: total=2
2026-02-04 14:35:50 | INFO | [306bb3d458994150839be9d10d521485] | app.api.v1.projects | [306bb3d458994150839be9d10d521485] 用户 admin 获取项目列表: page=1, page_size=100
2026-02-04 14:35:50 | INFO | [306bb3d458994150839be9d10d521485] | app.api.v1.projects | [306bb3d458994150839be9d10d521485] 获取项目列表成功: total=2
2026-02-04 14:35:50 | INFO | [aaa84a87fe17455b82211d31cb7cb057] | app.api.v1.projects | [aaa84a87fe17455b82211d31cb7cb057] 用户 admin 获取项目列表: page=1, page_size=100
2026-02-04 14:35:50 | INFO | [aaa84a87fe17455b82211d31cb7cb057] | app.api.v1.projects | [aaa84a87fe17455b82211d31cb7cb057] 获取项目列表成功: total=2
2026-02-04 14:35:50 | INFO | [943c3521a1d748b592385da5cd8c1f8f] | app.api.v1.projects | [943c3521a1d748b592385da5cd8c1f8f] 用户 admin 获取项目列表: page=1, page_size=100
2026-02-04 14:35:50 | INFO | [943c3521a1d748b592385da5cd8c1f8f] | app.api.v1.projects | [943c3521a1d748b592385da5cd8c1f8f] 获取项目列表成功: total=2
2026-02-04 14:35:57 | INFO | [eed3aecb2b8047859757cc5f8de44cd2] | app.api.v1.sync_tasks | [eed3aecb2b8047859757cc5f8de44cd2] 查询同步任务列表: skip=0, limit=20, user=admin, project_id=1
2026-02-04 14:35:57 | INFO | [0dc758af850b44939cb8844da5db792c] | app.api.v1.sync_tasks | [0dc758af850b44939cb8844da5db792c] 查询同步任务列表: skip=0, limit=20, user=admin, project_id=1
2026-02-04 14:36:18 | INFO | [bae4bd6b50374f2a9ec8a0be5aadf0d0] | app.api.v1.sync_tasks | [bae4bd6b50374f2a9ec8a0be5aadf0d0] 查询同步任务列表: skip=0, limit=20, user=admin, project_id=1
2026-02-04 14:36:32 | INFO | [59a42692ce8649359a3662498e028244] | app.api.v1.projects | [59a42692ce8649359a3662498e028244] 用户 admin 获取项目列表: page=1, page_size=100
2026-02-04 14:36:32 | INFO | [59a42692ce8649359a3662498e028244] | app.api.v1.projects | [59a42692ce8649359a3662498e028244] 获取项目列表成功: total=2
2026-02-04 14:36:32 | INFO | [2c1d748e98cc4454bb015500f2976d24] | app.api.v1.projects | [2c1d748e98cc4454bb015500f2976d24] 用户 admin 获取项目列表: page=1, page_size=100
2026-02-04 14:36:32 | INFO | [2c1d748e98cc4454bb015500f2976d24] | app.api.v1.projects | [2c1d748e98cc4454bb015500f2976d24] 获取项目列表成功: total=2
2026-02-04 14:36:32 | INFO | [71b1a933abef4662b32959e05f2bbb85] | app.api.v1.projects | [71b1a933abef4662b32959e05f2bbb85] 用户 admin 获取项目列表: page=1, page_size=100
2026-02-04 14:36:32 | INFO | [71b1a933abef4662b32959e05f2bbb85] | app.api.v1.projects | [71b1a933abef4662b32959e05f2bbb85] 获取项目列表成功: total=2
2026-02-04 14:36:32 | INFO | [39a18d255c83474ca57fa18b051f9645] | app.api.v1.versions | [39a18d255c83474ca57fa18b051f9645] 用户 admin 获取版本列表: project_id=1, page=1, page_size=100
2026-02-04 14:36:32 | INFO | [39a18d255c83474ca57fa18b051f9645] | app.api.v1.versions | [39a18d255c83474ca57fa18b051f9645] 用户 admin 查看版本列表 项目 InvenTree (id=1) 的版本
2026-02-04 14:36:32 | INFO | [39a18d255c83474ca57fa18b051f9645] | app.api.v1.versions | [39a18d255c83474ca57fa18b051f9645] 获取版本列表成功: total=2
2026-02-04 14:36:32 | INFO | [770f042c483d428098ddeb4e0e493fee] | app.api.v1.versions | [770f042c483d428098ddeb4e0e493fee] 用户 admin 获取版本列表: project_id=1, page=1, page_size=100
2026-02-04 14:36:32 | INFO | [770f042c483d428098ddeb4e0e493fee] | app.api.v1.versions | [770f042c483d428098ddeb4e0e493fee] 用户 admin 查看版本列表 项目 InvenTree (id=1) 的版本
2026-02-04 14:36:32 | INFO | [770f042c483d428098ddeb4e0e493fee] | app.api.v1.versions | [770f042c483d428098ddeb4e0e493fee] 获取版本列表成功: total=2
2026-02-04 14:36:32 | INFO | [4606f171c3694b9da4d8314a0f5bbb64] | app.api.v1.projects | [4606f171c3694b9da4d8314a0f5bbb64] 用户 admin 获取项目列表: page=1, page_size=100
2026-02-04 14:36:32 | INFO | [4606f171c3694b9da4d8314a0f5bbb64] | app.api.v1.projects | [4606f171c3694b9da4d8314a0f5bbb64] 获取项目列表成功: total=2
2026-02-04 14:36:35 | INFO | [8adfaa43940446b6b4aa57b3f085537f] | app.api.v1.sync_tasks | [8adfaa43940446b6b4aa57b3f085537f] 查询同步任务列表: skip=0, limit=20, user=admin, project_id=1
2026-02-04 14:36:35 | INFO | [af120fe15a164c3494ead4fbc7bc5ffd] | app.api.v1.sync_tasks | [af120fe15a164c3494ead4fbc7bc5ffd] 查询同步任务列表: skip=0, limit=20, user=admin, project_id=1
2026-02-04 14:37:34 | INFO | [b0d0c6e30cfd4fb1959cc2099b5d46ad] | app.api.v1.projects | [b0d0c6e30cfd4fb1959cc2099b5d46ad] 用户 admin 获取项目列表: page=1, page_size=100
2026-02-04 14:37:34 | INFO | [b0d0c6e30cfd4fb1959cc2099b5d46ad] | app.api.v1.projects | [b0d0c6e30cfd4fb1959cc2099b5d46ad] 获取项目列表成功: total=2
2026-02-04 14:37:34 | INFO | [70330264113e4192b4d7711aab68e3ad] | app.api.v1.sync_tasks | [70330264113e4192b4d7711aab68e3ad] 查询同步任务列表: skip=0, limit=20, user=admin, project_id=1
2026-02-04 14:37:34 | INFO | [9799295d4f4c42958fdb23e14c5d7302] | app.api.v1.projects | [9799295d4f4c42958fdb23e14c5d7302] 用户 admin 获取项目列表: page=1, page_size=100
2026-02-04 14:37:34 | INFO | [9799295d4f4c42958fdb23e14c5d7302] | app.api.v1.projects | [9799295d4f4c42958fdb23e14c5d7302] 获取项目列表成功: total=2
2026-02-04 14:37:34 | INFO | [00c32d9be499449e90637db156616cc1] | app.api.v1.versions | [00c32d9be499449e90637db156616cc1] 用户 admin 获取版本列表: project_id=1, page=1, page_size=100
2026-02-04 14:37:34 | INFO | [00c32d9be499449e90637db156616cc1] | app.api.v1.versions | [00c32d9be499449e90637db156616cc1] 用户 admin 查看版本列表 项目 InvenTree (id=1) 的版本
2026-02-04 14:37:34 | INFO | [00c32d9be499449e90637db156616cc1] | app.api.v1.versions | [00c32d9be499449e90637db156616cc1] 获取版本列表成功: total=2
2026-02-04 14:37:34 | INFO | [b8db7e9cb1da49f284fe43f1b5f5960f] | app.api.v1.sync_tasks | [b8db7e9cb1da49f284fe43f1b5f5960f] 查询同步任务列表: skip=0, limit=20, user=admin, project_id=1
2026-02-04 14:37:34 | INFO | [50b0d395c9fe4ec998f4c767e9ba2c26] | app.api.v1.versions | [50b0d395c9fe4ec998f4c767e9ba2c26] 用户 admin 获取版本列表: project_id=1, page=1, page_size=100
2026-02-04 14:37:34 | INFO | [50b0d395c9fe4ec998f4c767e9ba2c26] | app.api.v1.versions | [50b0d395c9fe4ec998f4c767e9ba2c26] 用户 admin 查看版本列表 项目 InvenTree (id=1) 的版本
2026-02-04 14:37:34 | INFO | [50b0d395c9fe4ec998f4c767e9ba2c26] | app.api.v1.versions | [50b0d395c9fe4ec998f4c767e9ba2c26] 获取版本列表成功: total=2
2026-02-04 14:37:34 | INFO | [23ffd15ea8c14c81805cf47ab17a852c] | app.api.v1.projects | [23ffd15ea8c14c81805cf47ab17a852c] 用户 admin 获取项目列表: page=1, page_size=100
2026-02-04 14:37:34 | INFO | [23ffd15ea8c14c81805cf47ab17a852c] | app.api.v1.projects | [23ffd15ea8c14c81805cf47ab17a852c] 获取项目列表成功: total=2
2026-02-04 14:37:34 | INFO | [313836ba44b0463e9408e965ec9fbca6] | app.api.v1.projects | [313836ba44b0463e9408e965ec9fbca6] 用户 admin 获取项目列表: page=1, page_size=100
2026-02-04 14:37:34 | INFO | [313836ba44b0463e9408e965ec9fbca6] | app.api.v1.projects | [313836ba44b0463e9408e965ec9fbca6] 获取项目列表成功: total=2
2026-02-04 14:38:08 | INFO | [55492b41cb4a40059336256a29009101] | app.api.v1.api_definitions | [55492b41cb4a40059336256a29009101] 查询 API 定义列表: skip=0, limit=20, user=admin, project_id=1, version_id=1
2026-02-04 14:38:08 | INFO | [4becc13e0ed645a9984cc96256011d72] | app.api.v1.api_definitions | [4becc13e0ed645a9984cc96256011d72] 查询 API 定义列表: skip=0, limit=20, user=admin, project_id=1, version_id=1
2026-02-04 14:38:08 | INFO | [16768628734742bbbc1de92cc7fa6329] | app.api.v1.api_definitions | [16768628734742bbbc1de92cc7fa6329] 查询 API 定义列表: skip=0, limit=20, user=admin, project_id=1, version_id=1
2026-02-04 14:38:10 | INFO | [6c4b70dbf00b4fd08263359c4eefafe3] | app.api.v1.sync_tasks | [6c4b70dbf00b4fd08263359c4eefafe3] 查询同步任务列表: skip=0, limit=20, user=admin, project_id=1
2026-02-04 14:38:10 | INFO | [2dd19490690b471e8e3d5e7c262712e7] | app.api.v1.sync_tasks | [2dd19490690b471e8e3d5e7c262712e7] 查询同步任务列表: skip=0, limit=20, user=admin, project_id=1
2026-02-04 14:41:27 | INFO | [23ace280855a46158ca72ebb5ac4ca88] | app.api.v1.sync_tasks | [23ace280855a46158ca72ebb5ac4ca88] 查询同步任务列表: skip=0, limit=20, user=admin, project_id=1
2026-02-04 14:41:28 | INFO | [311911bf113b479ea08bbf3faaef110c] | app.api.v1.sync_tasks | [311911bf113b479ea08bbf3faaef110c] 查询同步任务列表: skip=0, limit=20, user=admin, project_id=1
2026-02-04 14:43:02 | INFO | [7236fcac36cb4de1a3bd5c911ec67a8a] | app.api.v1.sync_tasks | [7236fcac36cb4de1a3bd5c911ec67a8a] 查询同步任务列表: skip=0, limit=20, user=admin, project_id=1
2026-02-04 14:46:56 | INFO | [441a0de5a065455c834bcff7896fcc76] | root | 日志系统初始化完成
2026-02-04 14:46:56 | INFO | [441a0de5a065455c834bcff7896fcc76] | app.main | 启动异步任务工作线程...
2026-02-04 14:46:56 | INFO | [441a0de5a065455c834bcff7896fcc76] | app.main | 异步任务工作线程已启动
2026-02-04 14:46:56 | INFO | [441a0de5a065455c834bcff7896fcc76] | app.core.async_task.manager | [441a0de5a065455c834bcff7896fcc76] 启动异步任务工作线程
2026-02-04 14:47:02 | INFO | [0cf9ff0442d7482fab6abaffa69e0ea8] | app.api.v1.projects | [0cf9ff0442d7482fab6abaffa69e0ea8] 用户 admin 获取项目列表: page=1, page_size=100
2026-02-04 14:47:02 | INFO | [0cf9ff0442d7482fab6abaffa69e0ea8] | app.api.v1.projects | [0cf9ff0442d7482fab6abaffa69e0ea8] 获取项目列表成功: total=2
2026-02-04 14:47:02 | INFO | [e81de627763c40269ee43598ff0dc8a4] | app.api.v1.versions | [e81de627763c40269ee43598ff0dc8a4] 用户 admin 获取版本列表: project_id=1, page=1, page_size=100
2026-02-04 14:47:02 | INFO | [e81de627763c40269ee43598ff0dc8a4] | app.api.v1.versions | [e81de627763c40269ee43598ff0dc8a4] 用户 admin 查看版本列表 项目 InvenTree (id=1) 的版本
2026-02-04 14:47:02 | INFO | [e81de627763c40269ee43598ff0dc8a4] | app.api.v1.versions | [e81de627763c40269ee43598ff0dc8a4] 获取版本列表成功: total=2
2026-02-04 14:47:02 | INFO | [aeb7234535744c46877488e7f95c2869] | app.api.v1.projects | [aeb7234535744c46877488e7f95c2869] 用户 admin 获取项目列表: page=1, page_size=100
2026-02-04 14:47:02 | INFO | [aeb7234535744c46877488e7f95c2869] | app.api.v1.projects | [aeb7234535744c46877488e7f95c2869] 获取项目列表成功: total=2
2026-02-04 14:47:02 | INFO | [f18f2fb9e2794632b2d880c3adfd10ca] | app.api.v1.projects | [f18f2fb9e2794632b2d880c3adfd10ca] 用户 admin 获取项目列表: page=1, page_size=100
2026-02-04 14:47:02 | INFO | [f18f2fb9e2794632b2d880c3adfd10ca] | app.api.v1.projects | [f18f2fb9e2794632b2d880c3adfd10ca] 获取项目列表成功: total=2
2026-02-04 14:47:02 | INFO | [710efa3b930d441bb7775e29964cd15d] | app.api.v1.sync_tasks | [710efa3b930d441bb7775e29964cd15d] 查询同步任务列表: skip=0, limit=20, user=admin, project_id=1
2026-02-04 14:47:03 | INFO | [29abfd6bcb3c4d3fb700704ee94435a2] | app.api.v1.sync_tasks | [29abfd6bcb3c4d3fb700704ee94435a2] 查询同步任务列表: skip=0, limit=20, user=admin, project_id=1
2026-02-04 14:47:03 | INFO | [236b908e32364a5e987b3b81797ba3bc] | app.api.v1.versions | [236b908e32364a5e987b3b81797ba3bc] 用户 admin 获取版本列表: project_id=1, page=1, page_size=100
2026-02-04 14:47:03 | INFO | [236b908e32364a5e987b3b81797ba3bc] | app.api.v1.versions | [236b908e32364a5e987b3b81797ba3bc] 用户 admin 查看版本列表 项目 InvenTree (id=1) 的版本
2026-02-04 14:47:03 | INFO | [236b908e32364a5e987b3b81797ba3bc] | app.api.v1.versions | [236b908e32364a5e987b3b81797ba3bc] 获取版本列表成功: total=2
2026-02-04 14:47:03 | INFO | [c84856e93844445ea8a8a86fe5a58833] | app.api.v1.projects | [c84856e93844445ea8a8a86fe5a58833] 用户 admin 获取项目列表: page=1, page_size=100
2026-02-04 14:47:03 | INFO | [c84856e93844445ea8a8a86fe5a58833] | app.api.v1.projects | [c84856e93844445ea8a8a86fe5a58833] 获取项目列表成功: total=2
2026-02-04 14:48:41 | INFO | [a93775a28d0243b6aba0d53ed06dd59a] | app.api.v1.api_cases | [a93775a28d0243b6aba0d53ed06dd59a] 查询 API 用例列表: skip=0, limit=20, user=admin, project_id=1
2026-02-04 14:48:41 | INFO | [3b44c942f4ba4a6a8c83be94cdbcd8d1] | app.api.v1.api_definitions | [3b44c942f4ba4a6a8c83be94cdbcd8d1] 查询 API 定义列表: skip=0, limit=200, user=admin, project_id=1, version_id=1
2026-02-04 14:48:41 | INFO | [e8060a1f97484646b2052f2d147ecbbf] | app.api.v1.environments | [e8060a1f97484646b2052f2d147ecbbf] 用户 admin 获取环境列表: project_id=1
2026-02-04 14:48:41 | INFO | [e8060a1f97484646b2052f2d147ecbbf] | app.api.v1.environments | [e8060a1f97484646b2052f2d147ecbbf] 用户 admin 查看环境 项目 InvenTree (id=1) 的环境
2026-02-04 14:48:41 | INFO | [e8060a1f97484646b2052f2d147ecbbf] | app.api.v1.environments | [e8060a1f97484646b2052f2d147ecbbf] 获取环境列表成功: total=1
2026-02-04 14:48:41 | INFO | [53d475798d6943f0b06ffdfb23d76e93] | app.api.v1.api_cases | [53d475798d6943f0b06ffdfb23d76e93] 查询 API 用例列表: skip=0, limit=20, user=admin, project_id=1
2026-02-04 14:48:41 | INFO | [7d33ababfb43489da6b147d32e70f3e5] | app.api.v1.environments | [7d33ababfb43489da6b147d32e70f3e5] 用户 admin 获取环境列表: project_id=1
2026-02-04 14:48:41 | INFO | [7d33ababfb43489da6b147d32e70f3e5] | app.api.v1.environments | [7d33ababfb43489da6b147d32e70f3e5] 用户 admin 查看环境 项目 InvenTree (id=1) 的环境
2026-02-04 14:48:41 | INFO | [7d33ababfb43489da6b147d32e70f3e5] | app.api.v1.environments | [7d33ababfb43489da6b147d32e70f3e5] 获取环境列表成功: total=1
2026-02-04 14:48:41 | INFO | [5d70b130ae864bf29cc786d125104c74] | app.api.v1.api_definitions | [5d70b130ae864bf29cc786d125104c74] 查询 API 定义列表: skip=0, limit=200, user=admin, project_id=1, version_id=1
2026-02-04 14:48:48 | INFO | [3f31efdfd794456ea6f4f69407e7c179] | app.api.v1.sync_tasks | [3f31efdfd794456ea6f4f69407e7c179] 查询同步任务列表: skip=0, limit=20, user=admin, project_id=1
2026-02-04 14:48:48 | INFO | [e7c550acc5da46498b80d805b9fb2ee6] | app.api.v1.sync_tasks | [e7c550acc5da46498b80d805b9fb2ee6] 查询同步任务列表: skip=0, limit=20, user=admin, project_id=1
2026-02-04 14:51:23 | INFO | [b4758d89341a4fa2b43cb5f020d179a0] | app.api.v1.projects | [b4758d89341a4fa2b43cb5f020d179a0] 用户 admin 获取项目列表: page=1, page_size=100
2026-02-04 14:51:23 | INFO | [b4758d89341a4fa2b43cb5f020d179a0] | app.api.v1.projects | [b4758d89341a4fa2b43cb5f020d179a0] 获取项目列表成功: total=2
2026-02-04 14:51:23 | INFO | [afc0a25ad7c640a4938a82b0bb7c85d3] | app.api.v1.sync_tasks | [afc0a25ad7c640a4938a82b0bb7c85d3] 查询同步任务列表: skip=0, limit=20, user=admin, project_id=1
2026-02-04 14:51:23 | INFO | [e6024429d0014576a96b643e0184fcc5] | app.api.v1.projects | [e6024429d0014576a96b643e0184fcc5] 用户 admin 获取项目列表: page=1, page_size=100
2026-02-04 14:51:23 | INFO | [e6024429d0014576a96b643e0184fcc5] | app.api.v1.projects | [e6024429d0014576a96b643e0184fcc5] 获取项目列表成功: total=2
2026-02-04 14:51:23 | INFO | [32ca32b57fae42eda4bfa8cb59085368] | app.api.v1.versions | [32ca32b57fae42eda4bfa8cb59085368] 用户 admin 获取版本列表: project_id=1, page=1, page_size=100
2026-02-04 14:51:23 | INFO | [32ca32b57fae42eda4bfa8cb59085368] | app.api.v1.versions | [32ca32b57fae42eda4bfa8cb59085368] 用户 admin 查看版本列表 项目 InvenTree (id=1) 的版本
2026-02-04 14:51:23 | INFO | [32ca32b57fae42eda4bfa8cb59085368] | app.api.v1.versions | [32ca32b57fae42eda4bfa8cb59085368] 获取版本列表成功: total=2
2026-02-04 14:51:23 | INFO | [fd81196104624bdcb7b9d25454368ab7] | app.api.v1.sync_tasks | [fd81196104624bdcb7b9d25454368ab7] 查询同步任务列表: skip=0, limit=20, user=admin, project_id=1
2026-02-04 14:51:23 | INFO | [7de3417e4c7c4851a4649f14f8cbee34] | app.api.v1.projects | [7de3417e4c7c4851a4649f14f8cbee34] 用户 admin 获取项目列表: page=1, page_size=100
2026-02-04 14:51:23 | INFO | [7de3417e4c7c4851a4649f14f8cbee34] | app.api.v1.projects | [7de3417e4c7c4851a4649f14f8cbee34] 获取项目列表成功: total=2
2026-02-04 14:51:23 | INFO | [e1986d5ef1504770821522d906d1de7a] | app.api.v1.versions | [e1986d5ef1504770821522d906d1de7a] 用户 admin 获取版本列表: project_id=1, page=1, page_size=100
2026-02-04 14:51:23 | INFO | [e1986d5ef1504770821522d906d1de7a] | app.api.v1.versions | [e1986d5ef1504770821522d906d1de7a] 用户 admin 查看版本列表 项目 InvenTree (id=1) 的版本
2026-02-04 14:51:23 | INFO | [e1986d5ef1504770821522d906d1de7a] | app.api.v1.versions | [e1986d5ef1504770821522d906d1de7a] 获取版本列表成功: total=2
2026-02-04 14:51:24 | INFO | [f700e06996f746748717b27d42604945] | app.api.v1.projects | [f700e06996f746748717b27d42604945] 用户 admin 获取项目列表: page=1, page_size=100
2026-02-04 14:51:24 | INFO | [f700e06996f746748717b27d42604945] | app.api.v1.projects | [f700e06996f746748717b27d42604945] 获取项目列表成功: total=2
2026-02-04 14:52:18 | INFO | [0940ef85bf4e4720ad3cd2f60ee890d5] | app.api.v1.sync_tasks | [0940ef85bf4e4720ad3cd2f60ee890d5] 查询同步任务列表: skip=0, limit=20, user=admin, project_id=1
2026-02-04 14:52:22 | INFO | [575827fed9914d55a9de9dc17eed6d8d] | app.api.v1.sync_tasks | [575827fed9914d55a9de9dc17eed6d8d] 查询同步任务列表: skip=0, limit=20, user=admin, project_id=1
2026-02-04 14:52:22 | INFO | [3b15ee271fc2442c8703c74299cf0d45] | app.api.v1.sync_tasks | [3b15ee271fc2442c8703c74299cf0d45] 查询同步任务列表: skip=0, limit=20, user=admin, project_id=1
2026-02-04 14:52:37 | INFO | [6efb216df873409eaec2df87b6ad68cf] | app.api.v1.sync_tasks | [6efb216df873409eaec2df87b6ad68cf] 查询同步任务列表: skip=0, limit=20, user=admin, project_id=1
2026-02-04 14:52:37 | INFO | [612c544d66a24ec5a4a8328fdefd82b0] | app.api.v1.sync_tasks | [612c544d66a24ec5a4a8328fdefd82b0] 查询同步任务列表: skip=0, limit=20, user=admin, project_id=1
2026-02-04 14:52:38 | INFO | [e46c74d4347445aeb2c8822a920e3b20] | app.api.v1.sync_tasks | [e46c74d4347445aeb2c8822a920e3b20] 查询同步任务列表: skip=0, limit=20, user=admin, project_id=1
2026-02-04 14:52:56 | INFO | [97e80e2e80b74c7dbdf63de27d6eb5ae] | app.api.v1.sync_tasks | [97e80e2e80b74c7dbdf63de27d6eb5ae] 查询同步任务列表: skip=0, limit=20, user=admin, project_id=1
2026-02-04 14:53:09 | INFO | [adc7e5db752b46cd928645f9987607f7] | app.api.v1.sync_tasks | [adc7e5db752b46cd928645f9987607f7] 查询同步任务列表: skip=0, limit=20, user=admin, project_id=1
2026-02-04 14:53:09 | INFO | [c759404735394660bc977ad788a2a749] | app.api.v1.sync_tasks | [c759404735394660bc977ad788a2a749] 查询同步任务列表: skip=0, limit=20, user=admin, project_id=1
2026-02-04 14:53:14 | INFO | [5ecf8cbc19074c59942e70ad0168efa0] | app.api.v1.sync_tasks | [5ecf8cbc19074c59942e70ad0168efa0] 查询同步任务列表: skip=0, limit=20, user=admin, project_id=1
2026-02-04 14:53:14 | INFO | [bd187205c38e4d138a73fd71acccf233] | app.api.v1.sync_tasks | [bd187205c38e4d138a73fd71acccf233] 查询同步任务列表: skip=0, limit=20, user=admin, project_id=1
2026-02-04 14:53:15 | INFO | [fe0c1499c7c44e7b95bf21aa452867d0] | app.api.v1.sync_tasks | [fe0c1499c7c44e7b95bf21aa452867d0] 查询同步任务列表: skip=0, limit=20, user=admin, project_id=1
2026-02-04 14:53:15 | INFO | [583d87f71db747d681837ef31850aca7] | app.api.v1.sync_tasks | [583d87f71db747d681837ef31850aca7] 查询同步任务列表: skip=0, limit=20, user=admin, project_id=1
2026-02-04 14:53:59 | INFO | [e0b55bfe7b874251ba596a2fc322989a] | app.api.v1.sync_tasks | [e0b55bfe7b874251ba596a2fc322989a] 查询同步任务列表: skip=0, limit=20, user=admin, project_id=1
2026-02-04 14:53:59 | INFO | [f2502e706fab47a3a397fab7f4813ce8] | app.api.v1.sync_tasks | [f2502e706fab47a3a397fab7f4813ce8] 查询同步任务列表: skip=0, limit=20, user=admin, project_id=1
2026-02-04 14:54:18 | INFO | [0c7a2fdd56e846569804d7170cb8d26e] | app.api.v1.projects | [0c7a2fdd56e846569804d7170cb8d26e] 用户 admin 获取项目列表: page=1, page_size=100
2026-02-04 14:54:18 | INFO | [0c7a2fdd56e846569804d7170cb8d26e] | app.api.v1.projects | [0c7a2fdd56e846569804d7170cb8d26e] 获取项目列表成功: total=2
2026-02-04 14:54:18 | INFO | [75be694006334501985290ed5e04a546] | app.api.v1.sync_tasks | [75be694006334501985290ed5e04a546] 查询同步任务列表: skip=0, limit=20, user=admin, project_id=1
2026-02-04 14:54:18 | INFO | [c5e8e5481030452aa2811d4e96d64870] | app.api.v1.projects | [c5e8e5481030452aa2811d4e96d64870] 用户 admin 获取项目列表: page=1, page_size=100
2026-02-04 14:54:18 | INFO | [c5e8e5481030452aa2811d4e96d64870] | app.api.v1.projects | [c5e8e5481030452aa2811d4e96d64870] 获取项目列表成功: total=2
2026-02-04 14:54:18 | INFO | [d7f4d6be31854c56bf2575ed1b83c2b5] | app.api.v1.versions | [d7f4d6be31854c56bf2575ed1b83c2b5] 用户 admin 获取版本列表: project_id=1, page=1, page_size=100
2026-02-04 14:54:18 | INFO | [d7f4d6be31854c56bf2575ed1b83c2b5] | app.api.v1.versions | [d7f4d6be31854c56bf2575ed1b83c2b5] 用户 admin 查看版本列表 项目 InvenTree (id=1) 的版本
2026-02-04 14:54:18 | INFO | [d7f4d6be31854c56bf2575ed1b83c2b5] | app.api.v1.versions | [d7f4d6be31854c56bf2575ed1b83c2b5] 获取版本列表成功: total=2
2026-02-04 14:54:18 | INFO | [8221dd77617c4feb9c7cb3b13e651219] | app.api.v1.sync_tasks | [8221dd77617c4feb9c7cb3b13e651219] 查询同步任务列表: skip=0, limit=20, user=admin, project_id=1
2026-02-04 14:54:18 | INFO | [a6922010d0d84ef2ab2d81257260860c] | app.api.v1.projects | [a6922010d0d84ef2ab2d81257260860c] 用户 admin 获取项目列表: page=1, page_size=100
2026-02-04 14:54:18 | INFO | [a6922010d0d84ef2ab2d81257260860c] | app.api.v1.projects | [a6922010d0d84ef2ab2d81257260860c] 获取项目列表成功: total=2
2026-02-04 14:54:18 | INFO | [791b5640ed6247a88f7148e30e20a593] | app.api.v1.versions | [791b5640ed6247a88f7148e30e20a593] 用户 admin 获取版本列表: project_id=1, page=1, page_size=100
2026-02-04 14:54:18 | INFO | [791b5640ed6247a88f7148e30e20a593] | app.api.v1.versions | [791b5640ed6247a88f7148e30e20a593] 用户 admin 查看版本列表 项目 InvenTree (id=1) 的版本
2026-02-04 14:54:18 | INFO | [791b5640ed6247a88f7148e30e20a593] | app.api.v1.versions | [791b5640ed6247a88f7148e30e20a593] 获取版本列表成功: total=2
2026-02-04 14:54:18 | INFO | [b57ad48bfccf4e899490e5ead856ef5f] | app.api.v1.projects | [b57ad48bfccf4e899490e5ead856ef5f] 用户 admin 获取项目列表: page=1, page_size=100
2026-02-04 14:54:18 | INFO | [b57ad48bfccf4e899490e5ead856ef5f] | app.api.v1.projects | [b57ad48bfccf4e899490e5ead856ef5f] 获取项目列表成功: total=2
2026-02-04 14:54:30 | INFO | [df7d0756785440c7ad30b826fddd74d8] | app.api.v1.sync_tasks | [df7d0756785440c7ad30b826fddd74d8] 查询同步任务列表: skip=0, limit=20, user=admin, project_id=1
2026-02-04 14:54:33 | INFO | [c503b74bf8e044ed89370d6fa05d78db] | app.api.v1.api_definitions | [c503b74bf8e044ed89370d6fa05d78db] 查询 API 定义列表: skip=0, limit=20, user=admin, project_id=1, version_id=1
2026-02-04 14:54:33 | INFO | [2bcd3a7911cb4ac894e5f99a993fea8a] | app.api.v1.api_definitions | [2bcd3a7911cb4ac894e5f99a993fea8a] 查询 API 定义列表: skip=0, limit=20, user=admin, project_id=1, version_id=1
2026-02-04 14:54:33 | INFO | [baa6e971ef574b94a3c467cc766b76ed] | app.api.v1.api_definitions | [baa6e971ef574b94a3c467cc766b76ed] 查询 API 定义列表: skip=0, limit=20, user=admin, project_id=1, version_id=1
2026-02-04 14:54:35 | INFO | [5c431bb555124ba98072d5c1656b5a8b] | app.api.v1.sync_tasks | [5c431bb555124ba98072d5c1656b5a8b] 查询同步任务列表: skip=0, limit=20, user=admin, project_id=1
2026-02-04 14:54:35 | INFO | [29d14d4109874311901af0b6bb5f3096] | app.api.v1.sync_tasks | [29d14d4109874311901af0b6bb5f3096] 查询同步任务列表: skip=0, limit=20, user=admin, project_id=1
2026-02-04 14:57:00 | INFO | [27917a3f445845b2a4f73aaec9ac03d6] | app.api.v1.sync_tasks | [27917a3f445845b2a4f73aaec9ac03d6] 查询同步任务列表: skip=0, limit=20, user=admin, project_id=1
2026-02-04 14:57:00 | INFO | [7c89640a5748479f8ac3fd007d50c58e] | app.api.v1.sync_tasks | [7c89640a5748479f8ac3fd007d50c58e] 查询同步任务列表: skip=0, limit=20, user=admin, project_id=1
2026-02-04 14:57:15 | INFO | [a67eb1f842c84ad0b2c095fbda8f6892] | app.api.v1.sync_tasks | [a67eb1f842c84ad0b2c095fbda8f6892] 查询同步任务列表: skip=0, limit=20, user=admin, project_id=1
2026-02-04 14:57:15 | INFO | [0e5d80d62d7b4f19a5a8e3a816447402] | app.api.v1.sync_tasks | [0e5d80d62d7b4f19a5a8e3a816447402] 查询同步任务列表: skip=0, limit=20, user=admin, project_id=1
2026-02-04 15:02:55 | INFO | [a9436a8bb4c3434ca774499d4ce61580] | root | 日志系统初始化完成
2026-02-04 15:02:55 | INFO | [a9436a8bb4c3434ca774499d4ce61580] | app.main | 启动异步任务工作线程...
2026-02-04 15:02:55 | INFO | [a9436a8bb4c3434ca774499d4ce61580] | app.main | 异步任务工作线程已启动
2026-02-04 15:02:55 | INFO | [a9436a8bb4c3434ca774499d4ce61580] | app.core.async_task.manager | [a9436a8bb4c3434ca774499d4ce61580] 启动异步任务工作线程
2026-02-04 15:03:26 | INFO | [fd7c2758562848e180cbddbb92a4a2e2] | root | 日志系统初始化完成
2026-02-04 15:03:26 | INFO | [fd7c2758562848e180cbddbb92a4a2e2] | app.main | 启动异步任务工作线程...
2026-02-04 15:03:26 | INFO | [fd7c2758562848e180cbddbb92a4a2e2] | app.main | 异步任务工作线程已启动
2026-02-04 15:03:26 | INFO | [fd7c2758562848e180cbddbb92a4a2e2] | app.core.async_task.manager | [fd7c2758562848e180cbddbb92a4a2e2] 启动异步任务工作线程
2026-02-04 15:03:51 | INFO | [af4ede141bca4e5d9122b514273a3611] | root | 日志系统初始化完成
2026-02-04 15:03:51 | INFO | [af4ede141bca4e5d9122b514273a3611] | app.main | 启动异步任务工作线程...
2026-02-04 15:03:51 | INFO | [af4ede141bca4e5d9122b514273a3611] | app.main | 异步任务工作线程已启动
2026-02-04 15:03:51 | INFO | [af4ede141bca4e5d9122b514273a3611] | app.core.async_task.manager | [af4ede141bca4e5d9122b514273a3611] 启动异步任务工作线程
2026-02-04 15:04:39 | INFO | [88d47e450af64b33a4b51e4d27bd91c6] | app.api.v1.sync_tasks | [88d47e450af64b33a4b51e4d27bd91c6] 查询同步任务列表: skip=0, limit=20, user=admin, project_id=1
2026-02-04 15:05:30 | INFO | [14d65f3457ef4cc1b061f2122709351a] | root | 日志系统初始化完成
2026-02-04 15:05:30 | INFO | [14d65f3457ef4cc1b061f2122709351a] | app.main | 启动异步任务工作线程...
2026-02-04 15:05:30 | INFO | [14d65f3457ef4cc1b061f2122709351a] | app.main | 异步任务工作线程已启动
2026-02-04 15:05:30 | INFO | [14d65f3457ef4cc1b061f2122709351a] | app.core.async_task.manager | [14d65f3457ef4cc1b061f2122709351a] 启动异步任务工作线程
2026-02-04 15:07:07 | INFO | [852c31765a2e40608071f79bd798beec] | app.api.v1.sync_tasks | [852c31765a2e40608071f79bd798beec] 查询同步任务列表: skip=0, limit=20, user=admin, project_id=1
2026-02-04 15:07:08 | INFO | [5ff58a170e084f5e91dca997e342e786] | app.api.v1.sync_tasks | [5ff58a170e084f5e91dca997e342e786] 查询同步任务列表: skip=0, limit=20, user=admin, project_id=1
2026-02-04 15:07:31 | INFO | [8dc44f36e5854035a0d16e1b105e0be4] | root | 日志系统初始化完成
2026-02-04 15:07:32 | INFO | [8dc44f36e5854035a0d16e1b105e0be4] | app.main | 启动异步任务工作线程...
2026-02-04 15:07:32 | INFO | [8dc44f36e5854035a0d16e1b105e0be4] | app.main | 异步任务工作线程已启动
2026-02-04 15:07:32 | INFO | [8dc44f36e5854035a0d16e1b105e0be4] | app.core.async_task.manager | [8dc44f36e5854035a0d16e1b105e0be4] 启动异步任务工作线程
2026-02-04 15:08:18 | INFO | [1b44a0af42c145218c1f54f9887e2857] | app.api.v1.sync_tasks | [1b44a0af42c145218c1f54f9887e2857] 查询同步任务列表: skip=0, limit=20, user=admin, project_id=1
2026-02-04 15:08:32 | INFO | [a1401dbc73db455597f3acab05adeeca] | app.api.v1.projects | [a1401dbc73db455597f3acab05adeeca] 用户 admin 获取项目列表: page=1, page_size=100
2026-02-04 15:08:32 | INFO | [a1401dbc73db455597f3acab05adeeca] | app.api.v1.projects | [a1401dbc73db455597f3acab05adeeca] 获取项目列表成功: total=2
2026-02-04 15:08:32 | INFO | [69ab8066f1ba4a1bba63e410eea1b343] | app.api.v1.versions | [69ab8066f1ba4a1bba63e410eea1b343] 用户 admin 获取版本列表: project_id=1, page=1, page_size=100
2026-02-04 15:08:32 | INFO | [69ab8066f1ba4a1bba63e410eea1b343] | app.api.v1.versions | [69ab8066f1ba4a1bba63e410eea1b343] 用户 admin 查看版本列表 项目 InvenTree (id=1) 的版本
2026-02-04 15:08:32 | INFO | [69ab8066f1ba4a1bba63e410eea1b343] | app.api.v1.versions | [69ab8066f1ba4a1bba63e410eea1b343] 获取版本列表成功: total=2
2026-02-04 15:08:32 | INFO | [5b1b42396969464baad7fb4d18fdcdcb] | app.api.v1.versions | [5b1b42396969464baad7fb4d18fdcdcb] 用户 admin 获取版本列表: project_id=1, page=1, page_size=100
2026-02-04 15:08:32 | INFO | [5b1b42396969464baad7fb4d18fdcdcb] | app.api.v1.versions | [5b1b42396969464baad7fb4d18fdcdcb] 用户 admin 查看版本列表 项目 InvenTree (id=1) 的版本
2026-02-04 15:08:32 | INFO | [5b1b42396969464baad7fb4d18fdcdcb] | app.api.v1.versions | [5b1b42396969464baad7fb4d18fdcdcb] 获取版本列表成功: total=2
2026-02-04 15:08:32 | INFO | [3ff5f5ee4f984b72b79b2f28c9414a26] | app.api.v1.projects | [3ff5f5ee4f984b72b79b2f28c9414a26] 用户 admin 获取项目列表: page=1, page_size=100
2026-02-04 15:08:32 | INFO | [3ff5f5ee4f984b72b79b2f28c9414a26] | app.api.v1.projects | [3ff5f5ee4f984b72b79b2f28c9414a26] 获取项目列表成功: total=2
2026-02-04 15:08:32 | INFO | [35c0455a67d245259943ea5aa9758077] | app.api.v1.projects | [35c0455a67d245259943ea5aa9758077] 用户 admin 获取项目列表: page=1, page_size=100
2026-02-04 15:08:32 | INFO | [35c0455a67d245259943ea5aa9758077] | app.api.v1.projects | [35c0455a67d245259943ea5aa9758077] 获取项目列表成功: total=2
2026-02-04 15:08:32 | INFO | [7d908fad57c34f7fa64ef9c340bc859c] | app.api.v1.projects | [7d908fad57c34f7fa64ef9c340bc859c] 用户 admin 获取项目列表: page=1, page_size=100
2026-02-04 15:08:32 | INFO | [7d908fad57c34f7fa64ef9c340bc859c] | app.api.v1.projects | [7d908fad57c34f7fa64ef9c340bc859c] 获取项目列表成功: total=2
2026-02-04 15:11:54 | INFO | [9d9aa0b87087445f83c43654d8c4c398] | app.api.v1.projects | [9d9aa0b87087445f83c43654d8c4c398] 用户 admin 获取项目列表: page=1, page_size=100
2026-02-04 15:11:54 | INFO | [9d9aa0b87087445f83c43654d8c4c398] | app.api.v1.projects | [9d9aa0b87087445f83c43654d8c4c398] 获取项目列表成功: total=2
2026-02-04 15:11:54 | INFO | [ca083a9129be4439be9d2a7659a63a15] | app.api.v1.versions | [ca083a9129be4439be9d2a7659a63a15] 用户 admin 获取版本列表: project_id=1, page=1, page_size=100
2026-02-04 15:11:54 | INFO | [ca083a9129be4439be9d2a7659a63a15] | app.api.v1.versions | [ca083a9129be4439be9d2a7659a63a15] 用户 admin 查看版本列表 项目 InvenTree (id=1) 的版本
2026-02-04 15:11:54 | INFO | [ca083a9129be4439be9d2a7659a63a15] | app.api.v1.versions | [ca083a9129be4439be9d2a7659a63a15] 获取版本列表成功: total=2
2026-02-04 15:11:54 | INFO | [a06b3a4cb1a540118eee4b8853dd90f2] | app.api.v1.projects | [a06b3a4cb1a540118eee4b8853dd90f2] 用户 admin 获取项目列表: page=1, page_size=100
2026-02-04 15:11:54 | INFO | [a06b3a4cb1a540118eee4b8853dd90f2] | app.api.v1.projects | [a06b3a4cb1a540118eee4b8853dd90f2] 获取项目列表成功: total=2
2026-02-04 15:11:54 | INFO | [1453c97d159c48c2be03e6798527a1f6] | app.api.v1.versions | [1453c97d159c48c2be03e6798527a1f6] 用户 admin 获取版本列表: project_id=1, page=1, page_size=100
2026-02-04 15:11:54 | INFO | [1453c97d159c48c2be03e6798527a1f6] | app.api.v1.versions | [1453c97d159c48c2be03e6798527a1f6] 用户 admin 查看版本列表 项目 InvenTree (id=1) 的版本
2026-02-04 15:11:54 | INFO | [1453c97d159c48c2be03e6798527a1f6] | app.api.v1.versions | [1453c97d159c48c2be03e6798527a1f6] 获取版本列表成功: total=2
2026-02-04 15:11:54 | INFO | [b58859a2659e4ac18786cbcccd717fae] | app.api.v1.projects | [b58859a2659e4ac18786cbcccd717fae] 用户 admin 获取项目列表: page=1, page_size=100
2026-02-04 15:11:54 | INFO | [b58859a2659e4ac18786cbcccd717fae] | app.api.v1.projects | [b58859a2659e4ac18786cbcccd717fae] 获取项目列表成功: total=2
2026-02-04 15:11:54 | INFO | [7f852937a4ac43b594622e561655bec7] | app.api.v1.projects | [7f852937a4ac43b594622e561655bec7] 用户 admin 获取项目列表: page=1, page_size=100
2026-02-04 15:11:54 | INFO | [7f852937a4ac43b594622e561655bec7] | app.api.v1.projects | [7f852937a4ac43b594622e561655bec7] 获取项目列表成功: total=2
2026-02-04 15:13:02 | INFO | [8296adf93f0a4f39adfaaa7b6292a04a] | app.api.v1.projects | [8296adf93f0a4f39adfaaa7b6292a04a] 用户 admin 获取项目列表: page=1, page_size=100
2026-02-04 15:13:02 | INFO | [8296adf93f0a4f39adfaaa7b6292a04a] | app.api.v1.projects | [8296adf93f0a4f39adfaaa7b6292a04a] 获取项目列表成功: total=2
2026-02-04 15:13:02 | INFO | [34cd9aacbc7c4df0b1e4c83902816fc4] | app.api.v1.versions | [34cd9aacbc7c4df0b1e4c83902816fc4] 用户 admin 获取版本列表: project_id=1, page=1, page_size=100
2026-02-04 15:13:02 | INFO | [34cd9aacbc7c4df0b1e4c83902816fc4] | app.api.v1.versions | [34cd9aacbc7c4df0b1e4c83902816fc4] 用户 admin 查看版本列表 项目 InvenTree (id=1) 的版本
2026-02-04 15:13:02 | INFO | [34cd9aacbc7c4df0b1e4c83902816fc4] | app.api.v1.versions | [34cd9aacbc7c4df0b1e4c83902816fc4] 获取版本列表成功: total=2
2026-02-04 15:13:02 | INFO | [3097c8382d55404faaa6a9cb493738dd] | app.api.v1.projects | [3097c8382d55404faaa6a9cb493738dd] 用户 admin 获取项目列表: page=1, page_size=100
2026-02-04 15:13:02 | INFO | [3097c8382d55404faaa6a9cb493738dd] | app.api.v1.projects | [3097c8382d55404faaa6a9cb493738dd] 获取项目列表成功: total=2
2026-02-04 15:13:02 | INFO | [588d27b09a48446eb245e535e71a111f] | app.api.v1.projects | [588d27b09a48446eb245e535e71a111f] 用户 admin 获取项目列表: page=1, page_size=100
2026-02-04 15:13:02 | INFO | [588d27b09a48446eb245e535e71a111f] | app.api.v1.projects | [588d27b09a48446eb245e535e71a111f] 获取项目列表成功: total=2
2026-02-04 15:13:02 | INFO | [4b949b98ef854de0958214bc8b8a4a9f] | app.api.v1.projects | [4b949b98ef854de0958214bc8b8a4a9f] 用户 admin 获取项目列表: page=1, page_size=100
2026-02-04 15:13:02 | INFO | [4b949b98ef854de0958214bc8b8a4a9f] | app.api.v1.projects | [4b949b98ef854de0958214bc8b8a4a9f] 获取项目列表成功: total=2
2026-02-04 15:13:02 | INFO | [a7da1b6e8a28489ea8787ec3d815e45d] | app.api.v1.versions | [a7da1b6e8a28489ea8787ec3d815e45d] 用户 admin 获取版本列表: project_id=1, page=1, page_size=100
2026-02-04 15:13:02 | INFO | [a7da1b6e8a28489ea8787ec3d815e45d] | app.api.v1.versions | [a7da1b6e8a28489ea8787ec3d815e45d] 用户 admin 查看版本列表 项目 InvenTree (id=1) 的版本
2026-02-04 15:13:02 | INFO | [a7da1b6e8a28489ea8787ec3d815e45d] | app.api.v1.versions | [a7da1b6e8a28489ea8787ec3d815e45d] 获取版本列表成功: total=2
2026-02-04 15:13:31 | INFO | [071948fe8060442a9b93bb68215234fe] | app.api.v1.projects | [071948fe8060442a9b93bb68215234fe] 用户 admin 获取项目列表: page=1, page_size=100
2026-02-04 15:13:31 | INFO | [071948fe8060442a9b93bb68215234fe] | app.api.v1.projects | [071948fe8060442a9b93bb68215234fe] 获取项目列表成功: total=2
2026-02-04 15:13:31 | INFO | [79bfc341a4d6423ea9e43b81ec7bbd9c] | app.api.v1.versions | [79bfc341a4d6423ea9e43b81ec7bbd9c] 用户 admin 获取版本列表: project_id=1, page=1, page_size=100
2026-02-04 15:13:31 | INFO | [79bfc341a4d6423ea9e43b81ec7bbd9c] | app.api.v1.versions | [79bfc341a4d6423ea9e43b81ec7bbd9c] 用户 admin 查看版本列表 项目 InvenTree (id=1) 的版本
2026-02-04 15:13:31 | INFO | [79bfc341a4d6423ea9e43b81ec7bbd9c] | app.api.v1.versions | [79bfc341a4d6423ea9e43b81ec7bbd9c] 获取版本列表成功: total=2
2026-02-04 15:13:31 | INFO | [35388f2381454024a37ace70dac69644] | app.api.v1.projects | [35388f2381454024a37ace70dac69644] 用户 admin 获取项目列表: page=1, page_size=100
2026-02-04 15:13:31 | INFO | [35388f2381454024a37ace70dac69644] | app.api.v1.projects | [35388f2381454024a37ace70dac69644] 获取项目列表成功: total=2
2026-02-04 15:13:31 | INFO | [4e777f925079482da65ad61cca9b0fb8] | app.api.v1.projects | [4e777f925079482da65ad61cca9b0fb8] 用户 admin 获取项目列表: page=1, page_size=100
2026-02-04 15:13:31 | INFO | [4e777f925079482da65ad61cca9b0fb8] | app.api.v1.projects | [4e777f925079482da65ad61cca9b0fb8] 获取项目列表成功: total=2
2026-02-04 15:13:31 | INFO | [6edbb19e8eb84949a22c355ac63bb3b7] | app.api.v1.versions | [6edbb19e8eb84949a22c355ac63bb3b7] 用户 admin 获取版本列表: project_id=1, page=1, page_size=100
2026-02-04 15:13:31 | INFO | [6edbb19e8eb84949a22c355ac63bb3b7] | app.api.v1.versions | [6edbb19e8eb84949a22c355ac63bb3b7] 用户 admin 查看版本列表 项目 InvenTree (id=1) 的版本
2026-02-04 15:13:31 | INFO | [6edbb19e8eb84949a22c355ac63bb3b7] | app.api.v1.versions | [6edbb19e8eb84949a22c355ac63bb3b7] 获取版本列表成功: total=2
2026-02-04 15:13:31 | INFO | [bcfc28f22dab4d3183b7efa5db1dd183] | app.api.v1.projects | [bcfc28f22dab4d3183b7efa5db1dd183] 用户 admin 获取项目列表: page=1, page_size=100
2026-02-04 15:13:31 | INFO | [bcfc28f22dab4d3183b7efa5db1dd183] | app.api.v1.projects | [bcfc28f22dab4d3183b7efa5db1dd183] 获取项目列表成功: total=2
2026-02-04 15:14:05 | INFO | [75be7a4c7b9f44df9c965580c8e64908] | app.api.v1.sync_tasks | [75be7a4c7b9f44df9c965580c8e64908] 查询同步任务列表: skip=0, limit=20, user=admin, project_id=1
2026-02-04 15:14:05 | INFO | [2c2c7b73bb5a4dad81fa48c9d1e83c13] | app.api.v1.sync_tasks | [2c2c7b73bb5a4dad81fa48c9d1e83c13] 查询同步任务列表: skip=0, limit=20, user=admin, project_id=1
2026-02-04 15:14:25 | INFO | [2d5f8dbb6d114fc0bd97249786cab5ba] | app.api.v1.sync_tasks | [2d5f8dbb6d114fc0bd97249786cab5ba] 查询同步任务列表: skip=0, limit=20, user=admin, project_id=1
2026-02-04 15:16:13 | INFO | [e440b57bd0d94b3eac59e7ad12b44602] | app.api.v1.api_definitions | [e440b57bd0d94b3eac59e7ad12b44602] 查询 API 定义列表: skip=0, limit=50, user=admin, project_id=1, version_id=1
2026-02-04 15:16:13 | INFO | [11b08d2141ab45768cd07283fd26d3e4] | app.api.v1.api_definitions | [11b08d2141ab45768cd07283fd26d3e4] 查询 API 定义列表: skip=0, limit=50, user=admin, project_id=1, version_id=1
2026-02-04 15:16:16 | INFO | [cd2fadd811ae4c48b09563c1cfa62776] | app.api.v1.sync_tasks | [cd2fadd811ae4c48b09563c1cfa62776] 查询同步任务列表: skip=0, limit=20, user=admin, project_id=1
2026-02-04 15:16:16 | INFO | [38d4fcf7e23d43cb8d3f54c5d416f08d] | app.api.v1.sync_tasks | [38d4fcf7e23d43cb8d3f54c5d416f08d] 查询同步任务列表: skip=0, limit=20, user=admin, project_id=1
2026-02-04 15:16:19 | INFO | [ca4b3ea6b4554f958ed9b7e3c70702f3] | app.api.v1.api_definitions | [ca4b3ea6b4554f958ed9b7e3c70702f3] 查询 API 定义列表: skip=0, limit=50, user=admin, project_id=1, version_id=1
2026-02-04 15:16:19 | INFO | [cab315759f4b45d0952cf7e400ca49d2] | app.api.v1.api_definitions | [cab315759f4b45d0952cf7e400ca49d2] 查询 API 定义列表: skip=0, limit=50, user=admin, project_id=1, version_id=1
2026-02-04 15:18:47 | INFO | [6bae16ab83874f7db4b57dba01072fc6] | app.api.v1.sync_tasks | [6bae16ab83874f7db4b57dba01072fc6] 查询同步任务列表: skip=0, limit=20, user=admin, project_id=1
2026-02-04 15:18:47 | INFO | [cc15783385864c788c4e8430a3dc7dbf] | app.api.v1.sync_tasks | [cc15783385864c788c4e8430a3dc7dbf] 查询同步任务列表: skip=0, limit=20, user=admin, project_id=1
2026-02-04 15:19:33 | INFO | [2cc19caa80b9421baa86c158e80a8b47] | app.api.v1.sync_tasks | [2cc19caa80b9421baa86c158e80a8b47] 查询同步任务列表: skip=0, limit=20, user=admin, project_id=1
2026-02-04 15:44:41 | INFO | [58d85a9b86454d7cb6b599373f3b0714] | app.api.v1.projects | [58d85a9b86454d7cb6b599373f3b0714] 用户 admin 获取项目列表: page=1, page_size=100
2026-02-04 15:44:41 | INFO | [58d85a9b86454d7cb6b599373f3b0714] | app.api.v1.projects | [58d85a9b86454d7cb6b599373f3b0714] 获取项目列表成功: total=2
2026-02-04 15:44:41 | INFO | [819c27e00f0847da862a1d4cb5b37bfd] | app.api.v1.projects | [819c27e00f0847da862a1d4cb5b37bfd] 用户 admin 获取项目列表: page=1, page_size=100
2026-02-04 15:44:41 | INFO | [819c27e00f0847da862a1d4cb5b37bfd] | app.api.v1.projects | [819c27e00f0847da862a1d4cb5b37bfd] 获取项目列表成功: total=2
2026-02-04 15:44:41 | INFO | [e3eb2946230146e99ec149a7902eed71] | app.api.v1.versions | [e3eb2946230146e99ec149a7902eed71] 用户 admin 获取版本列表: project_id=1, page=1, page_size=100
2026-02-04 15:44:41 | INFO | [e3eb2946230146e99ec149a7902eed71] | app.api.v1.versions | [e3eb2946230146e99ec149a7902eed71] 用户 admin 查看版本列表 项目 InvenTree (id=1) 的版本
2026-02-04 15:44:41 | INFO | [e3eb2946230146e99ec149a7902eed71] | app.api.v1.versions | [e3eb2946230146e99ec149a7902eed71] 获取版本列表成功: total=2
2026-02-04 15:44:41 | INFO | [44b501dd90e6473da3d8d56c7752c23b] | app.api.v1.sync_tasks | [44b501dd90e6473da3d8d56c7752c23b] 查询同步任务列表: skip=0, limit=20, user=admin, project_id=1
2026-02-04 15:44:41 | INFO | [12f9980d287e408baa6f4671c7d3f5e9] | app.api.v1.sync_tasks | [12f9980d287e408baa6f4671c7d3f5e9] 查询同步任务列表: skip=0, limit=20, user=admin, project_id=1
2026-02-04 15:44:41 | INFO | [c56d5bddfc004a57949b7931c9b0429f] | app.api.v1.versions | [c56d5bddfc004a57949b7931c9b0429f] 用户 admin 获取版本列表: project_id=1, page=1, page_size=100
2026-02-04 15:44:41 | INFO | [c56d5bddfc004a57949b7931c9b0429f] | app.api.v1.versions | [c56d5bddfc004a57949b7931c9b0429f] 用户 admin 查看版本列表 项目 InvenTree (id=1) 的版本
2026-02-04 15:44:41 | INFO | [c56d5bddfc004a57949b7931c9b0429f] | app.api.v1.versions | [c56d5bddfc004a57949b7931c9b0429f] 获取版本列表成功: total=2
2026-02-04 15:44:41 | INFO | [6e6a989dc93a4042a7e9b6c63a53bd04] | app.api.v1.projects | [6e6a989dc93a4042a7e9b6c63a53bd04] 用户 admin 获取项目列表: page=1, page_size=100
2026-02-04 15:44:41 | INFO | [6e6a989dc93a4042a7e9b6c63a53bd04] | app.api.v1.projects | [6e6a989dc93a4042a7e9b6c63a53bd04] 获取项目列表成功: total=2
2026-02-04 15:44:41 | INFO | [e5d0db7970574a0da3639038ab781c73] | app.api.v1.projects | [e5d0db7970574a0da3639038ab781c73] 用户 admin 获取项目列表: page=1, page_size=100
2026-02-04 15:44:41 | INFO | [e5d0db7970574a0da3639038ab781c73] | app.api.v1.projects | [e5d0db7970574a0da3639038ab781c73] 获取项目列表成功: total=2
2026-02-04 15:50:49 | INFO | [e9b943867e2d4129a7233c120f0a9b6b] | app.api.v1.projects | [e9b943867e2d4129a7233c120f0a9b6b] 用户 admin 获取项目列表: page=1, page_size=100
2026-02-04 15:50:49 | INFO | [e9b943867e2d4129a7233c120f0a9b6b] | app.api.v1.projects | [e9b943867e2d4129a7233c120f0a9b6b] 获取项目列表成功: total=2
2026-02-04 15:50:49 | INFO | [540cda7f6c544f3ca9f5ecd7fb372f53] | app.api.v1.projects | [540cda7f6c544f3ca9f5ecd7fb372f53] 用户 admin 获取项目列表: page=1, page_size=100
2026-02-04 15:50:49 | INFO | [540cda7f6c544f3ca9f5ecd7fb372f53] | app.api.v1.projects | [540cda7f6c544f3ca9f5ecd7fb372f53] 获取项目列表成功: total=2
2026-02-04 15:50:49 | INFO | [cd754a4700764220ac9c2e22c00b6c1d] | app.api.v1.versions | [cd754a4700764220ac9c2e22c00b6c1d] 用户 admin 获取版本列表: project_id=1, page=1, page_size=100
2026-02-04 15:50:49 | INFO | [cd754a4700764220ac9c2e22c00b6c1d] | app.api.v1.versions | [cd754a4700764220ac9c2e22c00b6c1d] 用户 admin 查看版本列表 项目 InvenTree (id=1) 的版本
2026-02-04 15:50:49 | INFO | [cd754a4700764220ac9c2e22c00b6c1d] | app.api.v1.versions | [cd754a4700764220ac9c2e22c00b6c1d] 获取版本列表成功: total=2
2026-02-04 15:50:49 | INFO | [16259c23eeda496093beb689c05f2109] | app.api.v1.projects | [16259c23eeda496093beb689c05f2109] 用户 admin 获取项目列表: page=1, page_size=100
2026-02-04 15:50:49 | INFO | [16259c23eeda496093beb689c05f2109] | app.api.v1.projects | [16259c23eeda496093beb689c05f2109] 获取项目列表成功: total=2
2026-02-04 15:50:49 | INFO | [142df7eb595a4a4ab293e8d202a61f9d] | app.api.v1.projects | [142df7eb595a4a4ab293e8d202a61f9d] 用户 admin 获取项目列表: page=1, page_size=100
2026-02-04 15:50:49 | INFO | [142df7eb595a4a4ab293e8d202a61f9d] | app.api.v1.projects | [142df7eb595a4a4ab293e8d202a61f9d] 获取项目列表成功: total=2
2026-02-04 15:50:49 | INFO | [68652307b81045c6903a71ff2cc31f78] | app.api.v1.versions | [68652307b81045c6903a71ff2cc31f78] 用户 admin 获取版本列表: project_id=1, page=1, page_size=100
2026-02-04 15:50:49 | INFO | [68652307b81045c6903a71ff2cc31f78] | app.api.v1.versions | [68652307b81045c6903a71ff2cc31f78] 用户 admin 查看版本列表 项目 InvenTree (id=1) 的版本
2026-02-04 15:50:49 | INFO | [68652307b81045c6903a71ff2cc31f78] | app.api.v1.versions | [68652307b81045c6903a71ff2cc31f78] 获取版本列表成功: total=2
2026-02-04 15:50:52 | INFO | [8ad8afbcb1c441e6bfee101c6fc4e1e7] | app.api.v1.sync_tasks | [8ad8afbcb1c441e6bfee101c6fc4e1e7] 查询同步任务列表: skip=0, limit=20, user=admin, project_id=1
2026-02-04 15:50:52 | INFO | [d2847cc2907e46b9bb5627a93c98b59d] | app.api.v1.sync_tasks | [d2847cc2907e46b9bb5627a93c98b59d] 查询同步任务列表: skip=0, limit=20, user=admin, project_id=1
2026-02-04 15:51:02 | INFO | [fd1dc20025544db7ba48201958a3c0a9] | app.api.v1.sync_tasks | [fd1dc20025544db7ba48201958a3c0a9] 应用变更: task_id=12, user=admin
2026-02-04 15:51:02 | ERROR | [fd1dc20025544db7ba48201958a3c0a9] | app.api.v1.sync_tasks | [fd1dc20025544db7ba48201958a3c0a9] 应用变更失败: 'is_active' is an invalid keyword argument for ApiDefinition
Traceback (most recent call last):
  File "D:\code\BugSeek\backend\app\api\v1\sync_tasks.py", line 559, in _apply_changes_impl
    new_endpoint = ApiDefinition(
  File "<string>", line 4, in __init__
  File "C:\Users\81026\AppData\Local\Programs\Python\Python310\lib\site-packages\sqlalchemy\orm\state.py", line 596, in _initialize_instance
    with util.safe_reraise():
  File "C:\Users\81026\AppData\Local\Programs\Python\Python310\lib\site-packages\sqlalchemy\util\langhelpers.py", line 224, in __exit__
    raise exc_value.with_traceback(exc_tb)
  File "C:\Users\81026\AppData\Local\Programs\Python\Python310\lib\site-packages\sqlalchemy\orm\state.py", line 594, in _initialize_instance
    manager.original_init(*mixed[1:], **kwargs)
  File "C:\Users\81026\AppData\Local\Programs\Python\Python310\lib\site-packages\sqlalchemy\orm\decl_base.py", line 2179, in _declarative_constructor
    raise TypeError(
TypeError: 'is_active' is an invalid keyword argument for ApiDefinition
2026-02-04 15:51:02 | ERROR | [fd1dc20025544db7ba48201958a3c0a9] | app.api.v1.sync_tasks | [fd1dc20025544db7ba48201958a3c0a9] 应用变更失败: 'is_active' is an invalid keyword argument for ApiDefinition
Traceback (most recent call last):
  File "D:\code\BugSeek\backend\app\api\v1\sync_tasks.py", line 712, in apply_changes
    result = _apply_changes_impl(db, task, request.operations, trace_id)
  File "D:\code\BugSeek\backend\app\api\v1\sync_tasks.py", line 559, in _apply_changes_impl
    new_endpoint = ApiDefinition(
  File "<string>", line 4, in __init__
  File "C:\Users\81026\AppData\Local\Programs\Python\Python310\lib\site-packages\sqlalchemy\orm\state.py", line 596, in _initialize_instance
    with util.safe_reraise():
  File "C:\Users\81026\AppData\Local\Programs\Python\Python310\lib\site-packages\sqlalchemy\util\langhelpers.py", line 224, in __exit__
    raise exc_value.with_traceback(exc_tb)
  File "C:\Users\81026\AppData\Local\Programs\Python\Python310\lib\site-packages\sqlalchemy\orm\state.py", line 594, in _initialize_instance
    manager.original_init(*mixed[1:], **kwargs)
  File "C:\Users\81026\AppData\Local\Programs\Python\Python310\lib\site-packages\sqlalchemy\orm\decl_base.py", line 2179, in _declarative_constructor
    raise TypeError(
TypeError: 'is_active' is an invalid keyword argument for ApiDefinition
2026-02-04 15:51:02 | ERROR | [fd1dc20025544db7ba48201958a3c0a9] | app.dependencies | 数据库会话异常: 500: 应用变更失败：'is_active' is an invalid keyword argument for ApiDefinition
Traceback (most recent call last):
  File "D:\code\BugSeek\backend\app\api\v1\sync_tasks.py", line 712, in apply_changes
    result = _apply_changes_impl(db, task, request.operations, trace_id)
  File "D:\code\BugSeek\backend\app\api\v1\sync_tasks.py", line 559, in _apply_changes_impl
    new_endpoint = ApiDefinition(
  File "<string>", line 4, in __init__
  File "C:\Users\81026\AppData\Local\Programs\Python\Python310\lib\site-packages\sqlalchemy\orm\state.py", line 596, in _initialize_instance
    with util.safe_reraise():
  File "C:\Users\81026\AppData\Local\Programs\Python\Python310\lib\site-packages\sqlalchemy\util\langhelpers.py", line 224, in __exit__
    raise exc_value.with_traceback(exc_tb)
  File "C:\Users\81026\AppData\Local\Programs\Python\Python310\lib\site-packages\sqlalchemy\orm\state.py", line 594, in _initialize_instance
    manager.original_init(*mixed[1:], **kwargs)
  File "C:\Users\81026\AppData\Local\Programs\Python\Python310\lib\site-packages\sqlalchemy\orm\decl_base.py", line 2179, in _declarative_constructor
    raise TypeError(
TypeError: 'is_active' is an invalid keyword argument for ApiDefinition

During handling of the above exception, another exception occurred:

Traceback (most recent call last):
  File "D:\code\BugSeek\backend\app\dependencies.py", line 19, in get_db
    yield db
  File "C:\Users\81026\AppData\Local\Programs\Python\Python310\lib\site-packages\fastapi\concurrency.py", line 29, in contextmanager_in_threadpool
    yield await run_in_threadpool(cm.__enter__)
  File "C:\Users\81026\AppData\Local\Programs\Python\Python310\lib\site-packages\fastapi\routing.py", line 101, in app
    response = await f(request)
  File "C:\Users\81026\AppData\Local\Programs\Python\Python310\lib\site-packages\fastapi\routing.py", line 355, in app
    raw_response = await run_endpoint_function(
  File "C:\Users\81026\AppData\Local\Programs\Python\Python310\lib\site-packages\fastapi\routing.py", line 243, in run_endpoint_function
    return await dependant.call(**values)
  File "D:\code\BugSeek\backend\app\api\v1\sync_tasks.py", line 724, in apply_changes
    raise HTTPException(
fastapi.exceptions.HTTPException: 500: 应用变更失败：'is_active' is an invalid keyword argument for ApiDefinition
2026-02-04 16:04:23 | INFO | [be1f0585bf854a0e931901d373ca007a] | root | 日志系统初始化完成
2026-02-04 16:04:23 | INFO | [be1f0585bf854a0e931901d373ca007a] | app.main | 启动异步任务工作线程...
2026-02-04 16:04:23 | INFO | [be1f0585bf854a0e931901d373ca007a] | app.main | 异步任务工作线程已启动
2026-02-04 16:04:23 | INFO | [be1f0585bf854a0e931901d373ca007a] | app.core.async_task.manager | [be1f0585bf854a0e931901d373ca007a] 启动异步任务工作线程
2026-02-04 16:05:01 | INFO | [8f0f7b7ba03549098b120e50aa7d8c26] | app.api.v1.projects | [8f0f7b7ba03549098b120e50aa7d8c26] 用户 admin 获取项目列表: page=1, page_size=100
2026-02-04 16:05:01 | INFO | [8f0f7b7ba03549098b120e50aa7d8c26] | app.api.v1.projects | [8f0f7b7ba03549098b120e50aa7d8c26] 获取项目列表成功: total=2
2026-02-04 16:05:01 | INFO | [f613ebcf2d5b458e8e9a7d63d6e55646] | app.api.v1.projects | [f613ebcf2d5b458e8e9a7d63d6e55646] 用户 admin 获取项目列表: page=1, page_size=100
2026-02-04 16:05:01 | INFO | [f613ebcf2d5b458e8e9a7d63d6e55646] | app.api.v1.projects | [f613ebcf2d5b458e8e9a7d63d6e55646] 获取项目列表成功: total=2
2026-02-04 16:05:01 | INFO | [d2ba4c66e52e4a29af67398a333f8aed] | app.api.v1.projects | [d2ba4c66e52e4a29af67398a333f8aed] 用户 admin 获取项目列表: page=1, page_size=100
2026-02-04 16:05:01 | INFO | [d2ba4c66e52e4a29af67398a333f8aed] | app.api.v1.projects | [d2ba4c66e52e4a29af67398a333f8aed] 获取项目列表成功: total=2
2026-02-04 16:05:01 | INFO | [e9f3bbda54244d06a61768c76907cbe9] | app.api.v1.versions | [e9f3bbda54244d06a61768c76907cbe9] 用户 admin 获取版本列表: project_id=1, page=1, page_size=100
2026-02-04 16:05:01 | INFO | [e9f3bbda54244d06a61768c76907cbe9] | app.api.v1.versions | [e9f3bbda54244d06a61768c76907cbe9] 用户 admin 查看版本列表 项目 InvenTree (id=1) 的版本
2026-02-04 16:05:01 | INFO | [e9f3bbda54244d06a61768c76907cbe9] | app.api.v1.versions | [e9f3bbda54244d06a61768c76907cbe9] 获取版本列表成功: total=2
2026-02-04 16:05:01 | INFO | [1d67abbcda2a4a1cb16e3b6aaaf2dafb] | app.api.v1.projects | [1d67abbcda2a4a1cb16e3b6aaaf2dafb] 用户 admin 获取项目列表: page=1, page_size=100
2026-02-04 16:05:01 | INFO | [1d67abbcda2a4a1cb16e3b6aaaf2dafb] | app.api.v1.projects | [1d67abbcda2a4a1cb16e3b6aaaf2dafb] 获取项目列表成功: total=2
2026-02-04 16:05:01 | INFO | [61d21378181e4f5e802ae84c02e0b6e6] | app.api.v1.versions | [61d21378181e4f5e802ae84c02e0b6e6] 用户 admin 获取版本列表: project_id=1, page=1, page_size=100
2026-02-04 16:05:01 | INFO | [61d21378181e4f5e802ae84c02e0b6e6] | app.api.v1.versions | [61d21378181e4f5e802ae84c02e0b6e6] 用户 admin 查看版本列表 项目 InvenTree (id=1) 的版本
2026-02-04 16:05:01 | INFO | [61d21378181e4f5e802ae84c02e0b6e6] | app.api.v1.versions | [61d21378181e4f5e802ae84c02e0b6e6] 获取版本列表成功: total=2
2026-02-04 16:05:06 | INFO | [7e68f7dac4d9440abee59c6e69e5476a] | app.api.v1.auth | 用户登录请求: username=ruyukun
2026-02-04 16:05:06 | WARNING | [7e68f7dac4d9440abee59c6e69e5476a] | app.api.v1.auth | 登录失败: 用户名或密码错误 - ruyukun
2026-02-04 16:05:06 | ERROR | [7e68f7dac4d9440abee59c6e69e5476a] | app.dependencies | 数据库会话异常: 401: 用户名或密码错误
Traceback (most recent call last):
  File "D:\code\BugSeek\backend\app\dependencies.py", line 19, in get_db
    yield db
  File "C:\Users\81026\AppData\Local\Programs\Python\Python310\lib\site-packages\fastapi\concurrency.py", line 29, in contextmanager_in_threadpool
    yield await run_in_threadpool(cm.__enter__)
  File "C:\Users\81026\AppData\Local\Programs\Python\Python310\lib\site-packages\fastapi\routing.py", line 101, in app
    response = await f(request)
  File "C:\Users\81026\AppData\Local\Programs\Python\Python310\lib\site-packages\fastapi\routing.py", line 355, in app
    raw_response = await run_endpoint_function(
  File "C:\Users\81026\AppData\Local\Programs\Python\Python310\lib\site-packages\fastapi\routing.py", line 243, in run_endpoint_function
    return await dependant.call(**values)
  File "D:\code\BugSeek\backend\app\api\v1\auth.py", line 136, in login
    raise HTTPException(
fastapi.exceptions.HTTPException: 401: 用户名或密码错误
2026-02-04 16:05:07 | INFO | [c9f8d3ecb37b4fedb1e9800e31a251c7] | app.api.v1.auth | 用户登录请求: username=ruyukun
2026-02-04 16:05:07 | WARNING | [c9f8d3ecb37b4fedb1e9800e31a251c7] | app.api.v1.auth | 登录失败: 用户名或密码错误 - ruyukun
2026-02-04 16:05:07 | ERROR | [c9f8d3ecb37b4fedb1e9800e31a251c7] | app.dependencies | 数据库会话异常: 401: 用户名或密码错误
Traceback (most recent call last):
  File "D:\code\BugSeek\backend\app\dependencies.py", line 19, in get_db
    yield db
  File "C:\Users\81026\AppData\Local\Programs\Python\Python310\lib\site-packages\fastapi\concurrency.py", line 29, in contextmanager_in_threadpool
    yield await run_in_threadpool(cm.__enter__)
  File "C:\Users\81026\AppData\Local\Programs\Python\Python310\lib\site-packages\fastapi\routing.py", line 101, in app
    response = await f(request)
  File "C:\Users\81026\AppData\Local\Programs\Python\Python310\lib\site-packages\fastapi\routing.py", line 355, in app
    raw_response = await run_endpoint_function(
  File "C:\Users\81026\AppData\Local\Programs\Python\Python310\lib\site-packages\fastapi\routing.py", line 243, in run_endpoint_function
    return await dependant.call(**values)
  File "D:\code\BugSeek\backend\app\api\v1\auth.py", line 136, in login
    raise HTTPException(
fastapi.exceptions.HTTPException: 401: 用户名或密码错误
2026-02-04 16:05:08 | INFO | [a1ff7d1b72af468296ace2796edc3f7a] | app.api.v1.auth | 用户登录请求: username=ruyukun
2026-02-04 16:05:08 | WARNING | [a1ff7d1b72af468296ace2796edc3f7a] | app.api.v1.auth | 登录失败: 用户名或密码错误 - ruyukun
2026-02-04 16:05:08 | ERROR | [a1ff7d1b72af468296ace2796edc3f7a] | app.dependencies | 数据库会话异常: 401: 用户名或密码错误
Traceback (most recent call last):
  File "D:\code\BugSeek\backend\app\dependencies.py", line 19, in get_db
    yield db
  File "C:\Users\81026\AppData\Local\Programs\Python\Python310\lib\site-packages\fastapi\concurrency.py", line 29, in contextmanager_in_threadpool
    yield await run_in_threadpool(cm.__enter__)
  File "C:\Users\81026\AppData\Local\Programs\Python\Python310\lib\site-packages\fastapi\routing.py", line 101, in app
    response = await f(request)
  File "C:\Users\81026\AppData\Local\Programs\Python\Python310\lib\site-packages\fastapi\routing.py", line 355, in app
    raw_response = await run_endpoint_function(
  File "C:\Users\81026\AppData\Local\Programs\Python\Python310\lib\site-packages\fastapi\routing.py", line 243, in run_endpoint_function
    return await dependant.call(**values)
  File "D:\code\BugSeek\backend\app\api\v1\auth.py", line 136, in login
    raise HTTPException(
fastapi.exceptions.HTTPException: 401: 用户名或密码错误
2026-02-04 16:05:11 | INFO | [91a6606abf6e453bb38c6bfb20ba466e] | app.api.v1.auth | 用户登录请求: username=ruyukun
2026-02-04 16:05:11 | WARNING | [91a6606abf6e453bb38c6bfb20ba466e] | app.api.v1.auth | 登录失败: 用户名或密码错误 - ruyukun
2026-02-04 16:05:11 | ERROR | [91a6606abf6e453bb38c6bfb20ba466e] | app.dependencies | 数据库会话异常: 401: 用户名或密码错误
Traceback (most recent call last):
  File "D:\code\BugSeek\backend\app\dependencies.py", line 19, in get_db
    yield db
  File "C:\Users\81026\AppData\Local\Programs\Python\Python310\lib\site-packages\fastapi\concurrency.py", line 29, in contextmanager_in_threadpool
    yield await run_in_threadpool(cm.__enter__)
  File "C:\Users\81026\AppData\Local\Programs\Python\Python310\lib\site-packages\fastapi\routing.py", line 101, in app
    response = await f(request)
  File "C:\Users\81026\AppData\Local\Programs\Python\Python310\lib\site-packages\fastapi\routing.py", line 355, in app
    raw_response = await run_endpoint_function(
  File "C:\Users\81026\AppData\Local\Programs\Python\Python310\lib\site-packages\fastapi\routing.py", line 243, in run_endpoint_function
    return await dependant.call(**values)
  File "D:\code\BugSeek\backend\app\api\v1\auth.py", line 136, in login
    raise HTTPException(
fastapi.exceptions.HTTPException: 401: 用户名或密码错误
2026-02-04 16:05:29 | INFO | [0cc5d07396724a9cb0dd156dd3d68192] | app.api.v1.projects | [0cc5d07396724a9cb0dd156dd3d68192] 用户 admin 获取项目列表: page=1, page_size=100
2026-02-04 16:05:29 | INFO | [0cc5d07396724a9cb0dd156dd3d68192] | app.api.v1.projects | [0cc5d07396724a9cb0dd156dd3d68192] 获取项目列表成功: total=2
2026-02-04 16:05:29 | INFO | [2e9f15baf4cb4c449e997fb81899eaf1] | app.api.v1.projects | [2e9f15baf4cb4c449e997fb81899eaf1] 用户 admin 获取项目列表: page=1, page_size=100
2026-02-04 16:05:29 | INFO | [2e9f15baf4cb4c449e997fb81899eaf1] | app.api.v1.projects | [2e9f15baf4cb4c449e997fb81899eaf1] 获取项目列表成功: total=2
2026-02-04 16:05:29 | INFO | [08794282baa0443f87a37e6db303b4bb] | app.api.v1.versions | [08794282baa0443f87a37e6db303b4bb] 用户 admin 获取版本列表: project_id=1, page=1, page_size=100
2026-02-04 16:05:29 | INFO | [08794282baa0443f87a37e6db303b4bb] | app.api.v1.versions | [08794282baa0443f87a37e6db303b4bb] 用户 admin 查看版本列表 项目 InvenTree (id=1) 的版本
2026-02-04 16:05:29 | INFO | [08794282baa0443f87a37e6db303b4bb] | app.api.v1.versions | [08794282baa0443f87a37e6db303b4bb] 获取版本列表成功: total=2
2026-02-04 16:05:29 | INFO | [48a04854fab249a18673d496c03b06bc] | app.api.v1.projects | [48a04854fab249a18673d496c03b06bc] 用户 admin 获取项目列表: page=1, page_size=100
2026-02-04 16:05:29 | INFO | [48a04854fab249a18673d496c03b06bc] | app.api.v1.projects | [48a04854fab249a18673d496c03b06bc] 获取项目列表成功: total=2
2026-02-04 16:05:29 | INFO | [bfe97757091748ea9ff60beb6e66ceb5] | app.api.v1.projects | [bfe97757091748ea9ff60beb6e66ceb5] 用户 admin 获取项目列表: page=1, page_size=100
2026-02-04 16:05:29 | INFO | [bfe97757091748ea9ff60beb6e66ceb5] | app.api.v1.projects | [bfe97757091748ea9ff60beb6e66ceb5] 获取项目列表成功: total=2
2026-02-04 16:05:29 | INFO | [22e920cde7e14826bfdfca9c6fb1e566] | app.api.v1.versions | [22e920cde7e14826bfdfca9c6fb1e566] 用户 admin 获取版本列表: project_id=1, page=1, page_size=100
2026-02-04 16:05:29 | INFO | [22e920cde7e14826bfdfca9c6fb1e566] | app.api.v1.versions | [22e920cde7e14826bfdfca9c6fb1e566] 用户 admin 查看版本列表 项目 InvenTree (id=1) 的版本
2026-02-04 16:05:29 | INFO | [22e920cde7e14826bfdfca9c6fb1e566] | app.api.v1.versions | [22e920cde7e14826bfdfca9c6fb1e566] 获取版本列表成功: total=2
2026-02-04 16:05:35 | INFO | [b084d2a2edaa413eb13d5a92a0a43c78] | app.api.v1.projects | [b084d2a2edaa413eb13d5a92a0a43c78] 用户 admin 获取项目列表: page=1, page_size=10
2026-02-04 16:05:35 | INFO | [b084d2a2edaa413eb13d5a92a0a43c78] | app.api.v1.projects | [b084d2a2edaa413eb13d5a92a0a43c78] 获取项目列表成功: total=2
2026-02-04 16:05:35 | INFO | [a05a6fca68e74e5ca294502f9ac40fda] | app.api.v1.projects | [a05a6fca68e74e5ca294502f9ac40fda] 用户 admin 获取项目列表: page=1, page_size=10
2026-02-04 16:05:35 | INFO | [a05a6fca68e74e5ca294502f9ac40fda] | app.api.v1.projects | [a05a6fca68e74e5ca294502f9ac40fda] 获取项目列表成功: total=2
2026-02-04 16:08:39 | INFO | [8f65a6c85cb04dfc8006d5779e9238ed] | app.api.v1.projects | [8f65a6c85cb04dfc8006d5779e9238ed] 用户 admin 获取项目列表: page=1, page_size=100
2026-02-04 16:08:39 | INFO | [8f65a6c85cb04dfc8006d5779e9238ed] | app.api.v1.projects | [8f65a6c85cb04dfc8006d5779e9238ed] 获取项目列表成功: total=2
2026-02-04 16:08:39 | INFO | [ad4dfc713fd04851bcac22fbc225d949] | app.api.v1.projects | [ad4dfc713fd04851bcac22fbc225d949] 用户 admin 获取项目列表: page=1, page_size=100
2026-02-04 16:08:39 | INFO | [ad4dfc713fd04851bcac22fbc225d949] | app.api.v1.projects | [ad4dfc713fd04851bcac22fbc225d949] 获取项目列表成功: total=2
2026-02-04 16:08:39 | INFO | [0808d2036b9c43d9a47024fd5f5a5ae5] | app.api.v1.versions | [0808d2036b9c43d9a47024fd5f5a5ae5] 用户 admin 获取版本列表: project_id=1, page=1, page_size=100
2026-02-04 16:08:39 | INFO | [0808d2036b9c43d9a47024fd5f5a5ae5] | app.api.v1.versions | [0808d2036b9c43d9a47024fd5f5a5ae5] 用户 admin 查看版本列表 项目 InvenTree (id=1) 的版本
2026-02-04 16:08:39 | INFO | [0808d2036b9c43d9a47024fd5f5a5ae5] | app.api.v1.versions | [0808d2036b9c43d9a47024fd5f5a5ae5] 获取版本列表成功: total=2
2026-02-04 16:08:39 | INFO | [a4e687c2f0b3400380e52f097adf282e] | app.api.v1.projects | [a4e687c2f0b3400380e52f097adf282e] 用户 admin 获取项目列表: page=1, page_size=100
2026-02-04 16:08:39 | INFO | [a4e687c2f0b3400380e52f097adf282e] | app.api.v1.projects | [a4e687c2f0b3400380e52f097adf282e] 获取项目列表成功: total=2
2026-02-04 16:08:39 | INFO | [e76bc3458929418d933fccad5f526a5c] | app.api.v1.projects | [e76bc3458929418d933fccad5f526a5c] 用户 admin 获取项目列表: page=1, page_size=100
2026-02-04 16:08:39 | INFO | [e76bc3458929418d933fccad5f526a5c] | app.api.v1.projects | [e76bc3458929418d933fccad5f526a5c] 获取项目列表成功: total=2
2026-02-04 16:08:39 | INFO | [9e38949402cd43049891f3e6bc1f6993] | app.api.v1.versions | [9e38949402cd43049891f3e6bc1f6993] 用户 admin 获取版本列表: project_id=1, page=1, page_size=100
2026-02-04 16:08:39 | INFO | [9e38949402cd43049891f3e6bc1f6993] | app.api.v1.versions | [9e38949402cd43049891f3e6bc1f6993] 用户 admin 查看版本列表 项目 InvenTree (id=1) 的版本
2026-02-04 16:08:39 | INFO | [9e38949402cd43049891f3e6bc1f6993] | app.api.v1.versions | [9e38949402cd43049891f3e6bc1f6993] 获取版本列表成功: total=2
2026-02-04 16:08:46 | INFO | [4ad29d84785f43d6a06d9a1503c2d330] | app.api.v1.auth | 用户登录请求: username=admin
2026-02-04 16:08:46 | INFO | [4ad29d84785f43d6a06d9a1503c2d330] | app.api.v1.auth | 用户登录成功: user_id=1, username=admin
2026-02-04 16:08:47 | INFO | [2019b8d8e9b144f7a377556e21823388] | app.api.v1.projects | [2019b8d8e9b144f7a377556e21823388] 用户 admin 获取项目列表: page=1, page_size=100
2026-02-04 16:08:47 | INFO | [2019b8d8e9b144f7a377556e21823388] | app.api.v1.projects | [2019b8d8e9b144f7a377556e21823388] 获取项目列表成功: total=2
2026-02-04 16:08:47 | INFO | [c81545bf271b4dd4ab45a015c4c2608b] | app.api.v1.versions | [c81545bf271b4dd4ab45a015c4c2608b] 用户 admin 获取版本列表: project_id=1, page=1, page_size=100
2026-02-04 16:08:47 | INFO | [c81545bf271b4dd4ab45a015c4c2608b] | app.api.v1.versions | [c81545bf271b4dd4ab45a015c4c2608b] 用户 admin 查看版本列表 项目 InvenTree (id=1) 的版本
2026-02-04 16:08:47 | INFO | [c81545bf271b4dd4ab45a015c4c2608b] | app.api.v1.versions | [c81545bf271b4dd4ab45a015c4c2608b] 获取版本列表成功: total=2
2026-02-04 16:08:47 | INFO | [3165154fac104a9f84167b3efe407924] | app.api.v1.projects | [3165154fac104a9f84167b3efe407924] 用户 admin 获取项目列表: page=1, page_size=100
2026-02-04 16:08:47 | INFO | [3165154fac104a9f84167b3efe407924] | app.api.v1.projects | [3165154fac104a9f84167b3efe407924] 获取项目列表成功: total=2
2026-02-04 16:08:47 | INFO | [c8b817929f7e4e338ce6fe889894dfe7] | app.api.v1.versions | [c8b817929f7e4e338ce6fe889894dfe7] 用户 admin 获取版本列表: project_id=1, page=1, page_size=100
2026-02-04 16:08:47 | INFO | [c8b817929f7e4e338ce6fe889894dfe7] | app.api.v1.versions | [c8b817929f7e4e338ce6fe889894dfe7] 用户 admin 查看版本列表 项目 InvenTree (id=1) 的版本
2026-02-04 16:08:47 | INFO | [c8b817929f7e4e338ce6fe889894dfe7] | app.api.v1.versions | [c8b817929f7e4e338ce6fe889894dfe7] 获取版本列表成功: total=2
2026-02-04 16:08:47 | INFO | [dacc6d844b874a50b795f535f6328743] | app.api.v1.projects | [dacc6d844b874a50b795f535f6328743] 用户 admin 获取项目列表: page=1, page_size=100
2026-02-04 16:08:47 | INFO | [dacc6d844b874a50b795f535f6328743] | app.api.v1.projects | [dacc6d844b874a50b795f535f6328743] 获取项目列表成功: total=2
2026-02-04 16:08:47 | INFO | [55b3dc7546164af9bc3caaedbd072fc6] | app.api.v1.projects | [55b3dc7546164af9bc3caaedbd072fc6] 用户 admin 获取项目列表: page=1, page_size=100
2026-02-04 16:08:47 | INFO | [55b3dc7546164af9bc3caaedbd072fc6] | app.api.v1.projects | [55b3dc7546164af9bc3caaedbd072fc6] 获取项目列表成功: total=2
2026-02-04 16:08:51 | INFO | [bc99614781284b238e4e65d762cfb9c2] | app.api.v1.sync_tasks | [bc99614781284b238e4e65d762cfb9c2] 查询同步任务列表: skip=0, limit=20, user=admin, project_id=1
2026-02-04 16:08:51 | INFO | [9bb3a186571d4d0e90c01ded8b0a290c] | app.api.v1.sync_tasks | [9bb3a186571d4d0e90c01ded8b0a290c] 查询同步任务列表: skip=0, limit=20, user=admin, project_id=1
2026-02-04 16:24:55 | INFO | [738bfe6044f0466b92f0201d6f689e49] | app.api.v1.projects | [738bfe6044f0466b92f0201d6f689e49] 用户 admin 获取项目列表: page=1, page_size=100
2026-02-04 16:24:55 | INFO | [738bfe6044f0466b92f0201d6f689e49] | app.api.v1.projects | [738bfe6044f0466b92f0201d6f689e49] 获取项目列表成功: total=2
2026-02-04 16:24:55 | INFO | [287cb21f7fe7494bae7d9b274809527c] | app.api.v1.projects | [287cb21f7fe7494bae7d9b274809527c] 用户 admin 获取项目列表: page=1, page_size=100
2026-02-04 16:24:55 | INFO | [287cb21f7fe7494bae7d9b274809527c] | app.api.v1.projects | [287cb21f7fe7494bae7d9b274809527c] 获取项目列表成功: total=2
2026-02-04 16:24:55 | INFO | [b7af8617874443fc8bfce9231c765018] | app.api.v1.projects | [b7af8617874443fc8bfce9231c765018] 用户 admin 获取项目列表: page=1, page_size=100
2026-02-04 16:24:55 | INFO | [b7af8617874443fc8bfce9231c765018] | app.api.v1.projects | [b7af8617874443fc8bfce9231c765018] 获取项目列表成功: total=2
2026-02-04 16:24:55 | INFO | [dcabb39165bb48cdb69dabf45681a8f6] | app.api.v1.api_definitions | [dcabb39165bb48cdb69dabf45681a8f6] 查询 API 定义列表: skip=0, limit=50, user=admin, project_id=1, version_id=1
2026-02-04 16:24:55 | INFO | [3d4bd05ffd5c4328a9ea506b50205d7b] | app.api.v1.versions | [3d4bd05ffd5c4328a9ea506b50205d7b] 用户 admin 获取版本列表: project_id=1, page=1, page_size=100
2026-02-04 16:24:55 | INFO | [3d4bd05ffd5c4328a9ea506b50205d7b] | app.api.v1.versions | [3d4bd05ffd5c4328a9ea506b50205d7b] 用户 admin 查看版本列表 项目 InvenTree (id=1) 的版本
2026-02-04 16:24:55 | INFO | [3d4bd05ffd5c4328a9ea506b50205d7b] | app.api.v1.versions | [3d4bd05ffd5c4328a9ea506b50205d7b] 获取版本列表成功: total=2
2026-02-04 16:24:55 | INFO | [f84d4497a8b44faabd09c34256d47f3e] | app.api.v1.api_definitions | [f84d4497a8b44faabd09c34256d47f3e] 查询 API 定义列表: skip=0, limit=50, user=admin, project_id=1, version_id=1
2026-02-04 16:24:55 | INFO | [790a5dbe32c44a41be4c11ec80c3cf22] | app.api.v1.projects | [790a5dbe32c44a41be4c11ec80c3cf22] 用户 admin 获取项目列表: page=1, page_size=100
2026-02-04 16:24:55 | INFO | [790a5dbe32c44a41be4c11ec80c3cf22] | app.api.v1.projects | [790a5dbe32c44a41be4c11ec80c3cf22] 获取项目列表成功: total=2
2026-02-04 16:24:55 | INFO | [d679519b5cc640b6895c0896ff547cf3] | app.api.v1.versions | [d679519b5cc640b6895c0896ff547cf3] 用户 admin 获取版本列表: project_id=1, page=1, page_size=100
2026-02-04 16:24:55 | INFO | [d679519b5cc640b6895c0896ff547cf3] | app.api.v1.versions | [d679519b5cc640b6895c0896ff547cf3] 用户 admin 查看版本列表 项目 InvenTree (id=1) 的版本
2026-02-04 16:24:55 | INFO | [d679519b5cc640b6895c0896ff547cf3] | app.api.v1.versions | [d679519b5cc640b6895c0896ff547cf3] 获取版本列表成功: total=2
2026-02-04 16:25:00 | INFO | [ed7ff86f17e84f3fa7eb157afedda4a3] | app.api.v1.sync_tasks | [ed7ff86f17e84f3fa7eb157afedda4a3] 查询同步任务列表: skip=0, limit=20, user=admin, project_id=1
2026-02-04 16:25:00 | INFO | [d77ecd660ab74fabb25e4feb1e2ec23a] | app.api.v1.sync_tasks | [d77ecd660ab74fabb25e4feb1e2ec23a] 查询同步任务列表: skip=0, limit=20, user=admin, project_id=1
2026-02-04 16:25:02 | INFO | [d03f22955b494ba8a1da65d41468dc2c] | app.api.v1.api_cases | [d03f22955b494ba8a1da65d41468dc2c] 查询 API 用例列表: skip=0, limit=20, user=admin, project_id=1
2026-02-04 16:25:02 | INFO | [4369388585624e8e8faae6ad0258e9c4] | app.api.v1.api_definitions | [4369388585624e8e8faae6ad0258e9c4] 查询 API 定义列表: skip=0, limit=200, user=admin, project_id=1, version_id=1
2026-02-04 16:25:02 | INFO | [17b6346b0e924e38a586fada87da2dc2] | app.api.v1.api_cases | [17b6346b0e924e38a586fada87da2dc2] 查询 API 用例列表: skip=0, limit=20, user=admin, project_id=1
2026-02-04 16:25:02 | INFO | [e5bb0d8321d7446aa0afff0f6acb9435] | app.api.v1.api_definitions | [e5bb0d8321d7446aa0afff0f6acb9435] 查询 API 定义列表: skip=0, limit=200, user=admin, project_id=1, version_id=1
2026-02-04 16:25:02 | INFO | [457f359fec524b77bc16560918976fbe] | app.api.v1.environments | [457f359fec524b77bc16560918976fbe] 用户 admin 获取环境列表: project_id=1
2026-02-04 16:25:02 | INFO | [457f359fec524b77bc16560918976fbe] | app.api.v1.environments | [457f359fec524b77bc16560918976fbe] 用户 admin 查看环境 项目 InvenTree (id=1) 的环境
2026-02-04 16:25:02 | INFO | [457f359fec524b77bc16560918976fbe] | app.api.v1.environments | [457f359fec524b77bc16560918976fbe] 获取环境列表成功: total=1
2026-02-04 16:25:02 | INFO | [e1a9fe5945ee4075bc2d0c242622733d] | app.api.v1.environments | [e1a9fe5945ee4075bc2d0c242622733d] 用户 admin 获取环境列表: project_id=1
2026-02-04 16:25:02 | INFO | [e1a9fe5945ee4075bc2d0c242622733d] | app.api.v1.environments | [e1a9fe5945ee4075bc2d0c242622733d] 用户 admin 查看环境 项目 InvenTree (id=1) 的环境
2026-02-04 16:25:02 | INFO | [e1a9fe5945ee4075bc2d0c242622733d] | app.api.v1.environments | [e1a9fe5945ee4075bc2d0c242622733d] 获取环境列表成功: total=1
2026-02-04 16:25:04 | INFO | [83bbfeee95194c8caa025bff7b2b2e6a] | app.api.v1.api_definitions | [83bbfeee95194c8caa025bff7b2b2e6a] 查询 API 定义列表: skip=0, limit=20, user=admin, project_id=1, version_id=1
2026-02-04 16:25:04 | INFO | [ae2d2e4442434a4f8263ce056b9a45f8] | app.api.v1.api_definitions | [ae2d2e4442434a4f8263ce056b9a45f8] 查询 API 定义列表: skip=0, limit=20, user=admin, project_id=1, version_id=1
2026-02-04 16:25:04 | INFO | [8ae47499925e40ccbda3b7ce1b4135d9] | app.api.v1.api_definitions | [8ae47499925e40ccbda3b7ce1b4135d9] 查询 API 定义列表: skip=0, limit=20, user=admin, project_id=1, version_id=1
2026-02-04 16:25:06 | INFO | [f9b8db6a91724ecb94dfe1b5cd126732] | app.api.v1.api_definitions | [f9b8db6a91724ecb94dfe1b5cd126732] 查询 API 定义列表: skip=0, limit=50, user=admin, project_id=1, version_id=1
2026-02-04 16:25:06 | INFO | [9d9142437c7344d59fe70a548fdf89f6] | app.api.v1.api_definitions | [9d9142437c7344d59fe70a548fdf89f6] 查询 API 定义列表: skip=0, limit=50, user=admin, project_id=1, version_id=1
2026-02-04 16:29:14 | INFO | [ddb51a8e82894af1b5e02aede82de294] | root | 日志系统初始化完成
2026-02-04 16:29:14 | INFO | [ddb51a8e82894af1b5e02aede82de294] | app.main | 启动异步任务工作线程...
2026-02-04 16:29:14 | INFO | [ddb51a8e82894af1b5e02aede82de294] | app.main | 异步任务工作线程已启动
2026-02-04 16:29:14 | INFO | [ddb51a8e82894af1b5e02aede82de294] | app.core.async_task.manager | [ddb51a8e82894af1b5e02aede82de294] 启动异步任务工作线程
2026-02-04 16:29:31 | INFO | [2e852ffe7c3646daa2d10c0472f64373] | root | 日志系统初始化完成
2026-02-04 16:29:31 | INFO | [2e852ffe7c3646daa2d10c0472f64373] | app.main | 启动异步任务工作线程...
2026-02-04 16:29:31 | INFO | [2e852ffe7c3646daa2d10c0472f64373] | app.main | 异步任务工作线程已启动
2026-02-04 16:29:31 | INFO | [2e852ffe7c3646daa2d10c0472f64373] | app.core.async_task.manager | [2e852ffe7c3646daa2d10c0472f64373] 启动异步任务工作线程
2026-02-04 16:29:46 | INFO | [91012af006684ad992cdcc70598af894] | root | 日志系统初始化完成
2026-02-04 16:29:46 | INFO | [91012af006684ad992cdcc70598af894] | app.main | 启动异步任务工作线程...
2026-02-04 16:29:46 | INFO | [91012af006684ad992cdcc70598af894] | app.main | 异步任务工作线程已启动
2026-02-04 16:29:46 | INFO | [91012af006684ad992cdcc70598af894] | app.core.async_task.manager | [91012af006684ad992cdcc70598af894] 启动异步任务工作线程
2026-02-04 16:30:01 | INFO | [8ba7edd7a6f74466bfe5e45b5cb9c2be] | root | 日志系统初始化完成
2026-02-04 16:30:01 | INFO | [8ba7edd7a6f74466bfe5e45b5cb9c2be] | app.main | 启动异步任务工作线程...
2026-02-04 16:30:01 | INFO | [8ba7edd7a6f74466bfe5e45b5cb9c2be] | app.main | 异步任务工作线程已启动
2026-02-04 16:30:01 | INFO | [8ba7edd7a6f74466bfe5e45b5cb9c2be] | app.core.async_task.manager | [8ba7edd7a6f74466bfe5e45b5cb9c2be] 启动异步任务工作线程
2026-02-04 16:30:48 | INFO | [a16027b67baa47e9b7c136f54d3d85b8] | app.api.v1.sync_tasks | [a16027b67baa47e9b7c136f54d3d85b8] 查询同步任务列表: skip=0, limit=20, user=admin, project_id=1
2026-02-04 16:30:48 | INFO | [ffa1d73cd79b4ce2a3a9df866c688616] | app.api.v1.sync_tasks | [ffa1d73cd79b4ce2a3a9df866c688616] 查询同步任务列表: skip=0, limit=20, user=admin, project_id=1
2026-02-04 16:30:53 | INFO | [6dbd6b75e6494eb3a46fd563feee5c06] | app.api.v1.api_cases | [6dbd6b75e6494eb3a46fd563feee5c06] 查询 API 用例列表: skip=0, limit=20, user=admin, project_id=1
2026-02-04 16:30:53 | INFO | [9f09e05154a143c285814f1937a06a96] | app.api.v1.api_definitions | [9f09e05154a143c285814f1937a06a96] 查询 API 定义列表: skip=0, limit=200, user=admin, project_id=1, version_id=1
2026-02-04 16:30:53 | INFO | [a5f94796b76845b5a5c3e2718c896d36] | app.api.v1.environments | [a5f94796b76845b5a5c3e2718c896d36] 用户 admin 获取环境列表: project_id=1
2026-02-04 16:30:53 | INFO | [a5f94796b76845b5a5c3e2718c896d36] | app.api.v1.environments | [a5f94796b76845b5a5c3e2718c896d36] 用户 admin 查看环境 项目 InvenTree (id=1) 的环境
2026-02-04 16:30:53 | INFO | [a5f94796b76845b5a5c3e2718c896d36] | app.api.v1.environments | [a5f94796b76845b5a5c3e2718c896d36] 获取环境列表成功: total=1
2026-02-04 16:30:53 | INFO | [cc994b66b78446f3ba1666161a5f2ac3] | app.api.v1.api_cases | [cc994b66b78446f3ba1666161a5f2ac3] 查询 API 用例列表: skip=0, limit=20, user=admin, project_id=1
2026-02-04 16:30:53 | INFO | [44c2b7324d454dc1a9067c785dd782f5] | app.api.v1.environments | [44c2b7324d454dc1a9067c785dd782f5] 用户 admin 获取环境列表: project_id=1
2026-02-04 16:30:53 | INFO | [44c2b7324d454dc1a9067c785dd782f5] | app.api.v1.environments | [44c2b7324d454dc1a9067c785dd782f5] 用户 admin 查看环境 项目 InvenTree (id=1) 的环境
2026-02-04 16:30:53 | INFO | [44c2b7324d454dc1a9067c785dd782f5] | app.api.v1.environments | [44c2b7324d454dc1a9067c785dd782f5] 获取环境列表成功: total=1
2026-02-04 16:30:53 | INFO | [0f56e60d0f1a4b42b8f2d6f76a8ae87c] | app.api.v1.api_definitions | [0f56e60d0f1a4b42b8f2d6f76a8ae87c] 查询 API 定义列表: skip=0, limit=200, user=admin, project_id=1, version_id=1
2026-02-04 16:30:54 | INFO | [4ab5ebf9c8454534aaa0d21b05d6e2ef] | app.api.v1.api_definitions | [4ab5ebf9c8454534aaa0d21b05d6e2ef] 查询 API 定义列表: skip=0, limit=20, user=admin, project_id=1, version_id=1
2026-02-04 16:30:54 | INFO | [f1fa843d5bad4f4c84d4ee8b45a7e434] | app.api.v1.api_definitions | [f1fa843d5bad4f4c84d4ee8b45a7e434] 查询 API 定义列表: skip=0, limit=20, user=admin, project_id=1, version_id=1
2026-02-04 16:30:54 | INFO | [6056cc84e4204271aebfb5983dd3f057] | app.api.v1.api_definitions | [6056cc84e4204271aebfb5983dd3f057] 查询 API 定义列表: skip=0, limit=20, user=admin, project_id=1, version_id=1
2026-02-04 16:30:55 | INFO | [225d18f1ec654d1ca53649a403b0a6c3] | app.api.v1.api_definitions | [225d18f1ec654d1ca53649a403b0a6c3] 查询 API 定义列表: skip=0, limit=50, user=admin, project_id=1, version_id=1
2026-02-04 16:30:55 | INFO | [52b9252e25ac4349a84d529f2440cff6] | app.api.v1.api_definitions | [52b9252e25ac4349a84d529f2440cff6] 查询 API 定义列表: skip=0, limit=50, user=admin, project_id=1, version_id=1
2026-02-04 16:30:56 | INFO | [c84f0dfb23ad497581916f736b90af2d] | app.api.v1.sync_tasks | [c84f0dfb23ad497581916f736b90af2d] 查询同步任务列表: skip=0, limit=20, user=admin, project_id=1
2026-02-04 16:30:56 | INFO | [c91b1cf0902d4dbd814b2a0f96060514] | app.api.v1.sync_tasks | [c91b1cf0902d4dbd814b2a0f96060514] 查询同步任务列表: skip=0, limit=20, user=admin, project_id=1
2026-02-04 16:30:58 | INFO | [2c29a877e3ee4e0fab6530b926337553] | app.api.v1.sync_tasks | [2c29a877e3ee4e0fab6530b926337553] 删除同步任务: id=12, user=admin
2026-02-04 16:30:58 | INFO | [2c29a877e3ee4e0fab6530b926337553] | app.api.v1.sync_tasks | [2c29a877e3ee4e0fab6530b926337553] 同步任务删除成功: id=12
2026-02-04 16:30:58 | INFO | [b8871cdf33fb409897ab36c8b19b9ebf] | app.api.v1.sync_tasks | [b8871cdf33fb409897ab36c8b19b9ebf] 查询同步任务列表: skip=0, limit=20, user=admin, project_id=1
2026-02-04 16:31:29 | INFO | [ba8586a49cb049c6991e7e3046b71de7] | app.api.v1.sync_tasks | [ba8586a49cb049c6991e7e3046b71de7] 创建同步任务: name=V1, source_type=swagger, user=admin
2026-02-04 16:31:30 | INFO | [ba8586a49cb049c6991e7e3046b71de7] | app.api.v1.sync_tasks | [ba8586a49cb049c6991e7e3046b71de7] 同步任务创建并启动成功: id=13, celery_task_id=b06cda70-2796-4887-aad4-0cf8c7ac8c24
2026-02-04 16:31:30 | INFO | [ccff5703858c45bf917ce0b4ec28eeaf] | app.api.v1.sync_tasks | [ccff5703858c45bf917ce0b4ec28eeaf] 查询同步任务列表: skip=0, limit=20, user=admin, project_id=1
2026-02-04 16:31:32 | INFO | [ff0e86f663ac426b9a8ad8326ad6d017] | app.api.v1.sync_tasks | [ff0e86f663ac426b9a8ad8326ad6d017] 查询同步任务列表: skip=0, limit=20, user=admin, project_id=1
2026-02-04 16:31:33 | INFO | [433ae68ce77f46f5bfacbae7a74a258b] | app.api.v1.sync_tasks | [433ae68ce77f46f5bfacbae7a74a258b] 查询同步任务列表: skip=0, limit=20, user=admin, project_id=1
2026-02-04 16:32:51 | INFO | [8fe619411705415796375d647ef39e42] | app.api.v1.sync_tasks | [8fe619411705415796375d647ef39e42] 查询同步任务列表: skip=0, limit=20, user=admin, project_id=1
2026-02-04 16:32:53 | INFO | [86e1d3cd7fca4df1bc958a179ee01e1a] | app.api.v1.sync_tasks | [86e1d3cd7fca4df1bc958a179ee01e1a] 查询同步任务列表: skip=0, limit=20, user=admin, project_id=1
2026-02-04 16:32:54 | INFO | [0b50705363584ad59293327de8669bbd] | app.api.v1.api_definitions | [0b50705363584ad59293327de8669bbd] 查询 API 定义列表: skip=0, limit=50, user=admin, project_id=1, version_id=1
2026-02-04 16:32:54 | INFO | [7820dec14d144d69957e37332b87bb35] | app.api.v1.api_definitions | [7820dec14d144d69957e37332b87bb35] 查询 API 定义列表: skip=0, limit=50, user=admin, project_id=1, version_id=1
2026-02-04 16:32:56 | INFO | [25e87d757e974573b919759798ad679b] | app.api.v1.api_cases | [25e87d757e974573b919759798ad679b] 查询 API 用例列表: skip=0, limit=20, user=admin, project_id=1
2026-02-04 16:32:56 | INFO | [91bb50a75aed48abaf603f355fa95c3b] | app.api.v1.api_definitions | [91bb50a75aed48abaf603f355fa95c3b] 查询 API 定义列表: skip=0, limit=200, user=admin, project_id=1, version_id=1
2026-02-04 16:32:56 | INFO | [fc527bffc0ae4b6e9cd433bbfb230e53] | app.api.v1.environments | [fc527bffc0ae4b6e9cd433bbfb230e53] 用户 admin 获取环境列表: project_id=1
2026-02-04 16:32:56 | INFO | [fc527bffc0ae4b6e9cd433bbfb230e53] | app.api.v1.environments | [fc527bffc0ae4b6e9cd433bbfb230e53] 用户 admin 查看环境 项目 InvenTree (id=1) 的环境
2026-02-04 16:32:56 | INFO | [fc527bffc0ae4b6e9cd433bbfb230e53] | app.api.v1.environments | [fc527bffc0ae4b6e9cd433bbfb230e53] 获取环境列表成功: total=1
2026-02-04 16:32:56 | INFO | [0f156af01ca14d2d9cd32b10f6c14d84] | app.api.v1.api_cases | [0f156af01ca14d2d9cd32b10f6c14d84] 查询 API 用例列表: skip=0, limit=20, user=admin, project_id=1
2026-02-04 16:32:56 | INFO | [56a4950613f947079b7b96e77b7154e5] | app.api.v1.environments | [56a4950613f947079b7b96e77b7154e5] 用户 admin 获取环境列表: project_id=1
2026-02-04 16:32:56 | INFO | [56a4950613f947079b7b96e77b7154e5] | app.api.v1.environments | [56a4950613f947079b7b96e77b7154e5] 用户 admin 查看环境 项目 InvenTree (id=1) 的环境
2026-02-04 16:32:56 | INFO | [56a4950613f947079b7b96e77b7154e5] | app.api.v1.environments | [56a4950613f947079b7b96e77b7154e5] 获取环境列表成功: total=1
2026-02-04 16:32:56 | INFO | [09b9403cba4a4e4390126d892c837264] | app.api.v1.api_definitions | [09b9403cba4a4e4390126d892c837264] 查询 API 定义列表: skip=0, limit=200, user=admin, project_id=1, version_id=1
2026-02-04 16:32:57 | INFO | [9fd7cd8ce45d4a44821dcb2f8525eb64] | app.api.v1.sync_tasks | [9fd7cd8ce45d4a44821dcb2f8525eb64] 查询同步任务列表: skip=0, limit=20, user=admin, project_id=1
2026-02-04 16:32:57 | INFO | [8036663e7ac7491e8dc57902261a76fe] | app.api.v1.sync_tasks | [8036663e7ac7491e8dc57902261a76fe] 查询同步任务列表: skip=0, limit=20, user=admin, project_id=1
2026-02-04 16:32:58 | INFO | [efd3dae9fe744ff0a7a182558f193f1e] | app.api.v1.sync_tasks | [efd3dae9fe744ff0a7a182558f193f1e] 查询同步任务列表: skip=0, limit=20, user=admin, project_id=1
2026-02-04 16:33:12 | INFO | [5762f3285ccb4b79a6e8381ab5e1b94a] | app.api.v1.sync_tasks | [5762f3285ccb4b79a6e8381ab5e1b94a] 应用变更: task_id=13, user=admin
2026-02-04 16:33:12 | ERROR | [5762f3285ccb4b79a6e8381ab5e1b94a] | app.api.v1.sync_tasks | [5762f3285ccb4b79a6e8381ab5e1b94a] 应用变更失败: 'is_active' is an invalid keyword argument for ApiDefinition
Traceback (most recent call last):
  File "D:\code\BugSeek\backend\app\api\v1\sync_tasks.py", line 559, in _apply_changes_impl
    new_endpoint = ApiDefinition(
  File "<string>", line 4, in __init__
  File "C:\Users\81026\AppData\Local\Programs\Python\Python310\lib\site-packages\sqlalchemy\orm\state.py", line 596, in _initialize_instance
    with util.safe_reraise():
  File "C:\Users\81026\AppData\Local\Programs\Python\Python310\lib\site-packages\sqlalchemy\util\langhelpers.py", line 224, in __exit__
    raise exc_value.with_traceback(exc_tb)
  File "C:\Users\81026\AppData\Local\Programs\Python\Python310\lib\site-packages\sqlalchemy\orm\state.py", line 594, in _initialize_instance
    manager.original_init(*mixed[1:], **kwargs)
  File "C:\Users\81026\AppData\Local\Programs\Python\Python310\lib\site-packages\sqlalchemy\orm\decl_base.py", line 2179, in _declarative_constructor
    raise TypeError(
TypeError: 'is_active' is an invalid keyword argument for ApiDefinition
2026-02-04 16:33:12 | ERROR | [5762f3285ccb4b79a6e8381ab5e1b94a] | app.api.v1.sync_tasks | [5762f3285ccb4b79a6e8381ab5e1b94a] 应用变更失败: 'is_active' is an invalid keyword argument for ApiDefinition
Traceback (most recent call last):
  File "D:\code\BugSeek\backend\app\api\v1\sync_tasks.py", line 745, in apply_changes
    result = _apply_changes_impl(db, task, request.operations, trace_id)
  File "D:\code\BugSeek\backend\app\api\v1\sync_tasks.py", line 559, in _apply_changes_impl
    new_endpoint = ApiDefinition(
  File "<string>", line 4, in __init__
  File "C:\Users\81026\AppData\Local\Programs\Python\Python310\lib\site-packages\sqlalchemy\orm\state.py", line 596, in _initialize_instance
    with util.safe_reraise():
  File "C:\Users\81026\AppData\Local\Programs\Python\Python310\lib\site-packages\sqlalchemy\util\langhelpers.py", line 224, in __exit__
    raise exc_value.with_traceback(exc_tb)
  File "C:\Users\81026\AppData\Local\Programs\Python\Python310\lib\site-packages\sqlalchemy\orm\state.py", line 594, in _initialize_instance
    manager.original_init(*mixed[1:], **kwargs)
  File "C:\Users\81026\AppData\Local\Programs\Python\Python310\lib\site-packages\sqlalchemy\orm\decl_base.py", line 2179, in _declarative_constructor
    raise TypeError(
TypeError: 'is_active' is an invalid keyword argument for ApiDefinition
2026-02-04 16:33:12 | ERROR | [5762f3285ccb4b79a6e8381ab5e1b94a] | app.dependencies | 数据库会话异常: 500: 应用变更失败：'is_active' is an invalid keyword argument for ApiDefinition
Traceback (most recent call last):
  File "D:\code\BugSeek\backend\app\api\v1\sync_tasks.py", line 745, in apply_changes
    result = _apply_changes_impl(db, task, request.operations, trace_id)
  File "D:\code\BugSeek\backend\app\api\v1\sync_tasks.py", line 559, in _apply_changes_impl
    new_endpoint = ApiDefinition(
  File "<string>", line 4, in __init__
  File "C:\Users\81026\AppData\Local\Programs\Python\Python310\lib\site-packages\sqlalchemy\orm\state.py", line 596, in _initialize_instance
    with util.safe_reraise():
  File "C:\Users\81026\AppData\Local\Programs\Python\Python310\lib\site-packages\sqlalchemy\util\langhelpers.py", line 224, in __exit__
    raise exc_value.with_traceback(exc_tb)
  File "C:\Users\81026\AppData\Local\Programs\Python\Python310\lib\site-packages\sqlalchemy\orm\state.py", line 594, in _initialize_instance
    manager.original_init(*mixed[1:], **kwargs)
  File "C:\Users\81026\AppData\Local\Programs\Python\Python310\lib\site-packages\sqlalchemy\orm\decl_base.py", line 2179, in _declarative_constructor
    raise TypeError(
TypeError: 'is_active' is an invalid keyword argument for ApiDefinition

During handling of the above exception, another exception occurred:

Traceback (most recent call last):
  File "D:\code\BugSeek\backend\app\dependencies.py", line 19, in get_db
    yield db
  File "C:\Users\81026\AppData\Local\Programs\Python\Python310\lib\site-packages\fastapi\concurrency.py", line 29, in contextmanager_in_threadpool
    yield await run_in_threadpool(cm.__enter__)
  File "C:\Users\81026\AppData\Local\Programs\Python\Python310\lib\site-packages\fastapi\routing.py", line 101, in app
    response = await f(request)
  File "C:\Users\81026\AppData\Local\Programs\Python\Python310\lib\site-packages\fastapi\routing.py", line 355, in app
    raw_response = await run_endpoint_function(
  File "C:\Users\81026\AppData\Local\Programs\Python\Python310\lib\site-packages\fastapi\routing.py", line 243, in run_endpoint_function
    return await dependant.call(**values)
  File "D:\code\BugSeek\backend\app\api\v1\sync_tasks.py", line 757, in apply_changes
    raise HTTPException(
fastapi.exceptions.HTTPException: 500: 应用变更失败：'is_active' is an invalid keyword argument for ApiDefinition
2026-02-04 16:34:21 | INFO | [80892ddf82bb4262a3b9361a29733e84] | root | 日志系统初始化完成
2026-02-04 16:34:21 | INFO | [80892ddf82bb4262a3b9361a29733e84] | app.main | 启动异步任务工作线程...
2026-02-04 16:34:21 | INFO | [80892ddf82bb4262a3b9361a29733e84] | app.main | 异步任务工作线程已启动
2026-02-04 16:34:21 | INFO | [80892ddf82bb4262a3b9361a29733e84] | app.core.async_task.manager | [80892ddf82bb4262a3b9361a29733e84] 启动异步任务工作线程
2026-02-04 16:34:41 | INFO | [4dfc761872e747a6994780b46493f8e8] | root | 日志系统初始化完成
2026-02-04 16:34:41 | INFO | [4dfc761872e747a6994780b46493f8e8] | app.main | 启动异步任务工作线程...
2026-02-04 16:34:41 | INFO | [4dfc761872e747a6994780b46493f8e8] | app.main | 异步任务工作线程已启动
2026-02-04 16:34:41 | INFO | [4dfc761872e747a6994780b46493f8e8] | app.core.async_task.manager | [4dfc761872e747a6994780b46493f8e8] 启动异步任务工作线程
2026-02-04 16:37:54 | INFO | [669adcb5c71841659a7419621c480dc0] | app.api.v1.api_definitions | [669adcb5c71841659a7419621c480dc0] 查询 API 定义列表: skip=0, limit=50, user=admin, project_id=1, version_id=1
2026-02-04 16:37:54 | INFO | [4bf80cfa3f5342f884af6b3bca57f617] | app.api.v1.api_definitions | [4bf80cfa3f5342f884af6b3bca57f617] 查询 API 定义列表: skip=0, limit=50, user=admin, project_id=1, version_id=1
2026-02-04 16:37:55 | INFO | [03d2f85ae1de4dfc9f736adaaef8e990] | app.api.v1.api_cases | [03d2f85ae1de4dfc9f736adaaef8e990] 查询 API 用例列表: skip=0, limit=20, user=admin, project_id=1
2026-02-04 16:37:55 | INFO | [d399be9a556d4a33914a31f673bafa62] | app.api.v1.api_cases | [d399be9a556d4a33914a31f673bafa62] 查询 API 用例列表: skip=0, limit=20, user=admin, project_id=1
2026-02-04 16:37:55 | INFO | [09c1d67057814da894806c508eea46e5] | app.api.v1.environments | [09c1d67057814da894806c508eea46e5] 用户 admin 获取环境列表: project_id=1
2026-02-04 16:37:55 | INFO | [09c1d67057814da894806c508eea46e5] | app.api.v1.environments | [09c1d67057814da894806c508eea46e5] 用户 admin 查看环境 项目 InvenTree (id=1) 的环境
2026-02-04 16:37:55 | INFO | [09c1d67057814da894806c508eea46e5] | app.api.v1.environments | [09c1d67057814da894806c508eea46e5] 获取环境列表成功: total=1
2026-02-04 16:37:55 | INFO | [6c186ce0a1b74afdbee57523a7223acc] | app.api.v1.api_definitions | [6c186ce0a1b74afdbee57523a7223acc] 查询 API 定义列表: skip=0, limit=200, user=admin, project_id=1, version_id=1
2026-02-04 16:37:55 | INFO | [48c58d169146426e9f020fba3e42214b] | app.api.v1.api_definitions | [48c58d169146426e9f020fba3e42214b] 查询 API 定义列表: skip=0, limit=200, user=admin, project_id=1, version_id=1
2026-02-04 16:37:55 | INFO | [35c676f2ce884266857916cad8213f51] | app.api.v1.environments | [35c676f2ce884266857916cad8213f51] 用户 admin 获取环境列表: project_id=1
2026-02-04 16:37:55 | INFO | [35c676f2ce884266857916cad8213f51] | app.api.v1.environments | [35c676f2ce884266857916cad8213f51] 用户 admin 查看环境 项目 InvenTree (id=1) 的环境
2026-02-04 16:37:55 | INFO | [35c676f2ce884266857916cad8213f51] | app.api.v1.environments | [35c676f2ce884266857916cad8213f51] 获取环境列表成功: total=1
2026-02-04 16:37:56 | INFO | [dfc49d381a4d4d64a73d079fa55f6f0e] | app.api.v1.api_definitions | [dfc49d381a4d4d64a73d079fa55f6f0e] 查询 API 定义列表: skip=0, limit=20, user=admin, project_id=1, version_id=1
2026-02-04 16:37:56 | INFO | [dec50b17a9284de69455357b89471a7e] | app.api.v1.api_definitions | [dec50b17a9284de69455357b89471a7e] 查询 API 定义列表: skip=0, limit=20, user=admin, project_id=1, version_id=1
2026-02-04 16:37:56 | INFO | [4648d51905ab4f598e4cdde0e4825dd8] | app.api.v1.api_definitions | [4648d51905ab4f598e4cdde0e4825dd8] 查询 API 定义列表: skip=0, limit=20, user=admin, project_id=1, version_id=1
2026-02-04 16:39:32 | INFO | [4a7a5b87190f4ae3904cc6d3148ed652] | app.api.v1.sync_tasks | [4a7a5b87190f4ae3904cc6d3148ed652] 查询同步任务列表: skip=0, limit=20, user=admin, project_id=1
2026-02-04 16:39:33 | INFO | [2c1d0c8f74fd479ea326840e13bd0e32] | app.api.v1.sync_tasks | [2c1d0c8f74fd479ea326840e13bd0e32] 查询同步任务列表: skip=0, limit=20, user=admin, project_id=1
2026-02-04 16:39:40 | INFO | [71eb85dcddc440a2ab958356bc17c90d] | app.api.v1.sync_tasks | [71eb85dcddc440a2ab958356bc17c90d] 应用变更: task_id=13, user=admin
2026-02-04 16:39:40 | INFO | [71eb85dcddc440a2ab958356bc17c90d] | app.api.v1.sync_tasks | [71eb85dcddc440a2ab958356bc17c90d] 新增接口: PUT /api/selection/{id}/
2026-02-04 16:39:40 | WARNING | [71eb85dcddc440a2ab958356bc17c90d] | app.api.v1.sync_tasks | [71eb85dcddc440a2ab958356bc17c90d] 自动创建版本快照失败（不影响主流程）: (psycopg2.errors.NotNullViolation) null value in column "version_id" of relation "version_snapshots" violates not-null constraint
DETAIL:  Failing row contains (1, 1, null, PUT /api/selection/{id}/, 文档同步自动创建, auto, [], null, 1, 2026-02-04 08:39:40.778759, 2026-02-04 08:39:40.778759, 1, fb2d01d2a525acbd7a60d2a6315cfa5e, null, null, {"request_schema": {}, "response_schema": {}}, 1).

[SQL: INSERT INTO version_snapshots (project_id, definition_id, version_id, version_hash, version_tag, source_version, name, description, snapshot_type, definition_ids, schema_snapshot, total_count, created_by, created_at, updated_at) VALUES (%(project_id)s, %(definition_id)s, %(version_id)s, %(version_hash)s, %(version_tag)s, %(source_version)s, %(name)s, %(description)s, %(snapshot_type)s, %(definition_ids)s::JSON, %(schema_snapshot)s::JSON, %(total_count)s, %(created_by)s, %(created_at)s, %(updated_at)s) RETURNING version_snapshots.id]
[parameters: {'project_id': 1, 'definition_id': 1, 'version_id': None, 'version_hash': 'fb2d01d2a525acbd7a60d2a6315cfa5e', 'version_tag': None, 'source_version': None, 'name': 'PUT /api/selection/{id}/', 'description': '文档同步自动创建', 'snapshot_type': 'auto', 'definition_ids': '[]', 'schema_snapshot': '{"request_schema": {}, "response_schema": {}}', 'total_count': 1, 'created_by': 1, 'created_at': datetime.datetime(2026, 2, 4, 8, 39, 40, 778759, tzinfo=datetime.timezone.utc), 'updated_at': datetime.datetime(2026, 2, 4, 8, 39, 40, 778759, tzinfo=datetime.timezone.utc)}]
(Background on this error at: https://sqlalche.me/e/20/gkpj)
2026-02-04 16:39:40 | ERROR | [71eb85dcddc440a2ab958356bc17c90d] | app.api.v1.sync_tasks | [71eb85dcddc440a2ab958356bc17c90d] 应用变更失败: This Session's transaction has been rolled back due to a previous exception during flush. To begin a new transaction with this Session, first issue Session.rollback(). Original exception was: (psycopg2.errors.NotNullViolation) null value in column "version_id" of relation "version_snapshots" violates not-null constraint
DETAIL:  Failing row contains (1, 1, null, PUT /api/selection/{id}/, 文档同步自动创建, auto, [], null, 1, 2026-02-04 08:39:40.778759, 2026-02-04 08:39:40.778759, 1, fb2d01d2a525acbd7a60d2a6315cfa5e, null, null, {"request_schema": {}, "response_schema": {}}, 1).

[SQL: INSERT INTO version_snapshots (project_id, definition_id, version_id, version_hash, version_tag, source_version, name, description, snapshot_type, definition_ids, schema_snapshot, total_count, created_by, created_at, updated_at) VALUES (%(project_id)s, %(definition_id)s, %(version_id)s, %(version_hash)s, %(version_tag)s, %(source_version)s, %(name)s, %(description)s, %(snapshot_type)s, %(definition_ids)s::JSON, %(schema_snapshot)s::JSON, %(total_count)s, %(created_by)s, %(created_at)s, %(updated_at)s) RETURNING version_snapshots.id]
[parameters: {'project_id': 1, 'definition_id': 1, 'version_id': None, 'version_hash': 'fb2d01d2a525acbd7a60d2a6315cfa5e', 'version_tag': None, 'source_version': None, 'name': 'PUT /api/selection/{id}/', 'description': '文档同步自动创建', 'snapshot_type': 'auto', 'definition_ids': '[]', 'schema_snapshot': '{"request_schema": {}, "response_schema": {}}', 'total_count': 1, 'created_by': 1, 'created_at': datetime.datetime(2026, 2, 4, 8, 39, 40, 778759, tzinfo=datetime.timezone.utc), 'updated_at': datetime.datetime(2026, 2, 4, 8, 39, 40, 778759, tzinfo=datetime.timezone.utc)}]
(Background on this error at: https://sqlalche.me/e/20/gkpj) (Background on this error at: https://sqlalche.me/e/20/7s2a)
Traceback (most recent call last):
  File "D:\code\BugSeek\backend\app\api\v1\sync_tasks.py", line 560, in _apply_changes_impl
    project_id=sync_task.project_id,
  File "C:\Users\81026\AppData\Local\Programs\Python\Python310\lib\site-packages\sqlalchemy\orm\attributes.py", line 569, in __get__
    return self.impl.get(state, dict_)  # type: ignore[no-any-return]
  File "C:\Users\81026\AppData\Local\Programs\Python\Python310\lib\site-packages\sqlalchemy\orm\attributes.py", line 1096, in get
    value = self._fire_loader_callables(state, key, passive)
  File "C:\Users\81026\AppData\Local\Programs\Python\Python310\lib\site-packages\sqlalchemy\orm\attributes.py", line 1126, in _fire_loader_callables
    return state._load_expired(state, passive)
  File "C:\Users\81026\AppData\Local\Programs\Python\Python310\lib\site-packages\sqlalchemy\orm\state.py", line 828, in _load_expired
    self.manager.expired_attribute_loader(self, toload, passive)
  File "C:\Users\81026\AppData\Local\Programs\Python\Python310\lib\site-packages\sqlalchemy\orm\loading.py", line 1674, in load_scalar_attributes
    result = load_on_ident(
  File "C:\Users\81026\AppData\Local\Programs\Python\Python310\lib\site-packages\sqlalchemy\orm\loading.py", line 510, in load_on_ident
    return load_on_pk_identity(
  File "C:\Users\81026\AppData\Local\Programs\Python\Python310\lib\site-packages\sqlalchemy\orm\loading.py", line 695, in load_on_pk_identity
    session.execute(
  File "C:\Users\81026\AppData\Local\Programs\Python\Python310\lib\site-packages\sqlalchemy\orm\session.py", line 2351, in execute
    return self._execute_internal(
  File "C:\Users\81026\AppData\Local\Programs\Python\Python310\lib\site-packages\sqlalchemy\orm\session.py", line 2239, in _execute_internal
    conn = self._connection_for_bind(bind)
  File "C:\Users\81026\AppData\Local\Programs\Python\Python310\lib\site-packages\sqlalchemy\orm\session.py", line 2108, in _connection_for_bind
    return trans._connection_for_bind(engine, execution_options)
  File "<string>", line 2, in _connection_for_bind
  File "C:\Users\81026\AppData\Local\Programs\Python\Python310\lib\site-packages\sqlalchemy\orm\state_changes.py", line 101, in _go
    self._raise_for_prerequisite_state(fn.__name__, current_state)
  File "C:\Users\81026\AppData\Local\Programs\Python\Python310\lib\site-packages\sqlalchemy\orm\session.py", line 971, in _raise_for_prerequisite_state
    raise sa_exc.PendingRollbackError(
sqlalchemy.exc.PendingRollbackError: This Session's transaction has been rolled back due to a previous exception during flush. To begin a new transaction with this Session, first issue Session.rollback(). Original exception was: (psycopg2.errors.NotNullViolation) null value in column "version_id" of relation "version_snapshots" violates not-null constraint
DETAIL:  Failing row contains (1, 1, null, PUT /api/selection/{id}/, 文档同步自动创建, auto, [], null, 1, 2026-02-04 08:39:40.778759, 2026-02-04 08:39:40.778759, 1, fb2d01d2a525acbd7a60d2a6315cfa5e, null, null, {"request_schema": {}, "response_schema": {}}, 1).

[SQL: INSERT INTO version_snapshots (project_id, definition_id, version_id, version_hash, version_tag, source_version, name, description, snapshot_type, definition_ids, schema_snapshot, total_count, created_by, created_at, updated_at) VALUES (%(project_id)s, %(definition_id)s, %(version_id)s, %(version_hash)s, %(version_tag)s, %(source_version)s, %(name)s, %(description)s, %(snapshot_type)s, %(definition_ids)s::JSON, %(schema_snapshot)s::JSON, %(total_count)s, %(created_by)s, %(created_at)s, %(updated_at)s) RETURNING version_snapshots.id]
[parameters: {'project_id': 1, 'definition_id': 1, 'version_id': None, 'version_hash': 'fb2d01d2a525acbd7a60d2a6315cfa5e', 'version_tag': None, 'source_version': None, 'name': 'PUT /api/selection/{id}/', 'description': '文档同步自动创建', 'snapshot_type': 'auto', 'definition_ids': '[]', 'schema_snapshot': '{"request_schema": {}, "response_schema": {}}', 'total_count': 1, 'created_by': 1, 'created_at': datetime.datetime(2026, 2, 4, 8, 39, 40, 778759, tzinfo=datetime.timezone.utc), 'updated_at': datetime.datetime(2026, 2, 4, 8, 39, 40, 778759, tzinfo=datetime.timezone.utc)}]
(Background on this error at: https://sqlalche.me/e/20/gkpj) (Background on this error at: https://sqlalche.me/e/20/7s2a)
2026-02-04 16:39:40 | ERROR | [71eb85dcddc440a2ab958356bc17c90d] | app.api.v1.sync_tasks | [71eb85dcddc440a2ab958356bc17c90d] 应用变更失败: This Session's transaction has been rolled back due to a previous exception during flush. To begin a new transaction with this Session, first issue Session.rollback(). Original exception was: (psycopg2.errors.NotNullViolation) null value in column "version_id" of relation "version_snapshots" violates not-null constraint
DETAIL:  Failing row contains (1, 1, null, PUT /api/selection/{id}/, 文档同步自动创建, auto, [], null, 1, 2026-02-04 08:39:40.778759, 2026-02-04 08:39:40.778759, 1, fb2d01d2a525acbd7a60d2a6315cfa5e, null, null, {"request_schema": {}, "response_schema": {}}, 1).

[SQL: INSERT INTO version_snapshots (project_id, definition_id, version_id, version_hash, version_tag, source_version, name, description, snapshot_type, definition_ids, schema_snapshot, total_count, created_by, created_at, updated_at) VALUES (%(project_id)s, %(definition_id)s, %(version_id)s, %(version_hash)s, %(version_tag)s, %(source_version)s, %(name)s, %(description)s, %(snapshot_type)s, %(definition_ids)s::JSON, %(schema_snapshot)s::JSON, %(total_count)s, %(created_by)s, %(created_at)s, %(updated_at)s) RETURNING version_snapshots.id]
[parameters: {'project_id': 1, 'definition_id': 1, 'version_id': None, 'version_hash': 'fb2d01d2a525acbd7a60d2a6315cfa5e', 'version_tag': None, 'source_version': None, 'name': 'PUT /api/selection/{id}/', 'description': '文档同步自动创建', 'snapshot_type': 'auto', 'definition_ids': '[]', 'schema_snapshot': '{"request_schema": {}, "response_schema": {}}', 'total_count': 1, 'created_by': 1, 'created_at': datetime.datetime(2026, 2, 4, 8, 39, 40, 778759, tzinfo=datetime.timezone.utc), 'updated_at': datetime.datetime(2026, 2, 4, 8, 39, 40, 778759, tzinfo=datetime.timezone.utc)}]
(Background on this error at: https://sqlalche.me/e/20/gkpj) (Background on this error at: https://sqlalche.me/e/20/7s2a)
Traceback (most recent call last):
  File "D:\code\BugSeek\backend\app\api\v1\sync_tasks.py", line 744, in apply_changes
    result = _apply_changes_impl(db, task, request.operations, trace_id)
  File "D:\code\BugSeek\backend\app\api\v1\sync_tasks.py", line 560, in _apply_changes_impl
    project_id=sync_task.project_id,
  File "C:\Users\81026\AppData\Local\Programs\Python\Python310\lib\site-packages\sqlalchemy\orm\attributes.py", line 569, in __get__
    return self.impl.get(state, dict_)  # type: ignore[no-any-return]
  File "C:\Users\81026\AppData\Local\Programs\Python\Python310\lib\site-packages\sqlalchemy\orm\attributes.py", line 1096, in get
    value = self._fire_loader_callables(state, key, passive)
  File "C:\Users\81026\AppData\Local\Programs\Python\Python310\lib\site-packages\sqlalchemy\orm\attributes.py", line 1126, in _fire_loader_callables
    return state._load_expired(state, passive)
  File "C:\Users\81026\AppData\Local\Programs\Python\Python310\lib\site-packages\sqlalchemy\orm\state.py", line 828, in _load_expired
    self.manager.expired_attribute_loader(self, toload, passive)
  File "C:\Users\81026\AppData\Local\Programs\Python\Python310\lib\site-packages\sqlalchemy\orm\loading.py", line 1674, in load_scalar_attributes
    result = load_on_ident(
  File "C:\Users\81026\AppData\Local\Programs\Python\Python310\lib\site-packages\sqlalchemy\orm\loading.py", line 510, in load_on_ident
    return load_on_pk_identity(
  File "C:\Users\81026\AppData\Local\Programs\Python\Python310\lib\site-packages\sqlalchemy\orm\loading.py", line 695, in load_on_pk_identity
    session.execute(
  File "C:\Users\81026\AppData\Local\Programs\Python\Python310\lib\site-packages\sqlalchemy\orm\session.py", line 2351, in execute
    return self._execute_internal(
  File "C:\Users\81026\AppData\Local\Programs\Python\Python310\lib\site-packages\sqlalchemy\orm\session.py", line 2239, in _execute_internal
    conn = self._connection_for_bind(bind)
  File "C:\Users\81026\AppData\Local\Programs\Python\Python310\lib\site-packages\sqlalchemy\orm\session.py", line 2108, in _connection_for_bind
    return trans._connection_for_bind(engine, execution_options)
  File "<string>", line 2, in _connection_for_bind
  File "C:\Users\81026\AppData\Local\Programs\Python\Python310\lib\site-packages\sqlalchemy\orm\state_changes.py", line 101, in _go
    self._raise_for_prerequisite_state(fn.__name__, current_state)
  File "C:\Users\81026\AppData\Local\Programs\Python\Python310\lib\site-packages\sqlalchemy\orm\session.py", line 971, in _raise_for_prerequisite_state
    raise sa_exc.PendingRollbackError(
sqlalchemy.exc.PendingRollbackError: This Session's transaction has been rolled back due to a previous exception during flush. To begin a new transaction with this Session, first issue Session.rollback(). Original exception was: (psycopg2.errors.NotNullViolation) null value in column "version_id" of relation "version_snapshots" violates not-null constraint
DETAIL:  Failing row contains (1, 1, null, PUT /api/selection/{id}/, 文档同步自动创建, auto, [], null, 1, 2026-02-04 08:39:40.778759, 2026-02-04 08:39:40.778759, 1, fb2d01d2a525acbd7a60d2a6315cfa5e, null, null, {"request_schema": {}, "response_schema": {}}, 1).

[SQL: INSERT INTO version_snapshots (project_id, definition_id, version_id, version_hash, version_tag, source_version, name, description, snapshot_type, definition_ids, schema_snapshot, total_count, created_by, created_at, updated_at) VALUES (%(project_id)s, %(definition_id)s, %(version_id)s, %(version_hash)s, %(version_tag)s, %(source_version)s, %(name)s, %(description)s, %(snapshot_type)s, %(definition_ids)s::JSON, %(schema_snapshot)s::JSON, %(total_count)s, %(created_by)s, %(created_at)s, %(updated_at)s) RETURNING version_snapshots.id]
[parameters: {'project_id': 1, 'definition_id': 1, 'version_id': None, 'version_hash': 'fb2d01d2a525acbd7a60d2a6315cfa5e', 'version_tag': None, 'source_version': None, 'name': 'PUT /api/selection/{id}/', 'description': '文档同步自动创建', 'snapshot_type': 'auto', 'definition_ids': '[]', 'schema_snapshot': '{"request_schema": {}, "response_schema": {}}', 'total_count': 1, 'created_by': 1, 'created_at': datetime.datetime(2026, 2, 4, 8, 39, 40, 778759, tzinfo=datetime.timezone.utc), 'updated_at': datetime.datetime(2026, 2, 4, 8, 39, 40, 778759, tzinfo=datetime.timezone.utc)}]
(Background on this error at: https://sqlalche.me/e/20/gkpj) (Background on this error at: https://sqlalche.me/e/20/7s2a)
2026-02-04 16:39:40 | ERROR | [71eb85dcddc440a2ab958356bc17c90d] | app.dependencies | 数据库会话异常: 500: 应用变更失败：This Session's transaction has been rolled back due to a previous exception during flush. To begin a new transaction with this Session, first issue Session.rollback(). Original exception was: (psycopg2.errors.NotNullViolation) null value in column "version_id" of relation "version_snapshots" violates not-null constraint
DETAIL:  Failing row contains (1, 1, null, PUT /api/selection/{id}/, 文档同步自动创建, auto, [], null, 1, 2026-02-04 08:39:40.778759, 2026-02-04 08:39:40.778759, 1, fb2d01d2a525acbd7a60d2a6315cfa5e, null, null, {"request_schema": {}, "response_schema": {}}, 1).

[SQL: INSERT INTO version_snapshots (project_id, definition_id, version_id, version_hash, version_tag, source_version, name, description, snapshot_type, definition_ids, schema_snapshot, total_count, created_by, created_at, updated_at) VALUES (%(project_id)s, %(definition_id)s, %(version_id)s, %(version_hash)s, %(version_tag)s, %(source_version)s, %(name)s, %(description)s, %(snapshot_type)s, %(definition_ids)s::JSON, %(schema_snapshot)s::JSON, %(total_count)s, %(created_by)s, %(created_at)s, %(updated_at)s) RETURNING version_snapshots.id]
[parameters: {'project_id': 1, 'definition_id': 1, 'version_id': None, 'version_hash': 'fb2d01d2a525acbd7a60d2a6315cfa5e', 'version_tag': None, 'source_version': None, 'name': 'PUT /api/selection/{id}/', 'description': '文档同步自动创建', 'snapshot_type': 'auto', 'definition_ids': '[]', 'schema_snapshot': '{"request_schema": {}, "response_schema": {}}', 'total_count': 1, 'created_by': 1, 'created_at': datetime.datetime(2026, 2, 4, 8, 39, 40, 778759, tzinfo=datetime.timezone.utc), 'updated_at': datetime.datetime(2026, 2, 4, 8, 39, 40, 778759, tzinfo=datetime.timezone.utc)}]
(Background on this error at: https://sqlalche.me/e/20/gkpj) (Background on this error at: https://sqlalche.me/e/20/7s2a)
Traceback (most recent call last):
  File "D:\code\BugSeek\backend\app\api\v1\sync_tasks.py", line 744, in apply_changes
    result = _apply_changes_impl(db, task, request.operations, trace_id)
  File "D:\code\BugSeek\backend\app\api\v1\sync_tasks.py", line 560, in _apply_changes_impl
    project_id=sync_task.project_id,
  File "C:\Users\81026\AppData\Local\Programs\Python\Python310\lib\site-packages\sqlalchemy\orm\attributes.py", line 569, in __get__
    return self.impl.get(state, dict_)  # type: ignore[no-any-return]
  File "C:\Users\81026\AppData\Local\Programs\Python\Python310\lib\site-packages\sqlalchemy\orm\attributes.py", line 1096, in get
    value = self._fire_loader_callables(state, key, passive)
  File "C:\Users\81026\AppData\Local\Programs\Python\Python310\lib\site-packages\sqlalchemy\orm\attributes.py", line 1126, in _fire_loader_callables
    return state._load_expired(state, passive)
  File "C:\Users\81026\AppData\Local\Programs\Python\Python310\lib\site-packages\sqlalchemy\orm\state.py", line 828, in _load_expired
    self.manager.expired_attribute_loader(self, toload, passive)
  File "C:\Users\81026\AppData\Local\Programs\Python\Python310\lib\site-packages\sqlalchemy\orm\loading.py", line 1674, in load_scalar_attributes
    result = load_on_ident(
  File "C:\Users\81026\AppData\Local\Programs\Python\Python310\lib\site-packages\sqlalchemy\orm\loading.py", line 510, in load_on_ident
    return load_on_pk_identity(
  File "C:\Users\81026\AppData\Local\Programs\Python\Python310\lib\site-packages\sqlalchemy\orm\loading.py", line 695, in load_on_pk_identity
    session.execute(
  File "C:\Users\81026\AppData\Local\Programs\Python\Python310\lib\site-packages\sqlalchemy\orm\session.py", line 2351, in execute
    return self._execute_internal(
  File "C:\Users\81026\AppData\Local\Programs\Python\Python310\lib\site-packages\sqlalchemy\orm\session.py", line 2239, in _execute_internal
    conn = self._connection_for_bind(bind)
  File "C:\Users\81026\AppData\Local\Programs\Python\Python310\lib\site-packages\sqlalchemy\orm\session.py", line 2108, in _connection_for_bind
    return trans._connection_for_bind(engine, execution_options)
  File "<string>", line 2, in _connection_for_bind
  File "C:\Users\81026\AppData\Local\Programs\Python\Python310\lib\site-packages\sqlalchemy\orm\state_changes.py", line 101, in _go
    self._raise_for_prerequisite_state(fn.__name__, current_state)
  File "C:\Users\81026\AppData\Local\Programs\Python\Python310\lib\site-packages\sqlalchemy\orm\session.py", line 971, in _raise_for_prerequisite_state
    raise sa_exc.PendingRollbackError(
sqlalchemy.exc.PendingRollbackError: This Session's transaction has been rolled back due to a previous exception during flush. To begin a new transaction with this Session, first issue Session.rollback(). Original exception was: (psycopg2.errors.NotNullViolation) null value in column "version_id" of relation "version_snapshots" violates not-null constraint
DETAIL:  Failing row contains (1, 1, null, PUT /api/selection/{id}/, 文档同步自动创建, auto, [], null, 1, 2026-02-04 08:39:40.778759, 2026-02-04 08:39:40.778759, 1, fb2d01d2a525acbd7a60d2a6315cfa5e, null, null, {"request_schema": {}, "response_schema": {}}, 1).

[SQL: INSERT INTO version_snapshots (project_id, definition_id, version_id, version_hash, version_tag, source_version, name, description, snapshot_type, definition_ids, schema_snapshot, total_count, created_by, created_at, updated_at) VALUES (%(project_id)s, %(definition_id)s, %(version_id)s, %(version_hash)s, %(version_tag)s, %(source_version)s, %(name)s, %(description)s, %(snapshot_type)s, %(definition_ids)s::JSON, %(schema_snapshot)s::JSON, %(total_count)s, %(created_by)s, %(created_at)s, %(updated_at)s) RETURNING version_snapshots.id]
[parameters: {'project_id': 1, 'definition_id': 1, 'version_id': None, 'version_hash': 'fb2d01d2a525acbd7a60d2a6315cfa5e', 'version_tag': None, 'source_version': None, 'name': 'PUT /api/selection/{id}/', 'description': '文档同步自动创建', 'snapshot_type': 'auto', 'definition_ids': '[]', 'schema_snapshot': '{"request_schema": {}, "response_schema": {}}', 'total_count': 1, 'created_by': 1, 'created_at': datetime.datetime(2026, 2, 4, 8, 39, 40, 778759, tzinfo=datetime.timezone.utc), 'updated_at': datetime.datetime(2026, 2, 4, 8, 39, 40, 778759, tzinfo=datetime.timezone.utc)}]
(Background on this error at: https://sqlalche.me/e/20/gkpj) (Background on this error at: https://sqlalche.me/e/20/7s2a)

During handling of the above exception, another exception occurred:

Traceback (most recent call last):
  File "D:\code\BugSeek\backend\app\dependencies.py", line 19, in get_db
    yield db
  File "C:\Users\81026\AppData\Local\Programs\Python\Python310\lib\site-packages\fastapi\concurrency.py", line 29, in contextmanager_in_threadpool
    yield await run_in_threadpool(cm.__enter__)
  File "C:\Users\81026\AppData\Local\Programs\Python\Python310\lib\site-packages\fastapi\routing.py", line 101, in app
    response = await f(request)
  File "C:\Users\81026\AppData\Local\Programs\Python\Python310\lib\site-packages\fastapi\routing.py", line 355, in app
    raw_response = await run_endpoint_function(
  File "C:\Users\81026\AppData\Local\Programs\Python\Python310\lib\site-packages\fastapi\routing.py", line 243, in run_endpoint_function
    return await dependant.call(**values)
  File "D:\code\BugSeek\backend\app\api\v1\sync_tasks.py", line 756, in apply_changes
    raise HTTPException(
fastapi.exceptions.HTTPException: 500: 应用变更失败：This Session's transaction has been rolled back due to a previous exception during flush. To begin a new transaction with this Session, first issue Session.rollback(). Original exception was: (psycopg2.errors.NotNullViolation) null value in column "version_id" of relation "version_snapshots" violates not-null constraint
DETAIL:  Failing row contains (1, 1, null, PUT /api/selection/{id}/, 文档同步自动创建, auto, [], null, 1, 2026-02-04 08:39:40.778759, 2026-02-04 08:39:40.778759, 1, fb2d01d2a525acbd7a60d2a6315cfa5e, null, null, {"request_schema": {}, "response_schema": {}}, 1).

[SQL: INSERT INTO version_snapshots (project_id, definition_id, version_id, version_hash, version_tag, source_version, name, description, snapshot_type, definition_ids, schema_snapshot, total_count, created_by, created_at, updated_at) VALUES (%(project_id)s, %(definition_id)s, %(version_id)s, %(version_hash)s, %(version_tag)s, %(source_version)s, %(name)s, %(description)s, %(snapshot_type)s, %(definition_ids)s::JSON, %(schema_snapshot)s::JSON, %(total_count)s, %(created_by)s, %(created_at)s, %(updated_at)s) RETURNING version_snapshots.id]
[parameters: {'project_id': 1, 'definition_id': 1, 'version_id': None, 'version_hash': 'fb2d01d2a525acbd7a60d2a6315cfa5e', 'version_tag': None, 'source_version': None, 'name': 'PUT /api/selection/{id}/', 'description': '文档同步自动创建', 'snapshot_type': 'auto', 'definition_ids': '[]', 'schema_snapshot': '{"request_schema": {}, "response_schema": {}}', 'total_count': 1, 'created_by': 1, 'created_at': datetime.datetime(2026, 2, 4, 8, 39, 40, 778759, tzinfo=datetime.timezone.utc), 'updated_at': datetime.datetime(2026, 2, 4, 8, 39, 40, 778759, tzinfo=datetime.timezone.utc)}]
(Background on this error at: https://sqlalche.me/e/20/gkpj) (Background on this error at: https://sqlalche.me/e/20/7s2a)
2026-02-04 16:40:14 | INFO | [6aaeb1ccfb274e9c90bfaff6c8724039] | app.api.v1.sync_tasks | [6aaeb1ccfb274e9c90bfaff6c8724039] 应用变更: task_id=13, user=admin
2026-02-04 16:40:14 | INFO | [6aaeb1ccfb274e9c90bfaff6c8724039] | app.api.v1.sync_tasks | [6aaeb1ccfb274e9c90bfaff6c8724039] 新增接口: PUT /api/selection/{id}/
2026-02-04 16:40:14 | WARNING | [6aaeb1ccfb274e9c90bfaff6c8724039] | app.api.v1.sync_tasks | [6aaeb1ccfb274e9c90bfaff6c8724039] 自动创建版本快照失败（不影响主流程）: (psycopg2.errors.NotNullViolation) null value in column "version_id" of relation "version_snapshots" violates not-null constraint
DETAIL:  Failing row contains (2, 1, null, PUT /api/selection/{id}/, 文档同步自动创建, auto, [], null, 1, 2026-02-04 08:40:14.800055, 2026-02-04 08:40:14.800055, 2, fb2d01d2a525acbd7a60d2a6315cfa5e, null, null, {"request_schema": {}, "response_schema": {}}, 1).

[SQL: INSERT INTO version_snapshots (project_id, definition_id, version_id, version_hash, version_tag, source_version, name, description, snapshot_type, definition_ids, schema_snapshot, total_count, created_by, created_at, updated_at) VALUES (%(project_id)s, %(definition_id)s, %(version_id)s, %(version_hash)s, %(version_tag)s, %(source_version)s, %(name)s, %(description)s, %(snapshot_type)s, %(definition_ids)s::JSON, %(schema_snapshot)s::JSON, %(total_count)s, %(created_by)s, %(created_at)s, %(updated_at)s) RETURNING version_snapshots.id]
[parameters: {'project_id': 1, 'definition_id': 2, 'version_id': None, 'version_hash': 'fb2d01d2a525acbd7a60d2a6315cfa5e', 'version_tag': None, 'source_version': None, 'name': 'PUT /api/selection/{id}/', 'description': '文档同步自动创建', 'snapshot_type': 'auto', 'definition_ids': '[]', 'schema_snapshot': '{"request_schema": {}, "response_schema": {}}', 'total_count': 1, 'created_by': 1, 'created_at': datetime.datetime(2026, 2, 4, 8, 40, 14, 800055, tzinfo=datetime.timezone.utc), 'updated_at': datetime.datetime(2026, 2, 4, 8, 40, 14, 800055, tzinfo=datetime.timezone.utc)}]
(Background on this error at: https://sqlalche.me/e/20/gkpj)
2026-02-04 16:40:14 | ERROR | [6aaeb1ccfb274e9c90bfaff6c8724039] | app.api.v1.sync_tasks | [6aaeb1ccfb274e9c90bfaff6c8724039] 应用变更失败: This Session's transaction has been rolled back due to a previous exception during flush. To begin a new transaction with this Session, first issue Session.rollback(). Original exception was: (psycopg2.errors.NotNullViolation) null value in column "version_id" of relation "version_snapshots" violates not-null constraint
DETAIL:  Failing row contains (2, 1, null, PUT /api/selection/{id}/, 文档同步自动创建, auto, [], null, 1, 2026-02-04 08:40:14.800055, 2026-02-04 08:40:14.800055, 2, fb2d01d2a525acbd7a60d2a6315cfa5e, null, null, {"request_schema": {}, "response_schema": {}}, 1).

[SQL: INSERT INTO version_snapshots (project_id, definition_id, version_id, version_hash, version_tag, source_version, name, description, snapshot_type, definition_ids, schema_snapshot, total_count, created_by, created_at, updated_at) VALUES (%(project_id)s, %(definition_id)s, %(version_id)s, %(version_hash)s, %(version_tag)s, %(source_version)s, %(name)s, %(description)s, %(snapshot_type)s, %(definition_ids)s::JSON, %(schema_snapshot)s::JSON, %(total_count)s, %(created_by)s, %(created_at)s, %(updated_at)s) RETURNING version_snapshots.id]
[parameters: {'project_id': 1, 'definition_id': 2, 'version_id': None, 'version_hash': 'fb2d01d2a525acbd7a60d2a6315cfa5e', 'version_tag': None, 'source_version': None, 'name': 'PUT /api/selection/{id}/', 'description': '文档同步自动创建', 'snapshot_type': 'auto', 'definition_ids': '[]', 'schema_snapshot': '{"request_schema": {}, "response_schema": {}}', 'total_count': 1, 'created_by': 1, 'created_at': datetime.datetime(2026, 2, 4, 8, 40, 14, 800055, tzinfo=datetime.timezone.utc), 'updated_at': datetime.datetime(2026, 2, 4, 8, 40, 14, 800055, tzinfo=datetime.timezone.utc)}]
(Background on this error at: https://sqlalche.me/e/20/gkpj) (Background on this error at: https://sqlalche.me/e/20/7s2a)
Traceback (most recent call last):
  File "D:\code\BugSeek\backend\app\api\v1\sync_tasks.py", line 560, in _apply_changes_impl
    project_id=sync_task.project_id,
  File "C:\Users\81026\AppData\Local\Programs\Python\Python310\lib\site-packages\sqlalchemy\orm\attributes.py", line 569, in __get__
    return self.impl.get(state, dict_)  # type: ignore[no-any-return]
  File "C:\Users\81026\AppData\Local\Programs\Python\Python310\lib\site-packages\sqlalchemy\orm\attributes.py", line 1096, in get
    value = self._fire_loader_callables(state, key, passive)
  File "C:\Users\81026\AppData\Local\Programs\Python\Python310\lib\site-packages\sqlalchemy\orm\attributes.py", line 1126, in _fire_loader_callables
    return state._load_expired(state, passive)
  File "C:\Users\81026\AppData\Local\Programs\Python\Python310\lib\site-packages\sqlalchemy\orm\state.py", line 828, in _load_expired
    self.manager.expired_attribute_loader(self, toload, passive)
  File "C:\Users\81026\AppData\Local\Programs\Python\Python310\lib\site-packages\sqlalchemy\orm\loading.py", line 1674, in load_scalar_attributes
    result = load_on_ident(
  File "C:\Users\81026\AppData\Local\Programs\Python\Python310\lib\site-packages\sqlalchemy\orm\loading.py", line 510, in load_on_ident
    return load_on_pk_identity(
  File "C:\Users\81026\AppData\Local\Programs\Python\Python310\lib\site-packages\sqlalchemy\orm\loading.py", line 695, in load_on_pk_identity
    session.execute(
  File "C:\Users\81026\AppData\Local\Programs\Python\Python310\lib\site-packages\sqlalchemy\orm\session.py", line 2351, in execute
    return self._execute_internal(
  File "C:\Users\81026\AppData\Local\Programs\Python\Python310\lib\site-packages\sqlalchemy\orm\session.py", line 2239, in _execute_internal
    conn = self._connection_for_bind(bind)
  File "C:\Users\81026\AppData\Local\Programs\Python\Python310\lib\site-packages\sqlalchemy\orm\session.py", line 2108, in _connection_for_bind
    return trans._connection_for_bind(engine, execution_options)
  File "<string>", line 2, in _connection_for_bind
  File "C:\Users\81026\AppData\Local\Programs\Python\Python310\lib\site-packages\sqlalchemy\orm\state_changes.py", line 101, in _go
    self._raise_for_prerequisite_state(fn.__name__, current_state)
  File "C:\Users\81026\AppData\Local\Programs\Python\Python310\lib\site-packages\sqlalchemy\orm\session.py", line 971, in _raise_for_prerequisite_state
    raise sa_exc.PendingRollbackError(
sqlalchemy.exc.PendingRollbackError: This Session's transaction has been rolled back due to a previous exception during flush. To begin a new transaction with this Session, first issue Session.rollback(). Original exception was: (psycopg2.errors.NotNullViolation) null value in column "version_id" of relation "version_snapshots" violates not-null constraint
DETAIL:  Failing row contains (2, 1, null, PUT /api/selection/{id}/, 文档同步自动创建, auto, [], null, 1, 2026-02-04 08:40:14.800055, 2026-02-04 08:40:14.800055, 2, fb2d01d2a525acbd7a60d2a6315cfa5e, null, null, {"request_schema": {}, "response_schema": {}}, 1).

[SQL: INSERT INTO version_snapshots (project_id, definition_id, version_id, version_hash, version_tag, source_version, name, description, snapshot_type, definition_ids, schema_snapshot, total_count, created_by, created_at, updated_at) VALUES (%(project_id)s, %(definition_id)s, %(version_id)s, %(version_hash)s, %(version_tag)s, %(source_version)s, %(name)s, %(description)s, %(snapshot_type)s, %(definition_ids)s::JSON, %(schema_snapshot)s::JSON, %(total_count)s, %(created_by)s, %(created_at)s, %(updated_at)s) RETURNING version_snapshots.id]
[parameters: {'project_id': 1, 'definition_id': 2, 'version_id': None, 'version_hash': 'fb2d01d2a525acbd7a60d2a6315cfa5e', 'version_tag': None, 'source_version': None, 'name': 'PUT /api/selection/{id}/', 'description': '文档同步自动创建', 'snapshot_type': 'auto', 'definition_ids': '[]', 'schema_snapshot': '{"request_schema": {}, "response_schema": {}}', 'total_count': 1, 'created_by': 1, 'created_at': datetime.datetime(2026, 2, 4, 8, 40, 14, 800055, tzinfo=datetime.timezone.utc), 'updated_at': datetime.datetime(2026, 2, 4, 8, 40, 14, 800055, tzinfo=datetime.timezone.utc)}]
(Background on this error at: https://sqlalche.me/e/20/gkpj) (Background on this error at: https://sqlalche.me/e/20/7s2a)
2026-02-04 16:40:14 | ERROR | [6aaeb1ccfb274e9c90bfaff6c8724039] | app.api.v1.sync_tasks | [6aaeb1ccfb274e9c90bfaff6c8724039] 应用变更失败: This Session's transaction has been rolled back due to a previous exception during flush. To begin a new transaction with this Session, first issue Session.rollback(). Original exception was: (psycopg2.errors.NotNullViolation) null value in column "version_id" of relation "version_snapshots" violates not-null constraint
DETAIL:  Failing row contains (2, 1, null, PUT /api/selection/{id}/, 文档同步自动创建, auto, [], null, 1, 2026-02-04 08:40:14.800055, 2026-02-04 08:40:14.800055, 2, fb2d01d2a525acbd7a60d2a6315cfa5e, null, null, {"request_schema": {}, "response_schema": {}}, 1).

[SQL: INSERT INTO version_snapshots (project_id, definition_id, version_id, version_hash, version_tag, source_version, name, description, snapshot_type, definition_ids, schema_snapshot, total_count, created_by, created_at, updated_at) VALUES (%(project_id)s, %(definition_id)s, %(version_id)s, %(version_hash)s, %(version_tag)s, %(source_version)s, %(name)s, %(description)s, %(snapshot_type)s, %(definition_ids)s::JSON, %(schema_snapshot)s::JSON, %(total_count)s, %(created_by)s, %(created_at)s, %(updated_at)s) RETURNING version_snapshots.id]
[parameters: {'project_id': 1, 'definition_id': 2, 'version_id': None, 'version_hash': 'fb2d01d2a525acbd7a60d2a6315cfa5e', 'version_tag': None, 'source_version': None, 'name': 'PUT /api/selection/{id}/', 'description': '文档同步自动创建', 'snapshot_type': 'auto', 'definition_ids': '[]', 'schema_snapshot': '{"request_schema": {}, "response_schema": {}}', 'total_count': 1, 'created_by': 1, 'created_at': datetime.datetime(2026, 2, 4, 8, 40, 14, 800055, tzinfo=datetime.timezone.utc), 'updated_at': datetime.datetime(2026, 2, 4, 8, 40, 14, 800055, tzinfo=datetime.timezone.utc)}]
(Background on this error at: https://sqlalche.me/e/20/gkpj) (Background on this error at: https://sqlalche.me/e/20/7s2a)
Traceback (most recent call last):
  File "D:\code\BugSeek\backend\app\api\v1\sync_tasks.py", line 744, in apply_changes
    result = _apply_changes_impl(db, task, request.operations, trace_id)
  File "D:\code\BugSeek\backend\app\api\v1\sync_tasks.py", line 560, in _apply_changes_impl
    project_id=sync_task.project_id,
  File "C:\Users\81026\AppData\Local\Programs\Python\Python310\lib\site-packages\sqlalchemy\orm\attributes.py", line 569, in __get__
    return self.impl.get(state, dict_)  # type: ignore[no-any-return]
  File "C:\Users\81026\AppData\Local\Programs\Python\Python310\lib\site-packages\sqlalchemy\orm\attributes.py", line 1096, in get
    value = self._fire_loader_callables(state, key, passive)
  File "C:\Users\81026\AppData\Local\Programs\Python\Python310\lib\site-packages\sqlalchemy\orm\attributes.py", line 1126, in _fire_loader_callables
    return state._load_expired(state, passive)
  File "C:\Users\81026\AppData\Local\Programs\Python\Python310\lib\site-packages\sqlalchemy\orm\state.py", line 828, in _load_expired
    self.manager.expired_attribute_loader(self, toload, passive)
  File "C:\Users\81026\AppData\Local\Programs\Python\Python310\lib\site-packages\sqlalchemy\orm\loading.py", line 1674, in load_scalar_attributes
    result = load_on_ident(
  File "C:\Users\81026\AppData\Local\Programs\Python\Python310\lib\site-packages\sqlalchemy\orm\loading.py", line 510, in load_on_ident
    return load_on_pk_identity(
  File "C:\Users\81026\AppData\Local\Programs\Python\Python310\lib\site-packages\sqlalchemy\orm\loading.py", line 695, in load_on_pk_identity
    session.execute(
  File "C:\Users\81026\AppData\Local\Programs\Python\Python310\lib\site-packages\sqlalchemy\orm\session.py", line 2351, in execute
    return self._execute_internal(
  File "C:\Users\81026\AppData\Local\Programs\Python\Python310\lib\site-packages\sqlalchemy\orm\session.py", line 2239, in _execute_internal
    conn = self._connection_for_bind(bind)
  File "C:\Users\81026\AppData\Local\Programs\Python\Python310\lib\site-packages\sqlalchemy\orm\session.py", line 2108, in _connection_for_bind
    return trans._connection_for_bind(engine, execution_options)
  File "<string>", line 2, in _connection_for_bind
  File "C:\Users\81026\AppData\Local\Programs\Python\Python310\lib\site-packages\sqlalchemy\orm\state_changes.py", line 101, in _go
    self._raise_for_prerequisite_state(fn.__name__, current_state)
  File "C:\Users\81026\AppData\Local\Programs\Python\Python310\lib\site-packages\sqlalchemy\orm\session.py", line 971, in _raise_for_prerequisite_state
    raise sa_exc.PendingRollbackError(
sqlalchemy.exc.PendingRollbackError: This Session's transaction has been rolled back due to a previous exception during flush. To begin a new transaction with this Session, first issue Session.rollback(). Original exception was: (psycopg2.errors.NotNullViolation) null value in column "version_id" of relation "version_snapshots" violates not-null constraint
DETAIL:  Failing row contains (2, 1, null, PUT /api/selection/{id}/, 文档同步自动创建, auto, [], null, 1, 2026-02-04 08:40:14.800055, 2026-02-04 08:40:14.800055, 2, fb2d01d2a525acbd7a60d2a6315cfa5e, null, null, {"request_schema": {}, "response_schema": {}}, 1).

[SQL: INSERT INTO version_snapshots (project_id, definition_id, version_id, version_hash, version_tag, source_version, name, description, snapshot_type, definition_ids, schema_snapshot, total_count, created_by, created_at, updated_at) VALUES (%(project_id)s, %(definition_id)s, %(version_id)s, %(version_hash)s, %(version_tag)s, %(source_version)s, %(name)s, %(description)s, %(snapshot_type)s, %(definition_ids)s::JSON, %(schema_snapshot)s::JSON, %(total_count)s, %(created_by)s, %(created_at)s, %(updated_at)s) RETURNING version_snapshots.id]
[parameters: {'project_id': 1, 'definition_id': 2, 'version_id': None, 'version_hash': 'fb2d01d2a525acbd7a60d2a6315cfa5e', 'version_tag': None, 'source_version': None, 'name': 'PUT /api/selection/{id}/', 'description': '文档同步自动创建', 'snapshot_type': 'auto', 'definition_ids': '[]', 'schema_snapshot': '{"request_schema": {}, "response_schema": {}}', 'total_count': 1, 'created_by': 1, 'created_at': datetime.datetime(2026, 2, 4, 8, 40, 14, 800055, tzinfo=datetime.timezone.utc), 'updated_at': datetime.datetime(2026, 2, 4, 8, 40, 14, 800055, tzinfo=datetime.timezone.utc)}]
(Background on this error at: https://sqlalche.me/e/20/gkpj) (Background on this error at: https://sqlalche.me/e/20/7s2a)
2026-02-04 16:40:14 | ERROR | [6aaeb1ccfb274e9c90bfaff6c8724039] | app.dependencies | 数据库会话异常: 500: 应用变更失败：This Session's transaction has been rolled back due to a previous exception during flush. To begin a new transaction with this Session, first issue Session.rollback(). Original exception was: (psycopg2.errors.NotNullViolation) null value in column "version_id" of relation "version_snapshots" violates not-null constraint
DETAIL:  Failing row contains (2, 1, null, PUT /api/selection/{id}/, 文档同步自动创建, auto, [], null, 1, 2026-02-04 08:40:14.800055, 2026-02-04 08:40:14.800055, 2, fb2d01d2a525acbd7a60d2a6315cfa5e, null, null, {"request_schema": {}, "response_schema": {}}, 1).

[SQL: INSERT INTO version_snapshots (project_id, definition_id, version_id, version_hash, version_tag, source_version, name, description, snapshot_type, definition_ids, schema_snapshot, total_count, created_by, created_at, updated_at) VALUES (%(project_id)s, %(definition_id)s, %(version_id)s, %(version_hash)s, %(version_tag)s, %(source_version)s, %(name)s, %(description)s, %(snapshot_type)s, %(definition_ids)s::JSON, %(schema_snapshot)s::JSON, %(total_count)s, %(created_by)s, %(created_at)s, %(updated_at)s) RETURNING version_snapshots.id]
[parameters: {'project_id': 1, 'definition_id': 2, 'version_id': None, 'version_hash': 'fb2d01d2a525acbd7a60d2a6315cfa5e', 'version_tag': None, 'source_version': None, 'name': 'PUT /api/selection/{id}/', 'description': '文档同步自动创建', 'snapshot_type': 'auto', 'definition_ids': '[]', 'schema_snapshot': '{"request_schema": {}, "response_schema": {}}', 'total_count': 1, 'created_by': 1, 'created_at': datetime.datetime(2026, 2, 4, 8, 40, 14, 800055, tzinfo=datetime.timezone.utc), 'updated_at': datetime.datetime(2026, 2, 4, 8, 40, 14, 800055, tzinfo=datetime.timezone.utc)}]
(Background on this error at: https://sqlalche.me/e/20/gkpj) (Background on this error at: https://sqlalche.me/e/20/7s2a)
Traceback (most recent call last):
  File "D:\code\BugSeek\backend\app\api\v1\sync_tasks.py", line 744, in apply_changes
    result = _apply_changes_impl(db, task, request.operations, trace_id)
  File "D:\code\BugSeek\backend\app\api\v1\sync_tasks.py", line 560, in _apply_changes_impl
    project_id=sync_task.project_id,
  File "C:\Users\81026\AppData\Local\Programs\Python\Python310\lib\site-packages\sqlalchemy\orm\attributes.py", line 569, in __get__
    return self.impl.get(state, dict_)  # type: ignore[no-any-return]
  File "C:\Users\81026\AppData\Local\Programs\Python\Python310\lib\site-packages\sqlalchemy\orm\attributes.py", line 1096, in get
    value = self._fire_loader_callables(state, key, passive)
  File "C:\Users\81026\AppData\Local\Programs\Python\Python310\lib\site-packages\sqlalchemy\orm\attributes.py", line 1126, in _fire_loader_callables
    return state._load_expired(state, passive)
  File "C:\Users\81026\AppData\Local\Programs\Python\Python310\lib\site-packages\sqlalchemy\orm\state.py", line 828, in _load_expired
    self.manager.expired_attribute_loader(self, toload, passive)
  File "C:\Users\81026\AppData\Local\Programs\Python\Python310\lib\site-packages\sqlalchemy\orm\loading.py", line 1674, in load_scalar_attributes
    result = load_on_ident(
  File "C:\Users\81026\AppData\Local\Programs\Python\Python310\lib\site-packages\sqlalchemy\orm\loading.py", line 510, in load_on_ident
    return load_on_pk_identity(
  File "C:\Users\81026\AppData\Local\Programs\Python\Python310\lib\site-packages\sqlalchemy\orm\loading.py", line 695, in load_on_pk_identity
    session.execute(
  File "C:\Users\81026\AppData\Local\Programs\Python\Python310\lib\site-packages\sqlalchemy\orm\session.py", line 2351, in execute
    return self._execute_internal(
  File "C:\Users\81026\AppData\Local\Programs\Python\Python310\lib\site-packages\sqlalchemy\orm\session.py", line 2239, in _execute_internal
    conn = self._connection_for_bind(bind)
  File "C:\Users\81026\AppData\Local\Programs\Python\Python310\lib\site-packages\sqlalchemy\orm\session.py", line 2108, in _connection_for_bind
    return trans._connection_for_bind(engine, execution_options)
  File "<string>", line 2, in _connection_for_bind
  File "C:\Users\81026\AppData\Local\Programs\Python\Python310\lib\site-packages\sqlalchemy\orm\state_changes.py", line 101, in _go
    self._raise_for_prerequisite_state(fn.__name__, current_state)
  File "C:\Users\81026\AppData\Local\Programs\Python\Python310\lib\site-packages\sqlalchemy\orm\session.py", line 971, in _raise_for_prerequisite_state
    raise sa_exc.PendingRollbackError(
sqlalchemy.exc.PendingRollbackError: This Session's transaction has been rolled back due to a previous exception during flush. To begin a new transaction with this Session, first issue Session.rollback(). Original exception was: (psycopg2.errors.NotNullViolation) null value in column "version_id" of relation "version_snapshots" violates not-null constraint
DETAIL:  Failing row contains (2, 1, null, PUT /api/selection/{id}/, 文档同步自动创建, auto, [], null, 1, 2026-02-04 08:40:14.800055, 2026-02-04 08:40:14.800055, 2, fb2d01d2a525acbd7a60d2a6315cfa5e, null, null, {"request_schema": {}, "response_schema": {}}, 1).

[SQL: INSERT INTO version_snapshots (project_id, definition_id, version_id, version_hash, version_tag, source_version, name, description, snapshot_type, definition_ids, schema_snapshot, total_count, created_by, created_at, updated_at) VALUES (%(project_id)s, %(definition_id)s, %(version_id)s, %(version_hash)s, %(version_tag)s, %(source_version)s, %(name)s, %(description)s, %(snapshot_type)s, %(definition_ids)s::JSON, %(schema_snapshot)s::JSON, %(total_count)s, %(created_by)s, %(created_at)s, %(updated_at)s) RETURNING version_snapshots.id]
[parameters: {'project_id': 1, 'definition_id': 2, 'version_id': None, 'version_hash': 'fb2d01d2a525acbd7a60d2a6315cfa5e', 'version_tag': None, 'source_version': None, 'name': 'PUT /api/selection/{id}/', 'description': '文档同步自动创建', 'snapshot_type': 'auto', 'definition_ids': '[]', 'schema_snapshot': '{"request_schema": {}, "response_schema": {}}', 'total_count': 1, 'created_by': 1, 'created_at': datetime.datetime(2026, 2, 4, 8, 40, 14, 800055, tzinfo=datetime.timezone.utc), 'updated_at': datetime.datetime(2026, 2, 4, 8, 40, 14, 800055, tzinfo=datetime.timezone.utc)}]
(Background on this error at: https://sqlalche.me/e/20/gkpj) (Background on this error at: https://sqlalche.me/e/20/7s2a)

During handling of the above exception, another exception occurred:

Traceback (most recent call last):
  File "D:\code\BugSeek\backend\app\dependencies.py", line 19, in get_db
    yield db
  File "C:\Users\81026\AppData\Local\Programs\Python\Python310\lib\site-packages\fastapi\concurrency.py", line 29, in contextmanager_in_threadpool
    yield await run_in_threadpool(cm.__enter__)
  File "C:\Users\81026\AppData\Local\Programs\Python\Python310\lib\site-packages\fastapi\routing.py", line 101, in app
    response = await f(request)
  File "C:\Users\81026\AppData\Local\Programs\Python\Python310\lib\site-packages\fastapi\routing.py", line 355, in app
    raw_response = await run_endpoint_function(
  File "C:\Users\81026\AppData\Local\Programs\Python\Python310\lib\site-packages\fastapi\routing.py", line 243, in run_endpoint_function
    return await dependant.call(**values)
  File "D:\code\BugSeek\backend\app\api\v1\sync_tasks.py", line 756, in apply_changes
    raise HTTPException(
fastapi.exceptions.HTTPException: 500: 应用变更失败：This Session's transaction has been rolled back due to a previous exception during flush. To begin a new transaction with this Session, first issue Session.rollback(). Original exception was: (psycopg2.errors.NotNullViolation) null value in column "version_id" of relation "version_snapshots" violates not-null constraint
DETAIL:  Failing row contains (2, 1, null, PUT /api/selection/{id}/, 文档同步自动创建, auto, [], null, 1, 2026-02-04 08:40:14.800055, 2026-02-04 08:40:14.800055, 2, fb2d01d2a525acbd7a60d2a6315cfa5e, null, null, {"request_schema": {}, "response_schema": {}}, 1).

[SQL: INSERT INTO version_snapshots (project_id, definition_id, version_id, version_hash, version_tag, source_version, name, description, snapshot_type, definition_ids, schema_snapshot, total_count, created_by, created_at, updated_at) VALUES (%(project_id)s, %(definition_id)s, %(version_id)s, %(version_hash)s, %(version_tag)s, %(source_version)s, %(name)s, %(description)s, %(snapshot_type)s, %(definition_ids)s::JSON, %(schema_snapshot)s::JSON, %(total_count)s, %(created_by)s, %(created_at)s, %(updated_at)s) RETURNING version_snapshots.id]
[parameters: {'project_id': 1, 'definition_id': 2, 'version_id': None, 'version_hash': 'fb2d01d2a525acbd7a60d2a6315cfa5e', 'version_tag': None, 'source_version': None, 'name': 'PUT /api/selection/{id}/', 'description': '文档同步自动创建', 'snapshot_type': 'auto', 'definition_ids': '[]', 'schema_snapshot': '{"request_schema": {}, "response_schema": {}}', 'total_count': 1, 'created_by': 1, 'created_at': datetime.datetime(2026, 2, 4, 8, 40, 14, 800055, tzinfo=datetime.timezone.utc), 'updated_at': datetime.datetime(2026, 2, 4, 8, 40, 14, 800055, tzinfo=datetime.timezone.utc)}]
(Background on this error at: https://sqlalche.me/e/20/gkpj) (Background on this error at: https://sqlalche.me/e/20/7s2a)
2026-02-04 16:42:19 | INFO | [d66e191d9c464ab4b5ac682ae9a1827c] | root | 日志系统初始化完成
2026-02-04 16:42:20 | INFO | [d66e191d9c464ab4b5ac682ae9a1827c] | app.main | 启动异步任务工作线程...
2026-02-04 16:42:20 | INFO | [d66e191d9c464ab4b5ac682ae9a1827c] | app.main | 异步任务工作线程已启动
2026-02-04 16:42:20 | INFO | [d66e191d9c464ab4b5ac682ae9a1827c] | app.core.async_task.manager | [d66e191d9c464ab4b5ac682ae9a1827c] 启动异步任务工作线程
2026-02-04 16:42:29 | INFO | [edefc6b54af54972a1d145bfbfb88b0e] | root | 日志系统初始化完成
2026-02-04 16:42:29 | INFO | [edefc6b54af54972a1d145bfbfb88b0e] | app.main | 启动异步任务工作线程...
2026-02-04 16:42:29 | INFO | [edefc6b54af54972a1d145bfbfb88b0e] | app.main | 异步任务工作线程已启动
2026-02-04 16:42:29 | INFO | [edefc6b54af54972a1d145bfbfb88b0e] | app.core.async_task.manager | [edefc6b54af54972a1d145bfbfb88b0e] 启动异步任务工作线程
2026-02-04 16:42:35 | INFO | [774e2aee6e6f4236a2d6401cce31647a] | root | 日志系统初始化完成
2026-02-04 16:42:35 | INFO | [774e2aee6e6f4236a2d6401cce31647a] | app.main | 启动异步任务工作线程...
2026-02-04 16:42:35 | INFO | [774e2aee6e6f4236a2d6401cce31647a] | app.main | 异步任务工作线程已启动
2026-02-04 16:42:35 | INFO | [774e2aee6e6f4236a2d6401cce31647a] | app.core.async_task.manager | [774e2aee6e6f4236a2d6401cce31647a] 启动异步任务工作线程
2026-02-04 16:43:12 | INFO | [e2766c7d77e241bebf71e05b244099f9] | root | 日志系统初始化完成
2026-02-04 16:43:12 | INFO | [e2766c7d77e241bebf71e05b244099f9] | app.main | 启动异步任务工作线程...
2026-02-04 16:43:12 | INFO | [e2766c7d77e241bebf71e05b244099f9] | app.main | 异步任务工作线程已启动
2026-02-04 16:43:12 | INFO | [e2766c7d77e241bebf71e05b244099f9] | app.core.async_task.manager | [e2766c7d77e241bebf71e05b244099f9] 启动异步任务工作线程
2026-02-04 16:45:25 | INFO | [3c7f32ee770a4088bf5fd87560f63c01] | app.api.v1.sync_tasks | [3c7f32ee770a4088bf5fd87560f63c01] 应用变更: task_id=13, user=admin
2026-02-04 16:45:25 | INFO | [3c7f32ee770a4088bf5fd87560f63c01] | app.api.v1.sync_tasks | [3c7f32ee770a4088bf5fd87560f63c01] 新增接口: PUT /api/selection/{id}/
2026-02-04 16:45:25 | INFO | [3c7f32ee770a4088bf5fd87560f63c01] | app.api.v1.version_snapshots | [3c7f32ee770a4088bf5fd87560f63c01] 自动创建版本快照成功: id=3, definition_id=3, hash=fb2d01d2a525acbd7a60d2a6315cfa5e
2026-02-04 16:45:25 | INFO | [3c7f32ee770a4088bf5fd87560f63c01] | app.api.v1.sync_tasks | [3c7f32ee770a4088bf5fd87560f63c01] 自动创建版本快照成功: snapshot_id=3
2026-02-04 16:45:25 | INFO | [3c7f32ee770a4088bf5fd87560f63c01] | app.api.v1.sync_tasks | [3c7f32ee770a4088bf5fd87560f63c01] 新增接口: GET /api/part/category/tree/
2026-02-04 16:45:25 | INFO | [3c7f32ee770a4088bf5fd87560f63c01] | app.api.v1.version_snapshots | [3c7f32ee770a4088bf5fd87560f63c01] 自动创建版本快照成功: id=4, definition_id=4, hash=fb2d01d2a525acbd7a60d2a6315cfa5e
2026-02-04 16:45:25 | INFO | [3c7f32ee770a4088bf5fd87560f63c01] | app.api.v1.sync_tasks | [3c7f32ee770a4088bf5fd87560f63c01] 自动创建版本快照成功: snapshot_id=4
2026-02-04 16:45:25 | INFO | [3c7f32ee770a4088bf5fd87560f63c01] | app.api.v1.sync_tasks | [3c7f32ee770a4088bf5fd87560f63c01] 新增接口: POST /api/order/ro/{id}/issue/
2026-02-04 16:45:25 | INFO | [3c7f32ee770a4088bf5fd87560f63c01] | app.api.v1.version_snapshots | [3c7f32ee770a4088bf5fd87560f63c01] 自动创建版本快照成功: id=5, definition_id=5, hash=fb2d01d2a525acbd7a60d2a6315cfa5e
2026-02-04 16:45:25 | INFO | [3c7f32ee770a4088bf5fd87560f63c01] | app.api.v1.sync_tasks | [3c7f32ee770a4088bf5fd87560f63c01] 自动创建版本快照成功: snapshot_id=5
2026-02-04 16:45:25 | INFO | [3c7f32ee770a4088bf5fd87560f63c01] | app.api.v1.sync_tasks | [3c7f32ee770a4088bf5fd87560f63c01] 新增接口: PATCH /api/stock/location/{id}/metadata/
2026-02-04 16:45:25 | INFO | [3c7f32ee770a4088bf5fd87560f63c01] | app.api.v1.version_snapshots | [3c7f32ee770a4088bf5fd87560f63c01] 自动创建版本快照成功: id=6, definition_id=6, hash=fb2d01d2a525acbd7a60d2a6315cfa5e
2026-02-04 16:45:25 | INFO | [3c7f32ee770a4088bf5fd87560f63c01] | app.api.v1.sync_tasks | [3c7f32ee770a4088bf5fd87560f63c01] 自动创建版本快照成功: snapshot_id=6
2026-02-04 16:45:25 | INFO | [3c7f32ee770a4088bf5fd87560f63c01] | app.api.v1.sync_tasks | [3c7f32ee770a4088bf5fd87560f63c01] 新增接口: POST /api/part/{id}/bom-copy/
2026-02-04 16:45:25 | INFO | [3c7f32ee770a4088bf5fd87560f63c01] | app.api.v1.version_snapshots | [3c7f32ee770a4088bf5fd87560f63c01] 自动创建版本快照成功: id=7, definition_id=7, hash=fb2d01d2a525acbd7a60d2a6315cfa5e
2026-02-04 16:45:25 | INFO | [3c7f32ee770a4088bf5fd87560f63c01] | app.api.v1.sync_tasks | [3c7f32ee770a4088bf5fd87560f63c01] 自动创建版本快照成功: snapshot_id=7
2026-02-04 16:45:25 | INFO | [3c7f32ee770a4088bf5fd87560f63c01] | app.api.v1.sync_tasks | [3c7f32ee770a4088bf5fd87560f63c01] 新增接口: DELETE /api/importer/row/
2026-02-04 16:45:25 | INFO | [3c7f32ee770a4088bf5fd87560f63c01] | app.api.v1.version_snapshots | [3c7f32ee770a4088bf5fd87560f63c01] 自动创建版本快照成功: id=8, definition_id=8, hash=fb2d01d2a525acbd7a60d2a6315cfa5e
2026-02-04 16:45:25 | INFO | [3c7f32ee770a4088bf5fd87560f63c01] | app.api.v1.sync_tasks | [3c7f32ee770a4088bf5fd87560f63c01] 自动创建版本快照成功: snapshot_id=8
2026-02-04 16:45:25 | INFO | [3c7f32ee770a4088bf5fd87560f63c01] | app.api.v1.sync_tasks | [3c7f32ee770a4088bf5fd87560f63c01] 新增接口: PATCH /api/build/line/{id}/
2026-02-04 16:45:25 | INFO | [3c7f32ee770a4088bf5fd87560f63c01] | app.api.v1.version_snapshots | [3c7f32ee770a4088bf5fd87560f63c01] 自动创建版本快照成功: id=9, definition_id=9, hash=fb2d01d2a525acbd7a60d2a6315cfa5e
2026-02-04 16:45:25 | INFO | [3c7f32ee770a4088bf5fd87560f63c01] | app.api.v1.sync_tasks | [3c7f32ee770a4088bf5fd87560f63c01] 自动创建版本快照成功: snapshot_id=9
2026-02-04 16:45:25 | INFO | [3c7f32ee770a4088bf5fd87560f63c01] | app.api.v1.sync_tasks | [3c7f32ee770a4088bf5fd87560f63c01] 新增接口: DELETE /api/plugins/{plugin}/
2026-02-04 16:45:25 | INFO | [3c7f32ee770a4088bf5fd87560f63c01] | app.api.v1.version_snapshots | [3c7f32ee770a4088bf5fd87560f63c01] 自动创建版本快照成功: id=10, definition_id=10, hash=fb2d01d2a525acbd7a60d2a6315cfa5e
2026-02-04 16:45:25 | INFO | [3c7f32ee770a4088bf5fd87560f63c01] | app.api.v1.sync_tasks | [3c7f32ee770a4088bf5fd87560f63c01] 自动创建版本快照成功: snapshot_id=10
2026-02-04 16:45:25 | INFO | [3c7f32ee770a4088bf5fd87560f63c01] | app.api.v1.sync_tasks | [3c7f32ee770a4088bf5fd87560f63c01] 新增接口: PUT /api/part/sale-price/{id}/
2026-02-04 16:45:25 | INFO | [3c7f32ee770a4088bf5fd87560f63c01] | app.api.v1.version_snapshots | [3c7f32ee770a4088bf5fd87560f63c01] 自动创建版本快照成功: id=11, definition_id=11, hash=fb2d01d2a525acbd7a60d2a6315cfa5e
2026-02-04 16:45:25 | INFO | [3c7f32ee770a4088bf5fd87560f63c01] | app.api.v1.sync_tasks | [3c7f32ee770a4088bf5fd87560f63c01] 自动创建版本快照成功: snapshot_id=11
2026-02-04 16:45:25 | INFO | [3c7f32ee770a4088bf5fd87560f63c01] | app.api.v1.sync_tasks | [3c7f32ee770a4088bf5fd87560f63c01] 新增接口: GET /api/order/so/status/
2026-02-04 16:45:25 | INFO | [3c7f32ee770a4088bf5fd87560f63c01] | app.api.v1.version_snapshots | [3c7f32ee770a4088bf5fd87560f63c01] 自动创建版本快照成功: id=12, definition_id=12, hash=fb2d01d2a525acbd7a60d2a6315cfa5e
2026-02-04 16:45:25 | INFO | [3c7f32ee770a4088bf5fd87560f63c01] | app.api.v1.sync_tasks | [3c7f32ee770a4088bf5fd87560f63c01] 自动创建版本快照成功: snapshot_id=12
2026-02-04 16:45:25 | INFO | [3c7f32ee770a4088bf5fd87560f63c01] | app.api.v1.sync_tasks | [3c7f32ee770a4088bf5fd87560f63c01] 新增接口: POST /api/report/asset/
2026-02-04 16:45:25 | INFO | [3c7f32ee770a4088bf5fd87560f63c01] | app.api.v1.version_snapshots | [3c7f32ee770a4088bf5fd87560f63c01] 自动创建版本快照成功: id=13, definition_id=13, hash=fb2d01d2a525acbd7a60d2a6315cfa5e
2026-02-04 16:45:25 | INFO | [3c7f32ee770a4088bf5fd87560f63c01] | app.api.v1.sync_tasks | [3c7f32ee770a4088bf5fd87560f63c01] 自动创建版本快照成功: snapshot_id=13
2026-02-04 16:45:25 | INFO | [3c7f32ee770a4088bf5fd87560f63c01] | app.api.v1.sync_tasks | [3c7f32ee770a4088bf5fd87560f63c01] 新增接口: PUT /api/bom/{id}/metadata/
2026-02-04 16:45:25 | INFO | [3c7f32ee770a4088bf5fd87560f63c01] | app.api.v1.version_snapshots | [3c7f32ee770a4088bf5fd87560f63c01] 自动创建版本快照成功: id=14, definition_id=14, hash=fb2d01d2a525acbd7a60d2a6315cfa5e
2026-02-04 16:45:25 | INFO | [3c7f32ee770a4088bf5fd87560f63c01] | app.api.v1.sync_tasks | [3c7f32ee770a4088bf5fd87560f63c01] 自动创建版本快照成功: snapshot_id=14
2026-02-04 16:45:25 | INFO | [3c7f32ee770a4088bf5fd87560f63c01] | app.api.v1.sync_tasks | [3c7f32ee770a4088bf5fd87560f63c01] 新增接口: GET /api/part/category/
2026-02-04 16:45:25 | INFO | [3c7f32ee770a4088bf5fd87560f63c01] | app.api.v1.version_snapshots | [3c7f32ee770a4088bf5fd87560f63c01] 自动创建版本快照成功: id=15, definition_id=15, hash=fb2d01d2a525acbd7a60d2a6315cfa5e
2026-02-04 16:45:25 | INFO | [3c7f32ee770a4088bf5fd87560f63c01] | app.api.v1.sync_tasks | [3c7f32ee770a4088bf5fd87560f63c01] 自动创建版本快照成功: snapshot_id=15
2026-02-04 16:45:25 | INFO | [3c7f32ee770a4088bf5fd87560f63c01] | app.api.v1.sync_tasks | [3c7f32ee770a4088bf5fd87560f63c01] 新增接口: POST /api/user/group/
2026-02-04 16:45:25 | INFO | [3c7f32ee770a4088bf5fd87560f63c01] | app.api.v1.version_snapshots | [3c7f32ee770a4088bf5fd87560f63c01] 自动创建版本快照成功: id=16, definition_id=16, hash=fb2d01d2a525acbd7a60d2a6315cfa5e
2026-02-04 16:45:25 | INFO | [3c7f32ee770a4088bf5fd87560f63c01] | app.api.v1.sync_tasks | [3c7f32ee770a4088bf5fd87560f63c01] 自动创建版本快照成功: snapshot_id=16
2026-02-04 16:45:25 | INFO | [3c7f32ee770a4088bf5fd87560f63c01] | app.api.v1.sync_tasks | [3c7f32ee770a4088bf5fd87560f63c01] 新增接口: PATCH /api/order/so-allocation/{id}/
2026-02-04 16:45:25 | INFO | [3c7f32ee770a4088bf5fd87560f63c01] | app.api.v1.version_snapshots | [3c7f32ee770a4088bf5fd87560f63c01] 自动创建版本快照成功: id=17, definition_id=17, hash=fb2d01d2a525acbd7a60d2a6315cfa5e
2026-02-04 16:45:25 | INFO | [3c7f32ee770a4088bf5fd87560f63c01] | app.api.v1.sync_tasks | [3c7f32ee770a4088bf5fd87560f63c01] 自动创建版本快照成功: snapshot_id=17
2026-02-04 16:45:25 | INFO | [3c7f32ee770a4088bf5fd87560f63c01] | app.api.v1.sync_tasks | [3c7f32ee770a4088bf5fd87560f63c01] 新增接口: GET /api/plugins/
2026-02-04 16:45:25 | INFO | [3c7f32ee770a4088bf5fd87560f63c01] | app.api.v1.version_snapshots | [3c7f32ee770a4088bf5fd87560f63c01] 自动创建版本快照成功: id=18, definition_id=18, hash=fb2d01d2a525acbd7a60d2a6315cfa5e
2026-02-04 16:45:25 | INFO | [3c7f32ee770a4088bf5fd87560f63c01] | app.api.v1.sync_tasks | [3c7f32ee770a4088bf5fd87560f63c01] 自动创建版本快照成功: snapshot_id=18
2026-02-04 16:45:25 | INFO | [3c7f32ee770a4088bf5fd87560f63c01] | app.api.v1.sync_tasks | [3c7f32ee770a4088bf5fd87560f63c01] 新增接口: PUT /api/part/test-template/{id}/
2026-02-04 16:45:25 | INFO | [3c7f32ee770a4088bf5fd87560f63c01] | app.api.v1.version_snapshots | [3c7f32ee770a4088bf5fd87560f63c01] 自动创建版本快照成功: id=19, definition_id=19, hash=fb2d01d2a525acbd7a60d2a6315cfa5e
2026-02-04 16:45:25 | INFO | [3c7f32ee770a4088bf5fd87560f63c01] | app.api.v1.sync_tasks | [3c7f32ee770a4088bf5fd87560f63c01] 自动创建版本快照成功: snapshot_id=19
2026-02-04 16:45:25 | INFO | [3c7f32ee770a4088bf5fd87560f63c01] | app.api.v1.sync_tasks | [3c7f32ee770a4088bf5fd87560f63c01] 新增接口: POST /api/importer/session/{id}/accept_fields/
2026-02-04 16:45:25 | INFO | [3c7f32ee770a4088bf5fd87560f63c01] | app.api.v1.version_snapshots | [3c7f32ee770a4088bf5fd87560f63c01] 自动创建版本快照成功: id=20, definition_id=20, hash=fb2d01d2a525acbd7a60d2a6315cfa5e
2026-02-04 16:45:25 | INFO | [3c7f32ee770a4088bf5fd87560f63c01] | app.api.v1.sync_tasks | [3c7f32ee770a4088bf5fd87560f63c01] 自动创建版本快照成功: snapshot_id=20
2026-02-04 16:45:25 | INFO | [3c7f32ee770a4088bf5fd87560f63c01] | app.api.v1.sync_tasks | [3c7f32ee770a4088bf5fd87560f63c01] 新增接口: GET /api/part/test-template/{id}/metadata/
2026-02-04 16:45:25 | INFO | [3c7f32ee770a4088bf5fd87560f63c01] | app.api.v1.version_snapshots | [3c7f32ee770a4088bf5fd87560f63c01] 自动创建版本快照成功: id=21, definition_id=21, hash=fb2d01d2a525acbd7a60d2a6315cfa5e
2026-02-04 16:45:25 | INFO | [3c7f32ee770a4088bf5fd87560f63c01] | app.api.v1.sync_tasks | [3c7f32ee770a4088bf5fd87560f63c01] 自动创建版本快照成功: snapshot_id=21
2026-02-04 16:45:25 | INFO | [3c7f32ee770a4088bf5fd87560f63c01] | app.api.v1.sync_tasks | [3c7f32ee770a4088bf5fd87560f63c01] 新增接口: DELETE /api/report/template/{id}/
2026-02-04 16:45:25 | INFO | [3c7f32ee770a4088bf5fd87560f63c01] | app.api.v1.version_snapshots | [3c7f32ee770a4088bf5fd87560f63c01] 自动创建版本快照成功: id=22, definition_id=22, hash=fb2d01d2a525acbd7a60d2a6315cfa5e
2026-02-04 16:45:25 | INFO | [3c7f32ee770a4088bf5fd87560f63c01] | app.api.v1.sync_tasks | [3c7f32ee770a4088bf5fd87560f63c01] 自动创建版本快照成功: snapshot_id=22
2026-02-04 16:45:25 | INFO | [3c7f32ee770a4088bf5fd87560f63c01] | app.api.v1.sync_tasks | [3c7f32ee770a4088bf5fd87560f63c01] 新增接口: POST /api/label/print/
2026-02-04 16:45:25 | INFO | [3c7f32ee770a4088bf5fd87560f63c01] | app.api.v1.version_snapshots | [3c7f32ee770a4088bf5fd87560f63c01] 自动创建版本快照成功: id=23, definition_id=23, hash=fb2d01d2a525acbd7a60d2a6315cfa5e
2026-02-04 16:45:25 | INFO | [3c7f32ee770a4088bf5fd87560f63c01] | app.api.v1.sync_tasks | [3c7f32ee770a4088bf5fd87560f63c01] 自动创建版本快照成功: snapshot_id=23
2026-02-04 16:45:25 | INFO | [3c7f32ee770a4088bf5fd87560f63c01] | app.api.v1.sync_tasks | [3c7f32ee770a4088bf5fd87560f63c01] 新增接口: PATCH /api/news/{id}/
2026-02-04 16:45:25 | INFO | [3c7f32ee770a4088bf5fd87560f63c01] | app.api.v1.version_snapshots | [3c7f32ee770a4088bf5fd87560f63c01] 自动创建版本快照成功: id=24, definition_id=24, hash=fb2d01d2a525acbd7a60d2a6315cfa5e
2026-02-04 16:45:25 | INFO | [3c7f32ee770a4088bf5fd87560f63c01] | app.api.v1.sync_tasks | [3c7f32ee770a4088bf5fd87560f63c01] 自动创建版本快照成功: snapshot_id=24
2026-02-04 16:45:25 | INFO | [3c7f32ee770a4088bf5fd87560f63c01] | app.api.v1.sync_tasks | [3c7f32ee770a4088bf5fd87560f63c01] 新增接口: GET /api/barcode/history/
2026-02-04 16:45:25 | INFO | [3c7f32ee770a4088bf5fd87560f63c01] | app.api.v1.version_snapshots | [3c7f32ee770a4088bf5fd87560f63c01] 自动创建版本快照成功: id=25, definition_id=25, hash=fb2d01d2a525acbd7a60d2a6315cfa5e
2026-02-04 16:45:25 | INFO | [3c7f32ee770a4088bf5fd87560f63c01] | app.api.v1.sync_tasks | [3c7f32ee770a4088bf5fd87560f63c01] 自动创建版本快照成功: snapshot_id=25
2026-02-04 16:45:25 | INFO | [3c7f32ee770a4088bf5fd87560f63c01] | app.api.v1.sync_tasks | [3c7f32ee770a4088bf5fd87560f63c01] 新增接口: GET /api/stock/location/{id}/
2026-02-04 16:45:25 | INFO | [3c7f32ee770a4088bf5fd87560f63c01] | app.api.v1.version_snapshots | [3c7f32ee770a4088bf5fd87560f63c01] 自动创建版本快照成功: id=26, definition_id=26, hash=fb2d01d2a525acbd7a60d2a6315cfa5e
2026-02-04 16:45:25 | INFO | [3c7f32ee770a4088bf5fd87560f63c01] | app.api.v1.sync_tasks | [3c7f32ee770a4088bf5fd87560f63c01] 自动创建版本快照成功: snapshot_id=26
2026-02-04 16:45:25 | INFO | [3c7f32ee770a4088bf5fd87560f63c01] | app.api.v1.sync_tasks | [3c7f32ee770a4088bf5fd87560f63c01] 新增接口: GET /api/project-code/
2026-02-04 16:45:25 | INFO | [3c7f32ee770a4088bf5fd87560f63c01] | app.api.v1.version_snapshots | [3c7f32ee770a4088bf5fd87560f63c01] 自动创建版本快照成功: id=27, definition_id=27, hash=fb2d01d2a525acbd7a60d2a6315cfa5e
2026-02-04 16:45:25 | INFO | [3c7f32ee770a4088bf5fd87560f63c01] | app.api.v1.sync_tasks | [3c7f32ee770a4088bf5fd87560f63c01] 自动创建版本快照成功: snapshot_id=27
2026-02-04 16:45:25 | INFO | [3c7f32ee770a4088bf5fd87560f63c01] | app.api.v1.sync_tasks | [3c7f32ee770a4088bf5fd87560f63c01] 新增接口: POST /api/stock/{id}/uninstall/
2026-02-04 16:45:25 | INFO | [3c7f32ee770a4088bf5fd87560f63c01] | app.api.v1.version_snapshots | [3c7f32ee770a4088bf5fd87560f63c01] 自动创建版本快照成功: id=28, definition_id=28, hash=fb2d01d2a525acbd7a60d2a6315cfa5e
2026-02-04 16:45:25 | INFO | [3c7f32ee770a4088bf5fd87560f63c01] | app.api.v1.sync_tasks | [3c7f32ee770a4088bf5fd87560f63c01] 自动创建版本快照成功: snapshot_id=28
2026-02-04 16:45:25 | ERROR | [3c7f32ee770a4088bf5fd87560f63c01] | app.api.v1.sync_tasks | [3c7f32ee770a4088bf5fd87560f63c01] 应用变更失败: (psycopg2.errors.StringDataRightTruncation) value too long for type character varying(200)

[SQL: INSERT INTO api_definitions (project_id, group_id, method, path, summary, description, tags, version_hash, content_hash, source_type, source_url, source_version, request_schema, response_schema, status, sync_status, lock_status, last_sync_at, created_by, updated_by, created_at, updated_at) VALUES (%(project_id)s, %(group_id)s, %(method)s, %(path)s, %(summary)s, %(description)s, %(tags)s::JSON, %(version_hash)s, %(content_hash)s, %(source_type)s, %(source_url)s, %(source_version)s, %(request_schema)s::JSON, %(response_schema)s::JSON, %(status)s, %(sync_status)s, %(lock_status)s, %(last_sync_at)s, %(created_by)s, %(updated_by)s, %(created_at)s, %(updated_at)s) RETURNING api_definitions.id]
[parameters: {'project_id': 1, 'group_id': None, 'method': 'PATCH', 'path': '/api/stock/location-type/{id}/', 'summary': 'API detail endpoint for a StockLocationType object.\n\n- GET: return a single StockLocationType\n- PUT: update a StockLocationType\n- PATCH: partial update a StockLocationType\n- DELETE: delete a StockLocationType', 'description': 'API detail endpoint for a StockLocationType object.\n\n- GET: return a single StockLocationType\n- PUT: update a StockLocationType\n- PATCH: partial update a StockLocationType\n- DELETE: delete a StockLocationType', 'tags': '[]', 'version_hash': None, 'content_hash': None, 'source_type': 'swagger', 'source_url': 'http://127.0.0.1:1337/api/schema/', 'source_version': None, 'request_schema': '{}', 'response_schema': '{}', 'status': 'active', 'sync_status': 'synced', 'lock_status': 'unlocked', 'last_sync_at': None, 'created_by': None, 'updated_by': None, 'created_at': datetime.datetime(2026, 2, 4, 8, 45, 25, 587457, tzinfo=datetime.timezone.utc), 'updated_at': datetime.datetime(2026, 2, 4, 8, 45, 25, 587457, tzinfo=datetime.timezone.utc)}]
(Background on this error at: https://sqlalche.me/e/20/9h9h)
Traceback (most recent call last):
  File "C:\Users\81026\AppData\Local\Programs\Python\Python310\lib\site-packages\sqlalchemy\engine\base.py", line 1967, in _exec_single_context
    self.dialect.do_execute(
  File "C:\Users\81026\AppData\Local\Programs\Python\Python310\lib\site-packages\sqlalchemy\engine\default.py", line 952, in do_execute
    cursor.execute(statement, parameters)
psycopg2.errors.StringDataRightTruncation: value too long for type character varying(200)


The above exception was the direct cause of the following exception:

Traceback (most recent call last):
  File "D:\code\BugSeek\backend\app\api\v1\sync_tasks.py", line 574, in _apply_changes_impl
    db.flush()  # 刷新以获取 ID
  File "C:\Users\81026\AppData\Local\Programs\Python\Python310\lib\site-packages\sqlalchemy\orm\session.py", line 4331, in flush
    self._flush(objects)
  File "C:\Users\81026\AppData\Local\Programs\Python\Python310\lib\site-packages\sqlalchemy\orm\session.py", line 4466, in _flush
    with util.safe_reraise():
  File "C:\Users\81026\AppData\Local\Programs\Python\Python310\lib\site-packages\sqlalchemy\util\langhelpers.py", line 224, in __exit__
    raise exc_value.with_traceback(exc_tb)
  File "C:\Users\81026\AppData\Local\Programs\Python\Python310\lib\site-packages\sqlalchemy\orm\session.py", line 4427, in _flush
    flush_context.execute()
  File "C:\Users\81026\AppData\Local\Programs\Python\Python310\lib\site-packages\sqlalchemy\orm\unitofwork.py", line 466, in execute
    rec.execute(self)
  File "C:\Users\81026\AppData\Local\Programs\Python\Python310\lib\site-packages\sqlalchemy\orm\unitofwork.py", line 642, in execute
    util.preloaded.orm_persistence.save_obj(
  File "C:\Users\81026\AppData\Local\Programs\Python\Python310\lib\site-packages\sqlalchemy\orm\persistence.py", line 93, in save_obj
    _emit_insert_statements(
  File "C:\Users\81026\AppData\Local\Programs\Python\Python310\lib\site-packages\sqlalchemy\orm\persistence.py", line 1233, in _emit_insert_statements
    result = connection.execute(
  File "C:\Users\81026\AppData\Local\Programs\Python\Python310\lib\site-packages\sqlalchemy\engine\base.py", line 1419, in execute
    return meth(
  File "C:\Users\81026\AppData\Local\Programs\Python\Python310\lib\site-packages\sqlalchemy\sql\elements.py", line 527, in _execute_on_connection
    return connection._execute_clauseelement(
  File "C:\Users\81026\AppData\Local\Programs\Python\Python310\lib\site-packages\sqlalchemy\engine\base.py", line 1641, in _execute_clauseelement
    ret = self._execute_context(
  File "C:\Users\81026\AppData\Local\Programs\Python\Python310\lib\site-packages\sqlalchemy\engine\base.py", line 1846, in _execute_context
    return self._exec_single_context(
  File "C:\Users\81026\AppData\Local\Programs\Python\Python310\lib\site-packages\sqlalchemy\engine\base.py", line 1986, in _exec_single_context
    self._handle_dbapi_exception(
  File "C:\Users\81026\AppData\Local\Programs\Python\Python310\lib\site-packages\sqlalchemy\engine\base.py", line 2363, in _handle_dbapi_exception
    raise sqlalchemy_exception.with_traceback(exc_info[2]) from e
  File "C:\Users\81026\AppData\Local\Programs\Python\Python310\lib\site-packages\sqlalchemy\engine\base.py", line 1967, in _exec_single_context
    self.dialect.do_execute(
  File "C:\Users\81026\AppData\Local\Programs\Python\Python310\lib\site-packages\sqlalchemy\engine\default.py", line 952, in do_execute
    cursor.execute(statement, parameters)
sqlalchemy.exc.DataError: (psycopg2.errors.StringDataRightTruncation) value too long for type character varying(200)

[SQL: INSERT INTO api_definitions (project_id, group_id, method, path, summary, description, tags, version_hash, content_hash, source_type, source_url, source_version, request_schema, response_schema, status, sync_status, lock_status, last_sync_at, created_by, updated_by, created_at, updated_at) VALUES (%(project_id)s, %(group_id)s, %(method)s, %(path)s, %(summary)s, %(description)s, %(tags)s::JSON, %(version_hash)s, %(content_hash)s, %(source_type)s, %(source_url)s, %(source_version)s, %(request_schema)s::JSON, %(response_schema)s::JSON, %(status)s, %(sync_status)s, %(lock_status)s, %(last_sync_at)s, %(created_by)s, %(updated_by)s, %(created_at)s, %(updated_at)s) RETURNING api_definitions.id]
[parameters: {'project_id': 1, 'group_id': None, 'method': 'PATCH', 'path': '/api/stock/location-type/{id}/', 'summary': 'API detail endpoint for a StockLocationType object.\n\n- GET: return a single StockLocationType\n- PUT: update a StockLocationType\n- PATCH: partial update a StockLocationType\n- DELETE: delete a StockLocationType', 'description': 'API detail endpoint for a StockLocationType object.\n\n- GET: return a single StockLocationType\n- PUT: update a StockLocationType\n- PATCH: partial update a StockLocationType\n- DELETE: delete a StockLocationType', 'tags': '[]', 'version_hash': None, 'content_hash': None, 'source_type': 'swagger', 'source_url': 'http://127.0.0.1:1337/api/schema/', 'source_version': None, 'request_schema': '{}', 'response_schema': '{}', 'status': 'active', 'sync_status': 'synced', 'lock_status': 'unlocked', 'last_sync_at': None, 'created_by': None, 'updated_by': None, 'created_at': datetime.datetime(2026, 2, 4, 8, 45, 25, 587457, tzinfo=datetime.timezone.utc), 'updated_at': datetime.datetime(2026, 2, 4, 8, 45, 25, 587457, tzinfo=datetime.timezone.utc)}]
(Background on this error at: https://sqlalche.me/e/20/9h9h)
2026-02-04 16:45:25 | ERROR | [3c7f32ee770a4088bf5fd87560f63c01] | app.api.v1.sync_tasks | [3c7f32ee770a4088bf5fd87560f63c01] 应用变更失败: (psycopg2.errors.StringDataRightTruncation) value too long for type character varying(200)

[SQL: INSERT INTO api_definitions (project_id, group_id, method, path, summary, description, tags, version_hash, content_hash, source_type, source_url, source_version, request_schema, response_schema, status, sync_status, lock_status, last_sync_at, created_by, updated_by, created_at, updated_at) VALUES (%(project_id)s, %(group_id)s, %(method)s, %(path)s, %(summary)s, %(description)s, %(tags)s::JSON, %(version_hash)s, %(content_hash)s, %(source_type)s, %(source_url)s, %(source_version)s, %(request_schema)s::JSON, %(response_schema)s::JSON, %(status)s, %(sync_status)s, %(lock_status)s, %(last_sync_at)s, %(created_by)s, %(updated_by)s, %(created_at)s, %(updated_at)s) RETURNING api_definitions.id]
[parameters: {'project_id': 1, 'group_id': None, 'method': 'PATCH', 'path': '/api/stock/location-type/{id}/', 'summary': 'API detail endpoint for a StockLocationType object.\n\n- GET: return a single StockLocationType\n- PUT: update a StockLocationType\n- PATCH: partial update a StockLocationType\n- DELETE: delete a StockLocationType', 'description': 'API detail endpoint for a StockLocationType object.\n\n- GET: return a single StockLocationType\n- PUT: update a StockLocationType\n- PATCH: partial update a StockLocationType\n- DELETE: delete a StockLocationType', 'tags': '[]', 'version_hash': None, 'content_hash': None, 'source_type': 'swagger', 'source_url': 'http://127.0.0.1:1337/api/schema/', 'source_version': None, 'request_schema': '{}', 'response_schema': '{}', 'status': 'active', 'sync_status': 'synced', 'lock_status': 'unlocked', 'last_sync_at': None, 'created_by': None, 'updated_by': None, 'created_at': datetime.datetime(2026, 2, 4, 8, 45, 25, 587457, tzinfo=datetime.timezone.utc), 'updated_at': datetime.datetime(2026, 2, 4, 8, 45, 25, 587457, tzinfo=datetime.timezone.utc)}]
(Background on this error at: https://sqlalche.me/e/20/9h9h)
Traceback (most recent call last):
  File "C:\Users\81026\AppData\Local\Programs\Python\Python310\lib\site-packages\sqlalchemy\engine\base.py", line 1967, in _exec_single_context
    self.dialect.do_execute(
  File "C:\Users\81026\AppData\Local\Programs\Python\Python310\lib\site-packages\sqlalchemy\engine\default.py", line 952, in do_execute
    cursor.execute(statement, parameters)
psycopg2.errors.StringDataRightTruncation: value too long for type character varying(200)


The above exception was the direct cause of the following exception:

Traceback (most recent call last):
  File "D:\code\BugSeek\backend\app\api\v1\sync_tasks.py", line 746, in apply_changes
    result = _apply_changes_impl(db, task, request.operations, trace_id)
  File "D:\code\BugSeek\backend\app\api\v1\sync_tasks.py", line 574, in _apply_changes_impl
    db.flush()  # 刷新以获取 ID
  File "C:\Users\81026\AppData\Local\Programs\Python\Python310\lib\site-packages\sqlalchemy\orm\session.py", line 4331, in flush
    self._flush(objects)
  File "C:\Users\81026\AppData\Local\Programs\Python\Python310\lib\site-packages\sqlalchemy\orm\session.py", line 4466, in _flush
    with util.safe_reraise():
  File "C:\Users\81026\AppData\Local\Programs\Python\Python310\lib\site-packages\sqlalchemy\util\langhelpers.py", line 224, in __exit__
    raise exc_value.with_traceback(exc_tb)
  File "C:\Users\81026\AppData\Local\Programs\Python\Python310\lib\site-packages\sqlalchemy\orm\session.py", line 4427, in _flush
    flush_context.execute()
  File "C:\Users\81026\AppData\Local\Programs\Python\Python310\lib\site-packages\sqlalchemy\orm\unitofwork.py", line 466, in execute
    rec.execute(self)
  File "C:\Users\81026\AppData\Local\Programs\Python\Python310\lib\site-packages\sqlalchemy\orm\unitofwork.py", line 642, in execute
    util.preloaded.orm_persistence.save_obj(
  File "C:\Users\81026\AppData\Local\Programs\Python\Python310\lib\site-packages\sqlalchemy\orm\persistence.py", line 93, in save_obj
    _emit_insert_statements(
  File "C:\Users\81026\AppData\Local\Programs\Python\Python310\lib\site-packages\sqlalchemy\orm\persistence.py", line 1233, in _emit_insert_statements
    result = connection.execute(
  File "C:\Users\81026\AppData\Local\Programs\Python\Python310\lib\site-packages\sqlalchemy\engine\base.py", line 1419, in execute
    return meth(
  File "C:\Users\81026\AppData\Local\Programs\Python\Python310\lib\site-packages\sqlalchemy\sql\elements.py", line 527, in _execute_on_connection
    return connection._execute_clauseelement(
  File "C:\Users\81026\AppData\Local\Programs\Python\Python310\lib\site-packages\sqlalchemy\engine\base.py", line 1641, in _execute_clauseelement
    ret = self._execute_context(
  File "C:\Users\81026\AppData\Local\Programs\Python\Python310\lib\site-packages\sqlalchemy\engine\base.py", line 1846, in _execute_context
    return self._exec_single_context(
  File "C:\Users\81026\AppData\Local\Programs\Python\Python310\lib\site-packages\sqlalchemy\engine\base.py", line 1986, in _exec_single_context
    self._handle_dbapi_exception(
  File "C:\Users\81026\AppData\Local\Programs\Python\Python310\lib\site-packages\sqlalchemy\engine\base.py", line 2363, in _handle_dbapi_exception
    raise sqlalchemy_exception.with_traceback(exc_info[2]) from e
  File "C:\Users\81026\AppData\Local\Programs\Python\Python310\lib\site-packages\sqlalchemy\engine\base.py", line 1967, in _exec_single_context
    self.dialect.do_execute(
  File "C:\Users\81026\AppData\Local\Programs\Python\Python310\lib\site-packages\sqlalchemy\engine\default.py", line 952, in do_execute
    cursor.execute(statement, parameters)
sqlalchemy.exc.DataError: (psycopg2.errors.StringDataRightTruncation) value too long for type character varying(200)

[SQL: INSERT INTO api_definitions (project_id, group_id, method, path, summary, description, tags, version_hash, content_hash, source_type, source_url, source_version, request_schema, response_schema, status, sync_status, lock_status, last_sync_at, created_by, updated_by, created_at, updated_at) VALUES (%(project_id)s, %(group_id)s, %(method)s, %(path)s, %(summary)s, %(description)s, %(tags)s::JSON, %(version_hash)s, %(content_hash)s, %(source_type)s, %(source_url)s, %(source_version)s, %(request_schema)s::JSON, %(response_schema)s::JSON, %(status)s, %(sync_status)s, %(lock_status)s, %(last_sync_at)s, %(created_by)s, %(updated_by)s, %(created_at)s, %(updated_at)s) RETURNING api_definitions.id]
[parameters: {'project_id': 1, 'group_id': None, 'method': 'PATCH', 'path': '/api/stock/location-type/{id}/', 'summary': 'API detail endpoint for a StockLocationType object.\n\n- GET: return a single StockLocationType\n- PUT: update a StockLocationType\n- PATCH: partial update a StockLocationType\n- DELETE: delete a StockLocationType', 'description': 'API detail endpoint for a StockLocationType object.\n\n- GET: return a single StockLocationType\n- PUT: update a StockLocationType\n- PATCH: partial update a StockLocationType\n- DELETE: delete a StockLocationType', 'tags': '[]', 'version_hash': None, 'content_hash': None, 'source_type': 'swagger', 'source_url': 'http://127.0.0.1:1337/api/schema/', 'source_version': None, 'request_schema': '{}', 'response_schema': '{}', 'status': 'active', 'sync_status': 'synced', 'lock_status': 'unlocked', 'last_sync_at': None, 'created_by': None, 'updated_by': None, 'created_at': datetime.datetime(2026, 2, 4, 8, 45, 25, 587457, tzinfo=datetime.timezone.utc), 'updated_at': datetime.datetime(2026, 2, 4, 8, 45, 25, 587457, tzinfo=datetime.timezone.utc)}]
(Background on this error at: https://sqlalche.me/e/20/9h9h)
2026-02-04 16:45:25 | ERROR | [3c7f32ee770a4088bf5fd87560f63c01] | app.dependencies | 数据库会话异常: 500: 应用变更失败：(psycopg2.errors.StringDataRightTruncation) value too long for type character varying(200)

[SQL: INSERT INTO api_definitions (project_id, group_id, method, path, summary, description, tags, version_hash, content_hash, source_type, source_url, source_version, request_schema, response_schema, status, sync_status, lock_status, last_sync_at, created_by, updated_by, created_at, updated_at) VALUES (%(project_id)s, %(group_id)s, %(method)s, %(path)s, %(summary)s, %(description)s, %(tags)s::JSON, %(version_hash)s, %(content_hash)s, %(source_type)s, %(source_url)s, %(source_version)s, %(request_schema)s::JSON, %(response_schema)s::JSON, %(status)s, %(sync_status)s, %(lock_status)s, %(last_sync_at)s, %(created_by)s, %(updated_by)s, %(created_at)s, %(updated_at)s) RETURNING api_definitions.id]
[parameters: {'project_id': 1, 'group_id': None, 'method': 'PATCH', 'path': '/api/stock/location-type/{id}/', 'summary': 'API detail endpoint for a StockLocationType object.\n\n- GET: return a single StockLocationType\n- PUT: update a StockLocationType\n- PATCH: partial update a StockLocationType\n- DELETE: delete a StockLocationType', 'description': 'API detail endpoint for a StockLocationType object.\n\n- GET: return a single StockLocationType\n- PUT: update a StockLocationType\n- PATCH: partial update a StockLocationType\n- DELETE: delete a StockLocationType', 'tags': '[]', 'version_hash': None, 'content_hash': None, 'source_type': 'swagger', 'source_url': 'http://127.0.0.1:1337/api/schema/', 'source_version': None, 'request_schema': '{}', 'response_schema': '{}', 'status': 'active', 'sync_status': 'synced', 'lock_status': 'unlocked', 'last_sync_at': None, 'created_by': None, 'updated_by': None, 'created_at': datetime.datetime(2026, 2, 4, 8, 45, 25, 587457, tzinfo=datetime.timezone.utc), 'updated_at': datetime.datetime(2026, 2, 4, 8, 45, 25, 587457, tzinfo=datetime.timezone.utc)}]
(Background on this error at: https://sqlalche.me/e/20/9h9h)
Traceback (most recent call last):
  File "C:\Users\81026\AppData\Local\Programs\Python\Python310\lib\site-packages\sqlalchemy\engine\base.py", line 1967, in _exec_single_context
    self.dialect.do_execute(
  File "C:\Users\81026\AppData\Local\Programs\Python\Python310\lib\site-packages\sqlalchemy\engine\default.py", line 952, in do_execute
    cursor.execute(statement, parameters)
psycopg2.errors.StringDataRightTruncation: value too long for type character varying(200)


The above exception was the direct cause of the following exception:

Traceback (most recent call last):
  File "D:\code\BugSeek\backend\app\api\v1\sync_tasks.py", line 746, in apply_changes
    result = _apply_changes_impl(db, task, request.operations, trace_id)
  File "D:\code\BugSeek\backend\app\api\v1\sync_tasks.py", line 574, in _apply_changes_impl
    db.flush()  # 刷新以获取 ID
  File "C:\Users\81026\AppData\Local\Programs\Python\Python310\lib\site-packages\sqlalchemy\orm\session.py", line 4331, in flush
    self._flush(objects)
  File "C:\Users\81026\AppData\Local\Programs\Python\Python310\lib\site-packages\sqlalchemy\orm\session.py", line 4466, in _flush
    with util.safe_reraise():
  File "C:\Users\81026\AppData\Local\Programs\Python\Python310\lib\site-packages\sqlalchemy\util\langhelpers.py", line 224, in __exit__
    raise exc_value.with_traceback(exc_tb)
  File "C:\Users\81026\AppData\Local\Programs\Python\Python310\lib\site-packages\sqlalchemy\orm\session.py", line 4427, in _flush
    flush_context.execute()
  File "C:\Users\81026\AppData\Local\Programs\Python\Python310\lib\site-packages\sqlalchemy\orm\unitofwork.py", line 466, in execute
    rec.execute(self)
  File "C:\Users\81026\AppData\Local\Programs\Python\Python310\lib\site-packages\sqlalchemy\orm\unitofwork.py", line 642, in execute
    util.preloaded.orm_persistence.save_obj(
  File "C:\Users\81026\AppData\Local\Programs\Python\Python310\lib\site-packages\sqlalchemy\orm\persistence.py", line 93, in save_obj
    _emit_insert_statements(
  File "C:\Users\81026\AppData\Local\Programs\Python\Python310\lib\site-packages\sqlalchemy\orm\persistence.py", line 1233, in _emit_insert_statements
    result = connection.execute(
  File "C:\Users\81026\AppData\Local\Programs\Python\Python310\lib\site-packages\sqlalchemy\engine\base.py", line 1419, in execute
    return meth(
  File "C:\Users\81026\AppData\Local\Programs\Python\Python310\lib\site-packages\sqlalchemy\sql\elements.py", line 527, in _execute_on_connection
    return connection._execute_clauseelement(
  File "C:\Users\81026\AppData\Local\Programs\Python\Python310\lib\site-packages\sqlalchemy\engine\base.py", line 1641, in _execute_clauseelement
    ret = self._execute_context(
  File "C:\Users\81026\AppData\Local\Programs\Python\Python310\lib\site-packages\sqlalchemy\engine\base.py", line 1846, in _execute_context
    return self._exec_single_context(
  File "C:\Users\81026\AppData\Local\Programs\Python\Python310\lib\site-packages\sqlalchemy\engine\base.py", line 1986, in _exec_single_context
    self._handle_dbapi_exception(
  File "C:\Users\81026\AppData\Local\Programs\Python\Python310\lib\site-packages\sqlalchemy\engine\base.py", line 2363, in _handle_dbapi_exception
    raise sqlalchemy_exception.with_traceback(exc_info[2]) from e
  File "C:\Users\81026\AppData\Local\Programs\Python\Python310\lib\site-packages\sqlalchemy\engine\base.py", line 1967, in _exec_single_context
    self.dialect.do_execute(
  File "C:\Users\81026\AppData\Local\Programs\Python\Python310\lib\site-packages\sqlalchemy\engine\default.py", line 952, in do_execute
    cursor.execute(statement, parameters)
sqlalchemy.exc.DataError: (psycopg2.errors.StringDataRightTruncation) value too long for type character varying(200)

[SQL: INSERT INTO api_definitions (project_id, group_id, method, path, summary, description, tags, version_hash, content_hash, source_type, source_url, source_version, request_schema, response_schema, status, sync_status, lock_status, last_sync_at, created_by, updated_by, created_at, updated_at) VALUES (%(project_id)s, %(group_id)s, %(method)s, %(path)s, %(summary)s, %(description)s, %(tags)s::JSON, %(version_hash)s, %(content_hash)s, %(source_type)s, %(source_url)s, %(source_version)s, %(request_schema)s::JSON, %(response_schema)s::JSON, %(status)s, %(sync_status)s, %(lock_status)s, %(last_sync_at)s, %(created_by)s, %(updated_by)s, %(created_at)s, %(updated_at)s) RETURNING api_definitions.id]
[parameters: {'project_id': 1, 'group_id': None, 'method': 'PATCH', 'path': '/api/stock/location-type/{id}/', 'summary': 'API detail endpoint for a StockLocationType object.\n\n- GET: return a single StockLocationType\n- PUT: update a StockLocationType\n- PATCH: partial update a StockLocationType\n- DELETE: delete a StockLocationType', 'description': 'API detail endpoint for a StockLocationType object.\n\n- GET: return a single StockLocationType\n- PUT: update a StockLocationType\n- PATCH: partial update a StockLocationType\n- DELETE: delete a StockLocationType', 'tags': '[]', 'version_hash': None, 'content_hash': None, 'source_type': 'swagger', 'source_url': 'http://127.0.0.1:1337/api/schema/', 'source_version': None, 'request_schema': '{}', 'response_schema': '{}', 'status': 'active', 'sync_status': 'synced', 'lock_status': 'unlocked', 'last_sync_at': None, 'created_by': None, 'updated_by': None, 'created_at': datetime.datetime(2026, 2, 4, 8, 45, 25, 587457, tzinfo=datetime.timezone.utc), 'updated_at': datetime.datetime(2026, 2, 4, 8, 45, 25, 587457, tzinfo=datetime.timezone.utc)}]
(Background on this error at: https://sqlalche.me/e/20/9h9h)

During handling of the above exception, another exception occurred:

Traceback (most recent call last):
  File "D:\code\BugSeek\backend\app\dependencies.py", line 19, in get_db
    yield db
  File "C:\Users\81026\AppData\Local\Programs\Python\Python310\lib\site-packages\fastapi\concurrency.py", line 29, in contextmanager_in_threadpool
    yield await run_in_threadpool(cm.__enter__)
  File "C:\Users\81026\AppData\Local\Programs\Python\Python310\lib\site-packages\fastapi\routing.py", line 101, in app
    response = await f(request)
  File "C:\Users\81026\AppData\Local\Programs\Python\Python310\lib\site-packages\fastapi\routing.py", line 355, in app
    raw_response = await run_endpoint_function(
  File "C:\Users\81026\AppData\Local\Programs\Python\Python310\lib\site-packages\fastapi\routing.py", line 243, in run_endpoint_function
    return await dependant.call(**values)
  File "D:\code\BugSeek\backend\app\api\v1\sync_tasks.py", line 758, in apply_changes
    raise HTTPException(
fastapi.exceptions.HTTPException: 500: 应用变更失败：(psycopg2.errors.StringDataRightTruncation) value too long for type character varying(200)

[SQL: INSERT INTO api_definitions (project_id, group_id, method, path, summary, description, tags, version_hash, content_hash, source_type, source_url, source_version, request_schema, response_schema, status, sync_status, lock_status, last_sync_at, created_by, updated_by, created_at, updated_at) VALUES (%(project_id)s, %(group_id)s, %(method)s, %(path)s, %(summary)s, %(description)s, %(tags)s::JSON, %(version_hash)s, %(content_hash)s, %(source_type)s, %(source_url)s, %(source_version)s, %(request_schema)s::JSON, %(response_schema)s::JSON, %(status)s, %(sync_status)s, %(lock_status)s, %(last_sync_at)s, %(created_by)s, %(updated_by)s, %(created_at)s, %(updated_at)s) RETURNING api_definitions.id]
[parameters: {'project_id': 1, 'group_id': None, 'method': 'PATCH', 'path': '/api/stock/location-type/{id}/', 'summary': 'API detail endpoint for a StockLocationType object.\n\n- GET: return a single StockLocationType\n- PUT: update a StockLocationType\n- PATCH: partial update a StockLocationType\n- DELETE: delete a StockLocationType', 'description': 'API detail endpoint for a StockLocationType object.\n\n- GET: return a single StockLocationType\n- PUT: update a StockLocationType\n- PATCH: partial update a StockLocationType\n- DELETE: delete a StockLocationType', 'tags': '[]', 'version_hash': None, 'content_hash': None, 'source_type': 'swagger', 'source_url': 'http://127.0.0.1:1337/api/schema/', 'source_version': None, 'request_schema': '{}', 'response_schema': '{}', 'status': 'active', 'sync_status': 'synced', 'lock_status': 'unlocked', 'last_sync_at': None, 'created_by': None, 'updated_by': None, 'created_at': datetime.datetime(2026, 2, 4, 8, 45, 25, 587457, tzinfo=datetime.timezone.utc), 'updated_at': datetime.datetime(2026, 2, 4, 8, 45, 25, 587457, tzinfo=datetime.timezone.utc)}]
(Background on this error at: https://sqlalche.me/e/20/9h9h)
2026-02-04 16:45:36 | INFO | [b16e24363d8743da88f9cf7a3fea43eb] | root | 日志系统初始化完成
2026-02-04 16:45:36 | INFO | [b16e24363d8743da88f9cf7a3fea43eb] | app.main | 启动异步任务工作线程...
2026-02-04 16:45:36 | INFO | [b16e24363d8743da88f9cf7a3fea43eb] | app.main | 异步任务工作线程已启动
2026-02-04 16:45:36 | INFO | [b16e24363d8743da88f9cf7a3fea43eb] | app.core.async_task.manager | [b16e24363d8743da88f9cf7a3fea43eb] 启动异步任务工作线程
2026-02-04 16:45:48 | INFO | [f145745726854fd18879c25e99ed520f] | app.api.v1.sync_tasks | [f145745726854fd18879c25e99ed520f] 应用变更: task_id=13, user=admin
2026-02-04 16:45:48 | ERROR | [f145745726854fd18879c25e99ed520f] | app.api.v1.sync_tasks | [f145745726854fd18879c25e99ed520f] 应用变更失败: (psycopg2.errors.UniqueViolation) duplicate key value violates unique constraint "uq_project_path_method"
DETAIL:  Key (project_id, path, method)=(1, /api/selection/{id}/, PUT) already exists.

[SQL: INSERT INTO api_definitions (project_id, group_id, method, path, summary, description, tags, version_hash, content_hash, source_type, source_url, source_version, request_schema, response_schema, status, sync_status, lock_status, last_sync_at, created_by, updated_by, created_at, updated_at) VALUES (%(project_id)s, %(group_id)s, %(method)s, %(path)s, %(summary)s, %(description)s, %(tags)s::JSON, %(version_hash)s, %(content_hash)s, %(source_type)s, %(source_url)s, %(source_version)s, %(request_schema)s::JSON, %(response_schema)s::JSON, %(status)s, %(sync_status)s, %(lock_status)s, %(last_sync_at)s, %(created_by)s, %(updated_by)s, %(created_at)s, %(updated_at)s) RETURNING api_definitions.id]
[parameters: {'project_id': 1, 'group_id': None, 'method': 'PUT', 'path': '/api/selection/{id}/', 'summary': 'Detail view for a SelectionList object.', 'description': 'Detail view for a SelectionList object.', 'tags': '[]', 'version_hash': None, 'content_hash': None, 'source_type': 'swagger', 'source_url': 'http://127.0.0.1:1337/api/schema/', 'source_version': None, 'request_schema': '{}', 'response_schema': '{}', 'status': 'active', 'sync_status': 'synced', 'lock_status': 'unlocked', 'last_sync_at': None, 'created_by': None, 'updated_by': None, 'created_at': datetime.datetime(2026, 2, 4, 8, 45, 48, 587117, tzinfo=datetime.timezone.utc), 'updated_at': datetime.datetime(2026, 2, 4, 8, 45, 48, 587117, tzinfo=datetime.timezone.utc)}]
(Background on this error at: https://sqlalche.me/e/20/gkpj)
Traceback (most recent call last):
  File "C:\Users\81026\AppData\Local\Programs\Python\Python310\lib\site-packages\sqlalchemy\engine\base.py", line 1967, in _exec_single_context
    self.dialect.do_execute(
  File "C:\Users\81026\AppData\Local\Programs\Python\Python310\lib\site-packages\sqlalchemy\engine\default.py", line 952, in do_execute
    cursor.execute(statement, parameters)
psycopg2.errors.UniqueViolation: duplicate key value violates unique constraint "uq_project_path_method"
DETAIL:  Key (project_id, path, method)=(1, /api/selection/{id}/, PUT) already exists.


The above exception was the direct cause of the following exception:

Traceback (most recent call last):
  File "D:\code\BugSeek\backend\app\api\v1\sync_tasks.py", line 574, in _apply_changes_impl
    db.flush()  # 刷新以获取 ID
  File "C:\Users\81026\AppData\Local\Programs\Python\Python310\lib\site-packages\sqlalchemy\orm\session.py", line 4331, in flush
    self._flush(objects)
  File "C:\Users\81026\AppData\Local\Programs\Python\Python310\lib\site-packages\sqlalchemy\orm\session.py", line 4466, in _flush
    with util.safe_reraise():
  File "C:\Users\81026\AppData\Local\Programs\Python\Python310\lib\site-packages\sqlalchemy\util\langhelpers.py", line 224, in __exit__
    raise exc_value.with_traceback(exc_tb)
  File "C:\Users\81026\AppData\Local\Programs\Python\Python310\lib\site-packages\sqlalchemy\orm\session.py", line 4427, in _flush
    flush_context.execute()
  File "C:\Users\81026\AppData\Local\Programs\Python\Python310\lib\site-packages\sqlalchemy\orm\unitofwork.py", line 466, in execute
    rec.execute(self)
  File "C:\Users\81026\AppData\Local\Programs\Python\Python310\lib\site-packages\sqlalchemy\orm\unitofwork.py", line 642, in execute
    util.preloaded.orm_persistence.save_obj(
  File "C:\Users\81026\AppData\Local\Programs\Python\Python310\lib\site-packages\sqlalchemy\orm\persistence.py", line 93, in save_obj
    _emit_insert_statements(
  File "C:\Users\81026\AppData\Local\Programs\Python\Python310\lib\site-packages\sqlalchemy\orm\persistence.py", line 1233, in _emit_insert_statements
    result = connection.execute(
  File "C:\Users\81026\AppData\Local\Programs\Python\Python310\lib\site-packages\sqlalchemy\engine\base.py", line 1419, in execute
    return meth(
  File "C:\Users\81026\AppData\Local\Programs\Python\Python310\lib\site-packages\sqlalchemy\sql\elements.py", line 527, in _execute_on_connection
    return connection._execute_clauseelement(
  File "C:\Users\81026\AppData\Local\Programs\Python\Python310\lib\site-packages\sqlalchemy\engine\base.py", line 1641, in _execute_clauseelement
    ret = self._execute_context(
  File "C:\Users\81026\AppData\Local\Programs\Python\Python310\lib\site-packages\sqlalchemy\engine\base.py", line 1846, in _execute_context
    return self._exec_single_context(
  File "C:\Users\81026\AppData\Local\Programs\Python\Python310\lib\site-packages\sqlalchemy\engine\base.py", line 1986, in _exec_single_context
    self._handle_dbapi_exception(
  File "C:\Users\81026\AppData\Local\Programs\Python\Python310\lib\site-packages\sqlalchemy\engine\base.py", line 2363, in _handle_dbapi_exception
    raise sqlalchemy_exception.with_traceback(exc_info[2]) from e
  File "C:\Users\81026\AppData\Local\Programs\Python\Python310\lib\site-packages\sqlalchemy\engine\base.py", line 1967, in _exec_single_context
    self.dialect.do_execute(
  File "C:\Users\81026\AppData\Local\Programs\Python\Python310\lib\site-packages\sqlalchemy\engine\default.py", line 952, in do_execute
    cursor.execute(statement, parameters)
sqlalchemy.exc.IntegrityError: (psycopg2.errors.UniqueViolation) duplicate key value violates unique constraint "uq_project_path_method"
DETAIL:  Key (project_id, path, method)=(1, /api/selection/{id}/, PUT) already exists.

[SQL: INSERT INTO api_definitions (project_id, group_id, method, path, summary, description, tags, version_hash, content_hash, source_type, source_url, source_version, request_schema, response_schema, status, sync_status, lock_status, last_sync_at, created_by, updated_by, created_at, updated_at) VALUES (%(project_id)s, %(group_id)s, %(method)s, %(path)s, %(summary)s, %(description)s, %(tags)s::JSON, %(version_hash)s, %(content_hash)s, %(source_type)s, %(source_url)s, %(source_version)s, %(request_schema)s::JSON, %(response_schema)s::JSON, %(status)s, %(sync_status)s, %(lock_status)s, %(last_sync_at)s, %(created_by)s, %(updated_by)s, %(created_at)s, %(updated_at)s) RETURNING api_definitions.id]
[parameters: {'project_id': 1, 'group_id': None, 'method': 'PUT', 'path': '/api/selection/{id}/', 'summary': 'Detail view for a SelectionList object.', 'description': 'Detail view for a SelectionList object.', 'tags': '[]', 'version_hash': None, 'content_hash': None, 'source_type': 'swagger', 'source_url': 'http://127.0.0.1:1337/api/schema/', 'source_version': None, 'request_schema': '{}', 'response_schema': '{}', 'status': 'active', 'sync_status': 'synced', 'lock_status': 'unlocked', 'last_sync_at': None, 'created_by': None, 'updated_by': None, 'created_at': datetime.datetime(2026, 2, 4, 8, 45, 48, 587117, tzinfo=datetime.timezone.utc), 'updated_at': datetime.datetime(2026, 2, 4, 8, 45, 48, 587117, tzinfo=datetime.timezone.utc)}]
(Background on this error at: https://sqlalche.me/e/20/gkpj)
2026-02-04 16:45:48 | ERROR | [f145745726854fd18879c25e99ed520f] | app.api.v1.sync_tasks | [f145745726854fd18879c25e99ed520f] 应用变更失败: (psycopg2.errors.UniqueViolation) duplicate key value violates unique constraint "uq_project_path_method"
DETAIL:  Key (project_id, path, method)=(1, /api/selection/{id}/, PUT) already exists.

[SQL: INSERT INTO api_definitions (project_id, group_id, method, path, summary, description, tags, version_hash, content_hash, source_type, source_url, source_version, request_schema, response_schema, status, sync_status, lock_status, last_sync_at, created_by, updated_by, created_at, updated_at) VALUES (%(project_id)s, %(group_id)s, %(method)s, %(path)s, %(summary)s, %(description)s, %(tags)s::JSON, %(version_hash)s, %(content_hash)s, %(source_type)s, %(source_url)s, %(source_version)s, %(request_schema)s::JSON, %(response_schema)s::JSON, %(status)s, %(sync_status)s, %(lock_status)s, %(last_sync_at)s, %(created_by)s, %(updated_by)s, %(created_at)s, %(updated_at)s) RETURNING api_definitions.id]
[parameters: {'project_id': 1, 'group_id': None, 'method': 'PUT', 'path': '/api/selection/{id}/', 'summary': 'Detail view for a SelectionList object.', 'description': 'Detail view for a SelectionList object.', 'tags': '[]', 'version_hash': None, 'content_hash': None, 'source_type': 'swagger', 'source_url': 'http://127.0.0.1:1337/api/schema/', 'source_version': None, 'request_schema': '{}', 'response_schema': '{}', 'status': 'active', 'sync_status': 'synced', 'lock_status': 'unlocked', 'last_sync_at': None, 'created_by': None, 'updated_by': None, 'created_at': datetime.datetime(2026, 2, 4, 8, 45, 48, 587117, tzinfo=datetime.timezone.utc), 'updated_at': datetime.datetime(2026, 2, 4, 8, 45, 48, 587117, tzinfo=datetime.timezone.utc)}]
(Background on this error at: https://sqlalche.me/e/20/gkpj)
Traceback (most recent call last):
  File "C:\Users\81026\AppData\Local\Programs\Python\Python310\lib\site-packages\sqlalchemy\engine\base.py", line 1967, in _exec_single_context
    self.dialect.do_execute(
  File "C:\Users\81026\AppData\Local\Programs\Python\Python310\lib\site-packages\sqlalchemy\engine\default.py", line 952, in do_execute
    cursor.execute(statement, parameters)
psycopg2.errors.UniqueViolation: duplicate key value violates unique constraint "uq_project_path_method"
DETAIL:  Key (project_id, path, method)=(1, /api/selection/{id}/, PUT) already exists.


The above exception was the direct cause of the following exception:

Traceback (most recent call last):
  File "D:\code\BugSeek\backend\app\api\v1\sync_tasks.py", line 746, in apply_changes
    result = _apply_changes_impl(db, task, request.operations, trace_id)
  File "D:\code\BugSeek\backend\app\api\v1\sync_tasks.py", line 574, in _apply_changes_impl
    db.flush()  # 刷新以获取 ID
  File "C:\Users\81026\AppData\Local\Programs\Python\Python310\lib\site-packages\sqlalchemy\orm\session.py", line 4331, in flush
    self._flush(objects)
  File "C:\Users\81026\AppData\Local\Programs\Python\Python310\lib\site-packages\sqlalchemy\orm\session.py", line 4466, in _flush
    with util.safe_reraise():
  File "C:\Users\81026\AppData\Local\Programs\Python\Python310\lib\site-packages\sqlalchemy\util\langhelpers.py", line 224, in __exit__
    raise exc_value.with_traceback(exc_tb)
  File "C:\Users\81026\AppData\Local\Programs\Python\Python310\lib\site-packages\sqlalchemy\orm\session.py", line 4427, in _flush
    flush_context.execute()
  File "C:\Users\81026\AppData\Local\Programs\Python\Python310\lib\site-packages\sqlalchemy\orm\unitofwork.py", line 466, in execute
    rec.execute(self)
  File "C:\Users\81026\AppData\Local\Programs\Python\Python310\lib\site-packages\sqlalchemy\orm\unitofwork.py", line 642, in execute
    util.preloaded.orm_persistence.save_obj(
  File "C:\Users\81026\AppData\Local\Programs\Python\Python310\lib\site-packages\sqlalchemy\orm\persistence.py", line 93, in save_obj
    _emit_insert_statements(
  File "C:\Users\81026\AppData\Local\Programs\Python\Python310\lib\site-packages\sqlalchemy\orm\persistence.py", line 1233, in _emit_insert_statements
    result = connection.execute(
  File "C:\Users\81026\AppData\Local\Programs\Python\Python310\lib\site-packages\sqlalchemy\engine\base.py", line 1419, in execute
    return meth(
  File "C:\Users\81026\AppData\Local\Programs\Python\Python310\lib\site-packages\sqlalchemy\sql\elements.py", line 527, in _execute_on_connection
    return connection._execute_clauseelement(
  File "C:\Users\81026\AppData\Local\Programs\Python\Python310\lib\site-packages\sqlalchemy\engine\base.py", line 1641, in _execute_clauseelement
    ret = self._execute_context(
  File "C:\Users\81026\AppData\Local\Programs\Python\Python310\lib\site-packages\sqlalchemy\engine\base.py", line 1846, in _execute_context
    return self._exec_single_context(
  File "C:\Users\81026\AppData\Local\Programs\Python\Python310\lib\site-packages\sqlalchemy\engine\base.py", line 1986, in _exec_single_context
    self._handle_dbapi_exception(
  File "C:\Users\81026\AppData\Local\Programs\Python\Python310\lib\site-packages\sqlalchemy\engine\base.py", line 2363, in _handle_dbapi_exception
    raise sqlalchemy_exception.with_traceback(exc_info[2]) from e
  File "C:\Users\81026\AppData\Local\Programs\Python\Python310\lib\site-packages\sqlalchemy\engine\base.py", line 1967, in _exec_single_context
    self.dialect.do_execute(
  File "C:\Users\81026\AppData\Local\Programs\Python\Python310\lib\site-packages\sqlalchemy\engine\default.py", line 952, in do_execute
    cursor.execute(statement, parameters)
sqlalchemy.exc.IntegrityError: (psycopg2.errors.UniqueViolation) duplicate key value violates unique constraint "uq_project_path_method"
DETAIL:  Key (project_id, path, method)=(1, /api/selection/{id}/, PUT) already exists.

[SQL: INSERT INTO api_definitions (project_id, group_id, method, path, summary, description, tags, version_hash, content_hash, source_type, source_url, source_version, request_schema, response_schema, status, sync_status, lock_status, last_sync_at, created_by, updated_by, created_at, updated_at) VALUES (%(project_id)s, %(group_id)s, %(method)s, %(path)s, %(summary)s, %(description)s, %(tags)s::JSON, %(version_hash)s, %(content_hash)s, %(source_type)s, %(source_url)s, %(source_version)s, %(request_schema)s::JSON, %(response_schema)s::JSON, %(status)s, %(sync_status)s, %(lock_status)s, %(last_sync_at)s, %(created_by)s, %(updated_by)s, %(created_at)s, %(updated_at)s) RETURNING api_definitions.id]
[parameters: {'project_id': 1, 'group_id': None, 'method': 'PUT', 'path': '/api/selection/{id}/', 'summary': 'Detail view for a SelectionList object.', 'description': 'Detail view for a SelectionList object.', 'tags': '[]', 'version_hash': None, 'content_hash': None, 'source_type': 'swagger', 'source_url': 'http://127.0.0.1:1337/api/schema/', 'source_version': None, 'request_schema': '{}', 'response_schema': '{}', 'status': 'active', 'sync_status': 'synced', 'lock_status': 'unlocked', 'last_sync_at': None, 'created_by': None, 'updated_by': None, 'created_at': datetime.datetime(2026, 2, 4, 8, 45, 48, 587117, tzinfo=datetime.timezone.utc), 'updated_at': datetime.datetime(2026, 2, 4, 8, 45, 48, 587117, tzinfo=datetime.timezone.utc)}]
(Background on this error at: https://sqlalche.me/e/20/gkpj)
2026-02-04 16:45:48 | ERROR | [f145745726854fd18879c25e99ed520f] | app.dependencies | 数据库会话异常: 500: 应用变更失败：(psycopg2.errors.UniqueViolation) duplicate key value violates unique constraint "uq_project_path_method"
DETAIL:  Key (project_id, path, method)=(1, /api/selection/{id}/, PUT) already exists.

[SQL: INSERT INTO api_definitions (project_id, group_id, method, path, summary, description, tags, version_hash, content_hash, source_type, source_url, source_version, request_schema, response_schema, status, sync_status, lock_status, last_sync_at, created_by, updated_by, created_at, updated_at) VALUES (%(project_id)s, %(group_id)s, %(method)s, %(path)s, %(summary)s, %(description)s, %(tags)s::JSON, %(version_hash)s, %(content_hash)s, %(source_type)s, %(source_url)s, %(source_version)s, %(request_schema)s::JSON, %(response_schema)s::JSON, %(status)s, %(sync_status)s, %(lock_status)s, %(last_sync_at)s, %(created_by)s, %(updated_by)s, %(created_at)s, %(updated_at)s) RETURNING api_definitions.id]
[parameters: {'project_id': 1, 'group_id': None, 'method': 'PUT', 'path': '/api/selection/{id}/', 'summary': 'Detail view for a SelectionList object.', 'description': 'Detail view for a SelectionList object.', 'tags': '[]', 'version_hash': None, 'content_hash': None, 'source_type': 'swagger', 'source_url': 'http://127.0.0.1:1337/api/schema/', 'source_version': None, 'request_schema': '{}', 'response_schema': '{}', 'status': 'active', 'sync_status': 'synced', 'lock_status': 'unlocked', 'last_sync_at': None, 'created_by': None, 'updated_by': None, 'created_at': datetime.datetime(2026, 2, 4, 8, 45, 48, 587117, tzinfo=datetime.timezone.utc), 'updated_at': datetime.datetime(2026, 2, 4, 8, 45, 48, 587117, tzinfo=datetime.timezone.utc)}]
(Background on this error at: https://sqlalche.me/e/20/gkpj)
Traceback (most recent call last):
  File "C:\Users\81026\AppData\Local\Programs\Python\Python310\lib\site-packages\sqlalchemy\engine\base.py", line 1967, in _exec_single_context
    self.dialect.do_execute(
  File "C:\Users\81026\AppData\Local\Programs\Python\Python310\lib\site-packages\sqlalchemy\engine\default.py", line 952, in do_execute
    cursor.execute(statement, parameters)
psycopg2.errors.UniqueViolation: duplicate key value violates unique constraint "uq_project_path_method"
DETAIL:  Key (project_id, path, method)=(1, /api/selection/{id}/, PUT) already exists.


The above exception was the direct cause of the following exception:

Traceback (most recent call last):
  File "D:\code\BugSeek\backend\app\api\v1\sync_tasks.py", line 746, in apply_changes
    result = _apply_changes_impl(db, task, request.operations, trace_id)
  File "D:\code\BugSeek\backend\app\api\v1\sync_tasks.py", line 574, in _apply_changes_impl
    db.flush()  # 刷新以获取 ID
  File "C:\Users\81026\AppData\Local\Programs\Python\Python310\lib\site-packages\sqlalchemy\orm\session.py", line 4331, in flush
    self._flush(objects)
  File "C:\Users\81026\AppData\Local\Programs\Python\Python310\lib\site-packages\sqlalchemy\orm\session.py", line 4466, in _flush
    with util.safe_reraise():
  File "C:\Users\81026\AppData\Local\Programs\Python\Python310\lib\site-packages\sqlalchemy\util\langhelpers.py", line 224, in __exit__
    raise exc_value.with_traceback(exc_tb)
  File "C:\Users\81026\AppData\Local\Programs\Python\Python310\lib\site-packages\sqlalchemy\orm\session.py", line 4427, in _flush
    flush_context.execute()
  File "C:\Users\81026\AppData\Local\Programs\Python\Python310\lib\site-packages\sqlalchemy\orm\unitofwork.py", line 466, in execute
    rec.execute(self)
  File "C:\Users\81026\AppData\Local\Programs\Python\Python310\lib\site-packages\sqlalchemy\orm\unitofwork.py", line 642, in execute
    util.preloaded.orm_persistence.save_obj(
  File "C:\Users\81026\AppData\Local\Programs\Python\Python310\lib\site-packages\sqlalchemy\orm\persistence.py", line 93, in save_obj
    _emit_insert_statements(
  File "C:\Users\81026\AppData\Local\Programs\Python\Python310\lib\site-packages\sqlalchemy\orm\persistence.py", line 1233, in _emit_insert_statements
    result = connection.execute(
  File "C:\Users\81026\AppData\Local\Programs\Python\Python310\lib\site-packages\sqlalchemy\engine\base.py", line 1419, in execute
    return meth(
  File "C:\Users\81026\AppData\Local\Programs\Python\Python310\lib\site-packages\sqlalchemy\sql\elements.py", line 527, in _execute_on_connection
    return connection._execute_clauseelement(
  File "C:\Users\81026\AppData\Local\Programs\Python\Python310\lib\site-packages\sqlalchemy\engine\base.py", line 1641, in _execute_clauseelement
    ret = self._execute_context(
  File "C:\Users\81026\AppData\Local\Programs\Python\Python310\lib\site-packages\sqlalchemy\engine\base.py", line 1846, in _execute_context
    return self._exec_single_context(
  File "C:\Users\81026\AppData\Local\Programs\Python\Python310\lib\site-packages\sqlalchemy\engine\base.py", line 1986, in _exec_single_context
    self._handle_dbapi_exception(
  File "C:\Users\81026\AppData\Local\Programs\Python\Python310\lib\site-packages\sqlalchemy\engine\base.py", line 2363, in _handle_dbapi_exception
    raise sqlalchemy_exception.with_traceback(exc_info[2]) from e
  File "C:\Users\81026\AppData\Local\Programs\Python\Python310\lib\site-packages\sqlalchemy\engine\base.py", line 1967, in _exec_single_context
    self.dialect.do_execute(
  File "C:\Users\81026\AppData\Local\Programs\Python\Python310\lib\site-packages\sqlalchemy\engine\default.py", line 952, in do_execute
    cursor.execute(statement, parameters)
sqlalchemy.exc.IntegrityError: (psycopg2.errors.UniqueViolation) duplicate key value violates unique constraint "uq_project_path_method"
DETAIL:  Key (project_id, path, method)=(1, /api/selection/{id}/, PUT) already exists.

[SQL: INSERT INTO api_definitions (project_id, group_id, method, path, summary, description, tags, version_hash, content_hash, source_type, source_url, source_version, request_schema, response_schema, status, sync_status, lock_status, last_sync_at, created_by, updated_by, created_at, updated_at) VALUES (%(project_id)s, %(group_id)s, %(method)s, %(path)s, %(summary)s, %(description)s, %(tags)s::JSON, %(version_hash)s, %(content_hash)s, %(source_type)s, %(source_url)s, %(source_version)s, %(request_schema)s::JSON, %(response_schema)s::JSON, %(status)s, %(sync_status)s, %(lock_status)s, %(last_sync_at)s, %(created_by)s, %(updated_by)s, %(created_at)s, %(updated_at)s) RETURNING api_definitions.id]
[parameters: {'project_id': 1, 'group_id': None, 'method': 'PUT', 'path': '/api/selection/{id}/', 'summary': 'Detail view for a SelectionList object.', 'description': 'Detail view for a SelectionList object.', 'tags': '[]', 'version_hash': None, 'content_hash': None, 'source_type': 'swagger', 'source_url': 'http://127.0.0.1:1337/api/schema/', 'source_version': None, 'request_schema': '{}', 'response_schema': '{}', 'status': 'active', 'sync_status': 'synced', 'lock_status': 'unlocked', 'last_sync_at': None, 'created_by': None, 'updated_by': None, 'created_at': datetime.datetime(2026, 2, 4, 8, 45, 48, 587117, tzinfo=datetime.timezone.utc), 'updated_at': datetime.datetime(2026, 2, 4, 8, 45, 48, 587117, tzinfo=datetime.timezone.utc)}]
(Background on this error at: https://sqlalche.me/e/20/gkpj)

During handling of the above exception, another exception occurred:

Traceback (most recent call last):
  File "D:\code\BugSeek\backend\app\dependencies.py", line 19, in get_db
    yield db
  File "C:\Users\81026\AppData\Local\Programs\Python\Python310\lib\site-packages\fastapi\concurrency.py", line 29, in contextmanager_in_threadpool
    yield await run_in_threadpool(cm.__enter__)
  File "C:\Users\81026\AppData\Local\Programs\Python\Python310\lib\site-packages\fastapi\routing.py", line 101, in app
    response = await f(request)
  File "C:\Users\81026\AppData\Local\Programs\Python\Python310\lib\site-packages\fastapi\routing.py", line 355, in app
    raw_response = await run_endpoint_function(
  File "C:\Users\81026\AppData\Local\Programs\Python\Python310\lib\site-packages\fastapi\routing.py", line 243, in run_endpoint_function
    return await dependant.call(**values)
  File "D:\code\BugSeek\backend\app\api\v1\sync_tasks.py", line 758, in apply_changes
    raise HTTPException(
fastapi.exceptions.HTTPException: 500: 应用变更失败：(psycopg2.errors.UniqueViolation) duplicate key value violates unique constraint "uq_project_path_method"
DETAIL:  Key (project_id, path, method)=(1, /api/selection/{id}/, PUT) already exists.

[SQL: INSERT INTO api_definitions (project_id, group_id, method, path, summary, description, tags, version_hash, content_hash, source_type, source_url, source_version, request_schema, response_schema, status, sync_status, lock_status, last_sync_at, created_by, updated_by, created_at, updated_at) VALUES (%(project_id)s, %(group_id)s, %(method)s, %(path)s, %(summary)s, %(description)s, %(tags)s::JSON, %(version_hash)s, %(content_hash)s, %(source_type)s, %(source_url)s, %(source_version)s, %(request_schema)s::JSON, %(response_schema)s::JSON, %(status)s, %(sync_status)s, %(lock_status)s, %(last_sync_at)s, %(created_by)s, %(updated_by)s, %(created_at)s, %(updated_at)s) RETURNING api_definitions.id]
[parameters: {'project_id': 1, 'group_id': None, 'method': 'PUT', 'path': '/api/selection/{id}/', 'summary': 'Detail view for a SelectionList object.', 'description': 'Detail view for a SelectionList object.', 'tags': '[]', 'version_hash': None, 'content_hash': None, 'source_type': 'swagger', 'source_url': 'http://127.0.0.1:1337/api/schema/', 'source_version': None, 'request_schema': '{}', 'response_schema': '{}', 'status': 'active', 'sync_status': 'synced', 'lock_status': 'unlocked', 'last_sync_at': None, 'created_by': None, 'updated_by': None, 'created_at': datetime.datetime(2026, 2, 4, 8, 45, 48, 587117, tzinfo=datetime.timezone.utc), 'updated_at': datetime.datetime(2026, 2, 4, 8, 45, 48, 587117, tzinfo=datetime.timezone.utc)}]
(Background on this error at: https://sqlalche.me/e/20/gkpj)
2026-02-04 16:46:52 | INFO | [5050d58e3fd649be834b1d2763258060] | root | 日志系统初始化完成
2026-02-04 16:46:52 | INFO | [5050d58e3fd649be834b1d2763258060] | app.main | 启动异步任务工作线程...
2026-02-04 16:46:52 | INFO | [5050d58e3fd649be834b1d2763258060] | app.main | 异步任务工作线程已启动
2026-02-04 16:46:52 | INFO | [5050d58e3fd649be834b1d2763258060] | app.core.async_task.manager | [5050d58e3fd649be834b1d2763258060] 启动异步任务工作线程
2026-02-04 16:46:58 | INFO | [5676c9ffbac9411cb1429e238dbc9c0c] | root | 日志系统初始化完成
2026-02-04 16:46:58 | INFO | [5676c9ffbac9411cb1429e238dbc9c0c] | app.main | 启动异步任务工作线程...
2026-02-04 16:46:58 | INFO | [5676c9ffbac9411cb1429e238dbc9c0c] | app.main | 异步任务工作线程已启动
2026-02-04 16:46:58 | INFO | [5676c9ffbac9411cb1429e238dbc9c0c] | app.core.async_task.manager | [5676c9ffbac9411cb1429e238dbc9c0c] 启动异步任务工作线程
2026-02-04 16:47:24 | INFO | [78ff0f9c796b4a90b9a94a18f55b043f] | root | 日志系统初始化完成
2026-02-04 16:47:24 | INFO | [78ff0f9c796b4a90b9a94a18f55b043f] | app.main | 启动异步任务工作线程...
2026-02-04 16:47:24 | INFO | [78ff0f9c796b4a90b9a94a18f55b043f] | app.main | 异步任务工作线程已启动
2026-02-04 16:47:24 | INFO | [78ff0f9c796b4a90b9a94a18f55b043f] | app.core.async_task.manager | [78ff0f9c796b4a90b9a94a18f55b043f] 启动异步任务工作线程
2026-02-04 16:47:28 | INFO | [3cfa26866cd24b38ba1411871bb1921d] | app.api.v1.sync_tasks | [3cfa26866cd24b38ba1411871bb1921d] 应用变更: task_id=13, user=admin
2026-02-04 16:47:28 | WARNING | [3cfa26866cd24b38ba1411871bb1921d] | app.api.v1.sync_tasks | [3cfa26866cd24b38ba1411871bb1921d] 接口已存在，跳过新增: PUT /api/selection/{id}/
2026-02-04 16:47:28 | WARNING | [3cfa26866cd24b38ba1411871bb1921d] | app.api.v1.sync_tasks | [3cfa26866cd24b38ba1411871bb1921d] 接口已存在，跳过新增: GET /api/part/category/tree/
2026-02-04 16:47:28 | WARNING | [3cfa26866cd24b38ba1411871bb1921d] | app.api.v1.sync_tasks | [3cfa26866cd24b38ba1411871bb1921d] 接口已存在，跳过新增: POST /api/order/ro/{id}/issue/
2026-02-04 16:47:28 | WARNING | [3cfa26866cd24b38ba1411871bb1921d] | app.api.v1.sync_tasks | [3cfa26866cd24b38ba1411871bb1921d] 接口已存在，跳过新增: PATCH /api/stock/location/{id}/metadata/
2026-02-04 16:47:28 | WARNING | [3cfa26866cd24b38ba1411871bb1921d] | app.api.v1.sync_tasks | [3cfa26866cd24b38ba1411871bb1921d] 接口已存在，跳过新增: POST /api/part/{id}/bom-copy/
2026-02-04 16:47:28 | WARNING | [3cfa26866cd24b38ba1411871bb1921d] | app.api.v1.sync_tasks | [3cfa26866cd24b38ba1411871bb1921d] 接口已存在，跳过新增: DELETE /api/importer/row/
2026-02-04 16:47:28 | WARNING | [3cfa26866cd24b38ba1411871bb1921d] | app.api.v1.sync_tasks | [3cfa26866cd24b38ba1411871bb1921d] 接口已存在，跳过新增: PATCH /api/build/line/{id}/
2026-02-04 16:47:28 | WARNING | [3cfa26866cd24b38ba1411871bb1921d] | app.api.v1.sync_tasks | [3cfa26866cd24b38ba1411871bb1921d] 接口已存在，跳过新增: DELETE /api/plugins/{plugin}/
2026-02-04 16:47:28 | WARNING | [3cfa26866cd24b38ba1411871bb1921d] | app.api.v1.sync_tasks | [3cfa26866cd24b38ba1411871bb1921d] 接口已存在，跳过新增: PUT /api/part/sale-price/{id}/
2026-02-04 16:47:28 | WARNING | [3cfa26866cd24b38ba1411871bb1921d] | app.api.v1.sync_tasks | [3cfa26866cd24b38ba1411871bb1921d] 接口已存在，跳过新增: GET /api/order/so/status/
2026-02-04 16:47:28 | WARNING | [3cfa26866cd24b38ba1411871bb1921d] | app.api.v1.sync_tasks | [3cfa26866cd24b38ba1411871bb1921d] 接口已存在，跳过新增: POST /api/report/asset/
2026-02-04 16:47:28 | WARNING | [3cfa26866cd24b38ba1411871bb1921d] | app.api.v1.sync_tasks | [3cfa26866cd24b38ba1411871bb1921d] 接口已存在，跳过新增: PUT /api/bom/{id}/metadata/
2026-02-04 16:47:28 | WARNING | [3cfa26866cd24b38ba1411871bb1921d] | app.api.v1.sync_tasks | [3cfa26866cd24b38ba1411871bb1921d] 接口已存在，跳过新增: GET /api/part/category/
2026-02-04 16:47:28 | WARNING | [3cfa26866cd24b38ba1411871bb1921d] | app.api.v1.sync_tasks | [3cfa26866cd24b38ba1411871bb1921d] 接口已存在，跳过新增: POST /api/user/group/
2026-02-04 16:47:28 | WARNING | [3cfa26866cd24b38ba1411871bb1921d] | app.api.v1.sync_tasks | [3cfa26866cd24b38ba1411871bb1921d] 接口已存在，跳过新增: PATCH /api/order/so-allocation/{id}/
2026-02-04 16:47:28 | WARNING | [3cfa26866cd24b38ba1411871bb1921d] | app.api.v1.sync_tasks | [3cfa26866cd24b38ba1411871bb1921d] 接口已存在，跳过新增: GET /api/plugins/
2026-02-04 16:47:28 | WARNING | [3cfa26866cd24b38ba1411871bb1921d] | app.api.v1.sync_tasks | [3cfa26866cd24b38ba1411871bb1921d] 接口已存在，跳过新增: PUT /api/part/test-template/{id}/
2026-02-04 16:47:28 | WARNING | [3cfa26866cd24b38ba1411871bb1921d] | app.api.v1.sync_tasks | [3cfa26866cd24b38ba1411871bb1921d] 接口已存在，跳过新增: POST /api/importer/session/{id}/accept_fields/
2026-02-04 16:47:28 | WARNING | [3cfa26866cd24b38ba1411871bb1921d] | app.api.v1.sync_tasks | [3cfa26866cd24b38ba1411871bb1921d] 接口已存在，跳过新增: GET /api/part/test-template/{id}/metadata/
2026-02-04 16:47:28 | WARNING | [3cfa26866cd24b38ba1411871bb1921d] | app.api.v1.sync_tasks | [3cfa26866cd24b38ba1411871bb1921d] 接口已存在，跳过新增: DELETE /api/report/template/{id}/
2026-02-04 16:47:28 | WARNING | [3cfa26866cd24b38ba1411871bb1921d] | app.api.v1.sync_tasks | [3cfa26866cd24b38ba1411871bb1921d] 接口已存在，跳过新增: POST /api/label/print/
2026-02-04 16:47:28 | WARNING | [3cfa26866cd24b38ba1411871bb1921d] | app.api.v1.sync_tasks | [3cfa26866cd24b38ba1411871bb1921d] 接口已存在，跳过新增: PATCH /api/news/{id}/
2026-02-04 16:47:28 | WARNING | [3cfa26866cd24b38ba1411871bb1921d] | app.api.v1.sync_tasks | [3cfa26866cd24b38ba1411871bb1921d] 接口已存在，跳过新增: GET /api/barcode/history/
2026-02-04 16:47:28 | WARNING | [3cfa26866cd24b38ba1411871bb1921d] | app.api.v1.sync_tasks | [3cfa26866cd24b38ba1411871bb1921d] 接口已存在，跳过新增: GET /api/stock/location/{id}/
2026-02-04 16:47:28 | WARNING | [3cfa26866cd24b38ba1411871bb1921d] | app.api.v1.sync_tasks | [3cfa26866cd24b38ba1411871bb1921d] 接口已存在，跳过新增: GET /api/project-code/
2026-02-04 16:47:28 | WARNING | [3cfa26866cd24b38ba1411871bb1921d] | app.api.v1.sync_tasks | [3cfa26866cd24b38ba1411871bb1921d] 接口已存在，跳过新增: POST /api/stock/{id}/uninstall/
2026-02-04 16:47:28 | ERROR | [3cfa26866cd24b38ba1411871bb1921d] | app.api.v1.sync_tasks | [3cfa26866cd24b38ba1411871bb1921d] 应用变更失败: (psycopg2.errors.StringDataRightTruncation) value too long for type character varying(200)

[SQL: INSERT INTO api_definitions (project_id, group_id, method, path, summary, description, tags, version_hash, content_hash, source_type, source_url, source_version, request_schema, response_schema, status, sync_status, lock_status, last_sync_at, created_by, updated_by, created_at, updated_at) VALUES (%(project_id)s, %(group_id)s, %(method)s, %(path)s, %(summary)s, %(description)s, %(tags)s::JSON, %(version_hash)s, %(content_hash)s, %(source_type)s, %(source_url)s, %(source_version)s, %(request_schema)s::JSON, %(response_schema)s::JSON, %(status)s, %(sync_status)s, %(lock_status)s, %(last_sync_at)s, %(created_by)s, %(updated_by)s, %(created_at)s, %(updated_at)s) RETURNING api_definitions.id]
[parameters: {'project_id': 1, 'group_id': None, 'method': 'PATCH', 'path': '/api/stock/location-type/{id}/', 'summary': 'API detail endpoint for a StockLocationType object.\n\n- GET: return a single StockLocationType\n- PUT: update a StockLocationType\n- PATCH: partial update a StockLocationType\n- DELETE: delete a StockLocationType', 'description': 'API detail endpoint for a StockLocationType object.\n\n- GET: return a single StockLocationType\n- PUT: update a StockLocationType\n- PATCH: partial update a StockLocationType\n- DELETE: delete a StockLocationType', 'tags': '[]', 'version_hash': None, 'content_hash': None, 'source_type': 'swagger', 'source_url': 'http://127.0.0.1:1337/api/schema/', 'source_version': None, 'request_schema': '{}', 'response_schema': '{}', 'status': 'active', 'sync_status': 'synced', 'lock_status': 'unlocked', 'last_sync_at': None, 'created_by': None, 'updated_by': None, 'created_at': datetime.datetime(2026, 2, 4, 8, 47, 28, 64626, tzinfo=datetime.timezone.utc), 'updated_at': datetime.datetime(2026, 2, 4, 8, 47, 28, 64626, tzinfo=datetime.timezone.utc)}]
(Background on this error at: https://sqlalche.me/e/20/9h9h)
Traceback (most recent call last):
  File "C:\Users\81026\AppData\Local\Programs\Python\Python310\lib\site-packages\sqlalchemy\engine\base.py", line 1967, in _exec_single_context
    self.dialect.do_execute(
  File "C:\Users\81026\AppData\Local\Programs\Python\Python310\lib\site-packages\sqlalchemy\engine\default.py", line 952, in do_execute
    cursor.execute(statement, parameters)
psycopg2.errors.StringDataRightTruncation: value too long for type character varying(200)


The above exception was the direct cause of the following exception:

Traceback (most recent call last):
  File "D:\code\BugSeek\backend\app\api\v1\sync_tasks.py", line 586, in _apply_changes_impl
    db.flush()  # 刷新以获取 ID
  File "C:\Users\81026\AppData\Local\Programs\Python\Python310\lib\site-packages\sqlalchemy\orm\session.py", line 4331, in flush
    self._flush(objects)
  File "C:\Users\81026\AppData\Local\Programs\Python\Python310\lib\site-packages\sqlalchemy\orm\session.py", line 4466, in _flush
    with util.safe_reraise():
  File "C:\Users\81026\AppData\Local\Programs\Python\Python310\lib\site-packages\sqlalchemy\util\langhelpers.py", line 224, in __exit__
    raise exc_value.with_traceback(exc_tb)
  File "C:\Users\81026\AppData\Local\Programs\Python\Python310\lib\site-packages\sqlalchemy\orm\session.py", line 4427, in _flush
    flush_context.execute()
  File "C:\Users\81026\AppData\Local\Programs\Python\Python310\lib\site-packages\sqlalchemy\orm\unitofwork.py", line 466, in execute
    rec.execute(self)
  File "C:\Users\81026\AppData\Local\Programs\Python\Python310\lib\site-packages\sqlalchemy\orm\unitofwork.py", line 642, in execute
    util.preloaded.orm_persistence.save_obj(
  File "C:\Users\81026\AppData\Local\Programs\Python\Python310\lib\site-packages\sqlalchemy\orm\persistence.py", line 93, in save_obj
    _emit_insert_statements(
  File "C:\Users\81026\AppData\Local\Programs\Python\Python310\lib\site-packages\sqlalchemy\orm\persistence.py", line 1233, in _emit_insert_statements
    result = connection.execute(
  File "C:\Users\81026\AppData\Local\Programs\Python\Python310\lib\site-packages\sqlalchemy\engine\base.py", line 1419, in execute
    return meth(
  File "C:\Users\81026\AppData\Local\Programs\Python\Python310\lib\site-packages\sqlalchemy\sql\elements.py", line 527, in _execute_on_connection
    return connection._execute_clauseelement(
  File "C:\Users\81026\AppData\Local\Programs\Python\Python310\lib\site-packages\sqlalchemy\engine\base.py", line 1641, in _execute_clauseelement
    ret = self._execute_context(
  File "C:\Users\81026\AppData\Local\Programs\Python\Python310\lib\site-packages\sqlalchemy\engine\base.py", line 1846, in _execute_context
    return self._exec_single_context(
  File "C:\Users\81026\AppData\Local\Programs\Python\Python310\lib\site-packages\sqlalchemy\engine\base.py", line 1986, in _exec_single_context
    self._handle_dbapi_exception(
  File "C:\Users\81026\AppData\Local\Programs\Python\Python310\lib\site-packages\sqlalchemy\engine\base.py", line 2363, in _handle_dbapi_exception
    raise sqlalchemy_exception.with_traceback(exc_info[2]) from e
  File "C:\Users\81026\AppData\Local\Programs\Python\Python310\lib\site-packages\sqlalchemy\engine\base.py", line 1967, in _exec_single_context
    self.dialect.do_execute(
  File "C:\Users\81026\AppData\Local\Programs\Python\Python310\lib\site-packages\sqlalchemy\engine\default.py", line 952, in do_execute
    cursor.execute(statement, parameters)
sqlalchemy.exc.DataError: (psycopg2.errors.StringDataRightTruncation) value too long for type character varying(200)

[SQL: INSERT INTO api_definitions (project_id, group_id, method, path, summary, description, tags, version_hash, content_hash, source_type, source_url, source_version, request_schema, response_schema, status, sync_status, lock_status, last_sync_at, created_by, updated_by, created_at, updated_at) VALUES (%(project_id)s, %(group_id)s, %(method)s, %(path)s, %(summary)s, %(description)s, %(tags)s::JSON, %(version_hash)s, %(content_hash)s, %(source_type)s, %(source_url)s, %(source_version)s, %(request_schema)s::JSON, %(response_schema)s::JSON, %(status)s, %(sync_status)s, %(lock_status)s, %(last_sync_at)s, %(created_by)s, %(updated_by)s, %(created_at)s, %(updated_at)s) RETURNING api_definitions.id]
[parameters: {'project_id': 1, 'group_id': None, 'method': 'PATCH', 'path': '/api/stock/location-type/{id}/', 'summary': 'API detail endpoint for a StockLocationType object.\n\n- GET: return a single StockLocationType\n- PUT: update a StockLocationType\n- PATCH: partial update a StockLocationType\n- DELETE: delete a StockLocationType', 'description': 'API detail endpoint for a StockLocationType object.\n\n- GET: return a single StockLocationType\n- PUT: update a StockLocationType\n- PATCH: partial update a StockLocationType\n- DELETE: delete a StockLocationType', 'tags': '[]', 'version_hash': None, 'content_hash': None, 'source_type': 'swagger', 'source_url': 'http://127.0.0.1:1337/api/schema/', 'source_version': None, 'request_schema': '{}', 'response_schema': '{}', 'status': 'active', 'sync_status': 'synced', 'lock_status': 'unlocked', 'last_sync_at': None, 'created_by': None, 'updated_by': None, 'created_at': datetime.datetime(2026, 2, 4, 8, 47, 28, 64626, tzinfo=datetime.timezone.utc), 'updated_at': datetime.datetime(2026, 2, 4, 8, 47, 28, 64626, tzinfo=datetime.timezone.utc)}]
(Background on this error at: https://sqlalche.me/e/20/9h9h)
2026-02-04 16:47:28 | ERROR | [3cfa26866cd24b38ba1411871bb1921d] | app.api.v1.sync_tasks | [3cfa26866cd24b38ba1411871bb1921d] 应用变更失败: (psycopg2.errors.StringDataRightTruncation) value too long for type character varying(200)

[SQL: INSERT INTO api_definitions (project_id, group_id, method, path, summary, description, tags, version_hash, content_hash, source_type, source_url, source_version, request_schema, response_schema, status, sync_status, lock_status, last_sync_at, created_by, updated_by, created_at, updated_at) VALUES (%(project_id)s, %(group_id)s, %(method)s, %(path)s, %(summary)s, %(description)s, %(tags)s::JSON, %(version_hash)s, %(content_hash)s, %(source_type)s, %(source_url)s, %(source_version)s, %(request_schema)s::JSON, %(response_schema)s::JSON, %(status)s, %(sync_status)s, %(lock_status)s, %(last_sync_at)s, %(created_by)s, %(updated_by)s, %(created_at)s, %(updated_at)s) RETURNING api_definitions.id]
[parameters: {'project_id': 1, 'group_id': None, 'method': 'PATCH', 'path': '/api/stock/location-type/{id}/', 'summary': 'API detail endpoint for a StockLocationType object.\n\n- GET: return a single StockLocationType\n- PUT: update a StockLocationType\n- PATCH: partial update a StockLocationType\n- DELETE: delete a StockLocationType', 'description': 'API detail endpoint for a StockLocationType object.\n\n- GET: return a single StockLocationType\n- PUT: update a StockLocationType\n- PATCH: partial update a StockLocationType\n- DELETE: delete a StockLocationType', 'tags': '[]', 'version_hash': None, 'content_hash': None, 'source_type': 'swagger', 'source_url': 'http://127.0.0.1:1337/api/schema/', 'source_version': None, 'request_schema': '{}', 'response_schema': '{}', 'status': 'active', 'sync_status': 'synced', 'lock_status': 'unlocked', 'last_sync_at': None, 'created_by': None, 'updated_by': None, 'created_at': datetime.datetime(2026, 2, 4, 8, 47, 28, 64626, tzinfo=datetime.timezone.utc), 'updated_at': datetime.datetime(2026, 2, 4, 8, 47, 28, 64626, tzinfo=datetime.timezone.utc)}]
(Background on this error at: https://sqlalche.me/e/20/9h9h)
Traceback (most recent call last):
  File "C:\Users\81026\AppData\Local\Programs\Python\Python310\lib\site-packages\sqlalchemy\engine\base.py", line 1967, in _exec_single_context
    self.dialect.do_execute(
  File "C:\Users\81026\AppData\Local\Programs\Python\Python310\lib\site-packages\sqlalchemy\engine\default.py", line 952, in do_execute
    cursor.execute(statement, parameters)
psycopg2.errors.StringDataRightTruncation: value too long for type character varying(200)


The above exception was the direct cause of the following exception:

Traceback (most recent call last):
  File "D:\code\BugSeek\backend\app\api\v1\sync_tasks.py", line 758, in apply_changes
    result = _apply_changes_impl(db, task, request.operations, trace_id)
  File "D:\code\BugSeek\backend\app\api\v1\sync_tasks.py", line 586, in _apply_changes_impl
    db.flush()  # 刷新以获取 ID
  File "C:\Users\81026\AppData\Local\Programs\Python\Python310\lib\site-packages\sqlalchemy\orm\session.py", line 4331, in flush
    self._flush(objects)
  File "C:\Users\81026\AppData\Local\Programs\Python\Python310\lib\site-packages\sqlalchemy\orm\session.py", line 4466, in _flush
    with util.safe_reraise():
  File "C:\Users\81026\AppData\Local\Programs\Python\Python310\lib\site-packages\sqlalchemy\util\langhelpers.py", line 224, in __exit__
    raise exc_value.with_traceback(exc_tb)
  File "C:\Users\81026\AppData\Local\Programs\Python\Python310\lib\site-packages\sqlalchemy\orm\session.py", line 4427, in _flush
    flush_context.execute()
  File "C:\Users\81026\AppData\Local\Programs\Python\Python310\lib\site-packages\sqlalchemy\orm\unitofwork.py", line 466, in execute
    rec.execute(self)
  File "C:\Users\81026\AppData\Local\Programs\Python\Python310\lib\site-packages\sqlalchemy\orm\unitofwork.py", line 642, in execute
    util.preloaded.orm_persistence.save_obj(
  File "C:\Users\81026\AppData\Local\Programs\Python\Python310\lib\site-packages\sqlalchemy\orm\persistence.py", line 93, in save_obj
    _emit_insert_statements(
  File "C:\Users\81026\AppData\Local\Programs\Python\Python310\lib\site-packages\sqlalchemy\orm\persistence.py", line 1233, in _emit_insert_statements
    result = connection.execute(
  File "C:\Users\81026\AppData\Local\Programs\Python\Python310\lib\site-packages\sqlalchemy\engine\base.py", line 1419, in execute
    return meth(
  File "C:\Users\81026\AppData\Local\Programs\Python\Python310\lib\site-packages\sqlalchemy\sql\elements.py", line 527, in _execute_on_connection
    return connection._execute_clauseelement(
  File "C:\Users\81026\AppData\Local\Programs\Python\Python310\lib\site-packages\sqlalchemy\engine\base.py", line 1641, in _execute_clauseelement
    ret = self._execute_context(
  File "C:\Users\81026\AppData\Local\Programs\Python\Python310\lib\site-packages\sqlalchemy\engine\base.py", line 1846, in _execute_context
    return self._exec_single_context(
  File "C:\Users\81026\AppData\Local\Programs\Python\Python310\lib\site-packages\sqlalchemy\engine\base.py", line 1986, in _exec_single_context
    self._handle_dbapi_exception(
  File "C:\Users\81026\AppData\Local\Programs\Python\Python310\lib\site-packages\sqlalchemy\engine\base.py", line 2363, in _handle_dbapi_exception
    raise sqlalchemy_exception.with_traceback(exc_info[2]) from e
  File "C:\Users\81026\AppData\Local\Programs\Python\Python310\lib\site-packages\sqlalchemy\engine\base.py", line 1967, in _exec_single_context
    self.dialect.do_execute(
  File "C:\Users\81026\AppData\Local\Programs\Python\Python310\lib\site-packages\sqlalchemy\engine\default.py", line 952, in do_execute
    cursor.execute(statement, parameters)
sqlalchemy.exc.DataError: (psycopg2.errors.StringDataRightTruncation) value too long for type character varying(200)

[SQL: INSERT INTO api_definitions (project_id, group_id, method, path, summary, description, tags, version_hash, content_hash, source_type, source_url, source_version, request_schema, response_schema, status, sync_status, lock_status, last_sync_at, created_by, updated_by, created_at, updated_at) VALUES (%(project_id)s, %(group_id)s, %(method)s, %(path)s, %(summary)s, %(description)s, %(tags)s::JSON, %(version_hash)s, %(content_hash)s, %(source_type)s, %(source_url)s, %(source_version)s, %(request_schema)s::JSON, %(response_schema)s::JSON, %(status)s, %(sync_status)s, %(lock_status)s, %(last_sync_at)s, %(created_by)s, %(updated_by)s, %(created_at)s, %(updated_at)s) RETURNING api_definitions.id]
[parameters: {'project_id': 1, 'group_id': None, 'method': 'PATCH', 'path': '/api/stock/location-type/{id}/', 'summary': 'API detail endpoint for a StockLocationType object.\n\n- GET: return a single StockLocationType\n- PUT: update a StockLocationType\n- PATCH: partial update a StockLocationType\n- DELETE: delete a StockLocationType', 'description': 'API detail endpoint for a StockLocationType object.\n\n- GET: return a single StockLocationType\n- PUT: update a StockLocationType\n- PATCH: partial update a StockLocationType\n- DELETE: delete a StockLocationType', 'tags': '[]', 'version_hash': None, 'content_hash': None, 'source_type': 'swagger', 'source_url': 'http://127.0.0.1:1337/api/schema/', 'source_version': None, 'request_schema': '{}', 'response_schema': '{}', 'status': 'active', 'sync_status': 'synced', 'lock_status': 'unlocked', 'last_sync_at': None, 'created_by': None, 'updated_by': None, 'created_at': datetime.datetime(2026, 2, 4, 8, 47, 28, 64626, tzinfo=datetime.timezone.utc), 'updated_at': datetime.datetime(2026, 2, 4, 8, 47, 28, 64626, tzinfo=datetime.timezone.utc)}]
(Background on this error at: https://sqlalche.me/e/20/9h9h)
2026-02-04 16:47:28 | ERROR | [3cfa26866cd24b38ba1411871bb1921d] | app.dependencies | 数据库会话异常: 500: 应用变更失败：(psycopg2.errors.StringDataRightTruncation) value too long for type character varying(200)

[SQL: INSERT INTO api_definitions (project_id, group_id, method, path, summary, description, tags, version_hash, content_hash, source_type, source_url, source_version, request_schema, response_schema, status, sync_status, lock_status, last_sync_at, created_by, updated_by, created_at, updated_at) VALUES (%(project_id)s, %(group_id)s, %(method)s, %(path)s, %(summary)s, %(description)s, %(tags)s::JSON, %(version_hash)s, %(content_hash)s, %(source_type)s, %(source_url)s, %(source_version)s, %(request_schema)s::JSON, %(response_schema)s::JSON, %(status)s, %(sync_status)s, %(lock_status)s, %(last_sync_at)s, %(created_by)s, %(updated_by)s, %(created_at)s, %(updated_at)s) RETURNING api_definitions.id]
[parameters: {'project_id': 1, 'group_id': None, 'method': 'PATCH', 'path': '/api/stock/location-type/{id}/', 'summary': 'API detail endpoint for a StockLocationType object.\n\n- GET: return a single StockLocationType\n- PUT: update a StockLocationType\n- PATCH: partial update a StockLocationType\n- DELETE: delete a StockLocationType', 'description': 'API detail endpoint for a StockLocationType object.\n\n- GET: return a single StockLocationType\n- PUT: update a StockLocationType\n- PATCH: partial update a StockLocationType\n- DELETE: delete a StockLocationType', 'tags': '[]', 'version_hash': None, 'content_hash': None, 'source_type': 'swagger', 'source_url': 'http://127.0.0.1:1337/api/schema/', 'source_version': None, 'request_schema': '{}', 'response_schema': '{}', 'status': 'active', 'sync_status': 'synced', 'lock_status': 'unlocked', 'last_sync_at': None, 'created_by': None, 'updated_by': None, 'created_at': datetime.datetime(2026, 2, 4, 8, 47, 28, 64626, tzinfo=datetime.timezone.utc), 'updated_at': datetime.datetime(2026, 2, 4, 8, 47, 28, 64626, tzinfo=datetime.timezone.utc)}]
(Background on this error at: https://sqlalche.me/e/20/9h9h)
Traceback (most recent call last):
  File "C:\Users\81026\AppData\Local\Programs\Python\Python310\lib\site-packages\sqlalchemy\engine\base.py", line 1967, in _exec_single_context
    self.dialect.do_execute(
  File "C:\Users\81026\AppData\Local\Programs\Python\Python310\lib\site-packages\sqlalchemy\engine\default.py", line 952, in do_execute
    cursor.execute(statement, parameters)
psycopg2.errors.StringDataRightTruncation: value too long for type character varying(200)


The above exception was the direct cause of the following exception:

Traceback (most recent call last):
  File "D:\code\BugSeek\backend\app\api\v1\sync_tasks.py", line 758, in apply_changes
    result = _apply_changes_impl(db, task, request.operations, trace_id)
  File "D:\code\BugSeek\backend\app\api\v1\sync_tasks.py", line 586, in _apply_changes_impl
    db.flush()  # 刷新以获取 ID
  File "C:\Users\81026\AppData\Local\Programs\Python\Python310\lib\site-packages\sqlalchemy\orm\session.py", line 4331, in flush
    self._flush(objects)
  File "C:\Users\81026\AppData\Local\Programs\Python\Python310\lib\site-packages\sqlalchemy\orm\session.py", line 4466, in _flush
    with util.safe_reraise():
  File "C:\Users\81026\AppData\Local\Programs\Python\Python310\lib\site-packages\sqlalchemy\util\langhelpers.py", line 224, in __exit__
    raise exc_value.with_traceback(exc_tb)
  File "C:\Users\81026\AppData\Local\Programs\Python\Python310\lib\site-packages\sqlalchemy\orm\session.py", line 4427, in _flush
    flush_context.execute()
  File "C:\Users\81026\AppData\Local\Programs\Python\Python310\lib\site-packages\sqlalchemy\orm\unitofwork.py", line 466, in execute
    rec.execute(self)
  File "C:\Users\81026\AppData\Local\Programs\Python\Python310\lib\site-packages\sqlalchemy\orm\unitofwork.py", line 642, in execute
    util.preloaded.orm_persistence.save_obj(
  File "C:\Users\81026\AppData\Local\Programs\Python\Python310\lib\site-packages\sqlalchemy\orm\persistence.py", line 93, in save_obj
    _emit_insert_statements(
  File "C:\Users\81026\AppData\Local\Programs\Python\Python310\lib\site-packages\sqlalchemy\orm\persistence.py", line 1233, in _emit_insert_statements
    result = connection.execute(
  File "C:\Users\81026\AppData\Local\Programs\Python\Python310\lib\site-packages\sqlalchemy\engine\base.py", line 1419, in execute
    return meth(
  File "C:\Users\81026\AppData\Local\Programs\Python\Python310\lib\site-packages\sqlalchemy\sql\elements.py", line 527, in _execute_on_connection
    return connection._execute_clauseelement(
  File "C:\Users\81026\AppData\Local\Programs\Python\Python310\lib\site-packages\sqlalchemy\engine\base.py", line 1641, in _execute_clauseelement
    ret = self._execute_context(
  File "C:\Users\81026\AppData\Local\Programs\Python\Python310\lib\site-packages\sqlalchemy\engine\base.py", line 1846, in _execute_context
    return self._exec_single_context(
  File "C:\Users\81026\AppData\Local\Programs\Python\Python310\lib\site-packages\sqlalchemy\engine\base.py", line 1986, in _exec_single_context
    self._handle_dbapi_exception(
  File "C:\Users\81026\AppData\Local\Programs\Python\Python310\lib\site-packages\sqlalchemy\engine\base.py", line 2363, in _handle_dbapi_exception
    raise sqlalchemy_exception.with_traceback(exc_info[2]) from e
  File "C:\Users\81026\AppData\Local\Programs\Python\Python310\lib\site-packages\sqlalchemy\engine\base.py", line 1967, in _exec_single_context
    self.dialect.do_execute(
  File "C:\Users\81026\AppData\Local\Programs\Python\Python310\lib\site-packages\sqlalchemy\engine\default.py", line 952, in do_execute
    cursor.execute(statement, parameters)
sqlalchemy.exc.DataError: (psycopg2.errors.StringDataRightTruncation) value too long for type character varying(200)

[SQL: INSERT INTO api_definitions (project_id, group_id, method, path, summary, description, tags, version_hash, content_hash, source_type, source_url, source_version, request_schema, response_schema, status, sync_status, lock_status, last_sync_at, created_by, updated_by, created_at, updated_at) VALUES (%(project_id)s, %(group_id)s, %(method)s, %(path)s, %(summary)s, %(description)s, %(tags)s::JSON, %(version_hash)s, %(content_hash)s, %(source_type)s, %(source_url)s, %(source_version)s, %(request_schema)s::JSON, %(response_schema)s::JSON, %(status)s, %(sync_status)s, %(lock_status)s, %(last_sync_at)s, %(created_by)s, %(updated_by)s, %(created_at)s, %(updated_at)s) RETURNING api_definitions.id]
[parameters: {'project_id': 1, 'group_id': None, 'method': 'PATCH', 'path': '/api/stock/location-type/{id}/', 'summary': 'API detail endpoint for a StockLocationType object.\n\n- GET: return a single StockLocationType\n- PUT: update a StockLocationType\n- PATCH: partial update a StockLocationType\n- DELETE: delete a StockLocationType', 'description': 'API detail endpoint for a StockLocationType object.\n\n- GET: return a single StockLocationType\n- PUT: update a StockLocationType\n- PATCH: partial update a StockLocationType\n- DELETE: delete a StockLocationType', 'tags': '[]', 'version_hash': None, 'content_hash': None, 'source_type': 'swagger', 'source_url': 'http://127.0.0.1:1337/api/schema/', 'source_version': None, 'request_schema': '{}', 'response_schema': '{}', 'status': 'active', 'sync_status': 'synced', 'lock_status': 'unlocked', 'last_sync_at': None, 'created_by': None, 'updated_by': None, 'created_at': datetime.datetime(2026, 2, 4, 8, 47, 28, 64626, tzinfo=datetime.timezone.utc), 'updated_at': datetime.datetime(2026, 2, 4, 8, 47, 28, 64626, tzinfo=datetime.timezone.utc)}]
(Background on this error at: https://sqlalche.me/e/20/9h9h)

During handling of the above exception, another exception occurred:

Traceback (most recent call last):
  File "D:\code\BugSeek\backend\app\dependencies.py", line 19, in get_db
    yield db
  File "C:\Users\81026\AppData\Local\Programs\Python\Python310\lib\site-packages\fastapi\concurrency.py", line 29, in contextmanager_in_threadpool
    yield await run_in_threadpool(cm.__enter__)
  File "C:\Users\81026\AppData\Local\Programs\Python\Python310\lib\site-packages\fastapi\routing.py", line 101, in app
    response = await f(request)
  File "C:\Users\81026\AppData\Local\Programs\Python\Python310\lib\site-packages\fastapi\routing.py", line 355, in app
    raw_response = await run_endpoint_function(
  File "C:\Users\81026\AppData\Local\Programs\Python\Python310\lib\site-packages\fastapi\routing.py", line 243, in run_endpoint_function
    return await dependant.call(**values)
  File "D:\code\BugSeek\backend\app\api\v1\sync_tasks.py", line 770, in apply_changes
    raise HTTPException(
fastapi.exceptions.HTTPException: 500: 应用变更失败：(psycopg2.errors.StringDataRightTruncation) value too long for type character varying(200)

[SQL: INSERT INTO api_definitions (project_id, group_id, method, path, summary, description, tags, version_hash, content_hash, source_type, source_url, source_version, request_schema, response_schema, status, sync_status, lock_status, last_sync_at, created_by, updated_by, created_at, updated_at) VALUES (%(project_id)s, %(group_id)s, %(method)s, %(path)s, %(summary)s, %(description)s, %(tags)s::JSON, %(version_hash)s, %(content_hash)s, %(source_type)s, %(source_url)s, %(source_version)s, %(request_schema)s::JSON, %(response_schema)s::JSON, %(status)s, %(sync_status)s, %(lock_status)s, %(last_sync_at)s, %(created_by)s, %(updated_by)s, %(created_at)s, %(updated_at)s) RETURNING api_definitions.id]
[parameters: {'project_id': 1, 'group_id': None, 'method': 'PATCH', 'path': '/api/stock/location-type/{id}/', 'summary': 'API detail endpoint for a StockLocationType object.\n\n- GET: return a single StockLocationType\n- PUT: update a StockLocationType\n- PATCH: partial update a StockLocationType\n- DELETE: delete a StockLocationType', 'description': 'API detail endpoint for a StockLocationType object.\n\n- GET: return a single StockLocationType\n- PUT: update a StockLocationType\n- PATCH: partial update a StockLocationType\n- DELETE: delete a StockLocationType', 'tags': '[]', 'version_hash': None, 'content_hash': None, 'source_type': 'swagger', 'source_url': 'http://127.0.0.1:1337/api/schema/', 'source_version': None, 'request_schema': '{}', 'response_schema': '{}', 'status': 'active', 'sync_status': 'synced', 'lock_status': 'unlocked', 'last_sync_at': None, 'created_by': None, 'updated_by': None, 'created_at': datetime.datetime(2026, 2, 4, 8, 47, 28, 64626, tzinfo=datetime.timezone.utc), 'updated_at': datetime.datetime(2026, 2, 4, 8, 47, 28, 64626, tzinfo=datetime.timezone.utc)}]
(Background on this error at: https://sqlalche.me/e/20/9h9h)
2026-02-04 16:48:45 | INFO | [a01e2c9ddb0c4e28a3d31ce8c4e93679] | root | 日志系统初始化完成
2026-02-04 16:48:45 | INFO | [a01e2c9ddb0c4e28a3d31ce8c4e93679] | app.main | 启动异步任务工作线程...
2026-02-04 16:48:45 | INFO | [a01e2c9ddb0c4e28a3d31ce8c4e93679] | app.main | 异步任务工作线程已启动
2026-02-04 16:48:45 | INFO | [a01e2c9ddb0c4e28a3d31ce8c4e93679] | app.core.async_task.manager | [a01e2c9ddb0c4e28a3d31ce8c4e93679] 启动异步任务工作线程
2026-02-04 16:49:01 | INFO | [e2bc475117944afd8850562318133e64] | root | 日志系统初始化完成
2026-02-04 16:49:01 | INFO | [e2bc475117944afd8850562318133e64] | app.main | 启动异步任务工作线程...
2026-02-04 16:49:01 | INFO | [e2bc475117944afd8850562318133e64] | app.main | 异步任务工作线程已启动
2026-02-04 16:49:01 | INFO | [e2bc475117944afd8850562318133e64] | app.core.async_task.manager | [e2bc475117944afd8850562318133e64] 启动异步任务工作线程
2026-02-04 16:49:19 | INFO | [294e21f71c57483e879bf662b81cdf9c] | app.api.v1.sync_tasks | [294e21f71c57483e879bf662b81cdf9c] 应用变更: task_id=13, user=admin
2026-02-04 16:49:19 | WARNING | [294e21f71c57483e879bf662b81cdf9c] | app.api.v1.sync_tasks | [294e21f71c57483e879bf662b81cdf9c] 接口已存在，跳过新增: PUT /api/selection/{id}/
2026-02-04 16:49:19 | WARNING | [294e21f71c57483e879bf662b81cdf9c] | app.api.v1.sync_tasks | [294e21f71c57483e879bf662b81cdf9c] 接口已存在，跳过新增: GET /api/part/category/tree/
2026-02-04 16:49:19 | WARNING | [294e21f71c57483e879bf662b81cdf9c] | app.api.v1.sync_tasks | [294e21f71c57483e879bf662b81cdf9c] 接口已存在，跳过新增: POST /api/order/ro/{id}/issue/
2026-02-04 16:49:19 | WARNING | [294e21f71c57483e879bf662b81cdf9c] | app.api.v1.sync_tasks | [294e21f71c57483e879bf662b81cdf9c] 接口已存在，跳过新增: PATCH /api/stock/location/{id}/metadata/
2026-02-04 16:49:19 | WARNING | [294e21f71c57483e879bf662b81cdf9c] | app.api.v1.sync_tasks | [294e21f71c57483e879bf662b81cdf9c] 接口已存在，跳过新增: POST /api/part/{id}/bom-copy/
2026-02-04 16:49:19 | WARNING | [294e21f71c57483e879bf662b81cdf9c] | app.api.v1.sync_tasks | [294e21f71c57483e879bf662b81cdf9c] 接口已存在，跳过新增: DELETE /api/importer/row/
2026-02-04 16:49:19 | WARNING | [294e21f71c57483e879bf662b81cdf9c] | app.api.v1.sync_tasks | [294e21f71c57483e879bf662b81cdf9c] 接口已存在，跳过新增: PATCH /api/build/line/{id}/
2026-02-04 16:49:19 | WARNING | [294e21f71c57483e879bf662b81cdf9c] | app.api.v1.sync_tasks | [294e21f71c57483e879bf662b81cdf9c] 接口已存在，跳过新增: DELETE /api/plugins/{plugin}/
2026-02-04 16:49:19 | WARNING | [294e21f71c57483e879bf662b81cdf9c] | app.api.v1.sync_tasks | [294e21f71c57483e879bf662b81cdf9c] 接口已存在，跳过新增: PUT /api/part/sale-price/{id}/
2026-02-04 16:49:19 | WARNING | [294e21f71c57483e879bf662b81cdf9c] | app.api.v1.sync_tasks | [294e21f71c57483e879bf662b81cdf9c] 接口已存在，跳过新增: GET /api/order/so/status/
2026-02-04 16:49:19 | WARNING | [294e21f71c57483e879bf662b81cdf9c] | app.api.v1.sync_tasks | [294e21f71c57483e879bf662b81cdf9c] 接口已存在，跳过新增: POST /api/report/asset/
2026-02-04 16:49:19 | WARNING | [294e21f71c57483e879bf662b81cdf9c] | app.api.v1.sync_tasks | [294e21f71c57483e879bf662b81cdf9c] 接口已存在，跳过新增: PUT /api/bom/{id}/metadata/
2026-02-04 16:49:19 | WARNING | [294e21f71c57483e879bf662b81cdf9c] | app.api.v1.sync_tasks | [294e21f71c57483e879bf662b81cdf9c] 接口已存在，跳过新增: GET /api/part/category/
2026-02-04 16:49:19 | WARNING | [294e21f71c57483e879bf662b81cdf9c] | app.api.v1.sync_tasks | [294e21f71c57483e879bf662b81cdf9c] 接口已存在，跳过新增: POST /api/user/group/
2026-02-04 16:49:19 | WARNING | [294e21f71c57483e879bf662b81cdf9c] | app.api.v1.sync_tasks | [294e21f71c57483e879bf662b81cdf9c] 接口已存在，跳过新增: PATCH /api/order/so-allocation/{id}/
2026-02-04 16:49:19 | WARNING | [294e21f71c57483e879bf662b81cdf9c] | app.api.v1.sync_tasks | [294e21f71c57483e879bf662b81cdf9c] 接口已存在，跳过新增: GET /api/plugins/
2026-02-04 16:49:19 | WARNING | [294e21f71c57483e879bf662b81cdf9c] | app.api.v1.sync_tasks | [294e21f71c57483e879bf662b81cdf9c] 接口已存在，跳过新增: PUT /api/part/test-template/{id}/
2026-02-04 16:49:19 | WARNING | [294e21f71c57483e879bf662b81cdf9c] | app.api.v1.sync_tasks | [294e21f71c57483e879bf662b81cdf9c] 接口已存在，跳过新增: POST /api/importer/session/{id}/accept_fields/
2026-02-04 16:49:19 | WARNING | [294e21f71c57483e879bf662b81cdf9c] | app.api.v1.sync_tasks | [294e21f71c57483e879bf662b81cdf9c] 接口已存在，跳过新增: GET /api/part/test-template/{id}/metadata/
2026-02-04 16:49:19 | WARNING | [294e21f71c57483e879bf662b81cdf9c] | app.api.v1.sync_tasks | [294e21f71c57483e879bf662b81cdf9c] 接口已存在，跳过新增: DELETE /api/report/template/{id}/
2026-02-04 16:49:19 | WARNING | [294e21f71c57483e879bf662b81cdf9c] | app.api.v1.sync_tasks | [294e21f71c57483e879bf662b81cdf9c] 接口已存在，跳过新增: POST /api/label/print/
2026-02-04 16:49:19 | WARNING | [294e21f71c57483e879bf662b81cdf9c] | app.api.v1.sync_tasks | [294e21f71c57483e879bf662b81cdf9c] 接口已存在，跳过新增: PATCH /api/news/{id}/
2026-02-04 16:49:19 | WARNING | [294e21f71c57483e879bf662b81cdf9c] | app.api.v1.sync_tasks | [294e21f71c57483e879bf662b81cdf9c] 接口已存在，跳过新增: GET /api/barcode/history/
2026-02-04 16:49:19 | WARNING | [294e21f71c57483e879bf662b81cdf9c] | app.api.v1.sync_tasks | [294e21f71c57483e879bf662b81cdf9c] 接口已存在，跳过新增: GET /api/stock/location/{id}/
2026-02-04 16:49:19 | WARNING | [294e21f71c57483e879bf662b81cdf9c] | app.api.v1.sync_tasks | [294e21f71c57483e879bf662b81cdf9c] 接口已存在，跳过新增: GET /api/project-code/
2026-02-04 16:49:19 | WARNING | [294e21f71c57483e879bf662b81cdf9c] | app.api.v1.sync_tasks | [294e21f71c57483e879bf662b81cdf9c] 接口已存在，跳过新增: POST /api/stock/{id}/uninstall/
2026-02-04 16:49:19 | INFO | [294e21f71c57483e879bf662b81cdf9c] | app.api.v1.sync_tasks | [294e21f71c57483e879bf662b81cdf9c] 新增接口: PATCH /api/stock/location-type/{id}/
2026-02-04 16:49:19 | INFO | [294e21f71c57483e879bf662b81cdf9c] | app.api.v1.version_snapshots | [294e21f71c57483e879bf662b81cdf9c] 自动创建版本快照成功: id=29, definition_id=30, hash=fb2d01d2a525acbd7a60d2a6315cfa5e
2026-02-04 16:49:19 | INFO | [294e21f71c57483e879bf662b81cdf9c] | app.api.v1.sync_tasks | [294e21f71c57483e879bf662b81cdf9c] 自动创建版本快照成功: snapshot_id=29
2026-02-04 16:49:19 | INFO | [294e21f71c57483e879bf662b81cdf9c] | app.api.v1.sync_tasks | [294e21f71c57483e879bf662b81cdf9c] 新增接口: PUT /api/stock/test/{id}/
2026-02-04 16:49:19 | INFO | [294e21f71c57483e879bf662b81cdf9c] | app.api.v1.version_snapshots | [294e21f71c57483e879bf662b81cdf9c] 自动创建版本快照成功: id=30, definition_id=31, hash=fb2d01d2a525acbd7a60d2a6315cfa5e
2026-02-04 16:49:19 | INFO | [294e21f71c57483e879bf662b81cdf9c] | app.api.v1.sync_tasks | [294e21f71c57483e879bf662b81cdf9c] 自动创建版本快照成功: snapshot_id=30
2026-02-04 16:49:19 | INFO | [294e21f71c57483e879bf662b81cdf9c] | app.api.v1.sync_tasks | [294e21f71c57483e879bf662b81cdf9c] 新增接口: DELETE /api/build/line/{id}/
2026-02-04 16:49:19 | INFO | [294e21f71c57483e879bf662b81cdf9c] | app.api.v1.version_snapshots | [294e21f71c57483e879bf662b81cdf9c] 自动创建版本快照成功: id=31, definition_id=32, hash=fb2d01d2a525acbd7a60d2a6315cfa5e
2026-02-04 16:49:19 | INFO | [294e21f71c57483e879bf662b81cdf9c] | app.api.v1.sync_tasks | [294e21f71c57483e879bf662b81cdf9c] 自动创建版本快照成功: snapshot_id=31
2026-02-04 16:49:19 | INFO | [294e21f71c57483e879bf662b81cdf9c] | app.api.v1.sync_tasks | [294e21f71c57483e879bf662b81cdf9c] 新增接口: GET /api/user/me/
2026-02-04 16:49:19 | INFO | [294e21f71c57483e879bf662b81cdf9c] | app.api.v1.version_snapshots | [294e21f71c57483e879bf662b81cdf9c] 自动创建版本快照成功: id=32, definition_id=33, hash=fb2d01d2a525acbd7a60d2a6315cfa5e
2026-02-04 16:49:19 | INFO | [294e21f71c57483e879bf662b81cdf9c] | app.api.v1.sync_tasks | [294e21f71c57483e879bf662b81cdf9c] 自动创建版本快照成功: snapshot_id=32
2026-02-04 16:49:19 | INFO | [294e21f71c57483e879bf662b81cdf9c] | app.api.v1.sync_tasks | [294e21f71c57483e879bf662b81cdf9c] 新增接口: GET /api/units/
2026-02-04 16:49:19 | INFO | [294e21f71c57483e879bf662b81cdf9c] | app.api.v1.version_snapshots | [294e21f71c57483e879bf662b81cdf9c] 自动创建版本快照成功: id=33, definition_id=34, hash=fb2d01d2a525acbd7a60d2a6315cfa5e
2026-02-04 16:49:19 | INFO | [294e21f71c57483e879bf662b81cdf9c] | app.api.v1.sync_tasks | [294e21f71c57483e879bf662b81cdf9c] 自动创建版本快照成功: snapshot_id=33
2026-02-04 16:49:19 | INFO | [294e21f71c57483e879bf662b81cdf9c] | app.api.v1.sync_tasks | [294e21f71c57483e879bf662b81cdf9c] 新增接口: GET /api/user/ruleset/
2026-02-04 16:49:19 | INFO | [294e21f71c57483e879bf662b81cdf9c] | app.api.v1.version_snapshots | [294e21f71c57483e879bf662b81cdf9c] 自动创建版本快照成功: id=34, definition_id=35, hash=fb2d01d2a525acbd7a60d2a6315cfa5e
2026-02-04 16:49:19 | INFO | [294e21f71c57483e879bf662b81cdf9c] | app.api.v1.sync_tasks | [294e21f71c57483e879bf662b81cdf9c] 自动创建版本快照成功: snapshot_id=34
2026-02-04 16:49:19 | INFO | [294e21f71c57483e879bf662b81cdf9c] | app.api.v1.sync_tasks | [294e21f71c57483e879bf662b81cdf9c] 新增接口: PATCH /api/order/po-extra-line/{id}/
2026-02-04 16:49:19 | INFO | [294e21f71c57483e879bf662b81cdf9c] | app.api.v1.version_snapshots | [294e21f71c57483e879bf662b81cdf9c] 自动创建版本快照成功: id=35, definition_id=36, hash=fb2d01d2a525acbd7a60d2a6315cfa5e
2026-02-04 16:49:19 | INFO | [294e21f71c57483e879bf662b81cdf9c] | app.api.v1.sync_tasks | [294e21f71c57483e879bf662b81cdf9c] 自动创建版本快照成功: snapshot_id=35
2026-02-04 16:49:19 | INFO | [294e21f71c57483e879bf662b81cdf9c] | app.api.v1.sync_tasks | [294e21f71c57483e879bf662b81cdf9c] 新增接口: PUT /api/importer/column-mapping/{id}/
2026-02-04 16:49:19 | INFO | [294e21f71c57483e879bf662b81cdf9c] | app.api.v1.version_snapshots | [294e21f71c57483e879bf662b81cdf9c] 自动创建版本快照成功: id=36, definition_id=37, hash=fb2d01d2a525acbd7a60d2a6315cfa5e
2026-02-04 16:49:19 | INFO | [294e21f71c57483e879bf662b81cdf9c] | app.api.v1.sync_tasks | [294e21f71c57483e879bf662b81cdf9c] 自动创建版本快照成功: snapshot_id=36
2026-02-04 16:49:19 | INFO | [294e21f71c57483e879bf662b81cdf9c] | app.api.v1.sync_tasks | [294e21f71c57483e879bf662b81cdf9c] 新增接口: GET /api/company/address/{id}/
2026-02-04 16:49:19 | INFO | [294e21f71c57483e879bf662b81cdf9c] | app.api.v1.version_snapshots | [294e21f71c57483e879bf662b81cdf9c] 自动创建版本快照成功: id=37, definition_id=38, hash=fb2d01d2a525acbd7a60d2a6315cfa5e
2026-02-04 16:49:19 | INFO | [294e21f71c57483e879bf662b81cdf9c] | app.api.v1.sync_tasks | [294e21f71c57483e879bf662b81cdf9c] 自动创建版本快照成功: snapshot_id=37
2026-02-04 16:49:19 | INFO | [294e21f71c57483e879bf662b81cdf9c] | app.api.v1.sync_tasks | [294e21f71c57483e879bf662b81cdf9c] 新增接口: GET /api/part/related/{id}/metadata/
2026-02-04 16:49:19 | INFO | [294e21f71c57483e879bf662b81cdf9c] | app.api.v1.version_snapshots | [294e21f71c57483e879bf662b81cdf9c] 自动创建版本快照成功: id=38, definition_id=39, hash=fb2d01d2a525acbd7a60d2a6315cfa5e
2026-02-04 16:49:19 | INFO | [294e21f71c57483e879bf662b81cdf9c] | app.api.v1.sync_tasks | [294e21f71c57483e879bf662b81cdf9c] 自动创建版本快照成功: snapshot_id=38
2026-02-04 16:49:19 | INFO | [294e21f71c57483e879bf662b81cdf9c] | app.api.v1.sync_tasks | [294e21f71c57483e879bf662b81cdf9c] 新增接口: DELETE /api/order/so-allocation/{id}/
2026-02-04 16:49:19 | INFO | [294e21f71c57483e879bf662b81cdf9c] | app.api.v1.version_snapshots | [294e21f71c57483e879bf662b81cdf9c] 自动创建版本快照成功: id=39, definition_id=40, hash=fb2d01d2a525acbd7a60d2a6315cfa5e
2026-02-04 16:49:19 | INFO | [294e21f71c57483e879bf662b81cdf9c] | app.api.v1.sync_tasks | [294e21f71c57483e879bf662b81cdf9c] 自动创建版本快照成功: snapshot_id=39
2026-02-04 16:49:19 | INFO | [294e21f71c57483e879bf662b81cdf9c] | app.api.v1.sync_tasks | [294e21f71c57483e879bf662b81cdf9c] 新增接口: GET /api/part/internal-price/{id}/
2026-02-04 16:49:19 | INFO | [294e21f71c57483e879bf662b81cdf9c] | app.api.v1.version_snapshots | [294e21f71c57483e879bf662b81cdf9c] 自动创建版本快照成功: id=40, definition_id=41, hash=fb2d01d2a525acbd7a60d2a6315cfa5e
2026-02-04 16:49:19 | INFO | [294e21f71c57483e879bf662b81cdf9c] | app.api.v1.sync_tasks | [294e21f71c57483e879bf662b81cdf9c] 自动创建版本快照成功: snapshot_id=40
2026-02-04 16:49:19 | INFO | [294e21f71c57483e879bf662b81cdf9c] | app.api.v1.sync_tasks | [294e21f71c57483e879bf662b81cdf9c] 新增接口: PATCH /api/bom/substitute/{id}/metadata/
2026-02-04 16:49:19 | INFO | [294e21f71c57483e879bf662b81cdf9c] | app.api.v1.version_snapshots | [294e21f71c57483e879bf662b81cdf9c] 自动创建版本快照成功: id=41, definition_id=42, hash=fb2d01d2a525acbd7a60d2a6315cfa5e
2026-02-04 16:49:19 | INFO | [294e21f71c57483e879bf662b81cdf9c] | app.api.v1.sync_tasks | [294e21f71c57483e879bf662b81cdf9c] 自动创建版本快照成功: snapshot_id=41
2026-02-04 16:49:19 | INFO | [294e21f71c57483e879bf662b81cdf9c] | app.api.v1.sync_tasks | [294e21f71c57483e879bf662b81cdf9c] 新增接口: POST /api/part/test-template/
2026-02-04 16:49:19 | INFO | [294e21f71c57483e879bf662b81cdf9c] | app.api.v1.version_snapshots | [294e21f71c57483e879bf662b81cdf9c] 自动创建版本快照成功: id=42, definition_id=43, hash=fb2d01d2a525acbd7a60d2a6315cfa5e
2026-02-04 16:49:19 | INFO | [294e21f71c57483e879bf662b81cdf9c] | app.api.v1.sync_tasks | [294e21f71c57483e879bf662b81cdf9c] 自动创建版本快照成功: snapshot_id=42
2026-02-04 16:49:19 | INFO | [294e21f71c57483e879bf662b81cdf9c] | app.api.v1.sync_tasks | [294e21f71c57483e879bf662b81cdf9c] 新增接口: PATCH /api/user/profile/
2026-02-04 16:49:19 | INFO | [294e21f71c57483e879bf662b81cdf9c] | app.api.v1.version_snapshots | [294e21f71c57483e879bf662b81cdf9c] 自动创建版本快照成功: id=43, definition_id=44, hash=fb2d01d2a525acbd7a60d2a6315cfa5e
2026-02-04 16:49:19 | INFO | [294e21f71c57483e879bf662b81cdf9c] | app.api.v1.sync_tasks | [294e21f71c57483e879bf662b81cdf9c] 自动创建版本快照成功: snapshot_id=43
2026-02-04 16:49:19 | INFO | [294e21f71c57483e879bf662b81cdf9c] | app.api.v1.sync_tasks | [294e21f71c57483e879bf662b81cdf9c] 新增接口: POST /api/webhook/{endpoint}/
2026-02-04 16:49:19 | INFO | [294e21f71c57483e879bf662b81cdf9c] | app.api.v1.version_snapshots | [294e21f71c57483e879bf662b81cdf9c] 自动创建版本快照成功: id=44, definition_id=45, hash=fb2d01d2a525acbd7a60d2a6315cfa5e
2026-02-04 16:49:19 | INFO | [294e21f71c57483e879bf662b81cdf9c] | app.api.v1.sync_tasks | [294e21f71c57483e879bf662b81cdf9c] 自动创建版本快照成功: snapshot_id=44
2026-02-04 16:49:19 | INFO | [294e21f71c57483e879bf662b81cdf9c] | app.api.v1.sync_tasks | [294e21f71c57483e879bf662b81cdf9c] 新增接口: GET /api/data-output/
2026-02-04 16:49:19 | INFO | [294e21f71c57483e879bf662b81cdf9c] | app.api.v1.version_snapshots | [294e21f71c57483e879bf662b81cdf9c] 自动创建版本快照成功: id=45, definition_id=46, hash=fb2d01d2a525acbd7a60d2a6315cfa5e
2026-02-04 16:49:19 | INFO | [294e21f71c57483e879bf662b81cdf9c] | app.api.v1.sync_tasks | [294e21f71c57483e879bf662b81cdf9c] 自动创建版本快照成功: snapshot_id=45
2026-02-04 16:49:19 | INFO | [294e21f71c57483e879bf662b81cdf9c] | app.api.v1.sync_tasks | [294e21f71c57483e879bf662b81cdf9c] 新增接口: POST /api/order/ro/
2026-02-04 16:49:19 | INFO | [294e21f71c57483e879bf662b81cdf9c] | app.api.v1.version_snapshots | [294e21f71c57483e879bf662b81cdf9c] 自动创建版本快照成功: id=46, definition_id=47, hash=fb2d01d2a525acbd7a60d2a6315cfa5e
2026-02-04 16:49:19 | INFO | [294e21f71c57483e879bf662b81cdf9c] | app.api.v1.sync_tasks | [294e21f71c57483e879bf662b81cdf9c] 自动创建版本快照成功: snapshot_id=46
2026-02-04 16:49:19 | INFO | [294e21f71c57483e879bf662b81cdf9c] | app.api.v1.sync_tasks | [294e21f71c57483e879bf662b81cdf9c] 新增接口: GET /api/machine/{id}/settings/
2026-02-04 16:49:19 | INFO | [294e21f71c57483e879bf662b81cdf9c] | app.api.v1.version_snapshots | [294e21f71c57483e879bf662b81cdf9c] 自动创建版本快照成功: id=47, definition_id=48, hash=fb2d01d2a525acbd7a60d2a6315cfa5e
2026-02-04 16:49:19 | INFO | [294e21f71c57483e879bf662b81cdf9c] | app.api.v1.sync_tasks | [294e21f71c57483e879bf662b81cdf9c] 自动创建版本快照成功: snapshot_id=47
2026-02-04 16:49:19 | INFO | [294e21f71c57483e879bf662b81cdf9c] | app.api.v1.sync_tasks | [294e21f71c57483e879bf662b81cdf9c] 新增接口: GET /api/report/template/
2026-02-04 16:49:19 | INFO | [294e21f71c57483e879bf662b81cdf9c] | app.api.v1.version_snapshots | [294e21f71c57483e879bf662b81cdf9c] 自动创建版本快照成功: id=48, definition_id=49, hash=fb2d01d2a525acbd7a60d2a6315cfa5e
2026-02-04 16:49:19 | INFO | [294e21f71c57483e879bf662b81cdf9c] | app.api.v1.sync_tasks | [294e21f71c57483e879bf662b81cdf9c] 自动创建版本快照成功: snapshot_id=48
2026-02-04 16:49:19 | INFO | [294e21f71c57483e879bf662b81cdf9c] | app.api.v1.sync_tasks | [294e21f71c57483e879bf662b81cdf9c] 新增接口: DELETE /api/news/{id}/
2026-02-04 16:49:19 | INFO | [294e21f71c57483e879bf662b81cdf9c] | app.api.v1.version_snapshots | [294e21f71c57483e879bf662b81cdf9c] 自动创建版本快照成功: id=49, definition_id=50, hash=fb2d01d2a525acbd7a60d2a6315cfa5e
2026-02-04 16:49:19 | INFO | [294e21f71c57483e879bf662b81cdf9c] | app.api.v1.sync_tasks | [294e21f71c57483e879bf662b81cdf9c] 自动创建版本快照成功: snapshot_id=49
2026-02-04 16:49:19 | INFO | [294e21f71c57483e879bf662b81cdf9c] | app.api.v1.sync_tasks | [294e21f71c57483e879bf662b81cdf9c] 新增接口: DELETE /api/part/category/parameters/{id}/
2026-02-04 16:49:19 | INFO | [294e21f71c57483e879bf662b81cdf9c] | app.api.v1.version_snapshots | [294e21f71c57483e879bf662b81cdf9c] 自动创建版本快照成功: id=50, definition_id=51, hash=fb2d01d2a525acbd7a60d2a6315cfa5e
2026-02-04 16:49:19 | INFO | [294e21f71c57483e879bf662b81cdf9c] | app.api.v1.sync_tasks | [294e21f71c57483e879bf662b81cdf9c] 自动创建版本快照成功: snapshot_id=50
2026-02-04 16:49:20 | INFO | [294e21f71c57483e879bf662b81cdf9c] | app.api.v1.sync_tasks | [294e21f71c57483e879bf662b81cdf9c] 新增接口: DELETE /api/admin/email/{global_id}/
2026-02-04 16:49:20 | INFO | [294e21f71c57483e879bf662b81cdf9c] | app.api.v1.version_snapshots | [294e21f71c57483e879bf662b81cdf9c] 自动创建版本快照成功: id=51, definition_id=52, hash=fb2d01d2a525acbd7a60d2a6315cfa5e
2026-02-04 16:49:20 | INFO | [294e21f71c57483e879bf662b81cdf9c] | app.api.v1.sync_tasks | [294e21f71c57483e879bf662b81cdf9c] 自动创建版本快照成功: snapshot_id=51
2026-02-04 16:49:20 | INFO | [294e21f71c57483e879bf662b81cdf9c] | app.api.v1.sync_tasks | [294e21f71c57483e879bf662b81cdf9c] 新增接口: DELETE /api/stock/location-type/{id}/
2026-02-04 16:49:20 | INFO | [294e21f71c57483e879bf662b81cdf9c] | app.api.v1.version_snapshots | [294e21f71c57483e879bf662b81cdf9c] 自动创建版本快照成功: id=52, definition_id=53, hash=fb2d01d2a525acbd7a60d2a6315cfa5e
2026-02-04 16:49:20 | INFO | [294e21f71c57483e879bf662b81cdf9c] | app.api.v1.sync_tasks | [294e21f71c57483e879bf662b81cdf9c] 自动创建版本快照成功: snapshot_id=52
2026-02-04 16:49:20 | INFO | [294e21f71c57483e879bf662b81cdf9c] | app.api.v1.sync_tasks | [294e21f71c57483e879bf662b81cdf9c] 新增接口: POST /api/order/so-line/
2026-02-04 16:49:20 | INFO | [294e21f71c57483e879bf662b81cdf9c] | app.api.v1.version_snapshots | [294e21f71c57483e879bf662b81cdf9c] 自动创建版本快照成功: id=53, definition_id=54, hash=fb2d01d2a525acbd7a60d2a6315cfa5e
2026-02-04 16:49:20 | INFO | [294e21f71c57483e879bf662b81cdf9c] | app.api.v1.sync_tasks | [294e21f71c57483e879bf662b81cdf9c] 自动创建版本快照成功: snapshot_id=53
2026-02-04 16:49:20 | INFO | [294e21f71c57483e879bf662b81cdf9c] | app.api.v1.sync_tasks | [294e21f71c57483e879bf662b81cdf9c] 新增接口: GET /api/label/template/{id}/
2026-02-04 16:49:20 | INFO | [294e21f71c57483e879bf662b81cdf9c] | app.api.v1.version_snapshots | [294e21f71c57483e879bf662b81cdf9c] 自动创建版本快照成功: id=54, definition_id=55, hash=fb2d01d2a525acbd7a60d2a6315cfa5e
2026-02-04 16:49:20 | INFO | [294e21f71c57483e879bf662b81cdf9c] | app.api.v1.sync_tasks | [294e21f71c57483e879bf662b81cdf9c] 自动创建版本快照成功: snapshot_id=54
2026-02-04 16:49:20 | INFO | [294e21f71c57483e879bf662b81cdf9c] | app.api.v1.sync_tasks | [294e21f71c57483e879bf662b81cdf9c] 新增接口: GET /api/stock/{id}/serial-numbers/
2026-02-04 16:49:20 | INFO | [294e21f71c57483e879bf662b81cdf9c] | app.api.v1.version_snapshots | [294e21f71c57483e879bf662b81cdf9c] 自动创建版本快照成功: id=55, definition_id=56, hash=fb2d01d2a525acbd7a60d2a6315cfa5e
2026-02-04 16:49:20 | INFO | [294e21f71c57483e879bf662b81cdf9c] | app.api.v1.sync_tasks | [294e21f71c57483e879bf662b81cdf9c] 自动创建版本快照成功: snapshot_id=55
2026-02-04 16:49:20 | INFO | [294e21f71c57483e879bf662b81cdf9c] | app.api.v1.sync_tasks | [294e21f71c57483e879bf662b81cdf9c] 新增接口: PUT /api/order/po-extra-line/{id}/metadata/
2026-02-04 16:49:20 | INFO | [294e21f71c57483e879bf662b81cdf9c] | app.api.v1.version_snapshots | [294e21f71c57483e879bf662b81cdf9c] 自动创建版本快照成功: id=56, definition_id=57, hash=fb2d01d2a525acbd7a60d2a6315cfa5e
2026-02-04 16:49:20 | INFO | [294e21f71c57483e879bf662b81cdf9c] | app.api.v1.sync_tasks | [294e21f71c57483e879bf662b81cdf9c] 自动创建版本快照成功: snapshot_id=56
2026-02-04 16:49:20 | INFO | [294e21f71c57483e879bf662b81cdf9c] | app.api.v1.sync_tasks | [294e21f71c57483e879bf662b81cdf9c] 新增接口: PATCH /api/selection/{id}/
2026-02-04 16:49:20 | INFO | [294e21f71c57483e879bf662b81cdf9c] | app.api.v1.version_snapshots | [294e21f71c57483e879bf662b81cdf9c] 自动创建版本快照成功: id=57, definition_id=58, hash=fb2d01d2a525acbd7a60d2a6315cfa5e
2026-02-04 16:49:20 | INFO | [294e21f71c57483e879bf662b81cdf9c] | app.api.v1.sync_tasks | [294e21f71c57483e879bf662b81cdf9c] 自动创建版本快照成功: snapshot_id=57
2026-02-04 16:49:20 | INFO | [294e21f71c57483e879bf662b81cdf9c] | app.api.v1.sync_tasks | [294e21f71c57483e879bf662b81cdf9c] 新增接口: PUT /api/error-report/{id}/
2026-02-04 16:49:20 | INFO | [294e21f71c57483e879bf662b81cdf9c] | app.api.v1.version_snapshots | [294e21f71c57483e879bf662b81cdf9c] 自动创建版本快照成功: id=58, definition_id=59, hash=fb2d01d2a525acbd7a60d2a6315cfa5e
2026-02-04 16:49:20 | INFO | [294e21f71c57483e879bf662b81cdf9c] | app.api.v1.sync_tasks | [294e21f71c57483e879bf662b81cdf9c] 自动创建版本快照成功: snapshot_id=58
2026-02-04 16:49:20 | INFO | [294e21f71c57483e879bf662b81cdf9c] | app.api.v1.sync_tasks | [294e21f71c57483e879bf662b81cdf9c] 新增接口: PUT /api/stock/{id}/metadata/
2026-02-04 16:49:20 | INFO | [294e21f71c57483e879bf662b81cdf9c] | app.api.v1.version_snapshots | [294e21f71c57483e879bf662b81cdf9c] 自动创建版本快照成功: id=59, definition_id=60, hash=fb2d01d2a525acbd7a60d2a6315cfa5e
2026-02-04 16:49:20 | INFO | [294e21f71c57483e879bf662b81cdf9c] | app.api.v1.sync_tasks | [294e21f71c57483e879bf662b81cdf9c] 自动创建版本快照成功: snapshot_id=59
2026-02-04 16:49:20 | INFO | [294e21f71c57483e879bf662b81cdf9c] | app.api.v1.sync_tasks | [294e21f71c57483e879bf662b81cdf9c] 新增接口: PUT /api/build/{id}/metadata/
2026-02-04 16:49:20 | INFO | [294e21f71c57483e879bf662b81cdf9c] | app.api.v1.version_snapshots | [294e21f71c57483e879bf662b81cdf9c] 自动创建版本快照成功: id=60, definition_id=61, hash=fb2d01d2a525acbd7a60d2a6315cfa5e
2026-02-04 16:49:20 | INFO | [294e21f71c57483e879bf662b81cdf9c] | app.api.v1.sync_tasks | [294e21f71c57483e879bf662b81cdf9c] 自动创建版本快照成功: snapshot_id=60
2026-02-04 16:49:20 | INFO | [294e21f71c57483e879bf662b81cdf9c] | app.api.v1.sync_tasks | [294e21f71c57483e879bf662b81cdf9c] 新增接口: PATCH /api/part/sale-price/{id}/
2026-02-04 16:49:20 | INFO | [294e21f71c57483e879bf662b81cdf9c] | app.api.v1.version_snapshots | [294e21f71c57483e879bf662b81cdf9c] 自动创建版本快照成功: id=61, definition_id=62, hash=fb2d01d2a525acbd7a60d2a6315cfa5e
2026-02-04 16:49:20 | INFO | [294e21f71c57483e879bf662b81cdf9c] | app.api.v1.sync_tasks | [294e21f71c57483e879bf662b81cdf9c] 自动创建版本快照成功: snapshot_id=61
2026-02-04 16:49:20 | INFO | [294e21f71c57483e879bf662b81cdf9c] | app.api.v1.sync_tasks | [294e21f71c57483e879bf662b81cdf9c] 新增接口: PUT /api/part/parameter/{id}/metadata/
2026-02-04 16:49:20 | INFO | [294e21f71c57483e879bf662b81cdf9c] | app.api.v1.version_snapshots | [294e21f71c57483e879bf662b81cdf9c] 自动创建版本快照成功: id=62, definition_id=63, hash=fb2d01d2a525acbd7a60d2a6315cfa5e
2026-02-04 16:49:20 | INFO | [294e21f71c57483e879bf662b81cdf9c] | app.api.v1.sync_tasks | [294e21f71c57483e879bf662b81cdf9c] 自动创建版本快照成功: snapshot_id=62
2026-02-04 16:49:20 | INFO | [294e21f71c57483e879bf662b81cdf9c] | app.api.v1.sync_tasks | [294e21f71c57483e879bf662b81cdf9c] 新增接口: PATCH /api/bom/{id}/metadata/
2026-02-04 16:49:20 | INFO | [294e21f71c57483e879bf662b81cdf9c] | app.api.v1.version_snapshots | [294e21f71c57483e879bf662b81cdf9c] 自动创建版本快照成功: id=63, definition_id=64, hash=fb2d01d2a525acbd7a60d2a6315cfa5e
2026-02-04 16:49:20 | INFO | [294e21f71c57483e879bf662b81cdf9c] | app.api.v1.sync_tasks | [294e21f71c57483e879bf662b81cdf9c] 自动创建版本快照成功: snapshot_id=63
2026-02-04 16:49:20 | INFO | [294e21f71c57483e879bf662b81cdf9c] | app.api.v1.sync_tasks | [294e21f71c57483e879bf662b81cdf9c] 新增接口: GET /api/order/ro-line/{id}/
2026-02-04 16:49:20 | INFO | [294e21f71c57483e879bf662b81cdf9c] | app.api.v1.version_snapshots | [294e21f71c57483e879bf662b81cdf9c] 自动创建版本快照成功: id=64, definition_id=65, hash=fb2d01d2a525acbd7a60d2a6315cfa5e
2026-02-04 16:49:20 | INFO | [294e21f71c57483e879bf662b81cdf9c] | app.api.v1.sync_tasks | [294e21f71c57483e879bf662b81cdf9c] 自动创建版本快照成功: snapshot_id=64
2026-02-04 16:49:20 | INFO | [294e21f71c57483e879bf662b81cdf9c] | app.api.v1.sync_tasks | [294e21f71c57483e879bf662b81cdf9c] 新增接口: POST /api/build/{id}/consume/
2026-02-04 16:49:20 | INFO | [294e21f71c57483e879bf662b81cdf9c] | app.api.v1.version_snapshots | [294e21f71c57483e879bf662b81cdf9c] 自动创建版本快照成功: id=65, definition_id=66, hash=fb2d01d2a525acbd7a60d2a6315cfa5e
2026-02-04 16:49:20 | INFO | [294e21f71c57483e879bf662b81cdf9c] | app.api.v1.sync_tasks | [294e21f71c57483e879bf662b81cdf9c] 自动创建版本快照成功: snapshot_id=65
2026-02-04 16:49:20 | INFO | [294e21f71c57483e879bf662b81cdf9c] | app.api.v1.sync_tasks | [294e21f71c57483e879bf662b81cdf9c] 新增接口: POST /api/part/internal-price/
2026-02-04 16:49:20 | INFO | [294e21f71c57483e879bf662b81cdf9c] | app.api.v1.version_snapshots | [294e21f71c57483e879bf662b81cdf9c] 自动创建版本快照成功: id=66, definition_id=67, hash=fb2d01d2a525acbd7a60d2a6315cfa5e
2026-02-04 16:49:20 | INFO | [294e21f71c57483e879bf662b81cdf9c] | app.api.v1.sync_tasks | [294e21f71c57483e879bf662b81cdf9c] 自动创建版本快照成功: snapshot_id=66
2026-02-04 16:49:20 | INFO | [294e21f71c57483e879bf662b81cdf9c] | app.api.v1.sync_tasks | [294e21f71c57483e879bf662b81cdf9c] 新增接口: GET /api/order/po/status/
2026-02-04 16:49:20 | INFO | [294e21f71c57483e879bf662b81cdf9c] | app.api.v1.version_snapshots | [294e21f71c57483e879bf662b81cdf9c] 自动创建版本快照成功: id=67, definition_id=68, hash=fb2d01d2a525acbd7a60d2a6315cfa5e
2026-02-04 16:49:20 | INFO | [294e21f71c57483e879bf662b81cdf9c] | app.api.v1.sync_tasks | [294e21f71c57483e879bf662b81cdf9c] 自动创建版本快照成功: snapshot_id=67
2026-02-04 16:49:20 | INFO | [294e21f71c57483e879bf662b81cdf9c] | app.api.v1.sync_tasks | [294e21f71c57483e879bf662b81cdf9c] 新增接口: PUT /api/stock/location-type/{id}/metadata/
2026-02-04 16:49:20 | INFO | [294e21f71c57483e879bf662b81cdf9c] | app.api.v1.version_snapshots | [294e21f71c57483e879bf662b81cdf9c] 自动创建版本快照成功: id=68, definition_id=69, hash=fb2d01d2a525acbd7a60d2a6315cfa5e
2026-02-04 16:49:20 | INFO | [294e21f71c57483e879bf662b81cdf9c] | app.api.v1.sync_tasks | [294e21f71c57483e879bf662b81cdf9c] 自动创建版本快照成功: snapshot_id=68
2026-02-04 16:49:20 | INFO | [294e21f71c57483e879bf662b81cdf9c] | app.api.v1.sync_tasks | [294e21f71c57483e879bf662b81cdf9c] 新增接口: PATCH /api/part/test-template/{id}/
2026-02-04 16:49:20 | INFO | [294e21f71c57483e879bf662b81cdf9c] | app.api.v1.version_snapshots | [294e21f71c57483e879bf662b81cdf9c] 自动创建版本快照成功: id=69, definition_id=70, hash=fb2d01d2a525acbd7a60d2a6315cfa5e
2026-02-04 16:49:20 | INFO | [294e21f71c57483e879bf662b81cdf9c] | app.api.v1.sync_tasks | [294e21f71c57483e879bf662b81cdf9c] 自动创建版本快照成功: snapshot_id=69
2026-02-04 16:49:20 | INFO | [294e21f71c57483e879bf662b81cdf9c] | app.api.v1.sync_tasks | [294e21f71c57483e879bf662b81cdf9c] 新增接口: GET /api/report/snippet/{id}/
2026-02-04 16:49:20 | INFO | [294e21f71c57483e879bf662b81cdf9c] | app.api.v1.version_snapshots | [294e21f71c57483e879bf662b81cdf9c] 自动创建版本快照成功: id=70, definition_id=71, hash=fb2d01d2a525acbd7a60d2a6315cfa5e
2026-02-04 16:49:20 | INFO | [294e21f71c57483e879bf662b81cdf9c] | app.api.v1.sync_tasks | [294e21f71c57483e879bf662b81cdf9c] 自动创建版本快照成功: snapshot_id=70
2026-02-04 16:49:20 | INFO | [294e21f71c57483e879bf662b81cdf9c] | app.api.v1.sync_tasks | [294e21f71c57483e879bf662b81cdf9c] 新增接口: DELETE /api/selection/{id}/
2026-02-04 16:49:20 | INFO | [294e21f71c57483e879bf662b81cdf9c] | app.api.v1.version_snapshots | [294e21f71c57483e879bf662b81cdf9c] 自动创建版本快照成功: id=71, definition_id=72, hash=fb2d01d2a525acbd7a60d2a6315cfa5e
2026-02-04 16:49:20 | INFO | [294e21f71c57483e879bf662b81cdf9c] | app.api.v1.sync_tasks | [294e21f71c57483e879bf662b81cdf9c] 自动创建版本快照成功: snapshot_id=71
2026-02-04 16:49:20 | INFO | [294e21f71c57483e879bf662b81cdf9c] | app.api.v1.sync_tasks | [294e21f71c57483e879bf662b81cdf9c] 新增接口: POST /api/build/{id}/create-output/
2026-02-04 16:49:20 | INFO | [294e21f71c57483e879bf662b81cdf9c] | app.api.v1.version_snapshots | [294e21f71c57483e879bf662b81cdf9c] 自动创建版本快照成功: id=72, definition_id=73, hash=fb2d01d2a525acbd7a60d2a6315cfa5e
2026-02-04 16:49:20 | INFO | [294e21f71c57483e879bf662b81cdf9c] | app.api.v1.sync_tasks | [294e21f71c57483e879bf662b81cdf9c] 自动创建版本快照成功: snapshot_id=72
2026-02-04 16:49:20 | INFO | [294e21f71c57483e879bf662b81cdf9c] | app.api.v1.sync_tasks | [294e21f71c57483e879bf662b81cdf9c] 新增接口: GET /api/report/asset/
2026-02-04 16:49:20 | INFO | [294e21f71c57483e879bf662b81cdf9c] | app.api.v1.version_snapshots | [294e21f71c57483e879bf662b81cdf9c] 自动创建版本快照成功: id=73, definition_id=74, hash=fb2d01d2a525acbd7a60d2a6315cfa5e
2026-02-04 16:49:20 | INFO | [294e21f71c57483e879bf662b81cdf9c] | app.api.v1.sync_tasks | [294e21f71c57483e879bf662b81cdf9c] 自动创建版本快照成功: snapshot_id=73
2026-02-04 16:49:20 | INFO | [294e21f71c57483e879bf662b81cdf9c] | app.api.v1.sync_tasks | [294e21f71c57483e879bf662b81cdf9c] 新增接口: PATCH /api/stock/test/{id}/
2026-02-04 16:49:20 | INFO | [294e21f71c57483e879bf662b81cdf9c] | app.api.v1.version_snapshots | [294e21f71c57483e879bf662b81cdf9c] 自动创建版本快照成功: id=74, definition_id=75, hash=fb2d01d2a525acbd7a60d2a6315cfa5e
2026-02-04 16:49:20 | INFO | [294e21f71c57483e879bf662b81cdf9c] | app.api.v1.sync_tasks | [294e21f71c57483e879bf662b81cdf9c] 自动创建版本快照成功: snapshot_id=74
2026-02-04 16:49:20 | INFO | [294e21f71c57483e879bf662b81cdf9c] | app.api.v1.sync_tasks | [294e21f71c57483e879bf662b81cdf9c] 新增接口: GET /api/news/
2026-02-04 16:49:20 | INFO | [294e21f71c57483e879bf662b81cdf9c] | app.api.v1.version_snapshots | [294e21f71c57483e879bf662b81cdf9c] 自动创建版本快照成功: id=75, definition_id=76, hash=fb2d01d2a525acbd7a60d2a6315cfa5e
2026-02-04 16:49:20 | INFO | [294e21f71c57483e879bf662b81cdf9c] | app.api.v1.sync_tasks | [294e21f71c57483e879bf662b81cdf9c] 自动创建版本快照成功: snapshot_id=75
2026-02-04 16:49:20 | INFO | [294e21f71c57483e879bf662b81cdf9c] | app.api.v1.sync_tasks | [294e21f71c57483e879bf662b81cdf9c] 新增接口: GET /api/plugins/status/
2026-02-04 16:49:20 | INFO | [294e21f71c57483e879bf662b81cdf9c] | app.api.v1.version_snapshots | [294e21f71c57483e879bf662b81cdf9c] 自动创建版本快照成功: id=76, definition_id=77, hash=fb2d01d2a525acbd7a60d2a6315cfa5e
2026-02-04 16:49:20 | INFO | [294e21f71c57483e879bf662b81cdf9c] | app.api.v1.sync_tasks | [294e21f71c57483e879bf662b81cdf9c] 自动创建版本快照成功: snapshot_id=76
2026-02-04 16:49:20 | INFO | [294e21f71c57483e879bf662b81cdf9c] | app.api.v1.sync_tasks | [294e21f71c57483e879bf662b81cdf9c] 新增接口: PUT /api/bom/substitute/{id}/
2026-02-04 16:49:20 | INFO | [294e21f71c57483e879bf662b81cdf9c] | app.api.v1.version_snapshots | [294e21f71c57483e879bf662b81cdf9c] 自动创建版本快照成功: id=77, definition_id=78, hash=fb2d01d2a525acbd7a60d2a6315cfa5e
2026-02-04 16:49:20 | INFO | [294e21f71c57483e879bf662b81cdf9c] | app.api.v1.sync_tasks | [294e21f71c57483e879bf662b81cdf9c] 自动创建版本快照成功: snapshot_id=77
2026-02-04 16:49:20 | INFO | [294e21f71c57483e879bf662b81cdf9c] | app.api.v1.sync_tasks | [294e21f71c57483e879bf662b81cdf9c] 新增接口: DELETE /api/part/sale-price/{id}/
2026-02-04 16:49:20 | INFO | [294e21f71c57483e879bf662b81cdf9c] | app.api.v1.version_snapshots | [294e21f71c57483e879bf662b81cdf9c] 自动创建版本快照成功: id=78, definition_id=79, hash=fb2d01d2a525acbd7a60d2a6315cfa5e
2026-02-04 16:49:20 | INFO | [294e21f71c57483e879bf662b81cdf9c] | app.api.v1.sync_tasks | [294e21f71c57483e879bf662b81cdf9c] 自动创建版本快照成功: snapshot_id=78
2026-02-04 16:49:20 | INFO | [294e21f71c57483e879bf662b81cdf9c] | app.api.v1.sync_tasks | [294e21f71c57483e879bf662b81cdf9c] 新增接口: GET /api/user/group/
2026-02-04 16:49:20 | INFO | [294e21f71c57483e879bf662b81cdf9c] | app.api.v1.version_snapshots | [294e21f71c57483e879bf662b81cdf9c] 自动创建版本快照成功: id=79, definition_id=80, hash=fb2d01d2a525acbd7a60d2a6315cfa5e
2026-02-04 16:49:20 | INFO | [294e21f71c57483e879bf662b81cdf9c] | app.api.v1.sync_tasks | [294e21f71c57483e879bf662b81cdf9c] 自动创建版本快照成功: snapshot_id=79
2026-02-04 16:49:20 | INFO | [294e21f71c57483e879bf662b81cdf9c] | app.api.v1.sync_tasks | [294e21f71c57483e879bf662b81cdf9c] 新增接口: PUT /api/order/so-extra-line/{id}/metadata/
2026-02-04 16:49:20 | INFO | [294e21f71c57483e879bf662b81cdf9c] | app.api.v1.version_snapshots | [294e21f71c57483e879bf662b81cdf9c] 自动创建版本快照成功: id=80, definition_id=81, hash=fb2d01d2a525acbd7a60d2a6315cfa5e
2026-02-04 16:49:20 | INFO | [294e21f71c57483e879bf662b81cdf9c] | app.api.v1.sync_tasks | [294e21f71c57483e879bf662b81cdf9c] 自动创建版本快照成功: snapshot_id=80
2026-02-04 16:49:20 | INFO | [294e21f71c57483e879bf662b81cdf9c] | app.api.v1.sync_tasks | [294e21f71c57483e879bf662b81cdf9c] 新增接口: PATCH /api/importer/column-mapping/{id}/
2026-02-04 16:49:20 | INFO | [294e21f71c57483e879bf662b81cdf9c] | app.api.v1.version_snapshots | [294e21f71c57483e879bf662b81cdf9c] 自动创建版本快照成功: id=81, definition_id=82, hash=fb2d01d2a525acbd7a60d2a6315cfa5e
2026-02-04 16:49:20 | INFO | [294e21f71c57483e879bf662b81cdf9c] | app.api.v1.sync_tasks | [294e21f71c57483e879bf662b81cdf9c] 自动创建版本快照成功: snapshot_id=81
2026-02-04 16:49:20 | INFO | [294e21f71c57483e879bf662b81cdf9c] | app.api.v1.sync_tasks | [294e21f71c57483e879bf662b81cdf9c] 新增接口: DELETE /api/company/part/manufacturer/parameter/
2026-02-04 16:49:20 | INFO | [294e21f71c57483e879bf662b81cdf9c] | app.api.v1.version_snapshots | [294e21f71c57483e879bf662b81cdf9c] 自动创建版本快照成功: id=82, definition_id=83, hash=fb2d01d2a525acbd7a60d2a6315cfa5e
2026-02-04 16:49:20 | INFO | [294e21f71c57483e879bf662b81cdf9c] | app.api.v1.sync_tasks | [294e21f71c57483e879bf662b81cdf9c] 自动创建版本快照成功: snapshot_id=82
2026-02-04 16:49:20 | INFO | [294e21f71c57483e879bf662b81cdf9c] | app.api.v1.sync_tasks | [294e21f71c57483e879bf662b81cdf9c] 新增接口: POST /api/company/
2026-02-04 16:49:20 | INFO | [294e21f71c57483e879bf662b81cdf9c] | app.api.v1.version_snapshots | [294e21f71c57483e879bf662b81cdf9c] 自动创建版本快照成功: id=83, definition_id=84, hash=fb2d01d2a525acbd7a60d2a6315cfa5e
2026-02-04 16:49:20 | INFO | [294e21f71c57483e879bf662b81cdf9c] | app.api.v1.sync_tasks | [294e21f71c57483e879bf662b81cdf9c] 自动创建版本快照成功: snapshot_id=83
2026-02-04 16:49:20 | INFO | [294e21f71c57483e879bf662b81cdf9c] | app.api.v1.sync_tasks | [294e21f71c57483e879bf662b81cdf9c] 新增接口: GET /api/part/{id}/metadata/
2026-02-04 16:49:20 | INFO | [294e21f71c57483e879bf662b81cdf9c] | app.api.v1.version_snapshots | [294e21f71c57483e879bf662b81cdf9c] 自动创建版本快照成功: id=84, definition_id=85, hash=fb2d01d2a525acbd7a60d2a6315cfa5e
2026-02-04 16:49:20 | INFO | [294e21f71c57483e879bf662b81cdf9c] | app.api.v1.sync_tasks | [294e21f71c57483e879bf662b81cdf9c] 自动创建版本快照成功: snapshot_id=84
2026-02-04 16:49:20 | INFO | [294e21f71c57483e879bf662b81cdf9c] | app.api.v1.sync_tasks | [294e21f71c57483e879bf662b81cdf9c] 新增接口: DELETE /api/order/po-line/
2026-02-04 16:49:20 | INFO | [294e21f71c57483e879bf662b81cdf9c] | app.api.v1.version_snapshots | [294e21f71c57483e879bf662b81cdf9c] 自动创建版本快照成功: id=85, definition_id=86, hash=fb2d01d2a525acbd7a60d2a6315cfa5e
2026-02-04 16:49:20 | INFO | [294e21f71c57483e879bf662b81cdf9c] | app.api.v1.sync_tasks | [294e21f71c57483e879bf662b81cdf9c] 自动创建版本快照成功: snapshot_id=85
2026-02-04 16:49:20 | INFO | [294e21f71c57483e879bf662b81cdf9c] | app.api.v1.sync_tasks | [294e21f71c57483e879bf662b81cdf9c] 新增接口: GET /api/part/category/parameters/{id}/
2026-02-04 16:49:20 | INFO | [294e21f71c57483e879bf662b81cdf9c] | app.api.v1.version_snapshots | [294e21f71c57483e879bf662b81cdf9c] 自动创建版本快照成功: id=86, definition_id=87, hash=fb2d01d2a525acbd7a60d2a6315cfa5e
2026-02-04 16:49:20 | INFO | [294e21f71c57483e879bf662b81cdf9c] | app.api.v1.sync_tasks | [294e21f71c57483e879bf662b81cdf9c] 自动创建版本快照成功: snapshot_id=86
2026-02-04 16:49:20 | INFO | [294e21f71c57483e879bf662b81cdf9c] | app.api.v1.sync_tasks | [294e21f71c57483e879bf662b81cdf9c] 新增接口: POST /api/barcode/unlink/
2026-02-04 16:49:20 | INFO | [294e21f71c57483e879bf662b81cdf9c] | app.api.v1.version_snapshots | [294e21f71c57483e879bf662b81cdf9c] 自动创建版本快照成功: id=87, definition_id=88, hash=fb2d01d2a525acbd7a60d2a6315cfa5e
2026-02-04 16:49:20 | INFO | [294e21f71c57483e879bf662b81cdf9c] | app.api.v1.sync_tasks | [294e21f71c57483e879bf662b81cdf9c] 自动创建版本快照成功: snapshot_id=87
2026-02-04 16:49:20 | INFO | [294e21f71c57483e879bf662b81cdf9c] | app.api.v1.sync_tasks | [294e21f71c57483e879bf662b81cdf9c] 新增接口: DELETE /api/part/test-template/{id}/
2026-02-04 16:49:20 | INFO | [294e21f71c57483e879bf662b81cdf9c] | app.api.v1.version_snapshots | [294e21f71c57483e879bf662b81cdf9c] 自动创建版本快照成功: id=88, definition_id=89, hash=fb2d01d2a525acbd7a60d2a6315cfa5e
2026-02-04 16:49:20 | INFO | [294e21f71c57483e879bf662b81cdf9c] | app.api.v1.sync_tasks | [294e21f71c57483e879bf662b81cdf9c] 自动创建版本快照成功: snapshot_id=88
2026-02-04 16:49:20 | INFO | [294e21f71c57483e879bf662b81cdf9c] | app.api.v1.sync_tasks | [294e21f71c57483e879bf662b81cdf9c] 新增接口: DELETE /api/units/{id}/
2026-02-04 16:49:20 | INFO | [294e21f71c57483e879bf662b81cdf9c] | app.api.v1.version_snapshots | [294e21f71c57483e879bf662b81cdf9c] 自动创建版本快照成功: id=89, definition_id=90, hash=fb2d01d2a525acbd7a60d2a6315cfa5e
2026-02-04 16:49:20 | INFO | [294e21f71c57483e879bf662b81cdf9c] | app.api.v1.sync_tasks | [294e21f71c57483e879bf662b81cdf9c] 自动创建版本快照成功: snapshot_id=89
2026-02-04 16:49:20 | INFO | [294e21f71c57483e879bf662b81cdf9c] | app.api.v1.sync_tasks | [294e21f71c57483e879bf662b81cdf9c] 新增接口: GET /api/background-task/
2026-02-04 16:49:20 | INFO | [294e21f71c57483e879bf662b81cdf9c] | app.api.v1.version_snapshots | [294e21f71c57483e879bf662b81cdf9c] 自动创建版本快照成功: id=90, definition_id=91, hash=fb2d01d2a525acbd7a60d2a6315cfa5e
2026-02-04 16:49:20 | INFO | [294e21f71c57483e879bf662b81cdf9c] | app.api.v1.sync_tasks | [294e21f71c57483e879bf662b81cdf9c] 自动创建版本快照成功: snapshot_id=90
2026-02-04 16:49:20 | INFO | [294e21f71c57483e879bf662b81cdf9c] | app.api.v1.sync_tasks | [294e21f71c57483e879bf662b81cdf9c] 新增接口: PUT /api/part/stocktake/{id}/
2026-02-04 16:49:20 | INFO | [294e21f71c57483e879bf662b81cdf9c] | app.api.v1.version_snapshots | [294e21f71c57483e879bf662b81cdf9c] 自动创建版本快照成功: id=91, definition_id=92, hash=fb2d01d2a525acbd7a60d2a6315cfa5e
2026-02-04 16:49:20 | INFO | [294e21f71c57483e879bf662b81cdf9c] | app.api.v1.sync_tasks | [294e21f71c57483e879bf662b81cdf9c] 自动创建版本快照成功: snapshot_id=91
2026-02-04 16:49:20 | INFO | [294e21f71c57483e879bf662b81cdf9c] | app.api.v1.sync_tasks | [294e21f71c57483e879bf662b81cdf9c] 新增接口: GET /api/stock/status/
2026-02-04 16:49:20 | INFO | [294e21f71c57483e879bf662b81cdf9c] | app.api.v1.version_snapshots | [294e21f71c57483e879bf662b81cdf9c] 自动创建版本快照成功: id=92, definition_id=93, hash=fb2d01d2a525acbd7a60d2a6315cfa5e
2026-02-04 16:49:20 | INFO | [294e21f71c57483e879bf662b81cdf9c] | app.api.v1.sync_tasks | [294e21f71c57483e879bf662b81cdf9c] 自动创建版本快照成功: snapshot_id=92
2026-02-04 16:49:20 | INFO | [294e21f71c57483e879bf662b81cdf9c] | app.api.v1.sync_tasks | [294e21f71c57483e879bf662b81cdf9c] 新增接口: POST /api/order/so/shipment/
2026-02-04 16:49:20 | INFO | [294e21f71c57483e879bf662b81cdf9c] | app.api.v1.version_snapshots | [294e21f71c57483e879bf662b81cdf9c] 自动创建版本快照成功: id=93, definition_id=94, hash=fb2d01d2a525acbd7a60d2a6315cfa5e
2026-02-04 16:49:20 | INFO | [294e21f71c57483e879bf662b81cdf9c] | app.api.v1.sync_tasks | [294e21f71c57483e879bf662b81cdf9c] 自动创建版本快照成功: snapshot_id=93
2026-02-04 16:49:20 | INFO | [294e21f71c57483e879bf662b81cdf9c] | app.api.v1.sync_tasks | [294e21f71c57483e879bf662b81cdf9c] 新增接口: PUT /api/report/template/{id}/metadata/
2026-02-04 16:49:20 | INFO | [294e21f71c57483e879bf662b81cdf9c] | app.api.v1.version_snapshots | [294e21f71c57483e879bf662b81cdf9c] 自动创建版本快照成功: id=94, definition_id=95, hash=fb2d01d2a525acbd7a60d2a6315cfa5e
2026-02-04 16:49:20 | INFO | [294e21f71c57483e879bf662b81cdf9c] | app.api.v1.sync_tasks | [294e21f71c57483e879bf662b81cdf9c] 自动创建版本快照成功: snapshot_id=94
2026-02-04 16:49:20 | INFO | [294e21f71c57483e879bf662b81cdf9c] | app.api.v1.sync_tasks | [294e21f71c57483e879bf662b81cdf9c] 新增接口: PATCH /api/bom/{id}/
2026-02-04 16:49:20 | INFO | [294e21f71c57483e879bf662b81cdf9c] | app.api.v1.version_snapshots | [294e21f71c57483e879bf662b81cdf9c] 自动创建版本快照成功: id=95, definition_id=96, hash=fb2d01d2a525acbd7a60d2a6315cfa5e
2026-02-04 16:49:20 | INFO | [294e21f71c57483e879bf662b81cdf9c] | app.api.v1.sync_tasks | [294e21f71c57483e879bf662b81cdf9c] 自动创建版本快照成功: snapshot_id=95
2026-02-04 16:49:20 | INFO | [294e21f71c57483e879bf662b81cdf9c] | app.api.v1.sync_tasks | [294e21f71c57483e879bf662b81cdf9c] 新增接口: DELETE /api/stock/test/{id}/
2026-02-04 16:49:20 | INFO | [294e21f71c57483e879bf662b81cdf9c] | app.api.v1.version_snapshots | [294e21f71c57483e879bf662b81cdf9c] 自动创建版本快照成功: id=96, definition_id=97, hash=fb2d01d2a525acbd7a60d2a6315cfa5e
2026-02-04 16:49:20 | INFO | [294e21f71c57483e879bf662b81cdf9c] | app.api.v1.sync_tasks | [294e21f71c57483e879bf662b81cdf9c] 自动创建版本快照成功: snapshot_id=96
2026-02-04 16:49:20 | INFO | [294e21f71c57483e879bf662b81cdf9c] | app.api.v1.sync_tasks | [294e21f71c57483e879bf662b81cdf9c] 新增接口: GET /api/stock/{id}/
2026-02-04 16:49:20 | INFO | [294e21f71c57483e879bf662b81cdf9c] | app.api.v1.version_snapshots | [294e21f71c57483e879bf662b81cdf9c] 自动创建版本快照成功: id=97, definition_id=98, hash=fb2d01d2a525acbd7a60d2a6315cfa5e
2026-02-04 16:49:20 | INFO | [294e21f71c57483e879bf662b81cdf9c] | app.api.v1.sync_tasks | [294e21f71c57483e879bf662b81cdf9c] 自动创建版本快照成功: snapshot_id=97
2026-02-04 16:49:20 | INFO | [294e21f71c57483e879bf662b81cdf9c] | app.api.v1.sync_tasks | [294e21f71c57483e879bf662b81cdf9c] 新增接口: GET /api/notes-image-upload/
2026-02-04 16:49:20 | INFO | [294e21f71c57483e879bf662b81cdf9c] | app.api.v1.version_snapshots | [294e21f71c57483e879bf662b81cdf9c] 自动创建版本快照成功: id=98, definition_id=99, hash=fb2d01d2a525acbd7a60d2a6315cfa5e
2026-02-04 16:49:20 | INFO | [294e21f71c57483e879bf662b81cdf9c] | app.api.v1.sync_tasks | [294e21f71c57483e879bf662b81cdf9c] 自动创建版本快照成功: snapshot_id=98
2026-02-04 16:49:20 | INFO | [294e21f71c57483e879bf662b81cdf9c] | app.api.v1.sync_tasks | [294e21f71c57483e879bf662b81cdf9c] 新增接口: POST /api/barcode/po-allocate/
2026-02-04 16:49:20 | INFO | [294e21f71c57483e879bf662b81cdf9c] | app.api.v1.version_snapshots | [294e21f71c57483e879bf662b81cdf9c] 自动创建版本快照成功: id=99, definition_id=100, hash=fb2d01d2a525acbd7a60d2a6315cfa5e
2026-02-04 16:49:20 | INFO | [294e21f71c57483e879bf662b81cdf9c] | app.api.v1.sync_tasks | [294e21f71c57483e879bf662b81cdf9c] 自动创建版本快照成功: snapshot_id=99
2026-02-04 16:49:20 | INFO | [294e21f71c57483e879bf662b81cdf9c] | app.api.v1.sync_tasks | [294e21f71c57483e879bf662b81cdf9c] 新增接口: PATCH /api/order/po-extra-line/{id}/metadata/
2026-02-04 16:49:20 | INFO | [294e21f71c57483e879bf662b81cdf9c] | app.api.v1.version_snapshots | [294e21f71c57483e879bf662b81cdf9c] 自动创建版本快照成功: id=100, definition_id=101, hash=fb2d01d2a525acbd7a60d2a6315cfa5e
2026-02-04 16:49:20 | INFO | [294e21f71c57483e879bf662b81cdf9c] | app.api.v1.sync_tasks | [294e21f71c57483e879bf662b81cdf9c] 自动创建版本快照成功: snapshot_id=100
2026-02-04 16:49:20 | INFO | [294e21f71c57483e879bf662b81cdf9c] | app.api.v1.sync_tasks | [294e21f71c57483e879bf662b81cdf9c] 新增接口: GET /api/part/test-template/
2026-02-04 16:49:20 | INFO | [294e21f71c57483e879bf662b81cdf9c] | app.api.v1.version_snapshots | [294e21f71c57483e879bf662b81cdf9c] 自动创建版本快照成功: id=101, definition_id=102, hash=fb2d01d2a525acbd7a60d2a6315cfa5e
2026-02-04 16:49:20 | INFO | [294e21f71c57483e879bf662b81cdf9c] | app.api.v1.sync_tasks | [294e21f71c57483e879bf662b81cdf9c] 自动创建版本快照成功: snapshot_id=101
2026-02-04 16:49:20 | INFO | [294e21f71c57483e879bf662b81cdf9c] | app.api.v1.sync_tasks | [294e21f71c57483e879bf662b81cdf9c] 新增接口: PATCH /api/error-report/{id}/
2026-02-04 16:49:20 | INFO | [294e21f71c57483e879bf662b81cdf9c] | app.api.v1.version_snapshots | [294e21f71c57483e879bf662b81cdf9c] 自动创建版本快照成功: id=102, definition_id=103, hash=fb2d01d2a525acbd7a60d2a6315cfa5e
2026-02-04 16:49:20 | INFO | [294e21f71c57483e879bf662b81cdf9c] | app.api.v1.sync_tasks | [294e21f71c57483e879bf662b81cdf9c] 自动创建版本快照成功: snapshot_id=102
2026-02-04 16:49:20 | INFO | [294e21f71c57483e879bf662b81cdf9c] | app.api.v1.sync_tasks | [294e21f71c57483e879bf662b81cdf9c] 新增接口: PUT /api/order/ro-line/{id}/metadata/
2026-02-04 16:49:20 | INFO | [294e21f71c57483e879bf662b81cdf9c] | app.api.v1.version_snapshots | [294e21f71c57483e879bf662b81cdf9c] 自动创建版本快照成功: id=103, definition_id=104, hash=fb2d01d2a525acbd7a60d2a6315cfa5e
2026-02-04 16:49:20 | INFO | [294e21f71c57483e879bf662b81cdf9c] | app.api.v1.sync_tasks | [294e21f71c57483e879bf662b81cdf9c] 自动创建版本快照成功: snapshot_id=103
2026-02-04 16:49:20 | INFO | [294e21f71c57483e879bf662b81cdf9c] | app.api.v1.sync_tasks | [294e21f71c57483e879bf662b81cdf9c] 新增接口: PUT /api/attachment/{id}/metadata/
2026-02-04 16:49:20 | INFO | [294e21f71c57483e879bf662b81cdf9c] | app.api.v1.version_snapshots | [294e21f71c57483e879bf662b81cdf9c] 自动创建版本快照成功: id=104, definition_id=105, hash=fb2d01d2a525acbd7a60d2a6315cfa5e
2026-02-04 16:49:20 | INFO | [294e21f71c57483e879bf662b81cdf9c] | app.api.v1.sync_tasks | [294e21f71c57483e879bf662b81cdf9c] 自动创建版本快照成功: snapshot_id=104
2026-02-04 16:49:20 | INFO | [294e21f71c57483e879bf662b81cdf9c] | app.api.v1.sync_tasks | [294e21f71c57483e879bf662b81cdf9c] 新增接口: PATCH /api/stock/{id}/metadata/
2026-02-04 16:49:20 | INFO | [294e21f71c57483e879bf662b81cdf9c] | app.api.v1.version_snapshots | [294e21f71c57483e879bf662b81cdf9c] 自动创建版本快照成功: id=105, definition_id=106, hash=fb2d01d2a525acbd7a60d2a6315cfa5e
2026-02-04 16:49:20 | INFO | [294e21f71c57483e879bf662b81cdf9c] | app.api.v1.sync_tasks | [294e21f71c57483e879bf662b81cdf9c] 自动创建版本快照成功: snapshot_id=105
2026-02-04 16:49:20 | INFO | [294e21f71c57483e879bf662b81cdf9c] | app.api.v1.sync_tasks | [294e21f71c57483e879bf662b81cdf9c] 新增接口: GET /api/order/ro/
2026-02-04 16:49:20 | INFO | [294e21f71c57483e879bf662b81cdf9c] | app.api.v1.version_snapshots | [294e21f71c57483e879bf662b81cdf9c] 自动创建版本快照成功: id=106, definition_id=107, hash=fb2d01d2a525acbd7a60d2a6315cfa5e
2026-02-04 16:49:20 | INFO | [294e21f71c57483e879bf662b81cdf9c] | app.api.v1.sync_tasks | [294e21f71c57483e879bf662b81cdf9c] 自动创建版本快照成功: snapshot_id=106
2026-02-04 16:49:20 | INFO | [294e21f71c57483e879bf662b81cdf9c] | app.api.v1.sync_tasks | [294e21f71c57483e879bf662b81cdf9c] 新增接口: GET /api/plugins/{plugin}/metadata/
2026-02-04 16:49:20 | INFO | [294e21f71c57483e879bf662b81cdf9c] | app.api.v1.version_snapshots | [294e21f71c57483e879bf662b81cdf9c] 自动创建版本快照成功: id=107, definition_id=108, hash=fb2d01d2a525acbd7a60d2a6315cfa5e
2026-02-04 16:49:20 | INFO | [294e21f71c57483e879bf662b81cdf9c] | app.api.v1.sync_tasks | [294e21f71c57483e879bf662b81cdf9c] 自动创建版本快照成功: snapshot_id=107
2026-02-04 16:49:20 | INFO | [294e21f71c57483e879bf662b81cdf9c] | app.api.v1.sync_tasks | [294e21f71c57483e879bf662b81cdf9c] 新增接口: PUT /api/company/part/manufacturer/{id}/
2026-02-04 16:49:20 | INFO | [294e21f71c57483e879bf662b81cdf9c] | app.api.v1.version_snapshots | [294e21f71c57483e879bf662b81cdf9c] 自动创建版本快照成功: id=108, definition_id=109, hash=fb2d01d2a525acbd7a60d2a6315cfa5e
2026-02-04 16:49:20 | INFO | [294e21f71c57483e879bf662b81cdf9c] | app.api.v1.sync_tasks | [294e21f71c57483e879bf662b81cdf9c] 自动创建版本快照成功: snapshot_id=108
2026-02-04 16:49:20 | INFO | [294e21f71c57483e879bf662b81cdf9c] | app.api.v1.sync_tasks | [294e21f71c57483e879bf662b81cdf9c] 新增接口: PATCH /api/build/{id}/metadata/
2026-02-04 16:49:20 | INFO | [294e21f71c57483e879bf662b81cdf9c] | app.api.v1.version_snapshots | [294e21f71c57483e879bf662b81cdf9c] 自动创建版本快照成功: id=109, definition_id=110, hash=fb2d01d2a525acbd7a60d2a6315cfa5e
2026-02-04 16:49:20 | INFO | [294e21f71c57483e879bf662b81cdf9c] | app.api.v1.sync_tasks | [294e21f71c57483e879bf662b81cdf9c] 自动创建版本快照成功: snapshot_id=109
2026-02-04 16:49:20 | INFO | [294e21f71c57483e879bf662b81cdf9c] | app.api.v1.sync_tasks | [294e21f71c57483e879bf662b81cdf9c] 新增接口: GET /api/
2026-02-04 16:49:20 | INFO | [294e21f71c57483e879bf662b81cdf9c] | app.api.v1.version_snapshots | [294e21f71c57483e879bf662b81cdf9c] 自动创建版本快照成功: id=110, definition_id=111, hash=fb2d01d2a525acbd7a60d2a6315cfa5e
2026-02-04 16:49:20 | INFO | [294e21f71c57483e879bf662b81cdf9c] | app.api.v1.sync_tasks | [294e21f71c57483e879bf662b81cdf9c] 自动创建版本快照成功: snapshot_id=110
2026-02-04 16:49:20 | INFO | [294e21f71c57483e879bf662b81cdf9c] | app.api.v1.sync_tasks | [294e21f71c57483e879bf662b81cdf9c] 新增接口: GET /api/project-code/{id}/metadata/
2026-02-04 16:49:20 | INFO | [294e21f71c57483e879bf662b81cdf9c] | app.api.v1.version_snapshots | [294e21f71c57483e879bf662b81cdf9c] 自动创建版本快照成功: id=111, definition_id=112, hash=fb2d01d2a525acbd7a60d2a6315cfa5e
2026-02-04 16:49:20 | INFO | [294e21f71c57483e879bf662b81cdf9c] | app.api.v1.sync_tasks | [294e21f71c57483e879bf662b81cdf9c] 自动创建版本快照成功: snapshot_id=111
2026-02-04 16:49:20 | INFO | [294e21f71c57483e879bf662b81cdf9c] | app.api.v1.sync_tasks | [294e21f71c57483e879bf662b81cdf9c] 新增接口: PATCH /api/part/parameter/{id}/metadata/
2026-02-04 16:49:20 | INFO | [294e21f71c57483e879bf662b81cdf9c] | app.api.v1.version_snapshots | [294e21f71c57483e879bf662b81cdf9c] 自动创建版本快照成功: id=112, definition_id=113, hash=fb2d01d2a525acbd7a60d2a6315cfa5e
2026-02-04 16:49:20 | INFO | [294e21f71c57483e879bf662b81cdf9c] | app.api.v1.sync_tasks | [294e21f71c57483e879bf662b81cdf9c] 自动创建版本快照成功: snapshot_id=112
2026-02-04 16:49:20 | INFO | [294e21f71c57483e879bf662b81cdf9c] | app.api.v1.sync_tasks | [294e21f71c57483e879bf662b81cdf9c] 新增接口: POST /api/stock/location/
2026-02-04 16:49:20 | INFO | [294e21f71c57483e879bf662b81cdf9c] | app.api.v1.version_snapshots | [294e21f71c57483e879bf662b81cdf9c] 自动创建版本快照成功: id=113, definition_id=114, hash=fb2d01d2a525acbd7a60d2a6315cfa5e
2026-02-04 16:49:20 | INFO | [294e21f71c57483e879bf662b81cdf9c] | app.api.v1.sync_tasks | [294e21f71c57483e879bf662b81cdf9c] 自动创建版本快照成功: snapshot_id=113
2026-02-04 16:49:20 | INFO | [294e21f71c57483e879bf662b81cdf9c] | app.api.v1.sync_tasks | [294e21f71c57483e879bf662b81cdf9c] 新增接口: GET /api/order/so-line/
2026-02-04 16:49:20 | INFO | [294e21f71c57483e879bf662b81cdf9c] | app.api.v1.version_snapshots | [294e21f71c57483e879bf662b81cdf9c] 自动创建版本快照成功: id=114, definition_id=115, hash=fb2d01d2a525acbd7a60d2a6315cfa5e
2026-02-04 16:49:20 | INFO | [294e21f71c57483e879bf662b81cdf9c] | app.api.v1.sync_tasks | [294e21f71c57483e879bf662b81cdf9c] 自动创建版本快照成功: snapshot_id=114
2026-02-04 16:49:20 | INFO | [294e21f71c57483e879bf662b81cdf9c] | app.api.v1.sync_tasks | [294e21f71c57483e879bf662b81cdf9c] 新增接口: PUT /api/report/asset/{id}/
2026-02-04 16:49:20 | INFO | [294e21f71c57483e879bf662b81cdf9c] | app.api.v1.version_snapshots | [294e21f71c57483e879bf662b81cdf9c] 自动创建版本快照成功: id=115, definition_id=116, hash=fb2d01d2a525acbd7a60d2a6315cfa5e
2026-02-04 16:49:20 | INFO | [294e21f71c57483e879bf662b81cdf9c] | app.api.v1.sync_tasks | [294e21f71c57483e879bf662b81cdf9c] 自动创建版本快照成功: snapshot_id=115
2026-02-04 16:49:20 | INFO | [294e21f71c57483e879bf662b81cdf9c] | app.api.v1.sync_tasks | [294e21f71c57483e879bf662b81cdf9c] 新增接口: GET /api/contenttype/{id}/
2026-02-04 16:49:20 | INFO | [294e21f71c57483e879bf662b81cdf9c] | app.api.v1.version_snapshots | [294e21f71c57483e879bf662b81cdf9c] 自动创建版本快照成功: id=116, definition_id=117, hash=fb2d01d2a525acbd7a60d2a6315cfa5e
2026-02-04 16:49:20 | INFO | [294e21f71c57483e879bf662b81cdf9c] | app.api.v1.sync_tasks | [294e21f71c57483e879bf662b81cdf9c] 自动创建版本快照成功: snapshot_id=116
2026-02-04 16:49:20 | INFO | [294e21f71c57483e879bf662b81cdf9c] | app.api.v1.sync_tasks | [294e21f71c57483e879bf662b81cdf9c] 新增接口: DELETE /api/bom/{id}/
2026-02-04 16:49:20 | INFO | [294e21f71c57483e879bf662b81cdf9c] | app.api.v1.version_snapshots | [294e21f71c57483e879bf662b81cdf9c] 自动创建版本快照成功: id=117, definition_id=118, hash=fb2d01d2a525acbd7a60d2a6315cfa5e
2026-02-04 16:49:20 | INFO | [294e21f71c57483e879bf662b81cdf9c] | app.api.v1.sync_tasks | [294e21f71c57483e879bf662b81cdf9c] 自动创建版本快照成功: snapshot_id=117
2026-02-04 16:49:20 | INFO | [294e21f71c57483e879bf662b81cdf9c] | app.api.v1.sync_tasks | [294e21f71c57483e879bf662b81cdf9c] 新增接口: PATCH /api/stock/location-type/{id}/metadata/
2026-02-04 16:49:20 | INFO | [294e21f71c57483e879bf662b81cdf9c] | app.api.v1.version_snapshots | [294e21f71c57483e879bf662b81cdf9c] 自动创建版本快照成功: id=118, definition_id=119, hash=fb2d01d2a525acbd7a60d2a6315cfa5e
2026-02-04 16:49:20 | INFO | [294e21f71c57483e879bf662b81cdf9c] | app.api.v1.sync_tasks | [294e21f71c57483e879bf662b81cdf9c] 自动创建版本快照成功: snapshot_id=118
2026-02-04 16:49:20 | INFO | [294e21f71c57483e879bf662b81cdf9c] | app.api.v1.sync_tasks | [294e21f71c57483e879bf662b81cdf9c] 新增接口: GET /api/company/contact/{id}/
2026-02-04 16:49:20 | INFO | [294e21f71c57483e879bf662b81cdf9c] | app.api.v1.version_snapshots | [294e21f71c57483e879bf662b81cdf9c] 自动创建版本快照成功: id=119, definition_id=120, hash=fb2d01d2a525acbd7a60d2a6315cfa5e
2026-02-04 16:49:20 | INFO | [294e21f71c57483e879bf662b81cdf9c] | app.api.v1.sync_tasks | [294e21f71c57483e879bf662b81cdf9c] 自动创建版本快照成功: snapshot_id=119
2026-02-04 16:49:20 | INFO | [294e21f71c57483e879bf662b81cdf9c] | app.api.v1.sync_tasks | [294e21f71c57483e879bf662b81cdf9c] 新增接口: PUT /api/stock/test/{id}/metadata/
2026-02-04 16:49:20 | INFO | [294e21f71c57483e879bf662b81cdf9c] | app.api.v1.version_snapshots | [294e21f71c57483e879bf662b81cdf9c] 自动创建版本快照成功: id=120, definition_id=121, hash=fb2d01d2a525acbd7a60d2a6315cfa5e
2026-02-04 16:49:20 | INFO | [294e21f71c57483e879bf662b81cdf9c] | app.api.v1.sync_tasks | [294e21f71c57483e879bf662b81cdf9c] 自动创建版本快照成功: snapshot_id=120
2026-02-04 16:49:20 | INFO | [294e21f71c57483e879bf662b81cdf9c] | app.api.v1.sync_tasks | [294e21f71c57483e879bf662b81cdf9c] 新增接口: PUT /api/importer/session/{id}/
2026-02-04 16:49:20 | INFO | [294e21f71c57483e879bf662b81cdf9c] | app.api.v1.version_snapshots | [294e21f71c57483e879bf662b81cdf9c] 自动创建版本快照成功: id=121, definition_id=122, hash=fb2d01d2a525acbd7a60d2a6315cfa5e
2026-02-04 16:49:20 | INFO | [294e21f71c57483e879bf662b81cdf9c] | app.api.v1.sync_tasks | [294e21f71c57483e879bf662b81cdf9c] 自动创建版本快照成功: snapshot_id=121
2026-02-04 16:49:20 | INFO | [294e21f71c57483e879bf662b81cdf9c] | app.api.v1.sync_tasks | [294e21f71c57483e879bf662b81cdf9c] 新增接口: DELETE /api/error-report/{id}/
2026-02-04 16:49:20 | INFO | [294e21f71c57483e879bf662b81cdf9c] | app.api.v1.version_snapshots | [294e21f71c57483e879bf662b81cdf9c] 自动创建版本快照成功: id=122, definition_id=123, hash=fb2d01d2a525acbd7a60d2a6315cfa5e
2026-02-04 16:49:20 | INFO | [294e21f71c57483e879bf662b81cdf9c] | app.api.v1.sync_tasks | [294e21f71c57483e879bf662b81cdf9c] 自动创建版本快照成功: snapshot_id=122
2026-02-04 16:49:20 | INFO | [294e21f71c57483e879bf662b81cdf9c] | app.api.v1.sync_tasks | [294e21f71c57483e879bf662b81cdf9c] 新增接口: DELETE /api/stock/test/
2026-02-04 16:49:20 | INFO | [294e21f71c57483e879bf662b81cdf9c] | app.api.v1.version_snapshots | [294e21f71c57483e879bf662b81cdf9c] 自动创建版本快照成功: id=123, definition_id=124, hash=fb2d01d2a525acbd7a60d2a6315cfa5e
2026-02-04 16:49:20 | INFO | [294e21f71c57483e879bf662b81cdf9c] | app.api.v1.sync_tasks | [294e21f71c57483e879bf662b81cdf9c] 自动创建版本快照成功: snapshot_id=123
2026-02-04 16:49:20 | INFO | [294e21f71c57483e879bf662b81cdf9c] | app.api.v1.sync_tasks | [294e21f71c57483e879bf662b81cdf9c] 新增接口: GET /api/generic/status/custom/{id}/
2026-02-04 16:49:20 | INFO | [294e21f71c57483e879bf662b81cdf9c] | app.api.v1.version_snapshots | [294e21f71c57483e879bf662b81cdf9c] 自动创建版本快照成功: id=124, definition_id=125, hash=fb2d01d2a525acbd7a60d2a6315cfa5e
2026-02-04 16:49:20 | INFO | [294e21f71c57483e879bf662b81cdf9c] | app.api.v1.sync_tasks | [294e21f71c57483e879bf662b81cdf9c] 自动创建版本快照成功: snapshot_id=124
2026-02-04 16:49:20 | INFO | [294e21f71c57483e879bf662b81cdf9c] | app.api.v1.sync_tasks | [294e21f71c57483e879bf662b81cdf9c] 新增接口: POST /api/user/
2026-02-04 16:49:20 | INFO | [294e21f71c57483e879bf662b81cdf9c] | app.api.v1.version_snapshots | [294e21f71c57483e879bf662b81cdf9c] 自动创建版本快照成功: id=125, definition_id=126, hash=fb2d01d2a525acbd7a60d2a6315cfa5e
2026-02-04 16:49:20 | INFO | [294e21f71c57483e879bf662b81cdf9c] | app.api.v1.sync_tasks | [294e21f71c57483e879bf662b81cdf9c] 自动创建版本快照成功: snapshot_id=125
2026-02-04 16:49:20 | INFO | [294e21f71c57483e879bf662b81cdf9c] | app.api.v1.sync_tasks | [294e21f71c57483e879bf662b81cdf9c] 新增接口: PATCH /api/bom/substitute/{id}/
2026-02-04 16:49:20 | INFO | [294e21f71c57483e879bf662b81cdf9c] | app.api.v1.version_snapshots | [294e21f71c57483e879bf662b81cdf9c] 自动创建版本快照成功: id=126, definition_id=127, hash=fb2d01d2a525acbd7a60d2a6315cfa5e
2026-02-04 16:49:20 | INFO | [294e21f71c57483e879bf662b81cdf9c] | app.api.v1.sync_tasks | [294e21f71c57483e879bf662b81cdf9c] 自动创建版本快照成功: snapshot_id=126
2026-02-04 16:49:20 | INFO | [294e21f71c57483e879bf662b81cdf9c] | app.api.v1.sync_tasks | [294e21f71c57483e879bf662b81cdf9c] 新增接口: GET /api/order/ro/{id}/metadata/
2026-02-04 16:49:20 | INFO | [294e21f71c57483e879bf662b81cdf9c] | app.api.v1.version_snapshots | [294e21f71c57483e879bf662b81cdf9c] 自动创建版本快照成功: id=127, definition_id=128, hash=fb2d01d2a525acbd7a60d2a6315cfa5e
2026-02-04 16:49:20 | INFO | [294e21f71c57483e879bf662b81cdf9c] | app.api.v1.sync_tasks | [294e21f71c57483e879bf662b81cdf9c] 自动创建版本快照成功: snapshot_id=127
2026-02-04 16:49:21 | INFO | [294e21f71c57483e879bf662b81cdf9c] | app.api.v1.sync_tasks | [294e21f71c57483e879bf662b81cdf9c] 新增接口: GET /api/part/internal-price/
2026-02-04 16:49:21 | INFO | [294e21f71c57483e879bf662b81cdf9c] | app.api.v1.version_snapshots | [294e21f71c57483e879bf662b81cdf9c] 自动创建版本快照成功: id=128, definition_id=129, hash=fb2d01d2a525acbd7a60d2a6315cfa5e
2026-02-04 16:49:21 | INFO | [294e21f71c57483e879bf662b81cdf9c] | app.api.v1.sync_tasks | [294e21f71c57483e879bf662b81cdf9c] 自动创建版本快照成功: snapshot_id=128
2026-02-04 16:49:21 | INFO | [294e21f71c57483e879bf662b81cdf9c] | app.api.v1.sync_tasks | [294e21f71c57483e879bf662b81cdf9c] 新增接口: GET /api/label/template/{id}/metadata/
2026-02-04 16:49:21 | INFO | [294e21f71c57483e879bf662b81cdf9c] | app.api.v1.version_snapshots | [294e21f71c57483e879bf662b81cdf9c] 自动创建版本快照成功: id=129, definition_id=130, hash=fb2d01d2a525acbd7a60d2a6315cfa5e
2026-02-04 16:49:21 | INFO | [294e21f71c57483e879bf662b81cdf9c] | app.api.v1.sync_tasks | [294e21f71c57483e879bf662b81cdf9c] 自动创建版本快照成功: snapshot_id=129
2026-02-04 16:49:21 | INFO | [294e21f71c57483e879bf662b81cdf9c] | app.api.v1.sync_tasks | [294e21f71c57483e879bf662b81cdf9c] 新增接口: GET /api/units/{id}/
2026-02-04 16:49:21 | INFO | [294e21f71c57483e879bf662b81cdf9c] | app.api.v1.version_snapshots | [294e21f71c57483e879bf662b81cdf9c] 自动创建版本快照成功: id=130, definition_id=131, hash=fb2d01d2a525acbd7a60d2a6315cfa5e
2026-02-04 16:49:21 | INFO | [294e21f71c57483e879bf662b81cdf9c] | app.api.v1.sync_tasks | [294e21f71c57483e879bf662b81cdf9c] 自动创建版本快照成功: snapshot_id=130
2026-02-04 16:49:21 | INFO | [294e21f71c57483e879bf662b81cdf9c] | app.api.v1.sync_tasks | [294e21f71c57483e879bf662b81cdf9c] 新增接口: GET /api/user/tokens/
2026-02-04 16:49:21 | INFO | [294e21f71c57483e879bf662b81cdf9c] | app.api.v1.version_snapshots | [294e21f71c57483e879bf662b81cdf9c] 自动创建版本快照成功: id=131, definition_id=132, hash=fb2d01d2a525acbd7a60d2a6315cfa5e
2026-02-04 16:49:21 | INFO | [294e21f71c57483e879bf662b81cdf9c] | app.api.v1.sync_tasks | [294e21f71c57483e879bf662b81cdf9c] 自动创建版本快照成功: snapshot_id=131
2026-02-04 16:49:21 | INFO | [294e21f71c57483e879bf662b81cdf9c] | app.api.v1.sync_tasks | [294e21f71c57483e879bf662b81cdf9c] 新增接口: PUT /api/part/category/{id}/metadata/
2026-02-04 16:49:21 | INFO | [294e21f71c57483e879bf662b81cdf9c] | app.api.v1.version_snapshots | [294e21f71c57483e879bf662b81cdf9c] 自动创建版本快照成功: id=132, definition_id=133, hash=fb2d01d2a525acbd7a60d2a6315cfa5e
2026-02-04 16:49:21 | INFO | [294e21f71c57483e879bf662b81cdf9c] | app.api.v1.sync_tasks | [294e21f71c57483e879bf662b81cdf9c] 自动创建版本快照成功: snapshot_id=132
2026-02-04 16:49:21 | INFO | [294e21f71c57483e879bf662b81cdf9c] | app.api.v1.sync_tasks | [294e21f71c57483e879bf662b81cdf9c] 新增接口: POST /api/barcode/so-allocate/
2026-02-04 16:49:21 | INFO | [294e21f71c57483e879bf662b81cdf9c] | app.api.v1.version_snapshots | [294e21f71c57483e879bf662b81cdf9c] 自动创建版本快照成功: id=133, definition_id=134, hash=fb2d01d2a525acbd7a60d2a6315cfa5e
2026-02-04 16:49:21 | INFO | [294e21f71c57483e879bf662b81cdf9c] | app.api.v1.sync_tasks | [294e21f71c57483e879bf662b81cdf9c] 自动创建版本快照成功: snapshot_id=133
2026-02-04 16:49:21 | INFO | [294e21f71c57483e879bf662b81cdf9c] | app.api.v1.sync_tasks | [294e21f71c57483e879bf662b81cdf9c] 新增接口: PATCH /api/order/so-extra-line/{id}/metadata/
2026-02-04 16:49:21 | INFO | [294e21f71c57483e879bf662b81cdf9c] | app.api.v1.version_snapshots | [294e21f71c57483e879bf662b81cdf9c] 自动创建版本快照成功: id=134, definition_id=135, hash=fb2d01d2a525acbd7a60d2a6315cfa5e
2026-02-04 16:49:21 | INFO | [294e21f71c57483e879bf662b81cdf9c] | app.api.v1.sync_tasks | [294e21f71c57483e879bf662b81cdf9c] 自动创建版本快照成功: snapshot_id=134
2026-02-04 16:49:21 | INFO | [294e21f71c57483e879bf662b81cdf9c] | app.api.v1.sync_tasks | [294e21f71c57483e879bf662b81cdf9c] 新增接口: POST /api/order/po/{id}/issue/
2026-02-04 16:49:21 | INFO | [294e21f71c57483e879bf662b81cdf9c] | app.api.v1.version_snapshots | [294e21f71c57483e879bf662b81cdf9c] 自动创建版本快照成功: id=135, definition_id=136, hash=fb2d01d2a525acbd7a60d2a6315cfa5e
2026-02-04 16:49:21 | INFO | [294e21f71c57483e879bf662b81cdf9c] | app.api.v1.sync_tasks | [294e21f71c57483e879bf662b81cdf9c] 自动创建版本快照成功: snapshot_id=135
2026-02-04 16:49:21 | INFO | [294e21f71c57483e879bf662b81cdf9c] | app.api.v1.sync_tasks | [294e21f71c57483e879bf662b81cdf9c] 新增接口: POST /api/order/so/{id}/allocate-serials/
2026-02-04 16:49:21 | INFO | [294e21f71c57483e879bf662b81cdf9c] | app.api.v1.version_snapshots | [294e21f71c57483e879bf662b81cdf9c] 自动创建版本快照成功: id=136, definition_id=137, hash=fb2d01d2a525acbd7a60d2a6315cfa5e
2026-02-04 16:49:21 | INFO | [294e21f71c57483e879bf662b81cdf9c] | app.api.v1.sync_tasks | [294e21f71c57483e879bf662b81cdf9c] 自动创建版本快照成功: snapshot_id=136
2026-02-04 16:49:21 | INFO | [294e21f71c57483e879bf662b81cdf9c] | app.api.v1.sync_tasks | [294e21f71c57483e879bf662b81cdf9c] 新增接口: PATCH /api/part/parameter/{id}/
2026-02-04 16:49:21 | INFO | [294e21f71c57483e879bf662b81cdf9c] | app.api.v1.version_snapshots | [294e21f71c57483e879bf662b81cdf9c] 自动创建版本快照成功: id=137, definition_id=138, hash=fb2d01d2a525acbd7a60d2a6315cfa5e
2026-02-04 16:49:21 | INFO | [294e21f71c57483e879bf662b81cdf9c] | app.api.v1.sync_tasks | [294e21f71c57483e879bf662b81cdf9c] 自动创建版本快照成功: snapshot_id=137
2026-02-04 16:49:21 | INFO | [294e21f71c57483e879bf662b81cdf9c] | app.api.v1.sync_tasks | [294e21f71c57483e879bf662b81cdf9c] 新增接口: POST /api/company/contact/
2026-02-04 16:49:21 | INFO | [294e21f71c57483e879bf662b81cdf9c] | app.api.v1.version_snapshots | [294e21f71c57483e879bf662b81cdf9c] 自动创建版本快照成功: id=138, definition_id=139, hash=fb2d01d2a525acbd7a60d2a6315cfa5e
2026-02-04 16:49:21 | INFO | [294e21f71c57483e879bf662b81cdf9c] | app.api.v1.sync_tasks | [294e21f71c57483e879bf662b81cdf9c] 自动创建版本快照成功: snapshot_id=138
2026-02-04 16:49:21 | INFO | [294e21f71c57483e879bf662b81cdf9c] | app.api.v1.sync_tasks | [294e21f71c57483e879bf662b81cdf9c] 新增接口: PUT /api/build/item/{id}/
2026-02-04 16:49:21 | INFO | [294e21f71c57483e879bf662b81cdf9c] | app.api.v1.version_snapshots | [294e21f71c57483e879bf662b81cdf9c] 自动创建版本快照成功: id=139, definition_id=140, hash=fb2d01d2a525acbd7a60d2a6315cfa5e
2026-02-04 16:49:21 | INFO | [294e21f71c57483e879bf662b81cdf9c] | app.api.v1.sync_tasks | [294e21f71c57483e879bf662b81cdf9c] 自动创建版本快照成功: snapshot_id=139
2026-02-04 16:49:21 | INFO | [294e21f71c57483e879bf662b81cdf9c] | app.api.v1.sync_tasks | [294e21f71c57483e879bf662b81cdf9c] 新增接口: GET /api/order/ro-extra-line/{id}/metadata/
2026-02-04 16:49:21 | INFO | [294e21f71c57483e879bf662b81cdf9c] | app.api.v1.version_snapshots | [294e21f71c57483e879bf662b81cdf9c] 自动创建版本快照成功: id=140, definition_id=141, hash=fb2d01d2a525acbd7a60d2a6315cfa5e
2026-02-04 16:49:21 | INFO | [294e21f71c57483e879bf662b81cdf9c] | app.api.v1.sync_tasks | [294e21f71c57483e879bf662b81cdf9c] 自动创建版本快照成功: snapshot_id=140
2026-02-04 16:49:21 | INFO | [294e21f71c57483e879bf662b81cdf9c] | app.api.v1.sync_tasks | [294e21f71c57483e879bf662b81cdf9c] 新增接口: PATCH /api/part/stocktake/{id}/
2026-02-04 16:49:21 | INFO | [294e21f71c57483e879bf662b81cdf9c] | app.api.v1.version_snapshots | [294e21f71c57483e879bf662b81cdf9c] 自动创建版本快照成功: id=141, definition_id=142, hash=fb2d01d2a525acbd7a60d2a6315cfa5e
2026-02-04 16:49:21 | INFO | [294e21f71c57483e879bf662b81cdf9c] | app.api.v1.sync_tasks | [294e21f71c57483e879bf662b81cdf9c] 自动创建版本快照成功: snapshot_id=141
2026-02-04 16:49:21 | INFO | [294e21f71c57483e879bf662b81cdf9c] | app.api.v1.sync_tasks | [294e21f71c57483e879bf662b81cdf9c] 新增接口: PATCH /api/report/template/{id}/metadata/
2026-02-04 16:49:21 | INFO | [294e21f71c57483e879bf662b81cdf9c] | app.api.v1.version_snapshots | [294e21f71c57483e879bf662b81cdf9c] 自动创建版本快照成功: id=142, definition_id=143, hash=fb2d01d2a525acbd7a60d2a6315cfa5e
2026-02-04 16:49:21 | INFO | [294e21f71c57483e879bf662b81cdf9c] | app.api.v1.sync_tasks | [294e21f71c57483e879bf662b81cdf9c] 自动创建版本快照成功: snapshot_id=142
2026-02-04 16:49:21 | INFO | [294e21f71c57483e879bf662b81cdf9c] | app.api.v1.sync_tasks | [294e21f71c57483e879bf662b81cdf9c] 新增接口: GET /api/stock/track/{id}/
2026-02-04 16:49:21 | INFO | [294e21f71c57483e879bf662b81cdf9c] | app.api.v1.version_snapshots | [294e21f71c57483e879bf662b81cdf9c] 自动创建版本快照成功: id=143, definition_id=144, hash=fb2d01d2a525acbd7a60d2a6315cfa5e
2026-02-04 16:49:21 | INFO | [294e21f71c57483e879bf662b81cdf9c] | app.api.v1.sync_tasks | [294e21f71c57483e879bf662b81cdf9c] 自动创建版本快照成功: snapshot_id=143
2026-02-04 16:49:21 | INFO | [294e21f71c57483e879bf662b81cdf9c] | app.api.v1.sync_tasks | [294e21f71c57483e879bf662b81cdf9c] 新增接口: PUT /api/order/ro-extra-line/{id}/
2026-02-04 16:49:21 | INFO | [294e21f71c57483e879bf662b81cdf9c] | app.api.v1.version_snapshots | [294e21f71c57483e879bf662b81cdf9c] 自动创建版本快照成功: id=144, definition_id=145, hash=fb2d01d2a525acbd7a60d2a6315cfa5e
2026-02-04 16:49:21 | INFO | [294e21f71c57483e879bf662b81cdf9c] | app.api.v1.sync_tasks | [294e21f71c57483e879bf662b81cdf9c] 自动创建版本快照成功: snapshot_id=144
2026-02-04 16:49:21 | INFO | [294e21f71c57483e879bf662b81cdf9c] | app.api.v1.sync_tasks | [294e21f71c57483e879bf662b81cdf9c] 新增接口: PUT /api/plugins/{plugin}/user-settings/{key}/
2026-02-04 16:49:21 | INFO | [294e21f71c57483e879bf662b81cdf9c] | app.api.v1.version_snapshots | [294e21f71c57483e879bf662b81cdf9c] 自动创建版本快照成功: id=145, definition_id=146, hash=fb2d01d2a525acbd7a60d2a6315cfa5e
2026-02-04 16:49:21 | INFO | [294e21f71c57483e879bf662b81cdf9c] | app.api.v1.sync_tasks | [294e21f71c57483e879bf662b81cdf9c] 自动创建版本快照成功: snapshot_id=145
2026-02-04 16:49:21 | INFO | [294e21f71c57483e879bf662b81cdf9c] | app.api.v1.sync_tasks | [294e21f71c57483e879bf662b81cdf9c] 新增接口: PUT /api/selection/{id}/entry/{entrypk}/
2026-02-04 16:49:21 | INFO | [294e21f71c57483e879bf662b81cdf9c] | app.api.v1.version_snapshots | [294e21f71c57483e879bf662b81cdf9c] 自动创建版本快照成功: id=146, definition_id=147, hash=fb2d01d2a525acbd7a60d2a6315cfa5e
2026-02-04 16:49:21 | INFO | [294e21f71c57483e879bf662b81cdf9c] | app.api.v1.sync_tasks | [294e21f71c57483e879bf662b81cdf9c] 自动创建版本快照成功: snapshot_id=146
2026-02-04 16:49:21 | INFO | [294e21f71c57483e879bf662b81cdf9c] | app.api.v1.sync_tasks | [294e21f71c57483e879bf662b81cdf9c] 新增接口: DELETE /api/attachment/
2026-02-04 16:49:21 | INFO | [294e21f71c57483e879bf662b81cdf9c] | app.api.v1.version_snapshots | [294e21f71c57483e879bf662b81cdf9c] 自动创建版本快照成功: id=147, definition_id=148, hash=fb2d01d2a525acbd7a60d2a6315cfa5e
2026-02-04 16:49:21 | INFO | [294e21f71c57483e879bf662b81cdf9c] | app.api.v1.sync_tasks | [294e21f71c57483e879bf662b81cdf9c] 自动创建版本快照成功: snapshot_id=147
2026-02-04 16:49:21 | INFO | [294e21f71c57483e879bf662b81cdf9c] | app.api.v1.sync_tasks | [294e21f71c57483e879bf662b81cdf9c] 新增接口: PUT /api/part/thumbs/{id}/
2026-02-04 16:49:21 | INFO | [294e21f71c57483e879bf662b81cdf9c] | app.api.v1.version_snapshots | [294e21f71c57483e879bf662b81cdf9c] 自动创建版本快照成功: id=148, definition_id=149, hash=fb2d01d2a525acbd7a60d2a6315cfa5e
2026-02-04 16:49:21 | INFO | [294e21f71c57483e879bf662b81cdf9c] | app.api.v1.sync_tasks | [294e21f71c57483e879bf662b81cdf9c] 自动创建版本快照成功: snapshot_id=148
2026-02-04 16:49:21 | INFO | [294e21f71c57483e879bf662b81cdf9c] | app.api.v1.sync_tasks | [294e21f71c57483e879bf662b81cdf9c] 新增接口: DELETE /api/bom/substitute/{id}/
2026-02-04 16:49:21 | INFO | [294e21f71c57483e879bf662b81cdf9c] | app.api.v1.version_snapshots | [294e21f71c57483e879bf662b81cdf9c] 自动创建版本快照成功: id=149, definition_id=150, hash=fb2d01d2a525acbd7a60d2a6315cfa5e
2026-02-04 16:49:21 | INFO | [294e21f71c57483e879bf662b81cdf9c] | app.api.v1.sync_tasks | [294e21f71c57483e879bf662b81cdf9c] 自动创建版本快照成功: snapshot_id=149
2026-02-04 16:49:21 | INFO | [294e21f71c57483e879bf662b81cdf9c] | app.api.v1.sync_tasks | [294e21f71c57483e879bf662b81cdf9c] 新增接口: DELETE /api/admin/email/
2026-02-04 16:49:21 | INFO | [294e21f71c57483e879bf662b81cdf9c] | app.api.v1.version_snapshots | [294e21f71c57483e879bf662b81cdf9c] 自动创建版本快照成功: id=150, definition_id=151, hash=fb2d01d2a525acbd7a60d2a6315cfa5e
2026-02-04 16:49:21 | INFO | [294e21f71c57483e879bf662b81cdf9c] | app.api.v1.sync_tasks | [294e21f71c57483e879bf662b81cdf9c] 自动创建版本快照成功: snapshot_id=150
2026-02-04 16:49:21 | INFO | [294e21f71c57483e879bf662b81cdf9c] | app.api.v1.sync_tasks | [294e21f71c57483e879bf662b81cdf9c] 新增接口: GET /api/company/
2026-02-04 16:49:21 | INFO | [294e21f71c57483e879bf662b81cdf9c] | app.api.v1.version_snapshots | [294e21f71c57483e879bf662b81cdf9c] 自动创建版本快照成功: id=151, definition_id=152, hash=fb2d01d2a525acbd7a60d2a6315cfa5e
2026-02-04 16:49:21 | INFO | [294e21f71c57483e879bf662b81cdf9c] | app.api.v1.sync_tasks | [294e21f71c57483e879bf662b81cdf9c] 自动创建版本快照成功: snapshot_id=151
2026-02-04 16:49:21 | INFO | [294e21f71c57483e879bf662b81cdf9c] | app.api.v1.sync_tasks | [294e21f71c57483e879bf662b81cdf9c] 新增接口: POST /api/order/po-extra-line/
2026-02-04 16:49:21 | INFO | [294e21f71c57483e879bf662b81cdf9c] | app.api.v1.version_snapshots | [294e21f71c57483e879bf662b81cdf9c] 自动创建版本快照成功: id=152, definition_id=153, hash=fb2d01d2a525acbd7a60d2a6315cfa5e
2026-02-04 16:49:21 | INFO | [294e21f71c57483e879bf662b81cdf9c] | app.api.v1.sync_tasks | [294e21f71c57483e879bf662b81cdf9c] 自动创建版本快照成功: snapshot_id=152
2026-02-04 16:49:21 | INFO | [294e21f71c57483e879bf662b81cdf9c] | app.api.v1.sync_tasks | [294e21f71c57483e879bf662b81cdf9c] 新增接口: DELETE /api/part/parameter/{id}/
2026-02-04 16:49:21 | INFO | [294e21f71c57483e879bf662b81cdf9c] | app.api.v1.version_snapshots | [294e21f71c57483e879bf662b81cdf9c] 自动创建版本快照成功: id=153, definition_id=154, hash=fb2d01d2a525acbd7a60d2a6315cfa5e
2026-02-04 16:49:21 | INFO | [294e21f71c57483e879bf662b81cdf9c] | app.api.v1.sync_tasks | [294e21f71c57483e879bf662b81cdf9c] 自动创建版本快照成功: snapshot_id=153
2026-02-04 16:49:21 | INFO | [294e21f71c57483e879bf662b81cdf9c] | app.api.v1.sync_tasks | [294e21f71c57483e879bf662b81cdf9c] 新增接口: PUT /api/machine/{id}/
2026-02-04 16:49:21 | INFO | [294e21f71c57483e879bf662b81cdf9c] | app.api.v1.version_snapshots | [294e21f71c57483e879bf662b81cdf9c] 自动创建版本快照成功: id=154, definition_id=155, hash=fb2d01d2a525acbd7a60d2a6315cfa5e
2026-02-04 16:49:21 | INFO | [294e21f71c57483e879bf662b81cdf9c] | app.api.v1.sync_tasks | [294e21f71c57483e879bf662b81cdf9c] 自动创建版本快照成功: snapshot_id=154
2026-02-04 16:49:21 | INFO | [294e21f71c57483e879bf662b81cdf9c] | app.api.v1.sync_tasks | [294e21f71c57483e879bf662b81cdf9c] 新增接口: GET /api/order/so-line/{id}/
2026-02-04 16:49:21 | INFO | [294e21f71c57483e879bf662b81cdf9c] | app.api.v1.version_snapshots | [294e21f71c57483e879bf662b81cdf9c] 自动创建版本快照成功: id=155, definition_id=156, hash=fb2d01d2a525acbd7a60d2a6315cfa5e
2026-02-04 16:49:21 | INFO | [294e21f71c57483e879bf662b81cdf9c] | app.api.v1.sync_tasks | [294e21f71c57483e879bf662b81cdf9c] 自动创建版本快照成功: snapshot_id=155
2026-02-04 16:49:21 | INFO | [294e21f71c57483e879bf662b81cdf9c] | app.api.v1.sync_tasks | [294e21f71c57483e879bf662b81cdf9c] 新增接口: PATCH /api/attachment/{id}/metadata/
2026-02-04 16:49:21 | INFO | [294e21f71c57483e879bf662b81cdf9c] | app.api.v1.version_snapshots | [294e21f71c57483e879bf662b81cdf9c] 自动创建版本快照成功: id=156, definition_id=157, hash=fb2d01d2a525acbd7a60d2a6315cfa5e
2026-02-04 16:49:21 | INFO | [294e21f71c57483e879bf662b81cdf9c] | app.api.v1.sync_tasks | [294e21f71c57483e879bf662b81cdf9c] 自动创建版本快照成功: snapshot_id=156
2026-02-04 16:49:21 | INFO | [294e21f71c57483e879bf662b81cdf9c] | app.api.v1.sync_tasks | [294e21f71c57483e879bf662b81cdf9c] 新增接口: PUT /api/order/po/{id}/
2026-02-04 16:49:21 | INFO | [294e21f71c57483e879bf662b81cdf9c] | app.api.v1.version_snapshots | [294e21f71c57483e879bf662b81cdf9c] 自动创建版本快照成功: id=157, definition_id=158, hash=fb2d01d2a525acbd7a60d2a6315cfa5e
2026-02-04 16:49:21 | INFO | [294e21f71c57483e879bf662b81cdf9c] | app.api.v1.sync_tasks | [294e21f71c57483e879bf662b81cdf9c] 自动创建版本快照成功: snapshot_id=157
2026-02-04 16:49:21 | INFO | [294e21f71c57483e879bf662b81cdf9c] | app.api.v1.sync_tasks | [294e21f71c57483e879bf662b81cdf9c] 新增接口: GET /api/order/so/shipment/
2026-02-04 16:49:21 | INFO | [294e21f71c57483e879bf662b81cdf9c] | app.api.v1.version_snapshots | [294e21f71c57483e879bf662b81cdf9c] 自动创建版本快照成功: id=158, definition_id=159, hash=fb2d01d2a525acbd7a60d2a6315cfa5e
2026-02-04 16:49:21 | INFO | [294e21f71c57483e879bf662b81cdf9c] | app.api.v1.sync_tasks | [294e21f71c57483e879bf662b81cdf9c] 自动创建版本快照成功: snapshot_id=158
2026-02-04 16:49:21 | INFO | [294e21f71c57483e879bf662b81cdf9c] | app.api.v1.sync_tasks | [294e21f71c57483e879bf662b81cdf9c] 新增接口: POST /api/stock/assign/
2026-02-04 16:49:21 | INFO | [294e21f71c57483e879bf662b81cdf9c] | app.api.v1.version_snapshots | [294e21f71c57483e879bf662b81cdf9c] 自动创建版本快照成功: id=159, definition_id=160, hash=fb2d01d2a525acbd7a60d2a6315cfa5e
2026-02-04 16:49:21 | INFO | [294e21f71c57483e879bf662b81cdf9c] | app.api.v1.sync_tasks | [294e21f71c57483e879bf662b81cdf9c] 自动创建版本快照成功: snapshot_id=159
2026-02-04 16:49:21 | INFO | [294e21f71c57483e879bf662b81cdf9c] | app.api.v1.sync_tasks | [294e21f71c57483e879bf662b81cdf9c] 新增接口: DELETE /api/background-task/pending/
2026-02-04 16:49:21 | INFO | [294e21f71c57483e879bf662b81cdf9c] | app.api.v1.version_snapshots | [294e21f71c57483e879bf662b81cdf9c] 自动创建版本快照成功: id=160, definition_id=161, hash=fb2d01d2a525acbd7a60d2a6315cfa5e
2026-02-04 16:49:21 | INFO | [294e21f71c57483e879bf662b81cdf9c] | app.api.v1.sync_tasks | [294e21f71c57483e879bf662b81cdf9c] 自动创建版本快照成功: snapshot_id=160
2026-02-04 16:49:21 | INFO | [294e21f71c57483e879bf662b81cdf9c] | app.api.v1.sync_tasks | [294e21f71c57483e879bf662b81cdf9c] 新增接口: GET /api/bom/{id}/
2026-02-04 16:49:21 | INFO | [294e21f71c57483e879bf662b81cdf9c] | app.api.v1.version_snapshots | [294e21f71c57483e879bf662b81cdf9c] 自动创建版本快照成功: id=161, definition_id=162, hash=fb2d01d2a525acbd7a60d2a6315cfa5e
2026-02-04 16:49:21 | INFO | [294e21f71c57483e879bf662b81cdf9c] | app.api.v1.sync_tasks | [294e21f71c57483e879bf662b81cdf9c] 自动创建版本快照成功: snapshot_id=161
2026-02-04 16:49:21 | INFO | [294e21f71c57483e879bf662b81cdf9c] | app.api.v1.sync_tasks | [294e21f71c57483e879bf662b81cdf9c] 新增接口: POST /api/stock/change_status/
2026-02-04 16:49:21 | INFO | [294e21f71c57483e879bf662b81cdf9c] | app.api.v1.version_snapshots | [294e21f71c57483e879bf662b81cdf9c] 自动创建版本快照成功: id=162, definition_id=163, hash=fb2d01d2a525acbd7a60d2a6315cfa5e
2026-02-04 16:49:21 | INFO | [294e21f71c57483e879bf662b81cdf9c] | app.api.v1.sync_tasks | [294e21f71c57483e879bf662b81cdf9c] 自动创建版本快照成功: snapshot_id=162
2026-02-04 16:49:21 | INFO | [294e21f71c57483e879bf662b81cdf9c] | app.api.v1.sync_tasks | [294e21f71c57483e879bf662b81cdf9c] 新增接口: POST /api/company/part/manufacturer/
2026-02-04 16:49:21 | INFO | [294e21f71c57483e879bf662b81cdf9c] | app.api.v1.version_snapshots | [294e21f71c57483e879bf662b81cdf9c] 自动创建版本快照成功: id=163, definition_id=164, hash=fb2d01d2a525acbd7a60d2a6315cfa5e
2026-02-04 16:49:21 | INFO | [294e21f71c57483e879bf662b81cdf9c] | app.api.v1.sync_tasks | [294e21f71c57483e879bf662b81cdf9c] 自动创建版本快照成功: snapshot_id=163
2026-02-04 16:49:21 | INFO | [294e21f71c57483e879bf662b81cdf9c] | app.api.v1.sync_tasks | [294e21f71c57483e879bf662b81cdf9c] 新增接口: POST /api/order/po/{id}/receive/
2026-02-04 16:49:21 | INFO | [294e21f71c57483e879bf662b81cdf9c] | app.api.v1.version_snapshots | [294e21f71c57483e879bf662b81cdf9c] 自动创建版本快照成功: id=164, definition_id=165, hash=fb2d01d2a525acbd7a60d2a6315cfa5e
2026-02-04 16:49:21 | INFO | [294e21f71c57483e879bf662b81cdf9c] | app.api.v1.sync_tasks | [294e21f71c57483e879bf662b81cdf9c] 自动创建版本快照成功: snapshot_id=164
2026-02-04 16:49:21 | INFO | [294e21f71c57483e879bf662b81cdf9c] | app.api.v1.sync_tasks | [294e21f71c57483e879bf662b81cdf9c] 新增接口: DELETE /api/part/stocktake/{id}/
2026-02-04 16:49:21 | INFO | [294e21f71c57483e879bf662b81cdf9c] | app.api.v1.version_snapshots | [294e21f71c57483e879bf662b81cdf9c] 自动创建版本快照成功: id=165, definition_id=166, hash=fb2d01d2a525acbd7a60d2a6315cfa5e
2026-02-04 16:49:21 | INFO | [294e21f71c57483e879bf662b81cdf9c] | app.api.v1.sync_tasks | [294e21f71c57483e879bf662b81cdf9c] 自动创建版本快照成功: snapshot_id=165
2026-02-04 16:49:21 | INFO | [294e21f71c57483e879bf662b81cdf9c] | app.api.v1.sync_tasks | [294e21f71c57483e879bf662b81cdf9c] 新增接口: PATCH /api/report/asset/{id}/
2026-02-04 16:49:21 | INFO | [294e21f71c57483e879bf662b81cdf9c] | app.api.v1.version_snapshots | [294e21f71c57483e879bf662b81cdf9c] 自动创建版本快照成功: id=166, definition_id=167, hash=fb2d01d2a525acbd7a60d2a6315cfa5e
2026-02-04 16:49:21 | INFO | [294e21f71c57483e879bf662b81cdf9c] | app.api.v1.sync_tasks | [294e21f71c57483e879bf662b81cdf9c] 自动创建版本快照成功: snapshot_id=166
2026-02-04 16:49:21 | INFO | [294e21f71c57483e879bf662b81cdf9c] | app.api.v1.sync_tasks | [294e21f71c57483e879bf662b81cdf9c] 新增接口: GET /api/version/
2026-02-04 16:49:21 | INFO | [294e21f71c57483e879bf662b81cdf9c] | app.api.v1.version_snapshots | [294e21f71c57483e879bf662b81cdf9c] 自动创建版本快照成功: id=167, definition_id=168, hash=fb2d01d2a525acbd7a60d2a6315cfa5e
2026-02-04 16:49:21 | INFO | [294e21f71c57483e879bf662b81cdf9c] | app.api.v1.sync_tasks | [294e21f71c57483e879bf662b81cdf9c] 自动创建版本快照成功: snapshot_id=167
2026-02-04 16:49:21 | INFO | [294e21f71c57483e879bf662b81cdf9c] | app.api.v1.sync_tasks | [294e21f71c57483e879bf662b81cdf9c] 新增接口: GET /api/company/contact/{id}/metadata/
2026-02-04 16:49:21 | INFO | [294e21f71c57483e879bf662b81cdf9c] | app.api.v1.version_snapshots | [294e21f71c57483e879bf662b81cdf9c] 自动创建版本快照成功: id=168, definition_id=169, hash=fb2d01d2a525acbd7a60d2a6315cfa5e
2026-02-04 16:49:21 | INFO | [294e21f71c57483e879bf662b81cdf9c] | app.api.v1.sync_tasks | [294e21f71c57483e879bf662b81cdf9c] 自动创建版本快照成功: snapshot_id=168
2026-02-04 16:49:21 | INFO | [294e21f71c57483e879bf662b81cdf9c] | app.api.v1.sync_tasks | [294e21f71c57483e879bf662b81cdf9c] 新增接口: POST /api/order/ro/{id}/hold/
2026-02-04 16:49:21 | INFO | [294e21f71c57483e879bf662b81cdf9c] | app.api.v1.version_snapshots | [294e21f71c57483e879bf662b81cdf9c] 自动创建版本快照成功: id=169, definition_id=170, hash=fb2d01d2a525acbd7a60d2a6315cfa5e
2026-02-04 16:49:21 | INFO | [294e21f71c57483e879bf662b81cdf9c] | app.api.v1.sync_tasks | [294e21f71c57483e879bf662b81cdf9c] 自动创建版本快照成功: snapshot_id=169
2026-02-04 16:49:21 | INFO | [294e21f71c57483e879bf662b81cdf9c] | app.api.v1.sync_tasks | [294e21f71c57483e879bf662b81cdf9c] 新增接口: GET /api/stock/test/
2026-02-04 16:49:21 | INFO | [294e21f71c57483e879bf662b81cdf9c] | app.api.v1.version_snapshots | [294e21f71c57483e879bf662b81cdf9c] 自动创建版本快照成功: id=170, definition_id=171, hash=fb2d01d2a525acbd7a60d2a6315cfa5e
2026-02-04 16:49:21 | INFO | [294e21f71c57483e879bf662b81cdf9c] | app.api.v1.sync_tasks | [294e21f71c57483e879bf662b81cdf9c] 自动创建版本快照成功: snapshot_id=170
2026-02-04 16:49:21 | INFO | [294e21f71c57483e879bf662b81cdf9c] | app.api.v1.sync_tasks | [294e21f71c57483e879bf662b81cdf9c] 新增接口: PATCH /api/order/so/shipment/{id}/
2026-02-04 16:49:21 | INFO | [294e21f71c57483e879bf662b81cdf9c] | app.api.v1.version_snapshots | [294e21f71c57483e879bf662b81cdf9c] 自动创建版本快照成功: id=171, definition_id=172, hash=fb2d01d2a525acbd7a60d2a6315cfa5e
2026-02-04 16:49:21 | INFO | [294e21f71c57483e879bf662b81cdf9c] | app.api.v1.sync_tasks | [294e21f71c57483e879bf662b81cdf9c] 自动创建版本快照成功: snapshot_id=171
2026-02-04 16:49:21 | INFO | [294e21f71c57483e879bf662b81cdf9c] | app.api.v1.sync_tasks | [294e21f71c57483e879bf662b81cdf9c] 新增接口: PATCH /api/importer/session/{id}/
2026-02-04 16:49:21 | INFO | [294e21f71c57483e879bf662b81cdf9c] | app.api.v1.version_snapshots | [294e21f71c57483e879bf662b81cdf9c] 自动创建版本快照成功: id=172, definition_id=173, hash=fb2d01d2a525acbd7a60d2a6315cfa5e
2026-02-04 16:49:21 | INFO | [294e21f71c57483e879bf662b81cdf9c] | app.api.v1.sync_tasks | [294e21f71c57483e879bf662b81cdf9c] 自动创建版本快照成功: snapshot_id=172
2026-02-04 16:49:21 | INFO | [294e21f71c57483e879bf662b81cdf9c] | app.api.v1.sync_tasks | [294e21f71c57483e879bf662b81cdf9c] 新增接口: PUT /api/notifications/{id}/
2026-02-04 16:49:21 | INFO | [294e21f71c57483e879bf662b81cdf9c] | app.api.v1.version_snapshots | [294e21f71c57483e879bf662b81cdf9c] 自动创建版本快照成功: id=173, definition_id=174, hash=fb2d01d2a525acbd7a60d2a6315cfa5e
2026-02-04 16:49:21 | INFO | [294e21f71c57483e879bf662b81cdf9c] | app.api.v1.sync_tasks | [294e21f71c57483e879bf662b81cdf9c] 自动创建版本快照成功: snapshot_id=173
2026-02-04 16:49:21 | INFO | [294e21f71c57483e879bf662b81cdf9c] | app.api.v1.sync_tasks | [294e21f71c57483e879bf662b81cdf9c] 新增接口: GET /api/order/so-line/{id}/metadata/
2026-02-04 16:49:21 | INFO | [294e21f71c57483e879bf662b81cdf9c] | app.api.v1.version_snapshots | [294e21f71c57483e879bf662b81cdf9c] 自动创建版本快照成功: id=174, definition_id=175, hash=fb2d01d2a525acbd7a60d2a6315cfa5e
2026-02-04 16:49:21 | INFO | [294e21f71c57483e879bf662b81cdf9c] | app.api.v1.sync_tasks | [294e21f71c57483e879bf662b81cdf9c] 自动创建版本快照成功: snapshot_id=174
2026-02-04 16:49:21 | INFO | [294e21f71c57483e879bf662b81cdf9c] | app.api.v1.sync_tasks | [294e21f71c57483e879bf662b81cdf9c] 新增接口: POST /api/project-code/
2026-02-04 16:49:21 | INFO | [294e21f71c57483e879bf662b81cdf9c] | app.api.v1.version_snapshots | [294e21f71c57483e879bf662b81cdf9c] 自动创建版本快照成功: id=175, definition_id=176, hash=fb2d01d2a525acbd7a60d2a6315cfa5e
2026-02-04 16:49:21 | INFO | [294e21f71c57483e879bf662b81cdf9c] | app.api.v1.sync_tasks | [294e21f71c57483e879bf662b81cdf9c] 自动创建版本快照成功: snapshot_id=175
2026-02-04 16:49:21 | INFO | [294e21f71c57483e879bf662b81cdf9c] | app.api.v1.sync_tasks | [294e21f71c57483e879bf662b81cdf9c] 新增接口: GET /api/part/parameter/{id}/metadata/
2026-02-04 16:49:21 | INFO | [294e21f71c57483e879bf662b81cdf9c] | app.api.v1.version_snapshots | [294e21f71c57483e879bf662b81cdf9c] 自动创建版本快照成功: id=176, definition_id=177, hash=fb2d01d2a525acbd7a60d2a6315cfa5e
2026-02-04 16:49:21 | INFO | [294e21f71c57483e879bf662b81cdf9c] | app.api.v1.sync_tasks | [294e21f71c57483e879bf662b81cdf9c] 自动创建版本快照成功: snapshot_id=176
2026-02-04 16:49:21 | INFO | [294e21f71c57483e879bf662b81cdf9c] | app.api.v1.sync_tasks | [294e21f71c57483e879bf662b81cdf9c] 新增接口: GET /api/stock/location/
2026-02-04 16:49:21 | INFO | [294e21f71c57483e879bf662b81cdf9c] | app.api.v1.version_snapshots | [294e21f71c57483e879bf662b81cdf9c] 自动创建版本快照成功: id=177, definition_id=178, hash=fb2d01d2a525acbd7a60d2a6315cfa5e
2026-02-04 16:49:21 | INFO | [294e21f71c57483e879bf662b81cdf9c] | app.api.v1.sync_tasks | [294e21f71c57483e879bf662b81cdf9c] 自动创建版本快照成功: snapshot_id=177
2026-02-04 16:49:21 | INFO | [294e21f71c57483e879bf662b81cdf9c] | app.api.v1.sync_tasks | [294e21f71c57483e879bf662b81cdf9c] 新增接口: GET /api/part/parameter/template/{id}/metadata/
2026-02-04 16:49:21 | INFO | [294e21f71c57483e879bf662b81cdf9c] | app.api.v1.version_snapshots | [294e21f71c57483e879bf662b81cdf9c] 自动创建版本快照成功: id=178, definition_id=179, hash=fb2d01d2a525acbd7a60d2a6315cfa5e
2026-02-04 16:49:21 | INFO | [294e21f71c57483e879bf662b81cdf9c] | app.api.v1.sync_tasks | [294e21f71c57483e879bf662b81cdf9c] 自动创建版本快照成功: snapshot_id=178
2026-02-04 16:49:21 | INFO | [294e21f71c57483e879bf662b81cdf9c] | app.api.v1.sync_tasks | [294e21f71c57483e879bf662b81cdf9c] 新增接口: GET /api/part/related/{id}/
2026-02-04 16:49:21 | INFO | [294e21f71c57483e879bf662b81cdf9c] | app.api.v1.version_snapshots | [294e21f71c57483e879bf662b81cdf9c] 自动创建版本快照成功: id=179, definition_id=180, hash=fb2d01d2a525acbd7a60d2a6315cfa5e
2026-02-04 16:49:21 | INFO | [294e21f71c57483e879bf662b81cdf9c] | app.api.v1.sync_tasks | [294e21f71c57483e879bf662b81cdf9c] 自动创建版本快照成功: snapshot_id=179
2026-02-04 16:49:21 | INFO | [294e21f71c57483e879bf662b81cdf9c] | app.api.v1.sync_tasks | [294e21f71c57483e879bf662b81cdf9c] 新增接口: PUT /api/part/category/{id}/
2026-02-04 16:49:21 | INFO | [294e21f71c57483e879bf662b81cdf9c] | app.api.v1.version_snapshots | [294e21f71c57483e879bf662b81cdf9c] 自动创建版本快照成功: id=180, definition_id=181, hash=fb2d01d2a525acbd7a60d2a6315cfa5e
2026-02-04 16:49:21 | INFO | [294e21f71c57483e879bf662b81cdf9c] | app.api.v1.sync_tasks | [294e21f71c57483e879bf662b81cdf9c] 自动创建版本快照成功: snapshot_id=180
2026-02-04 16:49:21 | INFO | [294e21f71c57483e879bf662b81cdf9c] | app.api.v1.sync_tasks | [294e21f71c57483e879bf662b81cdf9c] 新增接口: PATCH /api/order/po-line/{id}/metadata/
2026-02-04 16:49:21 | INFO | [294e21f71c57483e879bf662b81cdf9c] | app.api.v1.version_snapshots | [294e21f71c57483e879bf662b81cdf9c] 自动创建版本快照成功: id=181, definition_id=182, hash=fb2d01d2a525acbd7a60d2a6315cfa5e
2026-02-04 16:49:21 | INFO | [294e21f71c57483e879bf662b81cdf9c] | app.api.v1.sync_tasks | [294e21f71c57483e879bf662b81cdf9c] 自动创建版本快照成功: snapshot_id=181
2026-02-04 16:49:21 | INFO | [294e21f71c57483e879bf662b81cdf9c] | app.api.v1.sync_tasks | [294e21f71c57483e879bf662b81cdf9c] 新增接口: PATCH /api/part/category/{id}/metadata/
2026-02-04 16:49:21 | INFO | [294e21f71c57483e879bf662b81cdf9c] | app.api.v1.version_snapshots | [294e21f71c57483e879bf662b81cdf9c] 自动创建版本快照成功: id=182, definition_id=183, hash=fb2d01d2a525acbd7a60d2a6315cfa5e
2026-02-04 16:49:21 | INFO | [294e21f71c57483e879bf662b81cdf9c] | app.api.v1.sync_tasks | [294e21f71c57483e879bf662b81cdf9c] 自动创建版本快照成功: snapshot_id=182
2026-02-04 16:49:21 | INFO | [294e21f71c57483e879bf662b81cdf9c] | app.api.v1.sync_tasks | [294e21f71c57483e879bf662b81cdf9c] 新增接口: DELETE /api/report/asset/{id}/
2026-02-04 16:49:21 | INFO | [294e21f71c57483e879bf662b81cdf9c] | app.api.v1.version_snapshots | [294e21f71c57483e879bf662b81cdf9c] 自动创建版本快照成功: id=183, definition_id=184, hash=fb2d01d2a525acbd7a60d2a6315cfa5e
2026-02-04 16:49:21 | INFO | [294e21f71c57483e879bf662b81cdf9c] | app.api.v1.sync_tasks | [294e21f71c57483e879bf662b81cdf9c] 自动创建版本快照成功: snapshot_id=183
2026-02-04 16:49:21 | INFO | [294e21f71c57483e879bf662b81cdf9c] | app.api.v1.sync_tasks | [294e21f71c57483e879bf662b81cdf9c] 新增接口: POST /api/machine/{id}/restart/
2026-02-04 16:49:21 | INFO | [294e21f71c57483e879bf662b81cdf9c] | app.api.v1.version_snapshots | [294e21f71c57483e879bf662b81cdf9c] 自动创建版本快照成功: id=184, definition_id=185, hash=fb2d01d2a525acbd7a60d2a6315cfa5e
2026-02-04 16:49:21 | INFO | [294e21f71c57483e879bf662b81cdf9c] | app.api.v1.sync_tasks | [294e21f71c57483e879bf662b81cdf9c] 自动创建版本快照成功: snapshot_id=184
2026-02-04 16:49:21 | INFO | [294e21f71c57483e879bf662b81cdf9c] | app.api.v1.sync_tasks | [294e21f71c57483e879bf662b81cdf9c] 新增接口: POST /api/order/po/{id}/hold/
2026-02-04 16:49:21 | INFO | [294e21f71c57483e879bf662b81cdf9c] | app.api.v1.version_snapshots | [294e21f71c57483e879bf662b81cdf9c] 自动创建版本快照成功: id=185, definition_id=186, hash=fb2d01d2a525acbd7a60d2a6315cfa5e
2026-02-04 16:49:21 | INFO | [294e21f71c57483e879bf662b81cdf9c] | app.api.v1.sync_tasks | [294e21f71c57483e879bf662b81cdf9c] 自动创建版本快照成功: snapshot_id=185
2026-02-04 16:49:21 | INFO | [294e21f71c57483e879bf662b81cdf9c] | app.api.v1.sync_tasks | [294e21f71c57483e879bf662b81cdf9c] 新增接口: GET /api/attachment/{id}/
2026-02-04 16:49:21 | INFO | [294e21f71c57483e879bf662b81cdf9c] | app.api.v1.version_snapshots | [294e21f71c57483e879bf662b81cdf9c] 自动创建版本快照成功: id=186, definition_id=187, hash=fb2d01d2a525acbd7a60d2a6315cfa5e
2026-02-04 16:49:21 | INFO | [294e21f71c57483e879bf662b81cdf9c] | app.api.v1.sync_tasks | [294e21f71c57483e879bf662b81cdf9c] 自动创建版本快照成功: snapshot_id=186
2026-02-04 16:49:21 | INFO | [294e21f71c57483e879bf662b81cdf9c] | app.api.v1.sync_tasks | [294e21f71c57483e879bf662b81cdf9c] 新增接口: PATCH /api/build/item/{id}/
2026-02-04 16:49:21 | INFO | [294e21f71c57483e879bf662b81cdf9c] | app.api.v1.version_snapshots | [294e21f71c57483e879bf662b81cdf9c] 自动创建版本快照成功: id=187, definition_id=188, hash=fb2d01d2a525acbd7a60d2a6315cfa5e
2026-02-04 16:49:21 | INFO | [294e21f71c57483e879bf662b81cdf9c] | app.api.v1.sync_tasks | [294e21f71c57483e879bf662b81cdf9c] 自动创建版本快照成功: snapshot_id=187
2026-02-04 16:49:21 | INFO | [294e21f71c57483e879bf662b81cdf9c] | app.api.v1.sync_tasks | [294e21f71c57483e879bf662b81cdf9c] 新增接口: PUT /api/settings/user/{key}/
2026-02-04 16:49:21 | INFO | [294e21f71c57483e879bf662b81cdf9c] | app.api.v1.version_snapshots | [294e21f71c57483e879bf662b81cdf9c] 自动创建版本快照成功: id=188, definition_id=189, hash=fb2d01d2a525acbd7a60d2a6315cfa5e
2026-02-04 16:49:21 | INFO | [294e21f71c57483e879bf662b81cdf9c] | app.api.v1.sync_tasks | [294e21f71c57483e879bf662b81cdf9c] 自动创建版本快照成功: snapshot_id=188
2026-02-04 16:49:21 | INFO | [294e21f71c57483e879bf662b81cdf9c] | app.api.v1.sync_tasks | [294e21f71c57483e879bf662b81cdf9c] 新增接口: POST /api/importer/session/{id}/accept_rows/
2026-02-04 16:49:21 | INFO | [294e21f71c57483e879bf662b81cdf9c] | app.api.v1.version_snapshots | [294e21f71c57483e879bf662b81cdf9c] 自动创建版本快照成功: id=189, definition_id=190, hash=fb2d01d2a525acbd7a60d2a6315cfa5e
2026-02-04 16:49:21 | INFO | [294e21f71c57483e879bf662b81cdf9c] | app.api.v1.sync_tasks | [294e21f71c57483e879bf662b81cdf9c] 自动创建版本快照成功: snapshot_id=189
2026-02-04 16:49:21 | INFO | [294e21f71c57483e879bf662b81cdf9c] | app.api.v1.sync_tasks | [294e21f71c57483e879bf662b81cdf9c] 新增接口: PATCH /api/company/part/{id}/
2026-02-04 16:49:21 | INFO | [294e21f71c57483e879bf662b81cdf9c] | app.api.v1.version_snapshots | [294e21f71c57483e879bf662b81cdf9c] 自动创建版本快照成功: id=190, definition_id=191, hash=fb2d01d2a525acbd7a60d2a6315cfa5e
2026-02-04 16:49:21 | INFO | [294e21f71c57483e879bf662b81cdf9c] | app.api.v1.sync_tasks | [294e21f71c57483e879bf662b81cdf9c] 自动创建版本快照成功: snapshot_id=190
2026-02-04 16:49:21 | INFO | [294e21f71c57483e879bf662b81cdf9c] | app.api.v1.sync_tasks | [294e21f71c57483e879bf662b81cdf9c] 新增接口: DELETE /api/order/so/shipment/{id}/
2026-02-04 16:49:21 | INFO | [294e21f71c57483e879bf662b81cdf9c] | app.api.v1.version_snapshots | [294e21f71c57483e879bf662b81cdf9c] 自动创建版本快照成功: id=191, definition_id=192, hash=fb2d01d2a525acbd7a60d2a6315cfa5e
2026-02-04 16:49:21 | INFO | [294e21f71c57483e879bf662b81cdf9c] | app.api.v1.sync_tasks | [294e21f71c57483e879bf662b81cdf9c] 自动创建版本快照成功: snapshot_id=191
2026-02-04 16:49:21 | INFO | [294e21f71c57483e879bf662b81cdf9c] | app.api.v1.sync_tasks | [294e21f71c57483e879bf662b81cdf9c] 新增接口: PUT /api/build/{id}/
2026-02-04 16:49:21 | INFO | [294e21f71c57483e879bf662b81cdf9c] | app.api.v1.version_snapshots | [294e21f71c57483e879bf662b81cdf9c] 自动创建版本快照成功: id=192, definition_id=193, hash=fb2d01d2a525acbd7a60d2a6315cfa5e
2026-02-04 16:49:21 | INFO | [294e21f71c57483e879bf662b81cdf9c] | app.api.v1.sync_tasks | [294e21f71c57483e879bf662b81cdf9c] 自动创建版本快照成功: snapshot_id=192
2026-02-04 16:49:21 | INFO | [294e21f71c57483e879bf662b81cdf9c] | app.api.v1.sync_tasks | [294e21f71c57483e879bf662b81cdf9c] 新增接口: GET /api/part/{id}/pricing/
2026-02-04 16:49:21 | INFO | [294e21f71c57483e879bf662b81cdf9c] | app.api.v1.version_snapshots | [294e21f71c57483e879bf662b81cdf9c] 自动创建版本快照成功: id=193, definition_id=194, hash=fb2d01d2a525acbd7a60d2a6315cfa5e
2026-02-04 16:49:21 | INFO | [294e21f71c57483e879bf662b81cdf9c] | app.api.v1.sync_tasks | [294e21f71c57483e879bf662b81cdf9c] 自动创建版本快照成功: snapshot_id=193
2026-02-04 16:49:21 | INFO | [294e21f71c57483e879bf662b81cdf9c] | app.api.v1.sync_tasks | [294e21f71c57483e879bf662b81cdf9c] 新增接口: PATCH /api/order/ro-extra-line/{id}/
2026-02-04 16:49:21 | INFO | [294e21f71c57483e879bf662b81cdf9c] | app.api.v1.version_snapshots | [294e21f71c57483e879bf662b81cdf9c] 自动创建版本快照成功: id=194, definition_id=195, hash=fb2d01d2a525acbd7a60d2a6315cfa5e
2026-02-04 16:49:21 | INFO | [294e21f71c57483e879bf662b81cdf9c] | app.api.v1.sync_tasks | [294e21f71c57483e879bf662b81cdf9c] 自动创建版本快照成功: snapshot_id=194
2026-02-04 16:49:21 | INFO | [294e21f71c57483e879bf662b81cdf9c] | app.api.v1.sync_tasks | [294e21f71c57483e879bf662b81cdf9c] 新增接口: GET /api/admin/email/
2026-02-04 16:49:21 | INFO | [294e21f71c57483e879bf662b81cdf9c] | app.api.v1.version_snapshots | [294e21f71c57483e879bf662b81cdf9c] 自动创建版本快照成功: id=195, definition_id=196, hash=fb2d01d2a525acbd7a60d2a6315cfa5e
2026-02-04 16:49:21 | INFO | [294e21f71c57483e879bf662b81cdf9c] | app.api.v1.sync_tasks | [294e21f71c57483e879bf662b81cdf9c] 自动创建版本快照成功: snapshot_id=195
2026-02-04 16:49:21 | INFO | [294e21f71c57483e879bf662b81cdf9c] | app.api.v1.sync_tasks | [294e21f71c57483e879bf662b81cdf9c] 新增接口: POST /api/build/{id}/complete/
2026-02-04 16:49:21 | INFO | [294e21f71c57483e879bf662b81cdf9c] | app.api.v1.version_snapshots | [294e21f71c57483e879bf662b81cdf9c] 自动创建版本快照成功: id=196, definition_id=197, hash=fb2d01d2a525acbd7a60d2a6315cfa5e
2026-02-04 16:49:21 | INFO | [294e21f71c57483e879bf662b81cdf9c] | app.api.v1.sync_tasks | [294e21f71c57483e879bf662b81cdf9c] 自动创建版本快照成功: snapshot_id=196
2026-02-04 16:49:21 | INFO | [294e21f71c57483e879bf662b81cdf9c] | app.api.v1.sync_tasks | [294e21f71c57483e879bf662b81cdf9c] 新增接口: GET /api/user/
2026-02-04 16:49:21 | INFO | [294e21f71c57483e879bf662b81cdf9c] | app.api.v1.version_snapshots | [294e21f71c57483e879bf662b81cdf9c] 自动创建版本快照成功: id=197, definition_id=198, hash=fb2d01d2a525acbd7a60d2a6315cfa5e
2026-02-04 16:49:21 | INFO | [294e21f71c57483e879bf662b81cdf9c] | app.api.v1.sync_tasks | [294e21f71c57483e879bf662b81cdf9c] 自动创建版本快照成功: snapshot_id=197
2026-02-04 16:49:21 | INFO | [294e21f71c57483e879bf662b81cdf9c] | app.api.v1.sync_tasks | [294e21f71c57483e879bf662b81cdf9c] 新增接口: GET /api/part/parameter/{id}/
2026-02-04 16:49:21 | INFO | [294e21f71c57483e879bf662b81cdf9c] | app.api.v1.version_snapshots | [294e21f71c57483e879bf662b81cdf9c] 自动创建版本快照成功: id=198, definition_id=199, hash=fb2d01d2a525acbd7a60d2a6315cfa5e
2026-02-04 16:49:21 | INFO | [294e21f71c57483e879bf662b81cdf9c] | app.api.v1.sync_tasks | [294e21f71c57483e879bf662b81cdf9c] 自动创建版本快照成功: snapshot_id=198
2026-02-04 16:49:21 | INFO | [294e21f71c57483e879bf662b81cdf9c] | app.api.v1.sync_tasks | [294e21f71c57483e879bf662b81cdf9c] 新增接口: PATCH /api/plugins/{plugin}/user-settings/{key}/
2026-02-04 16:49:21 | INFO | [294e21f71c57483e879bf662b81cdf9c] | app.api.v1.version_snapshots | [294e21f71c57483e879bf662b81cdf9c] 自动创建版本快照成功: id=199, definition_id=200, hash=fb2d01d2a525acbd7a60d2a6315cfa5e
2026-02-04 16:49:21 | INFO | [294e21f71c57483e879bf662b81cdf9c] | app.api.v1.sync_tasks | [294e21f71c57483e879bf662b81cdf9c] 自动创建版本快照成功: snapshot_id=199
2026-02-04 16:49:21 | INFO | [294e21f71c57483e879bf662b81cdf9c] | app.api.v1.sync_tasks | [294e21f71c57483e879bf662b81cdf9c] 新增接口: PATCH /api/selection/{id}/entry/{entrypk}/
2026-02-04 16:49:21 | INFO | [294e21f71c57483e879bf662b81cdf9c] | app.api.v1.version_snapshots | [294e21f71c57483e879bf662b81cdf9c] 自动创建版本快照成功: id=200, definition_id=201, hash=fb2d01d2a525acbd7a60d2a6315cfa5e
2026-02-04 16:49:21 | INFO | [294e21f71c57483e879bf662b81cdf9c] | app.api.v1.sync_tasks | [294e21f71c57483e879bf662b81cdf9c] 自动创建版本快照成功: snapshot_id=200
2026-02-04 16:49:21 | INFO | [294e21f71c57483e879bf662b81cdf9c] | app.api.v1.sync_tasks | [294e21f71c57483e879bf662b81cdf9c] 新增接口: PATCH /api/part/thumbs/{id}/
2026-02-04 16:49:21 | INFO | [294e21f71c57483e879bf662b81cdf9c] | app.api.v1.version_snapshots | [294e21f71c57483e879bf662b81cdf9c] 自动创建版本快照成功: id=201, definition_id=202, hash=fb2d01d2a525acbd7a60d2a6315cfa5e
2026-02-04 16:49:21 | INFO | [294e21f71c57483e879bf662b81cdf9c] | app.api.v1.sync_tasks | [294e21f71c57483e879bf662b81cdf9c] 自动创建版本快照成功: snapshot_id=201
2026-02-04 16:49:21 | INFO | [294e21f71c57483e879bf662b81cdf9c] | app.api.v1.sync_tasks | [294e21f71c57483e879bf662b81cdf9c] 新增接口: PUT /api/order/so/shipment/{id}/metadata/
2026-02-04 16:49:21 | INFO | [294e21f71c57483e879bf662b81cdf9c] | app.api.v1.version_snapshots | [294e21f71c57483e879bf662b81cdf9c] 自动创建版本快照成功: id=202, definition_id=203, hash=fb2d01d2a525acbd7a60d2a6315cfa5e
2026-02-04 16:49:21 | INFO | [294e21f71c57483e879bf662b81cdf9c] | app.api.v1.sync_tasks | [294e21f71c57483e879bf662b81cdf9c] 自动创建版本快照成功: snapshot_id=202
2026-02-04 16:49:21 | INFO | [294e21f71c57483e879bf662b81cdf9c] | app.api.v1.sync_tasks | [294e21f71c57483e879bf662b81cdf9c] 新增接口: GET /api/part/category/parameters/{id}/metadata/
2026-02-04 16:49:21 | INFO | [294e21f71c57483e879bf662b81cdf9c] | app.api.v1.version_snapshots | [294e21f71c57483e879bf662b81cdf9c] 自动创建版本快照成功: id=203, definition_id=204, hash=fb2d01d2a525acbd7a60d2a6315cfa5e
2026-02-04 16:49:21 | INFO | [294e21f71c57483e879bf662b81cdf9c] | app.api.v1.sync_tasks | [294e21f71c57483e879bf662b81cdf9c] 自动创建版本快照成功: snapshot_id=203
2026-02-04 16:49:21 | INFO | [294e21f71c57483e879bf662b81cdf9c] | app.api.v1.sync_tasks | [294e21f71c57483e879bf662b81cdf9c] 新增接口: GET /api/company/{id}/
2026-02-04 16:49:21 | INFO | [294e21f71c57483e879bf662b81cdf9c] | app.api.v1.version_snapshots | [294e21f71c57483e879bf662b81cdf9c] 自动创建版本快照成功: id=204, definition_id=205, hash=fb2d01d2a525acbd7a60d2a6315cfa5e
2026-02-04 16:49:21 | INFO | [294e21f71c57483e879bf662b81cdf9c] | app.api.v1.sync_tasks | [294e21f71c57483e879bf662b81cdf9c] 自动创建版本快照成功: snapshot_id=204
2026-02-04 16:49:21 | INFO | [294e21f71c57483e879bf662b81cdf9c] | app.api.v1.sync_tasks | [294e21f71c57483e879bf662b81cdf9c] 新增接口: PATCH /api/order/ro/{id}/
2026-02-04 16:49:21 | INFO | [294e21f71c57483e879bf662b81cdf9c] | app.api.v1.version_snapshots | [294e21f71c57483e879bf662b81cdf9c] 自动创建版本快照成功: id=205, definition_id=206, hash=fb2d01d2a525acbd7a60d2a6315cfa5e
2026-02-04 16:49:21 | INFO | [294e21f71c57483e879bf662b81cdf9c] | app.api.v1.sync_tasks | [294e21f71c57483e879bf662b81cdf9c] 自动创建版本快照成功: snapshot_id=205
2026-02-04 16:49:22 | INFO | [294e21f71c57483e879bf662b81cdf9c] | app.api.v1.sync_tasks | [294e21f71c57483e879bf662b81cdf9c] 新增接口: GET /api/stock/location-type/
2026-02-04 16:49:22 | INFO | [294e21f71c57483e879bf662b81cdf9c] | app.api.v1.version_snapshots | [294e21f71c57483e879bf662b81cdf9c] 自动创建版本快照成功: id=206, definition_id=207, hash=fb2d01d2a525acbd7a60d2a6315cfa5e
2026-02-04 16:49:22 | INFO | [294e21f71c57483e879bf662b81cdf9c] | app.api.v1.sync_tasks | [294e21f71c57483e879bf662b81cdf9c] 自动创建版本快照成功: snapshot_id=206
2026-02-04 16:49:22 | INFO | [294e21f71c57483e879bf662b81cdf9c] | app.api.v1.sync_tasks | [294e21f71c57483e879bf662b81cdf9c] 新增接口: PUT /api/bom/{id}/validate/
2026-02-04 16:49:22 | INFO | [294e21f71c57483e879bf662b81cdf9c] | app.api.v1.version_snapshots | [294e21f71c57483e879bf662b81cdf9c] 自动创建版本快照成功: id=207, definition_id=208, hash=fb2d01d2a525acbd7a60d2a6315cfa5e
2026-02-04 16:49:22 | INFO | [294e21f71c57483e879bf662b81cdf9c] | app.api.v1.sync_tasks | [294e21f71c57483e879bf662b81cdf9c] 自动创建版本快照成功: snapshot_id=207
2026-02-04 16:49:22 | INFO | [294e21f71c57483e879bf662b81cdf9c] | app.api.v1.sync_tasks | [294e21f71c57483e879bf662b81cdf9c] 新增接口: PATCH /api/machine/{id}/
2026-02-04 16:49:22 | INFO | [294e21f71c57483e879bf662b81cdf9c] | app.api.v1.version_snapshots | [294e21f71c57483e879bf662b81cdf9c] 自动创建版本快照成功: id=208, definition_id=209, hash=fb2d01d2a525acbd7a60d2a6315cfa5e
2026-02-04 16:49:22 | INFO | [294e21f71c57483e879bf662b81cdf9c] | app.api.v1.sync_tasks | [294e21f71c57483e879bf662b81cdf9c] 自动创建版本快照成功: snapshot_id=208
2026-02-04 16:49:22 | INFO | [294e21f71c57483e879bf662b81cdf9c] | app.api.v1.sync_tasks | [294e21f71c57483e879bf662b81cdf9c] 新增接口: PATCH /api/order/po/{id}/
2026-02-04 16:49:22 | INFO | [294e21f71c57483e879bf662b81cdf9c] | app.api.v1.version_snapshots | [294e21f71c57483e879bf662b81cdf9c] 自动创建版本快照成功: id=209, definition_id=210, hash=fb2d01d2a525acbd7a60d2a6315cfa5e
2026-02-04 16:49:22 | INFO | [294e21f71c57483e879bf662b81cdf9c] | app.api.v1.sync_tasks | [294e21f71c57483e879bf662b81cdf9c] 自动创建版本快照成功: snapshot_id=209
2026-02-04 16:49:22 | INFO | [294e21f71c57483e879bf662b81cdf9c] | app.api.v1.sync_tasks | [294e21f71c57483e879bf662b81cdf9c] 新增接口: DELETE /api/build/item/{id}/
2026-02-04 16:49:22 | INFO | [294e21f71c57483e879bf662b81cdf9c] | app.api.v1.version_snapshots | [294e21f71c57483e879bf662b81cdf9c] 自动创建版本快照成功: id=210, definition_id=211, hash=fb2d01d2a525acbd7a60d2a6315cfa5e
2026-02-04 16:49:22 | INFO | [294e21f71c57483e879bf662b81cdf9c] | app.api.v1.sync_tasks | [294e21f71c57483e879bf662b81cdf9c] 自动创建版本快照成功: snapshot_id=210
2026-02-04 16:49:22 | INFO | [294e21f71c57483e879bf662b81cdf9c] | app.api.v1.sync_tasks | [294e21f71c57483e879bf662b81cdf9c] 新增接口: DELETE /api/company/part/{id}/
2026-02-04 16:49:22 | INFO | [294e21f71c57483e879bf662b81cdf9c] | app.api.v1.version_snapshots | [294e21f71c57483e879bf662b81cdf9c] 自动创建版本快照成功: id=211, definition_id=212, hash=fb2d01d2a525acbd7a60d2a6315cfa5e
2026-02-04 16:49:22 | INFO | [294e21f71c57483e879bf662b81cdf9c] | app.api.v1.sync_tasks | [294e21f71c57483e879bf662b81cdf9c] 自动创建版本快照成功: snapshot_id=211
2026-02-04 16:49:22 | INFO | [294e21f71c57483e879bf662b81cdf9c] | app.api.v1.sync_tasks | [294e21f71c57483e879bf662b81cdf9c] 新增接口: GET /api/order/so-extra-line/{id}/
2026-02-04 16:49:22 | INFO | [294e21f71c57483e879bf662b81cdf9c] | app.api.v1.version_snapshots | [294e21f71c57483e879bf662b81cdf9c] 自动创建版本快照成功: id=212, definition_id=213, hash=fb2d01d2a525acbd7a60d2a6315cfa5e
2026-02-04 16:49:22 | INFO | [294e21f71c57483e879bf662b81cdf9c] | app.api.v1.sync_tasks | [294e21f71c57483e879bf662b81cdf9c] 自动创建版本快照成功: snapshot_id=212
2026-02-04 16:49:22 | INFO | [294e21f71c57483e879bf662b81cdf9c] | app.api.v1.sync_tasks | [294e21f71c57483e879bf662b81cdf9c] 新增接口: PUT /api/machine/{id}/settings/{config_type}/{key}/
2026-02-04 16:49:22 | INFO | [294e21f71c57483e879bf662b81cdf9c] | app.api.v1.version_snapshots | [294e21f71c57483e879bf662b81cdf9c] 自动创建版本快照成功: id=213, definition_id=214, hash=fb2d01d2a525acbd7a60d2a6315cfa5e
2026-02-04 16:49:22 | INFO | [294e21f71c57483e879bf662b81cdf9c] | app.api.v1.sync_tasks | [294e21f71c57483e879bf662b81cdf9c] 自动创建版本快照成功: snapshot_id=213
2026-02-04 16:49:22 | INFO | [294e21f71c57483e879bf662b81cdf9c] | app.api.v1.sync_tasks | [294e21f71c57483e879bf662b81cdf9c] 新增接口: DELETE /api/order/ro-extra-line/{id}/
2026-02-04 16:49:22 | INFO | [294e21f71c57483e879bf662b81cdf9c] | app.api.v1.version_snapshots | [294e21f71c57483e879bf662b81cdf9c] 自动创建版本快照成功: id=214, definition_id=215, hash=fb2d01d2a525acbd7a60d2a6315cfa5e
2026-02-04 16:49:22 | INFO | [294e21f71c57483e879bf662b81cdf9c] | app.api.v1.sync_tasks | [294e21f71c57483e879bf662b81cdf9c] 自动创建版本快照成功: snapshot_id=214
2026-02-04 16:49:22 | INFO | [294e21f71c57483e879bf662b81cdf9c] | app.api.v1.sync_tasks | [294e21f71c57483e879bf662b81cdf9c] 新增接口: GET /api/icons/
2026-02-04 16:49:22 | INFO | [294e21f71c57483e879bf662b81cdf9c] | app.api.v1.version_snapshots | [294e21f71c57483e879bf662b81cdf9c] 自动创建版本快照成功: id=215, definition_id=216, hash=fb2d01d2a525acbd7a60d2a6315cfa5e
2026-02-04 16:49:22 | INFO | [294e21f71c57483e879bf662b81cdf9c] | app.api.v1.sync_tasks | [294e21f71c57483e879bf662b81cdf9c] 自动创建版本快照成功: snapshot_id=215
2026-02-04 16:49:22 | INFO | [294e21f71c57483e879bf662b81cdf9c] | app.api.v1.sync_tasks | [294e21f71c57483e879bf662b81cdf9c] 新增接口: GET /api/barcode/history/{id}/
2026-02-04 16:49:22 | INFO | [294e21f71c57483e879bf662b81cdf9c] | app.api.v1.version_snapshots | [294e21f71c57483e879bf662b81cdf9c] 自动创建版本快照成功: id=216, definition_id=217, hash=fb2d01d2a525acbd7a60d2a6315cfa5e
2026-02-04 16:49:22 | INFO | [294e21f71c57483e879bf662b81cdf9c] | app.api.v1.sync_tasks | [294e21f71c57483e879bf662b81cdf9c] 自动创建版本快照成功: snapshot_id=216
2026-02-04 16:49:22 | INFO | [294e21f71c57483e879bf662b81cdf9c] | app.api.v1.sync_tasks | [294e21f71c57483e879bf662b81cdf9c] 新增接口: DELETE /api/selection/{id}/entry/{entrypk}/
2026-02-04 16:49:22 | INFO | [294e21f71c57483e879bf662b81cdf9c] | app.api.v1.version_snapshots | [294e21f71c57483e879bf662b81cdf9c] 自动创建版本快照成功: id=217, definition_id=218, hash=fb2d01d2a525acbd7a60d2a6315cfa5e
2026-02-04 16:49:22 | INFO | [294e21f71c57483e879bf662b81cdf9c] | app.api.v1.sync_tasks | [294e21f71c57483e879bf662b81cdf9c] 自动创建版本快照成功: snapshot_id=217
2026-02-04 16:49:22 | INFO | [294e21f71c57483e879bf662b81cdf9c] | app.api.v1.sync_tasks | [294e21f71c57483e879bf662b81cdf9c] 新增接口: GET /api/order/po-extra-line/
2026-02-04 16:49:22 | INFO | [294e21f71c57483e879bf662b81cdf9c] | app.api.v1.version_snapshots | [294e21f71c57483e879bf662b81cdf9c] 自动创建版本快照成功: id=218, definition_id=219, hash=fb2d01d2a525acbd7a60d2a6315cfa5e
2026-02-04 16:49:22 | INFO | [294e21f71c57483e879bf662b81cdf9c] | app.api.v1.sync_tasks | [294e21f71c57483e879bf662b81cdf9c] 自动创建版本快照成功: snapshot_id=218
2026-02-04 16:49:22 | INFO | [294e21f71c57483e879bf662b81cdf9c] | app.api.v1.sync_tasks | [294e21f71c57483e879bf662b81cdf9c] 新增接口: POST /api/order/so/shipment/{id}/ship/
2026-02-04 16:49:22 | INFO | [294e21f71c57483e879bf662b81cdf9c] | app.api.v1.version_snapshots | [294e21f71c57483e879bf662b81cdf9c] 自动创建版本快照成功: id=219, definition_id=220, hash=fb2d01d2a525acbd7a60d2a6315cfa5e
2026-02-04 16:49:22 | INFO | [294e21f71c57483e879bf662b81cdf9c] | app.api.v1.sync_tasks | [294e21f71c57483e879bf662b81cdf9c] 自动创建版本快照成功: snapshot_id=219
2026-02-04 16:49:22 | INFO | [294e21f71c57483e879bf662b81cdf9c] | app.api.v1.sync_tasks | [294e21f71c57483e879bf662b81cdf9c] 新增接口: PATCH /api/notifications/{id}/
2026-02-04 16:49:22 | INFO | [294e21f71c57483e879bf662b81cdf9c] | app.api.v1.version_snapshots | [294e21f71c57483e879bf662b81cdf9c] 自动创建版本快照成功: id=220, definition_id=221, hash=fb2d01d2a525acbd7a60d2a6315cfa5e
2026-02-04 16:49:22 | INFO | [294e21f71c57483e879bf662b81cdf9c] | app.api.v1.sync_tasks | [294e21f71c57483e879bf662b81cdf9c] 自动创建版本快照成功: snapshot_id=220
2026-02-04 16:49:22 | INFO | [294e21f71c57483e879bf662b81cdf9c] | app.api.v1.sync_tasks | [294e21f71c57483e879bf662b81cdf9c] 新增接口: PUT /api/part/
2026-02-04 16:49:22 | INFO | [294e21f71c57483e879bf662b81cdf9c] | app.api.v1.version_snapshots | [294e21f71c57483e879bf662b81cdf9c] 自动创建版本快照成功: id=221, definition_id=222, hash=fb2d01d2a525acbd7a60d2a6315cfa5e
2026-02-04 16:49:22 | INFO | [294e21f71c57483e879bf662b81cdf9c] | app.api.v1.sync_tasks | [294e21f71c57483e879bf662b81cdf9c] 自动创建版本快照成功: snapshot_id=221
2026-02-04 16:49:22 | INFO | [294e21f71c57483e879bf662b81cdf9c] | app.api.v1.sync_tasks | [294e21f71c57483e879bf662b81cdf9c] 新增接口: PUT /api/part/{id}/
2026-02-04 16:49:22 | INFO | [294e21f71c57483e879bf662b81cdf9c] | app.api.v1.version_snapshots | [294e21f71c57483e879bf662b81cdf9c] 自动创建版本快照成功: id=222, definition_id=223, hash=fb2d01d2a525acbd7a60d2a6315cfa5e
2026-02-04 16:49:22 | INFO | [294e21f71c57483e879bf662b81cdf9c] | app.api.v1.sync_tasks | [294e21f71c57483e879bf662b81cdf9c] 自动创建版本快照成功: snapshot_id=222
2026-02-04 16:49:22 | INFO | [294e21f71c57483e879bf662b81cdf9c] | app.api.v1.sync_tasks | [294e21f71c57483e879bf662b81cdf9c] 新增接口: DELETE /api/order/ro/{id}/
2026-02-04 16:49:22 | INFO | [294e21f71c57483e879bf662b81cdf9c] | app.api.v1.version_snapshots | [294e21f71c57483e879bf662b81cdf9c] 自动创建版本快照成功: id=223, definition_id=224, hash=fb2d01d2a525acbd7a60d2a6315cfa5e
2026-02-04 16:49:22 | INFO | [294e21f71c57483e879bf662b81cdf9c] | app.api.v1.sync_tasks | [294e21f71c57483e879bf662b81cdf9c] 自动创建版本快照成功: snapshot_id=223
2026-02-04 16:49:22 | INFO | [294e21f71c57483e879bf662b81cdf9c] | app.api.v1.sync_tasks | [294e21f71c57483e879bf662b81cdf9c] 新增接口: DELETE /api/machine/{id}/
2026-02-04 16:49:22 | INFO | [294e21f71c57483e879bf662b81cdf9c] | app.api.v1.version_snapshots | [294e21f71c57483e879bf662b81cdf9c] 自动创建版本快照成功: id=224, definition_id=225, hash=fb2d01d2a525acbd7a60d2a6315cfa5e
2026-02-04 16:49:22 | INFO | [294e21f71c57483e879bf662b81cdf9c] | app.api.v1.sync_tasks | [294e21f71c57483e879bf662b81cdf9c] 自动创建版本快照成功: snapshot_id=224
2026-02-04 16:49:22 | INFO | [294e21f71c57483e879bf662b81cdf9c] | app.api.v1.sync_tasks | [294e21f71c57483e879bf662b81cdf9c] 新增接口: GET /api/company/part/manufacturer/
2026-02-04 16:49:22 | INFO | [294e21f71c57483e879bf662b81cdf9c] | app.api.v1.version_snapshots | [294e21f71c57483e879bf662b81cdf9c] 自动创建版本快照成功: id=225, definition_id=226, hash=fb2d01d2a525acbd7a60d2a6315cfa5e
2026-02-04 16:49:22 | INFO | [294e21f71c57483e879bf662b81cdf9c] | app.api.v1.sync_tasks | [294e21f71c57483e879bf662b81cdf9c] 自动创建版本快照成功: snapshot_id=225
2026-02-04 16:49:22 | INFO | [294e21f71c57483e879bf662b81cdf9c] | app.api.v1.sync_tasks | [294e21f71c57483e879bf662b81cdf9c] 新增接口: GET /api/order/so/{id}/metadata/
2026-02-04 16:49:22 | INFO | [294e21f71c57483e879bf662b81cdf9c] | app.api.v1.version_snapshots | [294e21f71c57483e879bf662b81cdf9c] 自动创建版本快照成功: id=226, definition_id=227, hash=fb2d01d2a525acbd7a60d2a6315cfa5e
2026-02-04 16:49:22 | INFO | [294e21f71c57483e879bf662b81cdf9c] | app.api.v1.sync_tasks | [294e21f71c57483e879bf662b81cdf9c] 自动创建版本快照成功: snapshot_id=226
2026-02-04 16:49:22 | INFO | [294e21f71c57483e879bf662b81cdf9c] | app.api.v1.sync_tasks | [294e21f71c57483e879bf662b81cdf9c] 新增接口: DELETE /api/order/po/{id}/
2026-02-04 16:49:22 | INFO | [294e21f71c57483e879bf662b81cdf9c] | app.api.v1.version_snapshots | [294e21f71c57483e879bf662b81cdf9c] 自动创建版本快照成功: id=227, definition_id=228, hash=fb2d01d2a525acbd7a60d2a6315cfa5e
2026-02-04 16:49:22 | INFO | [294e21f71c57483e879bf662b81cdf9c] | app.api.v1.sync_tasks | [294e21f71c57483e879bf662b81cdf9c] 自动创建版本快照成功: snapshot_id=227
2026-02-04 16:49:22 | INFO | [294e21f71c57483e879bf662b81cdf9c] | app.api.v1.sync_tasks | [294e21f71c57483e879bf662b81cdf9c] 新增接口: GET /api/supplier/list/
2026-02-04 16:49:22 | INFO | [294e21f71c57483e879bf662b81cdf9c] | app.api.v1.version_snapshots | [294e21f71c57483e879bf662b81cdf9c] 自动创建版本快照成功: id=228, definition_id=229, hash=fb2d01d2a525acbd7a60d2a6315cfa5e
2026-02-04 16:49:22 | INFO | [294e21f71c57483e879bf662b81cdf9c] | app.api.v1.sync_tasks | [294e21f71c57483e879bf662b81cdf9c] 自动创建版本快照成功: snapshot_id=228
2026-02-04 16:49:22 | INFO | [294e21f71c57483e879bf662b81cdf9c] | app.api.v1.sync_tasks | [294e21f71c57483e879bf662b81cdf9c] 新增接口: DELETE /api/bom/
2026-02-04 16:49:22 | INFO | [294e21f71c57483e879bf662b81cdf9c] | app.api.v1.version_snapshots | [294e21f71c57483e879bf662b81cdf9c] 自动创建版本快照成功: id=229, definition_id=230, hash=fb2d01d2a525acbd7a60d2a6315cfa5e
2026-02-04 16:49:22 | INFO | [294e21f71c57483e879bf662b81cdf9c] | app.api.v1.sync_tasks | [294e21f71c57483e879bf662b81cdf9c] 自动创建版本快照成功: snapshot_id=229
2026-02-04 16:49:22 | INFO | [294e21f71c57483e879bf662b81cdf9c] | app.api.v1.sync_tasks | [294e21f71c57483e879bf662b81cdf9c] 新增接口: GET /api/supplier/search/
2026-02-04 16:49:22 | INFO | [294e21f71c57483e879bf662b81cdf9c] | app.api.v1.version_snapshots | [294e21f71c57483e879bf662b81cdf9c] 自动创建版本快照成功: id=230, definition_id=231, hash=fb2d01d2a525acbd7a60d2a6315cfa5e
2026-02-04 16:49:22 | INFO | [294e21f71c57483e879bf662b81cdf9c] | app.api.v1.sync_tasks | [294e21f71c57483e879bf662b81cdf9c] 自动创建版本快照成功: snapshot_id=230
2026-02-04 16:49:22 | INFO | [294e21f71c57483e879bf662b81cdf9c] | app.api.v1.sync_tasks | [294e21f71c57483e879bf662b81cdf9c] 新增接口: PATCH /api/part/category/{id}/
2026-02-04 16:49:22 | INFO | [294e21f71c57483e879bf662b81cdf9c] | app.api.v1.version_snapshots | [294e21f71c57483e879bf662b81cdf9c] 自动创建版本快照成功: id=231, definition_id=232, hash=fb2d01d2a525acbd7a60d2a6315cfa5e
2026-02-04 16:49:22 | INFO | [294e21f71c57483e879bf662b81cdf9c] | app.api.v1.sync_tasks | [294e21f71c57483e879bf662b81cdf9c] 自动创建版本快照成功: snapshot_id=231
2026-02-04 16:49:22 | INFO | [294e21f71c57483e879bf662b81cdf9c] | app.api.v1.sync_tasks | [294e21f71c57483e879bf662b81cdf9c] 新增接口: POST /api/report/print/
2026-02-04 16:49:22 | INFO | [294e21f71c57483e879bf662b81cdf9c] | app.api.v1.version_snapshots | [294e21f71c57483e879bf662b81cdf9c] 自动创建版本快照成功: id=232, definition_id=233, hash=fb2d01d2a525acbd7a60d2a6315cfa5e
2026-02-04 16:49:22 | INFO | [294e21f71c57483e879bf662b81cdf9c] | app.api.v1.sync_tasks | [294e21f71c57483e879bf662b81cdf9c] 自动创建版本快照成功: snapshot_id=232
2026-02-04 16:49:22 | INFO | [294e21f71c57483e879bf662b81cdf9c] | app.api.v1.sync_tasks | [294e21f71c57483e879bf662b81cdf9c] 新增接口: PUT /api/importer/row/{id}/
2026-02-04 16:49:22 | INFO | [294e21f71c57483e879bf662b81cdf9c] | app.api.v1.version_snapshots | [294e21f71c57483e879bf662b81cdf9c] 自动创建版本快照成功: id=233, definition_id=234, hash=fb2d01d2a525acbd7a60d2a6315cfa5e
2026-02-04 16:49:22 | INFO | [294e21f71c57483e879bf662b81cdf9c] | app.api.v1.sync_tasks | [294e21f71c57483e879bf662b81cdf9c] 自动创建版本快照成功: snapshot_id=233
2026-02-04 16:49:22 | INFO | [294e21f71c57483e879bf662b81cdf9c] | app.api.v1.sync_tasks | [294e21f71c57483e879bf662b81cdf9c] 新增接口: GET /api/order/so/shipment/{id}/
2026-02-04 16:49:22 | INFO | [294e21f71c57483e879bf662b81cdf9c] | app.api.v1.version_snapshots | [294e21f71c57483e879bf662b81cdf9c] 自动创建版本快照成功: id=234, definition_id=235, hash=fb2d01d2a525acbd7a60d2a6315cfa5e
2026-02-04 16:49:22 | INFO | [294e21f71c57483e879bf662b81cdf9c] | app.api.v1.sync_tasks | [294e21f71c57483e879bf662b81cdf9c] 自动创建版本快照成功: snapshot_id=234
2026-02-04 16:49:22 | INFO | [294e21f71c57483e879bf662b81cdf9c] | app.api.v1.sync_tasks | [294e21f71c57483e879bf662b81cdf9c] 新增接口: PUT /api/user/group/{id}/
2026-02-04 16:49:22 | INFO | [294e21f71c57483e879bf662b81cdf9c] | app.api.v1.version_snapshots | [294e21f71c57483e879bf662b81cdf9c] 自动创建版本快照成功: id=235, definition_id=236, hash=fb2d01d2a525acbd7a60d2a6315cfa5e
2026-02-04 16:49:22 | INFO | [294e21f71c57483e879bf662b81cdf9c] | app.api.v1.sync_tasks | [294e21f71c57483e879bf662b81cdf9c] 自动创建版本快照成功: snapshot_id=235
2026-02-04 16:49:22 | INFO | [294e21f71c57483e879bf662b81cdf9c] | app.api.v1.sync_tasks | [294e21f71c57483e879bf662b81cdf9c] 新增接口: PATCH /api/settings/user/{key}/
2026-02-04 16:49:22 | INFO | [294e21f71c57483e879bf662b81cdf9c] | app.api.v1.version_snapshots | [294e21f71c57483e879bf662b81cdf9c] 自动创建版本快照成功: id=236, definition_id=237, hash=fb2d01d2a525acbd7a60d2a6315cfa5e
2026-02-04 16:49:22 | INFO | [294e21f71c57483e879bf662b81cdf9c] | app.api.v1.sync_tasks | [294e21f71c57483e879bf662b81cdf9c] 自动创建版本快照成功: snapshot_id=236
2026-02-04 16:49:22 | INFO | [294e21f71c57483e879bf662b81cdf9c] | app.api.v1.sync_tasks | [294e21f71c57483e879bf662b81cdf9c] 新增接口: GET /api/company/part/{id}/metadata/
2026-02-04 16:49:22 | INFO | [294e21f71c57483e879bf662b81cdf9c] | app.api.v1.version_snapshots | [294e21f71c57483e879bf662b81cdf9c] 自动创建版本快照成功: id=237, definition_id=238, hash=fb2d01d2a525acbd7a60d2a6315cfa5e
2026-02-04 16:49:22 | INFO | [294e21f71c57483e879bf662b81cdf9c] | app.api.v1.sync_tasks | [294e21f71c57483e879bf662b81cdf9c] 自动创建版本快照成功: snapshot_id=237
2026-02-04 16:49:22 | INFO | [294e21f71c57483e879bf662b81cdf9c] | app.api.v1.sync_tasks | [294e21f71c57483e879bf662b81cdf9c] 新增接口: GET /api/part/{id}/bom-validate/
2026-02-04 16:49:22 | INFO | [294e21f71c57483e879bf662b81cdf9c] | app.api.v1.version_snapshots | [294e21f71c57483e879bf662b81cdf9c] 自动创建版本快照成功: id=238, definition_id=239, hash=fb2d01d2a525acbd7a60d2a6315cfa5e
2026-02-04 16:49:22 | INFO | [294e21f71c57483e879bf662b81cdf9c] | app.api.v1.sync_tasks | [294e21f71c57483e879bf662b81cdf9c] 自动创建版本快照成功: snapshot_id=238
2026-02-04 16:49:22 | INFO | [294e21f71c57483e879bf662b81cdf9c] | app.api.v1.sync_tasks | [294e21f71c57483e879bf662b81cdf9c] 新增接口: GET /api/build/status/
2026-02-04 16:49:22 | INFO | [294e21f71c57483e879bf662b81cdf9c] | app.api.v1.version_snapshots | [294e21f71c57483e879bf662b81cdf9c] 自动创建版本快照成功: id=239, definition_id=240, hash=fb2d01d2a525acbd7a60d2a6315cfa5e
2026-02-04 16:49:22 | INFO | [294e21f71c57483e879bf662b81cdf9c] | app.api.v1.sync_tasks | [294e21f71c57483e879bf662b81cdf9c] 自动创建版本快照成功: snapshot_id=239
2026-02-04 16:49:22 | INFO | [294e21f71c57483e879bf662b81cdf9c] | app.api.v1.sync_tasks | [294e21f71c57483e879bf662b81cdf9c] 新增接口: PUT /api/plugins/{plugin}/settings/{key}/
2026-02-04 16:49:22 | INFO | [294e21f71c57483e879bf662b81cdf9c] | app.api.v1.version_snapshots | [294e21f71c57483e879bf662b81cdf9c] 自动创建版本快照成功: id=240, definition_id=241, hash=fb2d01d2a525acbd7a60d2a6315cfa5e
2026-02-04 16:49:22 | INFO | [294e21f71c57483e879bf662b81cdf9c] | app.api.v1.sync_tasks | [294e21f71c57483e879bf662b81cdf9c] 自动创建版本快照成功: snapshot_id=240
2026-02-04 16:49:22 | INFO | [294e21f71c57483e879bf662b81cdf9c] | app.api.v1.sync_tasks | [294e21f71c57483e879bf662b81cdf9c] 新增接口: PATCH /api/build/{id}/
2026-02-04 16:49:22 | INFO | [294e21f71c57483e879bf662b81cdf9c] | app.api.v1.version_snapshots | [294e21f71c57483e879bf662b81cdf9c] 自动创建版本快照成功: id=241, definition_id=242, hash=fb2d01d2a525acbd7a60d2a6315cfa5e
2026-02-04 16:49:22 | INFO | [294e21f71c57483e879bf662b81cdf9c] | app.api.v1.sync_tasks | [294e21f71c57483e879bf662b81cdf9c] 自动创建版本快照成功: snapshot_id=241
2026-02-04 16:49:22 | INFO | [294e21f71c57483e879bf662b81cdf9c] | app.api.v1.sync_tasks | [294e21f71c57483e879bf662b81cdf9c] 新增接口: DELETE /api/notifications/{id}/
2026-02-04 16:49:22 | INFO | [294e21f71c57483e879bf662b81cdf9c] | app.api.v1.version_snapshots | [294e21f71c57483e879bf662b81cdf9c] 自动创建版本快照成功: id=242, definition_id=243, hash=fb2d01d2a525acbd7a60d2a6315cfa5e
2026-02-04 16:49:22 | INFO | [294e21f71c57483e879bf662b81cdf9c] | app.api.v1.sync_tasks | [294e21f71c57483e879bf662b81cdf9c] 自动创建版本快照成功: snapshot_id=242
2026-02-04 16:49:22 | INFO | [294e21f71c57483e879bf662b81cdf9c] | app.api.v1.sync_tasks | [294e21f71c57483e879bf662b81cdf9c] 新增接口: GET /api/order/po-line/{id}/metadata/
2026-02-04 16:49:22 | INFO | [294e21f71c57483e879bf662b81cdf9c] | app.api.v1.version_snapshots | [294e21f71c57483e879bf662b81cdf9c] 自动创建版本快照成功: id=243, definition_id=244, hash=fb2d01d2a525acbd7a60d2a6315cfa5e
2026-02-04 16:49:22 | INFO | [294e21f71c57483e879bf662b81cdf9c] | app.api.v1.sync_tasks | [294e21f71c57483e879bf662b81cdf9c] 自动创建版本快照成功: snapshot_id=243
2026-02-04 16:49:22 | INFO | [294e21f71c57483e879bf662b81cdf9c] | app.api.v1.sync_tasks | [294e21f71c57483e879bf662b81cdf9c] 新增接口: POST /api/build/{id}/delete-outputs/
2026-02-04 16:49:22 | INFO | [294e21f71c57483e879bf662b81cdf9c] | app.api.v1.version_snapshots | [294e21f71c57483e879bf662b81cdf9c] 自动创建版本快照成功: id=244, definition_id=245, hash=fb2d01d2a525acbd7a60d2a6315cfa5e
2026-02-04 16:49:22 | INFO | [294e21f71c57483e879bf662b81cdf9c] | app.api.v1.sync_tasks | [294e21f71c57483e879bf662b81cdf9c] 自动创建版本快照成功: snapshot_id=244
2026-02-04 16:49:22 | INFO | [294e21f71c57483e879bf662b81cdf9c] | app.api.v1.sync_tasks | [294e21f71c57483e879bf662b81cdf9c] 新增接口: PUT /api/settings/global/{key}/
2026-02-04 16:49:22 | INFO | [294e21f71c57483e879bf662b81cdf9c] | app.api.v1.version_snapshots | [294e21f71c57483e879bf662b81cdf9c] 自动创建版本快照成功: id=245, definition_id=246, hash=fb2d01d2a525acbd7a60d2a6315cfa5e
2026-02-04 16:49:22 | INFO | [294e21f71c57483e879bf662b81cdf9c] | app.api.v1.sync_tasks | [294e21f71c57483e879bf662b81cdf9c] 自动创建版本快照成功: snapshot_id=245
2026-02-04 16:49:22 | INFO | [294e21f71c57483e879bf662b81cdf9c] | app.api.v1.sync_tasks | [294e21f71c57483e879bf662b81cdf9c] 新增接口: POST /api/notes-image-upload/
2026-02-04 16:49:22 | INFO | [294e21f71c57483e879bf662b81cdf9c] | app.api.v1.version_snapshots | [294e21f71c57483e879bf662b81cdf9c] 自动创建版本快照成功: id=246, definition_id=247, hash=fb2d01d2a525acbd7a60d2a6315cfa5e
2026-02-04 16:49:22 | INFO | [294e21f71c57483e879bf662b81cdf9c] | app.api.v1.sync_tasks | [294e21f71c57483e879bf662b81cdf9c] 自动创建版本快照成功: snapshot_id=246
2026-02-04 16:49:22 | INFO | [294e21f71c57483e879bf662b81cdf9c] | app.api.v1.sync_tasks | [294e21f71c57483e879bf662b81cdf9c] 新增接口: PATCH /api/order/so/shipment/{id}/metadata/
2026-02-04 16:49:22 | INFO | [294e21f71c57483e879bf662b81cdf9c] | app.api.v1.version_snapshots | [294e21f71c57483e879bf662b81cdf9c] 自动创建版本快照成功: id=247, definition_id=248, hash=fb2d01d2a525acbd7a60d2a6315cfa5e
2026-02-04 16:49:22 | INFO | [294e21f71c57483e879bf662b81cdf9c] | app.api.v1.sync_tasks | [294e21f71c57483e879bf662b81cdf9c] 自动创建版本快照成功: snapshot_id=247
2026-02-04 16:49:22 | INFO | [294e21f71c57483e879bf662b81cdf9c] | app.api.v1.sync_tasks | [294e21f71c57483e879bf662b81cdf9c] 新增接口: DELETE /api/part/category/{id}/
2026-02-04 16:49:22 | INFO | [294e21f71c57483e879bf662b81cdf9c] | app.api.v1.version_snapshots | [294e21f71c57483e879bf662b81cdf9c] 自动创建版本快照成功: id=248, definition_id=249, hash=fb2d01d2a525acbd7a60d2a6315cfa5e
2026-02-04 16:49:22 | INFO | [294e21f71c57483e879bf662b81cdf9c] | app.api.v1.sync_tasks | [294e21f71c57483e879bf662b81cdf9c] 自动创建版本快照成功: snapshot_id=248
2026-02-04 16:49:22 | INFO | [294e21f71c57483e879bf662b81cdf9c] | app.api.v1.sync_tasks | [294e21f71c57483e879bf662b81cdf9c] 新增接口: GET /api/company/part/{id}/
2026-02-04 16:49:22 | INFO | [294e21f71c57483e879bf662b81cdf9c] | app.api.v1.version_snapshots | [294e21f71c57483e879bf662b81cdf9c] 自动创建版本快照成功: id=249, definition_id=250, hash=fb2d01d2a525acbd7a60d2a6315cfa5e
2026-02-04 16:49:22 | INFO | [294e21f71c57483e879bf662b81cdf9c] | app.api.v1.sync_tasks | [294e21f71c57483e879bf662b81cdf9c] 自动创建版本快照成功: snapshot_id=249
2026-02-04 16:49:22 | INFO | [294e21f71c57483e879bf662b81cdf9c] | app.api.v1.sync_tasks | [294e21f71c57483e879bf662b81cdf9c] 新增接口: GET /api/plugins/{plugin}/user-settings/
2026-02-04 16:49:22 | INFO | [294e21f71c57483e879bf662b81cdf9c] | app.api.v1.version_snapshots | [294e21f71c57483e879bf662b81cdf9c] 自动创建版本快照成功: id=250, definition_id=251, hash=fb2d01d2a525acbd7a60d2a6315cfa5e
2026-02-04 16:49:22 | INFO | [294e21f71c57483e879bf662b81cdf9c] | app.api.v1.sync_tasks | [294e21f71c57483e879bf662b81cdf9c] 自动创建版本快照成功: snapshot_id=250
2026-02-04 16:49:22 | INFO | [294e21f71c57483e879bf662b81cdf9c] | app.api.v1.sync_tasks | [294e21f71c57483e879bf662b81cdf9c] 新增接口: PATCH /api/bom/{id}/validate/
2026-02-04 16:49:22 | INFO | [294e21f71c57483e879bf662b81cdf9c] | app.api.v1.version_snapshots | [294e21f71c57483e879bf662b81cdf9c] 自动创建版本快照成功: id=251, definition_id=252, hash=fb2d01d2a525acbd7a60d2a6315cfa5e
2026-02-04 16:49:22 | INFO | [294e21f71c57483e879bf662b81cdf9c] | app.api.v1.sync_tasks | [294e21f71c57483e879bf662b81cdf9c] 自动创建版本快照成功: snapshot_id=251
2026-02-04 16:49:22 | INFO | [294e21f71c57483e879bf662b81cdf9c] | app.api.v1.sync_tasks | [294e21f71c57483e879bf662b81cdf9c] 新增接口: GET /api/order/po-line/{id}/
2026-02-04 16:49:22 | INFO | [294e21f71c57483e879bf662b81cdf9c] | app.api.v1.version_snapshots | [294e21f71c57483e879bf662b81cdf9c] 自动创建版本快照成功: id=252, definition_id=253, hash=fb2d01d2a525acbd7a60d2a6315cfa5e
2026-02-04 16:49:22 | INFO | [294e21f71c57483e879bf662b81cdf9c] | app.api.v1.sync_tasks | [294e21f71c57483e879bf662b81cdf9c] 自动创建版本快照成功: snapshot_id=252
2026-02-04 16:49:22 | INFO | [294e21f71c57483e879bf662b81cdf9c] | app.api.v1.sync_tasks | [294e21f71c57483e879bf662b81cdf9c] 新增接口: POST /api/generate/serial-number/
2026-02-04 16:49:22 | INFO | [294e21f71c57483e879bf662b81cdf9c] | app.api.v1.version_snapshots | [294e21f71c57483e879bf662b81cdf9c] 自动创建版本快照成功: id=253, definition_id=254, hash=fb2d01d2a525acbd7a60d2a6315cfa5e
2026-02-04 16:49:22 | INFO | [294e21f71c57483e879bf662b81cdf9c] | app.api.v1.sync_tasks | [294e21f71c57483e879bf662b81cdf9c] 自动创建版本快照成功: snapshot_id=253
2026-02-04 16:49:22 | INFO | [294e21f71c57483e879bf662b81cdf9c] | app.api.v1.sync_tasks | [294e21f71c57483e879bf662b81cdf9c] 新增接口: PATCH /api/machine/{id}/settings/{config_type}/{key}/
2026-02-04 16:49:22 | INFO | [294e21f71c57483e879bf662b81cdf9c] | app.api.v1.version_snapshots | [294e21f71c57483e879bf662b81cdf9c] 自动创建版本快照成功: id=254, definition_id=255, hash=fb2d01d2a525acbd7a60d2a6315cfa5e
2026-02-04 16:49:22 | INFO | [294e21f71c57483e879bf662b81cdf9c] | app.api.v1.sync_tasks | [294e21f71c57483e879bf662b81cdf9c] 自动创建版本快照成功: snapshot_id=254
2026-02-04 16:49:22 | INFO | [294e21f71c57483e879bf662b81cdf9c] | app.api.v1.sync_tasks | [294e21f71c57483e879bf662b81cdf9c] 新增接口: DELETE /api/build/{id}/
2026-02-04 16:49:22 | INFO | [294e21f71c57483e879bf662b81cdf9c] | app.api.v1.version_snapshots | [294e21f71c57483e879bf662b81cdf9c] 自动创建版本快照成功: id=255, definition_id=256, hash=fb2d01d2a525acbd7a60d2a6315cfa5e
2026-02-04 16:49:22 | INFO | [294e21f71c57483e879bf662b81cdf9c] | app.api.v1.sync_tasks | [294e21f71c57483e879bf662b81cdf9c] 自动创建版本快照成功: snapshot_id=255
2026-02-04 16:49:22 | INFO | [294e21f71c57483e879bf662b81cdf9c] | app.api.v1.sync_tasks | [294e21f71c57483e879bf662b81cdf9c] 新增接口: GET /api/importer/row/
2026-02-04 16:49:22 | INFO | [294e21f71c57483e879bf662b81cdf9c] | app.api.v1.version_snapshots | [294e21f71c57483e879bf662b81cdf9c] 自动创建版本快照成功: id=256, definition_id=257, hash=fb2d01d2a525acbd7a60d2a6315cfa5e
2026-02-04 16:49:22 | INFO | [294e21f71c57483e879bf662b81cdf9c] | app.api.v1.sync_tasks | [294e21f71c57483e879bf662b81cdf9c] 自动创建版本快照成功: snapshot_id=256
2026-02-04 16:49:22 | INFO | [294e21f71c57483e879bf662b81cdf9c] | app.api.v1.sync_tasks | [294e21f71c57483e879bf662b81cdf9c] 新增接口: GET /api/order/po/{id}/metadata/
2026-02-04 16:49:22 | INFO | [294e21f71c57483e879bf662b81cdf9c] | app.api.v1.version_snapshots | [294e21f71c57483e879bf662b81cdf9c] 自动创建版本快照成功: id=257, definition_id=258, hash=fb2d01d2a525acbd7a60d2a6315cfa5e
2026-02-04 16:49:22 | INFO | [294e21f71c57483e879bf662b81cdf9c] | app.api.v1.sync_tasks | [294e21f71c57483e879bf662b81cdf9c] 自动创建版本快照成功: snapshot_id=257
2026-02-04 16:49:22 | INFO | [294e21f71c57483e879bf662b81cdf9c] | app.api.v1.sync_tasks | [294e21f71c57483e879bf662b81cdf9c] 新增接口: POST /api/part/parameter/
2026-02-04 16:49:22 | INFO | [294e21f71c57483e879bf662b81cdf9c] | app.api.v1.version_snapshots | [294e21f71c57483e879bf662b81cdf9c] 自动创建版本快照成功: id=258, definition_id=259, hash=fb2d01d2a525acbd7a60d2a6315cfa5e
2026-02-04 16:49:22 | INFO | [294e21f71c57483e879bf662b81cdf9c] | app.api.v1.sync_tasks | [294e21f71c57483e879bf662b81cdf9c] 自动创建版本快照成功: snapshot_id=258
2026-02-04 16:49:22 | INFO | [294e21f71c57483e879bf662b81cdf9c] | app.api.v1.sync_tasks | [294e21f71c57483e879bf662b81cdf9c] 新增接口: GET /api/plugins/{plugin}/
2026-02-04 16:49:22 | INFO | [294e21f71c57483e879bf662b81cdf9c] | app.api.v1.version_snapshots | [294e21f71c57483e879bf662b81cdf9c] 自动创建版本快照成功: id=259, definition_id=260, hash=fb2d01d2a525acbd7a60d2a6315cfa5e
2026-02-04 16:49:22 | INFO | [294e21f71c57483e879bf662b81cdf9c] | app.api.v1.sync_tasks | [294e21f71c57483e879bf662b81cdf9c] 自动创建版本快照成功: snapshot_id=259
2026-02-04 16:49:22 | INFO | [294e21f71c57483e879bf662b81cdf9c] | app.api.v1.sync_tasks | [294e21f71c57483e879bf662b81cdf9c] 新增接口: POST /api/barcode/generate/
2026-02-04 16:49:22 | INFO | [294e21f71c57483e879bf662b81cdf9c] | app.api.v1.version_snapshots | [294e21f71c57483e879bf662b81cdf9c] 自动创建版本快照成功: id=260, definition_id=261, hash=fb2d01d2a525acbd7a60d2a6315cfa5e
2026-02-04 16:49:22 | INFO | [294e21f71c57483e879bf662b81cdf9c] | app.api.v1.sync_tasks | [294e21f71c57483e879bf662b81cdf9c] 自动创建版本快照成功: snapshot_id=260
2026-02-04 16:49:22 | INFO | [294e21f71c57483e879bf662b81cdf9c] | app.api.v1.sync_tasks | [294e21f71c57483e879bf662b81cdf9c] 新增接口: DELETE /api/notifications/
2026-02-04 16:49:22 | INFO | [294e21f71c57483e879bf662b81cdf9c] | app.api.v1.version_snapshots | [294e21f71c57483e879bf662b81cdf9c] 自动创建版本快照成功: id=261, definition_id=262, hash=fb2d01d2a525acbd7a60d2a6315cfa5e
2026-02-04 16:49:22 | INFO | [294e21f71c57483e879bf662b81cdf9c] | app.api.v1.sync_tasks | [294e21f71c57483e879bf662b81cdf9c] 自动创建版本快照成功: snapshot_id=261
2026-02-04 16:49:22 | INFO | [294e21f71c57483e879bf662b81cdf9c] | app.api.v1.sync_tasks | [294e21f71c57483e879bf662b81cdf9c] 新增接口: GET /api/order/ro/{id}/
2026-02-04 16:49:22 | INFO | [294e21f71c57483e879bf662b81cdf9c] | app.api.v1.version_snapshots | [294e21f71c57483e879bf662b81cdf9c] 自动创建版本快照成功: id=262, definition_id=263, hash=fb2d01d2a525acbd7a60d2a6315cfa5e
2026-02-04 16:49:22 | INFO | [294e21f71c57483e879bf662b81cdf9c] | app.api.v1.sync_tasks | [294e21f71c57483e879bf662b81cdf9c] 自动创建版本快照成功: snapshot_id=262
2026-02-04 16:49:22 | INFO | [294e21f71c57483e879bf662b81cdf9c] | app.api.v1.sync_tasks | [294e21f71c57483e879bf662b81cdf9c] 新增接口: DELETE /api/order/po-extra-line/{id}/
2026-02-04 16:49:22 | INFO | [294e21f71c57483e879bf662b81cdf9c] | app.api.v1.version_snapshots | [294e21f71c57483e879bf662b81cdf9c] 自动创建版本快照成功: id=263, definition_id=264, hash=fb2d01d2a525acbd7a60d2a6315cfa5e
2026-02-04 16:49:22 | INFO | [294e21f71c57483e879bf662b81cdf9c] | app.api.v1.sync_tasks | [294e21f71c57483e879bf662b81cdf9c] 自动创建版本快照成功: snapshot_id=263
2026-02-04 16:49:22 | INFO | [294e21f71c57483e879bf662b81cdf9c] | app.api.v1.sync_tasks | [294e21f71c57483e879bf662b81cdf9c] 新增接口: POST /api/build/{id}/scrap-outputs/
2026-02-04 16:49:22 | INFO | [294e21f71c57483e879bf662b81cdf9c] | app.api.v1.version_snapshots | [294e21f71c57483e879bf662b81cdf9c] 自动创建版本快照成功: id=264, definition_id=265, hash=fb2d01d2a525acbd7a60d2a6315cfa5e
2026-02-04 16:49:22 | INFO | [294e21f71c57483e879bf662b81cdf9c] | app.api.v1.sync_tasks | [294e21f71c57483e879bf662b81cdf9c] 自动创建版本快照成功: snapshot_id=264
2026-02-04 16:49:22 | INFO | [294e21f71c57483e879bf662b81cdf9c] | app.api.v1.sync_tasks | [294e21f71c57483e879bf662b81cdf9c] 新增接口: PUT /api/build/item/{id}/metadata/
2026-02-04 16:49:22 | INFO | [294e21f71c57483e879bf662b81cdf9c] | app.api.v1.version_snapshots | [294e21f71c57483e879bf662b81cdf9c] 自动创建版本快照成功: id=265, definition_id=266, hash=fb2d01d2a525acbd7a60d2a6315cfa5e
2026-02-04 16:49:22 | INFO | [294e21f71c57483e879bf662b81cdf9c] | app.api.v1.sync_tasks | [294e21f71c57483e879bf662b81cdf9c] 自动创建版本快照成功: snapshot_id=265
2026-02-04 16:49:22 | INFO | [294e21f71c57483e879bf662b81cdf9c] | app.api.v1.sync_tasks | [294e21f71c57483e879bf662b81cdf9c] 新增接口: POST /api/stock/add/
2026-02-04 16:49:22 | INFO | [294e21f71c57483e879bf662b81cdf9c] | app.api.v1.version_snapshots | [294e21f71c57483e879bf662b81cdf9c] 自动创建版本快照成功: id=266, definition_id=267, hash=fb2d01d2a525acbd7a60d2a6315cfa5e
2026-02-04 16:49:22 | INFO | [294e21f71c57483e879bf662b81cdf9c] | app.api.v1.sync_tasks | [294e21f71c57483e879bf662b81cdf9c] 自动创建版本快照成功: snapshot_id=266
2026-02-04 16:49:22 | INFO | [294e21f71c57483e879bf662b81cdf9c] | app.api.v1.sync_tasks | [294e21f71c57483e879bf662b81cdf9c] 新增接口: POST /api/admin/email/test/
2026-02-04 16:49:22 | INFO | [294e21f71c57483e879bf662b81cdf9c] | app.api.v1.version_snapshots | [294e21f71c57483e879bf662b81cdf9c] 自动创建版本快照成功: id=267, definition_id=268, hash=fb2d01d2a525acbd7a60d2a6315cfa5e
2026-02-04 16:49:22 | INFO | [294e21f71c57483e879bf662b81cdf9c] | app.api.v1.sync_tasks | [294e21f71c57483e879bf662b81cdf9c] 自动创建版本快照成功: snapshot_id=267
2026-02-04 16:49:22 | INFO | [294e21f71c57483e879bf662b81cdf9c] | app.api.v1.sync_tasks | [294e21f71c57483e879bf662b81cdf9c] 新增接口: PATCH /api/part/
2026-02-04 16:49:22 | INFO | [294e21f71c57483e879bf662b81cdf9c] | app.api.v1.version_snapshots | [294e21f71c57483e879bf662b81cdf9c] 自动创建版本快照成功: id=268, definition_id=269, hash=fb2d01d2a525acbd7a60d2a6315cfa5e
2026-02-04 16:49:22 | INFO | [294e21f71c57483e879bf662b81cdf9c] | app.api.v1.sync_tasks | [294e21f71c57483e879bf662b81cdf9c] 自动创建版本快照成功: snapshot_id=268
2026-02-04 16:49:22 | INFO | [294e21f71c57483e879bf662b81cdf9c] | app.api.v1.sync_tasks | [294e21f71c57483e879bf662b81cdf9c] 新增接口: PATCH /api/part/{id}/
2026-02-04 16:49:22 | INFO | [294e21f71c57483e879bf662b81cdf9c] | app.api.v1.version_snapshots | [294e21f71c57483e879bf662b81cdf9c] 自动创建版本快照成功: id=269, definition_id=270, hash=fb2d01d2a525acbd7a60d2a6315cfa5e
2026-02-04 16:49:22 | INFO | [294e21f71c57483e879bf662b81cdf9c] | app.api.v1.sync_tasks | [294e21f71c57483e879bf662b81cdf9c] 自动创建版本快照成功: snapshot_id=269
2026-02-04 16:49:22 | INFO | [294e21f71c57483e879bf662b81cdf9c] | app.api.v1.sync_tasks | [294e21f71c57483e879bf662b81cdf9c] 新增接口: PUT /api/company/part/manufacturer/{id}/metadata/
2026-02-04 16:49:22 | INFO | [294e21f71c57483e879bf662b81cdf9c] | app.api.v1.version_snapshots | [294e21f71c57483e879bf662b81cdf9c] 自动创建版本快照成功: id=270, definition_id=271, hash=fb2d01d2a525acbd7a60d2a6315cfa5e
2026-02-04 16:49:22 | INFO | [294e21f71c57483e879bf662b81cdf9c] | app.api.v1.sync_tasks | [294e21f71c57483e879bf662b81cdf9c] 自动创建版本快照成功: snapshot_id=270
2026-02-04 16:49:22 | INFO | [294e21f71c57483e879bf662b81cdf9c] | app.api.v1.sync_tasks | [294e21f71c57483e879bf662b81cdf9c] 新增接口: GET /api/order/po/
2026-02-04 16:49:22 | INFO | [294e21f71c57483e879bf662b81cdf9c] | app.api.v1.version_snapshots | [294e21f71c57483e879bf662b81cdf9c] 自动创建版本快照成功: id=271, definition_id=272, hash=fb2d01d2a525acbd7a60d2a6315cfa5e
2026-02-04 16:49:22 | INFO | [294e21f71c57483e879bf662b81cdf9c] | app.api.v1.sync_tasks | [294e21f71c57483e879bf662b81cdf9c] 自动创建版本快照成功: snapshot_id=271
2026-02-04 16:49:22 | INFO | [294e21f71c57483e879bf662b81cdf9c] | app.api.v1.sync_tasks | [294e21f71c57483e879bf662b81cdf9c] 新增接口: DELETE /api/company/address/
2026-02-04 16:49:22 | INFO | [294e21f71c57483e879bf662b81cdf9c] | app.api.v1.version_snapshots | [294e21f71c57483e879bf662b81cdf9c] 自动创建版本快照成功: id=272, definition_id=273, hash=fb2d01d2a525acbd7a60d2a6315cfa5e
2026-02-04 16:49:22 | INFO | [294e21f71c57483e879bf662b81cdf9c] | app.api.v1.sync_tasks | [294e21f71c57483e879bf662b81cdf9c] 自动创建版本快照成功: snapshot_id=272
2026-02-04 16:49:22 | INFO | [294e21f71c57483e879bf662b81cdf9c] | app.api.v1.sync_tasks | [294e21f71c57483e879bf662b81cdf9c] 新增接口: POST /api/company/part/manufacturer/parameter/
2026-02-04 16:49:22 | INFO | [294e21f71c57483e879bf662b81cdf9c] | app.api.v1.version_snapshots | [294e21f71c57483e879bf662b81cdf9c] 自动创建版本快照成功: id=273, definition_id=274, hash=fb2d01d2a525acbd7a60d2a6315cfa5e
2026-02-04 16:49:22 | INFO | [294e21f71c57483e879bf662b81cdf9c] | app.api.v1.sync_tasks | [294e21f71c57483e879bf662b81cdf9c] 自动创建版本快照成功: snapshot_id=273
2026-02-04 16:49:22 | INFO | [294e21f71c57483e879bf662b81cdf9c] | app.api.v1.sync_tasks | [294e21f71c57483e879bf662b81cdf9c] 新增接口: POST /api/generic/status/custom/
2026-02-04 16:49:22 | INFO | [294e21f71c57483e879bf662b81cdf9c] | app.api.v1.version_snapshots | [294e21f71c57483e879bf662b81cdf9c] 自动创建版本快照成功: id=274, definition_id=275, hash=fb2d01d2a525acbd7a60d2a6315cfa5e
2026-02-04 16:49:22 | INFO | [294e21f71c57483e879bf662b81cdf9c] | app.api.v1.sync_tasks | [294e21f71c57483e879bf662b81cdf9c] 自动创建版本快照成功: snapshot_id=274
2026-02-04 16:49:23 | INFO | [294e21f71c57483e879bf662b81cdf9c] | app.api.v1.sync_tasks | [294e21f71c57483e879bf662b81cdf9c] 新增接口: POST /api/order/po-line/
2026-02-04 16:49:23 | INFO | [294e21f71c57483e879bf662b81cdf9c] | app.api.v1.version_snapshots | [294e21f71c57483e879bf662b81cdf9c] 自动创建版本快照成功: id=275, definition_id=276, hash=fb2d01d2a525acbd7a60d2a6315cfa5e
2026-02-04 16:49:23 | INFO | [294e21f71c57483e879bf662b81cdf9c] | app.api.v1.sync_tasks | [294e21f71c57483e879bf662b81cdf9c] 自动创建版本快照成功: snapshot_id=275
2026-02-04 16:49:23 | INFO | [294e21f71c57483e879bf662b81cdf9c] | app.api.v1.sync_tasks | [294e21f71c57483e879bf662b81cdf9c] 新增接口: GET /api/report/template/{id}/
2026-02-04 16:49:23 | INFO | [294e21f71c57483e879bf662b81cdf9c] | app.api.v1.version_snapshots | [294e21f71c57483e879bf662b81cdf9c] 自动创建版本快照成功: id=276, definition_id=277, hash=fb2d01d2a525acbd7a60d2a6315cfa5e
2026-02-04 16:49:23 | INFO | [294e21f71c57483e879bf662b81cdf9c] | app.api.v1.sync_tasks | [294e21f71c57483e879bf662b81cdf9c] 自动创建版本快照成功: snapshot_id=276
2026-02-04 16:49:23 | INFO | [294e21f71c57483e879bf662b81cdf9c] | app.api.v1.sync_tasks | [294e21f71c57483e879bf662b81cdf9c] 新增接口: POST /api/user/tokens/
2026-02-04 16:49:23 | INFO | [294e21f71c57483e879bf662b81cdf9c] | app.api.v1.version_snapshots | [294e21f71c57483e879bf662b81cdf9c] 自动创建版本快照成功: id=277, definition_id=278, hash=fb2d01d2a525acbd7a60d2a6315cfa5e
2026-02-04 16:49:23 | INFO | [294e21f71c57483e879bf662b81cdf9c] | app.api.v1.sync_tasks | [294e21f71c57483e879bf662b81cdf9c] 自动创建版本快照成功: snapshot_id=277
2026-02-04 16:49:23 | INFO | [294e21f71c57483e879bf662b81cdf9c] | app.api.v1.sync_tasks | [294e21f71c57483e879bf662b81cdf9c] 新增接口: DELETE /api/company/part/
2026-02-04 16:49:23 | INFO | [294e21f71c57483e879bf662b81cdf9c] | app.api.v1.version_snapshots | [294e21f71c57483e879bf662b81cdf9c] 自动创建版本快照成功: id=278, definition_id=279, hash=fb2d01d2a525acbd7a60d2a6315cfa5e
2026-02-04 16:49:23 | INFO | [294e21f71c57483e879bf662b81cdf9c] | app.api.v1.sync_tasks | [294e21f71c57483e879bf662b81cdf9c] 自动创建版本快照成功: snapshot_id=278
2026-02-04 16:49:23 | INFO | [294e21f71c57483e879bf662b81cdf9c] | app.api.v1.sync_tasks | [294e21f71c57483e879bf662b81cdf9c] 新增接口: POST /api/order/ro-line/
2026-02-04 16:49:23 | INFO | [294e21f71c57483e879bf662b81cdf9c] | app.api.v1.version_snapshots | [294e21f71c57483e879bf662b81cdf9c] 自动创建版本快照成功: id=279, definition_id=280, hash=fb2d01d2a525acbd7a60d2a6315cfa5e
2026-02-04 16:49:23 | INFO | [294e21f71c57483e879bf662b81cdf9c] | app.api.v1.sync_tasks | [294e21f71c57483e879bf662b81cdf9c] 自动创建版本快照成功: snapshot_id=279
2026-02-04 16:49:23 | INFO | [294e21f71c57483e879bf662b81cdf9c] | app.api.v1.sync_tasks | [294e21f71c57483e879bf662b81cdf9c] 新增接口: GET /api/importer/column-mapping/
2026-02-04 16:49:23 | INFO | [294e21f71c57483e879bf662b81cdf9c] | app.api.v1.version_snapshots | [294e21f71c57483e879bf662b81cdf9c] 自动创建版本快照成功: id=280, definition_id=281, hash=fb2d01d2a525acbd7a60d2a6315cfa5e
2026-02-04 16:49:23 | INFO | [294e21f71c57483e879bf662b81cdf9c] | app.api.v1.sync_tasks | [294e21f71c57483e879bf662b81cdf9c] 自动创建版本快照成功: snapshot_id=280
2026-02-04 16:49:23 | INFO | [294e21f71c57483e879bf662b81cdf9c] | app.api.v1.sync_tasks | [294e21f71c57483e879bf662b81cdf9c] 新增接口: PATCH /api/importer/row/{id}/
2026-02-04 16:49:23 | INFO | [294e21f71c57483e879bf662b81cdf9c] | app.api.v1.version_snapshots | [294e21f71c57483e879bf662b81cdf9c] 自动创建版本快照成功: id=281, definition_id=282, hash=fb2d01d2a525acbd7a60d2a6315cfa5e
2026-02-04 16:49:23 | INFO | [294e21f71c57483e879bf662b81cdf9c] | app.api.v1.sync_tasks | [294e21f71c57483e879bf662b81cdf9c] 自动创建版本快照成功: snapshot_id=281
2026-02-04 16:49:23 | INFO | [294e21f71c57483e879bf662b81cdf9c] | app.api.v1.sync_tasks | [294e21f71c57483e879bf662b81cdf9c] 新增接口: GET /api/stock/location/{id}/metadata/
2026-02-04 16:49:23 | INFO | [294e21f71c57483e879bf662b81cdf9c] | app.api.v1.version_snapshots | [294e21f71c57483e879bf662b81cdf9c] 自动创建版本快照成功: id=282, definition_id=283, hash=fb2d01d2a525acbd7a60d2a6315cfa5e
2026-02-04 16:49:23 | INFO | [294e21f71c57483e879bf662b81cdf9c] | app.api.v1.sync_tasks | [294e21f71c57483e879bf662b81cdf9c] 自动创建版本快照成功: snapshot_id=282
2026-02-04 16:49:23 | INFO | [294e21f71c57483e879bf662b81cdf9c] | app.api.v1.sync_tasks | [294e21f71c57483e879bf662b81cdf9c] 新增接口: PATCH /api/user/group/{id}/
2026-02-04 16:49:23 | INFO | [294e21f71c57483e879bf662b81cdf9c] | app.api.v1.version_snapshots | [294e21f71c57483e879bf662b81cdf9c] 自动创建版本快照成功: id=283, definition_id=284, hash=fb2d01d2a525acbd7a60d2a6315cfa5e
2026-02-04 16:49:23 | INFO | [294e21f71c57483e879bf662b81cdf9c] | app.api.v1.sync_tasks | [294e21f71c57483e879bf662b81cdf9c] 自动创建版本快照成功: snapshot_id=283
2026-02-04 16:49:23 | INFO | [294e21f71c57483e879bf662b81cdf9c] | app.api.v1.sync_tasks | [294e21f71c57483e879bf662b81cdf9c] 新增接口: GET /api/build/line/{id}/
2026-02-04 16:49:23 | INFO | [294e21f71c57483e879bf662b81cdf9c] | app.api.v1.version_snapshots | [294e21f71c57483e879bf662b81cdf9c] 自动创建版本快照成功: id=284, definition_id=285, hash=fb2d01d2a525acbd7a60d2a6315cfa5e
2026-02-04 16:49:23 | INFO | [294e21f71c57483e879bf662b81cdf9c] | app.api.v1.sync_tasks | [294e21f71c57483e879bf662b81cdf9c] 自动创建版本快照成功: snapshot_id=284
2026-02-04 16:49:23 | INFO | [294e21f71c57483e879bf662b81cdf9c] | app.api.v1.sync_tasks | [294e21f71c57483e879bf662b81cdf9c] 新增接口: DELETE /api/part/stocktake/
2026-02-04 16:49:23 | INFO | [294e21f71c57483e879bf662b81cdf9c] | app.api.v1.version_snapshots | [294e21f71c57483e879bf662b81cdf9c] 自动创建版本快照成功: id=285, definition_id=286, hash=fb2d01d2a525acbd7a60d2a6315cfa5e
2026-02-04 16:49:23 | INFO | [294e21f71c57483e879bf662b81cdf9c] | app.api.v1.sync_tasks | [294e21f71c57483e879bf662b81cdf9c] 自动创建版本快照成功: snapshot_id=285
2026-02-04 16:49:23 | INFO | [294e21f71c57483e879bf662b81cdf9c] | app.api.v1.sync_tasks | [294e21f71c57483e879bf662b81cdf9c] 新增接口: DELETE /api/user/tokens/{id}/
2026-02-04 16:49:23 | INFO | [294e21f71c57483e879bf662b81cdf9c] | app.api.v1.version_snapshots | [294e21f71c57483e879bf662b81cdf9c] 自动创建版本快照成功: id=286, definition_id=287, hash=fb2d01d2a525acbd7a60d2a6315cfa5e
2026-02-04 16:49:23 | INFO | [294e21f71c57483e879bf662b81cdf9c] | app.api.v1.sync_tasks | [294e21f71c57483e879bf662b81cdf9c] 自动创建版本快照成功: snapshot_id=286
2026-02-04 16:49:23 | INFO | [294e21f71c57483e879bf662b81cdf9c] | app.api.v1.sync_tasks | [294e21f71c57483e879bf662b81cdf9c] 新增接口: PATCH /api/plugins/{plugin}/settings/{key}/
2026-02-04 16:49:23 | INFO | [294e21f71c57483e879bf662b81cdf9c] | app.api.v1.version_snapshots | [294e21f71c57483e879bf662b81cdf9c] 自动创建版本快照成功: id=287, definition_id=288, hash=fb2d01d2a525acbd7a60d2a6315cfa5e
2026-02-04 16:49:23 | INFO | [294e21f71c57483e879bf662b81cdf9c] | app.api.v1.sync_tasks | [294e21f71c57483e879bf662b81cdf9c] 自动创建版本快照成功: snapshot_id=287
2026-02-04 16:49:23 | INFO | [294e21f71c57483e879bf662b81cdf9c] | app.api.v1.sync_tasks | [294e21f71c57483e879bf662b81cdf9c] 新增接口: PUT /api/project-code/{id}/
2026-02-04 16:49:23 | INFO | [294e21f71c57483e879bf662b81cdf9c] | app.api.v1.version_snapshots | [294e21f71c57483e879bf662b81cdf9c] 自动创建版本快照成功: id=288, definition_id=289, hash=fb2d01d2a525acbd7a60d2a6315cfa5e
2026-02-04 16:49:23 | INFO | [294e21f71c57483e879bf662b81cdf9c] | app.api.v1.sync_tasks | [294e21f71c57483e879bf662b81cdf9c] 自动创建版本快照成功: snapshot_id=288
2026-02-04 16:49:23 | INFO | [294e21f71c57483e879bf662b81cdf9c] | app.api.v1.sync_tasks | [294e21f71c57483e879bf662b81cdf9c] 新增接口: POST /api/order/po/{id}/cancel/
2026-02-04 16:49:23 | INFO | [294e21f71c57483e879bf662b81cdf9c] | app.api.v1.version_snapshots | [294e21f71c57483e879bf662b81cdf9c] 自动创建版本快照成功: id=289, definition_id=290, hash=fb2d01d2a525acbd7a60d2a6315cfa5e
2026-02-04 16:49:23 | INFO | [294e21f71c57483e879bf662b81cdf9c] | app.api.v1.sync_tasks | [294e21f71c57483e879bf662b81cdf9c] 自动创建版本快照成功: snapshot_id=289
2026-02-04 16:49:23 | INFO | [294e21f71c57483e879bf662b81cdf9c] | app.api.v1.sync_tasks | [294e21f71c57483e879bf662b81cdf9c] 新增接口: PUT /api/company/{id}/metadata/
2026-02-04 16:49:23 | INFO | [294e21f71c57483e879bf662b81cdf9c] | app.api.v1.version_snapshots | [294e21f71c57483e879bf662b81cdf9c] 自动创建版本快照成功: id=290, definition_id=291, hash=fb2d01d2a525acbd7a60d2a6315cfa5e
2026-02-04 16:49:23 | INFO | [294e21f71c57483e879bf662b81cdf9c] | app.api.v1.sync_tasks | [294e21f71c57483e879bf662b81cdf9c] 自动创建版本快照成功: snapshot_id=290
2026-02-04 16:49:23 | INFO | [294e21f71c57483e879bf662b81cdf9c] | app.api.v1.sync_tasks | [294e21f71c57483e879bf662b81cdf9c] 新增接口: GET /api/order/so-allocation/{id}/
2026-02-04 16:49:23 | INFO | [294e21f71c57483e879bf662b81cdf9c] | app.api.v1.version_snapshots | [294e21f71c57483e879bf662b81cdf9c] 自动创建版本快照成功: id=291, definition_id=292, hash=fb2d01d2a525acbd7a60d2a6315cfa5e
2026-02-04 16:49:23 | INFO | [294e21f71c57483e879bf662b81cdf9c] | app.api.v1.sync_tasks | [294e21f71c57483e879bf662b81cdf9c] 自动创建版本快照成功: snapshot_id=291
2026-02-04 16:49:23 | INFO | [294e21f71c57483e879bf662b81cdf9c] | app.api.v1.sync_tasks | [294e21f71c57483e879bf662b81cdf9c] 新增接口: DELETE /api/part/{id}/
2026-02-04 16:49:23 | INFO | [294e21f71c57483e879bf662b81cdf9c] | app.api.v1.version_snapshots | [294e21f71c57483e879bf662b81cdf9c] 自动创建版本快照成功: id=292, definition_id=293, hash=fb2d01d2a525acbd7a60d2a6315cfa5e
2026-02-04 16:49:23 | INFO | [294e21f71c57483e879bf662b81cdf9c] | app.api.v1.sync_tasks | [294e21f71c57483e879bf662b81cdf9c] 自动创建版本快照成功: snapshot_id=292
2026-02-04 16:49:23 | INFO | [294e21f71c57483e879bf662b81cdf9c] | app.api.v1.sync_tasks | [294e21f71c57483e879bf662b81cdf9c] 新增接口: POST /api/order/ro-extra-line/
2026-02-04 16:49:23 | INFO | [294e21f71c57483e879bf662b81cdf9c] | app.api.v1.version_snapshots | [294e21f71c57483e879bf662b81cdf9c] 自动创建版本快照成功: id=293, definition_id=294, hash=fb2d01d2a525acbd7a60d2a6315cfa5e
2026-02-04 16:49:23 | INFO | [294e21f71c57483e879bf662b81cdf9c] | app.api.v1.sync_tasks | [294e21f71c57483e879bf662b81cdf9c] 自动创建版本快照成功: snapshot_id=293
2026-02-04 16:49:23 | INFO | [294e21f71c57483e879bf662b81cdf9c] | app.api.v1.sync_tasks | [294e21f71c57483e879bf662b81cdf9c] 新增接口: PATCH /api/settings/global/{key}/
2026-02-04 16:49:23 | INFO | [294e21f71c57483e879bf662b81cdf9c] | app.api.v1.version_snapshots | [294e21f71c57483e879bf662b81cdf9c] 自动创建版本快照成功: id=294, definition_id=295, hash=fb2d01d2a525acbd7a60d2a6315cfa5e
2026-02-04 16:49:23 | INFO | [294e21f71c57483e879bf662b81cdf9c] | app.api.v1.sync_tasks | [294e21f71c57483e879bf662b81cdf9c] 自动创建版本快照成功: snapshot_id=294
2026-02-04 16:49:23 | INFO | [294e21f71c57483e879bf662b81cdf9c] | app.api.v1.sync_tasks | [294e21f71c57483e879bf662b81cdf9c] 新增接口: DELETE /api/data-output/{id}/
2026-02-04 16:49:23 | INFO | [294e21f71c57483e879bf662b81cdf9c] | app.api.v1.version_snapshots | [294e21f71c57483e879bf662b81cdf9c] 自动创建版本快照成功: id=295, definition_id=296, hash=fb2d01d2a525acbd7a60d2a6315cfa5e
2026-02-04 16:49:23 | INFO | [294e21f71c57483e879bf662b81cdf9c] | app.api.v1.sync_tasks | [294e21f71c57483e879bf662b81cdf9c] 自动创建版本快照成功: snapshot_id=295
2026-02-04 16:49:23 | INFO | [294e21f71c57483e879bf662b81cdf9c] | app.api.v1.sync_tasks | [294e21f71c57483e879bf662b81cdf9c] 新增接口: POST /api/machine/
2026-02-04 16:49:23 | INFO | [294e21f71c57483e879bf662b81cdf9c] | app.api.v1.version_snapshots | [294e21f71c57483e879bf662b81cdf9c] 自动创建版本快照成功: id=296, definition_id=297, hash=fb2d01d2a525acbd7a60d2a6315cfa5e
2026-02-04 16:49:23 | INFO | [294e21f71c57483e879bf662b81cdf9c] | app.api.v1.sync_tasks | [294e21f71c57483e879bf662b81cdf9c] 自动创建版本快照成功: snapshot_id=296
2026-02-04 16:49:23 | INFO | [294e21f71c57483e879bf662b81cdf9c] | app.api.v1.sync_tasks | [294e21f71c57483e879bf662b81cdf9c] 新增接口: GET /api/settings/user/
2026-02-04 16:49:23 | INFO | [294e21f71c57483e879bf662b81cdf9c] | app.api.v1.version_snapshots | [294e21f71c57483e879bf662b81cdf9c] 自动创建版本快照成功: id=297, definition_id=298, hash=fb2d01d2a525acbd7a60d2a6315cfa5e
2026-02-04 16:49:23 | INFO | [294e21f71c57483e879bf662b81cdf9c] | app.api.v1.sync_tasks | [294e21f71c57483e879bf662b81cdf9c] 自动创建版本快照成功: snapshot_id=297
2026-02-04 16:49:23 | INFO | [294e21f71c57483e879bf662b81cdf9c] | app.api.v1.sync_tasks | [294e21f71c57483e879bf662b81cdf9c] 新增接口: GET /api/news/{id}/
2026-02-04 16:49:23 | INFO | [294e21f71c57483e879bf662b81cdf9c] | app.api.v1.version_snapshots | [294e21f71c57483e879bf662b81cdf9c] 自动创建版本快照成功: id=298, definition_id=299, hash=fb2d01d2a525acbd7a60d2a6315cfa5e
2026-02-04 16:49:23 | INFO | [294e21f71c57483e879bf662b81cdf9c] | app.api.v1.sync_tasks | [294e21f71c57483e879bf662b81cdf9c] 自动创建版本快照成功: snapshot_id=298
2026-02-04 16:49:23 | INFO | [294e21f71c57483e879bf662b81cdf9c] | app.api.v1.sync_tasks | [294e21f71c57483e879bf662b81cdf9c] 新增接口: POST /api/order/so/{id}/complete/
2026-02-04 16:49:23 | INFO | [294e21f71c57483e879bf662b81cdf9c] | app.api.v1.version_snapshots | [294e21f71c57483e879bf662b81cdf9c] 自动创建版本快照成功: id=299, definition_id=300, hash=fb2d01d2a525acbd7a60d2a6315cfa5e
2026-02-04 16:49:23 | INFO | [294e21f71c57483e879bf662b81cdf9c] | app.api.v1.sync_tasks | [294e21f71c57483e879bf662b81cdf9c] 自动创建版本快照成功: snapshot_id=299
2026-02-04 16:49:23 | INFO | [294e21f71c57483e879bf662b81cdf9c] | app.api.v1.sync_tasks | [294e21f71c57483e879bf662b81cdf9c] 新增接口: POST /api/build/{id}/auto-allocate/
2026-02-04 16:49:23 | INFO | [294e21f71c57483e879bf662b81cdf9c] | app.api.v1.version_snapshots | [294e21f71c57483e879bf662b81cdf9c] 自动创建版本快照成功: id=300, definition_id=301, hash=fb2d01d2a525acbd7a60d2a6315cfa5e
2026-02-04 16:49:23 | INFO | [294e21f71c57483e879bf662b81cdf9c] | app.api.v1.sync_tasks | [294e21f71c57483e879bf662b81cdf9c] 自动创建版本快照成功: snapshot_id=300
2026-02-04 16:49:23 | INFO | [294e21f71c57483e879bf662b81cdf9c] | app.api.v1.sync_tasks | [294e21f71c57483e879bf662b81cdf9c] 新增接口: GET /api/admin/email/{global_id}/
2026-02-04 16:49:23 | INFO | [294e21f71c57483e879bf662b81cdf9c] | app.api.v1.version_snapshots | [294e21f71c57483e879bf662b81cdf9c] 自动创建版本快照成功: id=301, definition_id=302, hash=fb2d01d2a525acbd7a60d2a6315cfa5e
2026-02-04 16:49:23 | INFO | [294e21f71c57483e879bf662b81cdf9c] | app.api.v1.sync_tasks | [294e21f71c57483e879bf662b81cdf9c] 自动创建版本快照成功: snapshot_id=301
2026-02-04 16:49:23 | INFO | [294e21f71c57483e879bf662b81cdf9c] | app.api.v1.sync_tasks | [294e21f71c57483e879bf662b81cdf9c] 新增接口: GET /api/stock/location-type/{id}/
2026-02-04 16:49:23 | INFO | [294e21f71c57483e879bf662b81cdf9c] | app.api.v1.version_snapshots | [294e21f71c57483e879bf662b81cdf9c] 自动创建版本快照成功: id=302, definition_id=303, hash=fb2d01d2a525acbd7a60d2a6315cfa5e
2026-02-04 16:49:23 | INFO | [294e21f71c57483e879bf662b81cdf9c] | app.api.v1.sync_tasks | [294e21f71c57483e879bf662b81cdf9c] 自动创建版本快照成功: snapshot_id=302
2026-02-04 16:49:23 | INFO | [294e21f71c57483e879bf662b81cdf9c] | app.api.v1.sync_tasks | [294e21f71c57483e879bf662b81cdf9c] 新增接口: POST /api/company/price-break/
2026-02-04 16:49:23 | INFO | [294e21f71c57483e879bf662b81cdf9c] | app.api.v1.version_snapshots | [294e21f71c57483e879bf662b81cdf9c] 自动创建版本快照成功: id=303, definition_id=304, hash=fb2d01d2a525acbd7a60d2a6315cfa5e
2026-02-04 16:49:23 | INFO | [294e21f71c57483e879bf662b81cdf9c] | app.api.v1.sync_tasks | [294e21f71c57483e879bf662b81cdf9c] 自动创建版本快照成功: snapshot_id=303
2026-02-04 16:49:23 | INFO | [294e21f71c57483e879bf662b81cdf9c] | app.api.v1.sync_tasks | [294e21f71c57483e879bf662b81cdf9c] 新增接口: DELETE /api/importer/session/
2026-02-04 16:49:23 | INFO | [294e21f71c57483e879bf662b81cdf9c] | app.api.v1.version_snapshots | [294e21f71c57483e879bf662b81cdf9c] 自动创建版本快照成功: id=304, definition_id=305, hash=fb2d01d2a525acbd7a60d2a6315cfa5e
2026-02-04 16:49:23 | INFO | [294e21f71c57483e879bf662b81cdf9c] | app.api.v1.sync_tasks | [294e21f71c57483e879bf662b81cdf9c] 自动创建版本快照成功: snapshot_id=304
2026-02-04 16:49:23 | INFO | [294e21f71c57483e879bf662b81cdf9c] | app.api.v1.sync_tasks | [294e21f71c57483e879bf662b81cdf9c] 新增接口: PUT /api/company/part/manufacturer/parameter/{id}/
2026-02-04 16:49:23 | INFO | [294e21f71c57483e879bf662b81cdf9c] | app.api.v1.version_snapshots | [294e21f71c57483e879bf662b81cdf9c] 自动创建版本快照成功: id=305, definition_id=306, hash=fb2d01d2a525acbd7a60d2a6315cfa5e
2026-02-04 16:49:23 | INFO | [294e21f71c57483e879bf662b81cdf9c] | app.api.v1.sync_tasks | [294e21f71c57483e879bf662b81cdf9c] 自动创建版本快照成功: snapshot_id=305
2026-02-04 16:49:23 | INFO | [294e21f71c57483e879bf662b81cdf9c] | app.api.v1.sync_tasks | [294e21f71c57483e879bf662b81cdf9c] 新增接口: GET /api/part/thumbs/
2026-02-04 16:49:23 | INFO | [294e21f71c57483e879bf662b81cdf9c] | app.api.v1.version_snapshots | [294e21f71c57483e879bf662b81cdf9c] 自动创建版本快照成功: id=306, definition_id=307, hash=fb2d01d2a525acbd7a60d2a6315cfa5e
2026-02-04 16:49:23 | INFO | [294e21f71c57483e879bf662b81cdf9c] | app.api.v1.sync_tasks | [294e21f71c57483e879bf662b81cdf9c] 自动创建版本快照成功: snapshot_id=306
2026-02-04 16:49:23 | INFO | [294e21f71c57483e879bf662b81cdf9c] | app.api.v1.sync_tasks | [294e21f71c57483e879bf662b81cdf9c] 新增接口: POST /api/bom/substitute/
2026-02-04 16:49:23 | INFO | [294e21f71c57483e879bf662b81cdf9c] | app.api.v1.version_snapshots | [294e21f71c57483e879bf662b81cdf9c] 自动创建版本快照成功: id=307, definition_id=308, hash=fb2d01d2a525acbd7a60d2a6315cfa5e
2026-02-04 16:49:23 | INFO | [294e21f71c57483e879bf662b81cdf9c] | app.api.v1.sync_tasks | [294e21f71c57483e879bf662b81cdf9c] 自动创建版本快照成功: snapshot_id=307
2026-02-04 16:49:23 | INFO | [294e21f71c57483e879bf662b81cdf9c] | app.api.v1.sync_tasks | [294e21f71c57483e879bf662b81cdf9c] 新增接口: GET /api/notifications/
2026-02-04 16:49:23 | INFO | [294e21f71c57483e879bf662b81cdf9c] | app.api.v1.version_snapshots | [294e21f71c57483e879bf662b81cdf9c] 自动创建版本快照成功: id=308, definition_id=309, hash=fb2d01d2a525acbd7a60d2a6315cfa5e
2026-02-04 16:49:23 | INFO | [294e21f71c57483e879bf662b81cdf9c] | app.api.v1.sync_tasks | [294e21f71c57483e879bf662b81cdf9c] 自动创建版本快照成功: snapshot_id=308
2026-02-04 16:49:23 | INFO | [294e21f71c57483e879bf662b81cdf9c] | app.api.v1.sync_tasks | [294e21f71c57483e879bf662b81cdf9c] 新增接口: POST /api/plugins/install/
2026-02-04 16:49:23 | INFO | [294e21f71c57483e879bf662b81cdf9c] | app.api.v1.version_snapshots | [294e21f71c57483e879bf662b81cdf9c] 自动创建版本快照成功: id=309, definition_id=310, hash=fb2d01d2a525acbd7a60d2a6315cfa5e
2026-02-04 16:49:23 | INFO | [294e21f71c57483e879bf662b81cdf9c] | app.api.v1.sync_tasks | [294e21f71c57483e879bf662b81cdf9c] 自动创建版本快照成功: snapshot_id=309
2026-02-04 16:49:23 | INFO | [294e21f71c57483e879bf662b81cdf9c] | app.api.v1.sync_tasks | [294e21f71c57483e879bf662b81cdf9c] 新增接口: PUT /api/order/so/{id}/
2026-02-04 16:49:23 | INFO | [294e21f71c57483e879bf662b81cdf9c] | app.api.v1.version_snapshots | [294e21f71c57483e879bf662b81cdf9c] 自动创建版本快照成功: id=310, definition_id=311, hash=fb2d01d2a525acbd7a60d2a6315cfa5e
2026-02-04 16:49:23 | INFO | [294e21f71c57483e879bf662b81cdf9c] | app.api.v1.sync_tasks | [294e21f71c57483e879bf662b81cdf9c] 自动创建版本快照成功: snapshot_id=310
2026-02-04 16:49:23 | INFO | [294e21f71c57483e879bf662b81cdf9c] | app.api.v1.sync_tasks | [294e21f71c57483e879bf662b81cdf9c] 新增接口: GET /api/order/po-extra-line/{id}/
2026-02-04 16:49:23 | INFO | [294e21f71c57483e879bf662b81cdf9c] | app.api.v1.version_snapshots | [294e21f71c57483e879bf662b81cdf9c] 自动创建版本快照成功: id=311, definition_id=312, hash=fb2d01d2a525acbd7a60d2a6315cfa5e
2026-02-04 16:49:23 | INFO | [294e21f71c57483e879bf662b81cdf9c] | app.api.v1.sync_tasks | [294e21f71c57483e879bf662b81cdf9c] 自动创建版本快照成功: snapshot_id=311
2026-02-04 16:49:23 | INFO | [294e21f71c57483e879bf662b81cdf9c] | app.api.v1.sync_tasks | [294e21f71c57483e879bf662b81cdf9c] 新增接口: POST /api/build/{id}/finish/
2026-02-04 16:49:23 | INFO | [294e21f71c57483e879bf662b81cdf9c] | app.api.v1.version_snapshots | [294e21f71c57483e879bf662b81cdf9c] 自动创建版本快照成功: id=312, definition_id=313, hash=fb2d01d2a525acbd7a60d2a6315cfa5e
2026-02-04 16:49:23 | INFO | [294e21f71c57483e879bf662b81cdf9c] | app.api.v1.sync_tasks | [294e21f71c57483e879bf662b81cdf9c] 自动创建版本快照成功: snapshot_id=312
2026-02-04 16:49:23 | INFO | [294e21f71c57483e879bf662b81cdf9c] | app.api.v1.sync_tasks | [294e21f71c57483e879bf662b81cdf9c] 新增接口: POST /api/build/{id}/hold/
2026-02-04 16:49:23 | INFO | [294e21f71c57483e879bf662b81cdf9c] | app.api.v1.version_snapshots | [294e21f71c57483e879bf662b81cdf9c] 自动创建版本快照成功: id=313, definition_id=314, hash=fb2d01d2a525acbd7a60d2a6315cfa5e
2026-02-04 16:49:23 | INFO | [294e21f71c57483e879bf662b81cdf9c] | app.api.v1.sync_tasks | [294e21f71c57483e879bf662b81cdf9c] 自动创建版本快照成功: snapshot_id=313
2026-02-04 16:49:23 | INFO | [294e21f71c57483e879bf662b81cdf9c] | app.api.v1.sync_tasks | [294e21f71c57483e879bf662b81cdf9c] 新增接口: POST /api/build/line/
2026-02-04 16:49:23 | INFO | [294e21f71c57483e879bf662b81cdf9c] | app.api.v1.version_snapshots | [294e21f71c57483e879bf662b81cdf9c] 自动创建版本快照成功: id=314, definition_id=315, hash=fb2d01d2a525acbd7a60d2a6315cfa5e
2026-02-04 16:49:23 | INFO | [294e21f71c57483e879bf662b81cdf9c] | app.api.v1.sync_tasks | [294e21f71c57483e879bf662b81cdf9c] 自动创建版本快照成功: snapshot_id=314
2026-02-04 16:49:23 | INFO | [294e21f71c57483e879bf662b81cdf9c] | app.api.v1.sync_tasks | [294e21f71c57483e879bf662b81cdf9c] 新增接口: GET /api/bom/substitute/{id}/metadata/
2026-02-04 16:49:23 | INFO | [294e21f71c57483e879bf662b81cdf9c] | app.api.v1.version_snapshots | [294e21f71c57483e879bf662b81cdf9c] 自动创建版本快照成功: id=315, definition_id=316, hash=fb2d01d2a525acbd7a60d2a6315cfa5e
2026-02-04 16:49:23 | INFO | [294e21f71c57483e879bf662b81cdf9c] | app.api.v1.sync_tasks | [294e21f71c57483e879bf662b81cdf9c] 自动创建版本快照成功: snapshot_id=315
2026-02-04 16:49:23 | INFO | [294e21f71c57483e879bf662b81cdf9c] | app.api.v1.sync_tasks | [294e21f71c57483e879bf662b81cdf9c] 新增接口: GET /api/user/profile/
2026-02-04 16:49:23 | INFO | [294e21f71c57483e879bf662b81cdf9c] | app.api.v1.version_snapshots | [294e21f71c57483e879bf662b81cdf9c] 自动创建版本快照成功: id=316, definition_id=317, hash=fb2d01d2a525acbd7a60d2a6315cfa5e
2026-02-04 16:49:23 | INFO | [294e21f71c57483e879bf662b81cdf9c] | app.api.v1.sync_tasks | [294e21f71c57483e879bf662b81cdf9c] 自动创建版本快照成功: snapshot_id=316
2026-02-04 16:49:23 | INFO | [294e21f71c57483e879bf662b81cdf9c] | app.api.v1.sync_tasks | [294e21f71c57483e879bf662b81cdf9c] 新增接口: POST /api/stock/test/
2026-02-04 16:49:23 | INFO | [294e21f71c57483e879bf662b81cdf9c] | app.api.v1.version_snapshots | [294e21f71c57483e879bf662b81cdf9c] 自动创建版本快照成功: id=317, definition_id=318, hash=fb2d01d2a525acbd7a60d2a6315cfa5e
2026-02-04 16:49:23 | INFO | [294e21f71c57483e879bf662b81cdf9c] | app.api.v1.sync_tasks | [294e21f71c57483e879bf662b81cdf9c] 自动创建版本快照成功: snapshot_id=317
2026-02-04 16:49:23 | INFO | [294e21f71c57483e879bf662b81cdf9c] | app.api.v1.sync_tasks | [294e21f71c57483e879bf662b81cdf9c] 新增接口: PATCH /api/build/item/{id}/metadata/
2026-02-04 16:49:23 | INFO | [294e21f71c57483e879bf662b81cdf9c] | app.api.v1.version_snapshots | [294e21f71c57483e879bf662b81cdf9c] 自动创建版本快照成功: id=318, definition_id=319, hash=fb2d01d2a525acbd7a60d2a6315cfa5e
2026-02-04 16:49:23 | INFO | [294e21f71c57483e879bf662b81cdf9c] | app.api.v1.sync_tasks | [294e21f71c57483e879bf662b81cdf9c] 自动创建版本快照成功: snapshot_id=318
2026-02-04 16:49:23 | INFO | [294e21f71c57483e879bf662b81cdf9c] | app.api.v1.sync_tasks | [294e21f71c57483e879bf662b81cdf9c] 新增接口: PUT /api/user/{id}/
2026-02-04 16:49:23 | INFO | [294e21f71c57483e879bf662b81cdf9c] | app.api.v1.version_snapshots | [294e21f71c57483e879bf662b81cdf9c] 自动创建版本快照成功: id=319, definition_id=320, hash=fb2d01d2a525acbd7a60d2a6315cfa5e
2026-02-04 16:49:23 | INFO | [294e21f71c57483e879bf662b81cdf9c] | app.api.v1.sync_tasks | [294e21f71c57483e879bf662b81cdf9c] 自动创建版本快照成功: snapshot_id=319
2026-02-04 16:49:23 | INFO | [294e21f71c57483e879bf662b81cdf9c] | app.api.v1.sync_tasks | [294e21f71c57483e879bf662b81cdf9c] 新增接口: POST /api/action/
2026-02-04 16:49:23 | INFO | [294e21f71c57483e879bf662b81cdf9c] | app.api.v1.version_snapshots | [294e21f71c57483e879bf662b81cdf9c] 自动创建版本快照成功: id=320, definition_id=321, hash=fb2d01d2a525acbd7a60d2a6315cfa5e
2026-02-04 16:49:23 | INFO | [294e21f71c57483e879bf662b81cdf9c] | app.api.v1.sync_tasks | [294e21f71c57483e879bf662b81cdf9c] 自动创建版本快照成功: snapshot_id=320
2026-02-04 16:49:23 | INFO | [294e21f71c57483e879bf662b81cdf9c] | app.api.v1.sync_tasks | [294e21f71c57483e879bf662b81cdf9c] 新增接口: GET /api/company/part/
2026-02-04 16:49:23 | INFO | [294e21f71c57483e879bf662b81cdf9c] | app.api.v1.version_snapshots | [294e21f71c57483e879bf662b81cdf9c] 自动创建版本快照成功: id=321, definition_id=322, hash=fb2d01d2a525acbd7a60d2a6315cfa5e
2026-02-04 16:49:23 | INFO | [294e21f71c57483e879bf662b81cdf9c] | app.api.v1.sync_tasks | [294e21f71c57483e879bf662b81cdf9c] 自动创建版本快照成功: snapshot_id=321
2026-02-04 16:49:23 | INFO | [294e21f71c57483e879bf662b81cdf9c] | app.api.v1.sync_tasks | [294e21f71c57483e879bf662b81cdf9c] 新增接口: PATCH /api/company/part/manufacturer/{id}/metadata/
2026-02-04 16:49:23 | INFO | [294e21f71c57483e879bf662b81cdf9c] | app.api.v1.version_snapshots | [294e21f71c57483e879bf662b81cdf9c] 自动创建版本快照成功: id=322, definition_id=323, hash=fb2d01d2a525acbd7a60d2a6315cfa5e
2026-02-04 16:49:23 | INFO | [294e21f71c57483e879bf662b81cdf9c] | app.api.v1.sync_tasks | [294e21f71c57483e879bf662b81cdf9c] 自动创建版本快照成功: snapshot_id=322
2026-02-04 16:49:23 | INFO | [294e21f71c57483e879bf662b81cdf9c] | app.api.v1.sync_tasks | [294e21f71c57483e879bf662b81cdf9c] 新增接口: GET /api/user/token/
2026-02-04 16:49:23 | INFO | [294e21f71c57483e879bf662b81cdf9c] | app.api.v1.version_snapshots | [294e21f71c57483e879bf662b81cdf9c] 自动创建版本快照成功: id=323, definition_id=324, hash=fb2d01d2a525acbd7a60d2a6315cfa5e
2026-02-04 16:49:23 | INFO | [294e21f71c57483e879bf662b81cdf9c] | app.api.v1.sync_tasks | [294e21f71c57483e879bf662b81cdf9c] 自动创建版本快照成功: snapshot_id=323
2026-02-04 16:49:23 | INFO | [294e21f71c57483e879bf662b81cdf9c] | app.api.v1.sync_tasks | [294e21f71c57483e879bf662b81cdf9c] 新增接口: GET /api/part/parameter/template/
2026-02-04 16:49:23 | INFO | [294e21f71c57483e879bf662b81cdf9c] | app.api.v1.version_snapshots | [294e21f71c57483e879bf662b81cdf9c] 自动创建版本快照成功: id=324, definition_id=325, hash=fb2d01d2a525acbd7a60d2a6315cfa5e
2026-02-04 16:49:23 | INFO | [294e21f71c57483e879bf662b81cdf9c] | app.api.v1.sync_tasks | [294e21f71c57483e879bf662b81cdf9c] 自动创建版本快照成功: snapshot_id=324
2026-02-04 16:49:23 | INFO | [294e21f71c57483e879bf662b81cdf9c] | app.api.v1.sync_tasks | [294e21f71c57483e879bf662b81cdf9c] 新增接口: GET /api/part/parameter/
2026-02-04 16:49:23 | INFO | [294e21f71c57483e879bf662b81cdf9c] | app.api.v1.version_snapshots | [294e21f71c57483e879bf662b81cdf9c] 自动创建版本快照成功: id=325, definition_id=326, hash=fb2d01d2a525acbd7a60d2a6315cfa5e
2026-02-04 16:49:23 | INFO | [294e21f71c57483e879bf662b81cdf9c] | app.api.v1.sync_tasks | [294e21f71c57483e879bf662b81cdf9c] 自动创建版本快照成功: snapshot_id=325
2026-02-04 16:49:23 | INFO | [294e21f71c57483e879bf662b81cdf9c] | app.api.v1.sync_tasks | [294e21f71c57483e879bf662b81cdf9c] 新增接口: PUT /api/user/ruleset/{id}/
2026-02-04 16:49:23 | INFO | [294e21f71c57483e879bf662b81cdf9c] | app.api.v1.version_snapshots | [294e21f71c57483e879bf662b81cdf9c] 自动创建版本快照成功: id=326, definition_id=327, hash=fb2d01d2a525acbd7a60d2a6315cfa5e
2026-02-04 16:49:23 | INFO | [294e21f71c57483e879bf662b81cdf9c] | app.api.v1.sync_tasks | [294e21f71c57483e879bf662b81cdf9c] 自动创建版本快照成功: snapshot_id=326
2026-02-04 16:49:23 | INFO | [294e21f71c57483e879bf662b81cdf9c] | app.api.v1.sync_tasks | [294e21f71c57483e879bf662b81cdf9c] 新增接口: GET /api/user/tokens/{id}/
2026-02-04 16:49:23 | INFO | [294e21f71c57483e879bf662b81cdf9c] | app.api.v1.version_snapshots | [294e21f71c57483e879bf662b81cdf9c] 自动创建版本快照成功: id=327, definition_id=328, hash=fb2d01d2a525acbd7a60d2a6315cfa5e
2026-02-04 16:49:23 | INFO | [294e21f71c57483e879bf662b81cdf9c] | app.api.v1.sync_tasks | [294e21f71c57483e879bf662b81cdf9c] 自动创建版本快照成功: snapshot_id=327
2026-02-04 16:49:23 | INFO | [294e21f71c57483e879bf662b81cdf9c] | app.api.v1.sync_tasks | [294e21f71c57483e879bf662b81cdf9c] 新增接口: GET /api/selection/{id}/
2026-02-04 16:49:23 | INFO | [294e21f71c57483e879bf662b81cdf9c] | app.api.v1.version_snapshots | [294e21f71c57483e879bf662b81cdf9c] 自动创建版本快照成功: id=328, definition_id=329, hash=fb2d01d2a525acbd7a60d2a6315cfa5e
2026-02-04 16:49:23 | INFO | [294e21f71c57483e879bf662b81cdf9c] | app.api.v1.sync_tasks | [294e21f71c57483e879bf662b81cdf9c] 自动创建版本快照成功: snapshot_id=328
2026-02-04 16:49:23 | INFO | [294e21f71c57483e879bf662b81cdf9c] | app.api.v1.sync_tasks | [294e21f71c57483e879bf662b81cdf9c] 新增接口: GET /api/part/sale-price/{id}/
2026-02-04 16:49:23 | INFO | [294e21f71c57483e879bf662b81cdf9c] | app.api.v1.version_snapshots | [294e21f71c57483e879bf662b81cdf9c] 自动创建版本快照成功: id=329, definition_id=330, hash=fb2d01d2a525acbd7a60d2a6315cfa5e
2026-02-04 16:49:23 | INFO | [294e21f71c57483e879bf662b81cdf9c] | app.api.v1.sync_tasks | [294e21f71c57483e879bf662b81cdf9c] 自动创建版本快照成功: snapshot_id=329
2026-02-04 16:49:23 | INFO | [294e21f71c57483e879bf662b81cdf9c] | app.api.v1.sync_tasks | [294e21f71c57483e879bf662b81cdf9c] 新增接口: POST /api/attachment/
2026-02-04 16:49:23 | INFO | [294e21f71c57483e879bf662b81cdf9c] | app.api.v1.version_snapshots | [294e21f71c57483e879bf662b81cdf9c] 自动创建版本快照成功: id=330, definition_id=331, hash=fb2d01d2a525acbd7a60d2a6315cfa5e
2026-02-04 16:49:23 | INFO | [294e21f71c57483e879bf662b81cdf9c] | app.api.v1.sync_tasks | [294e21f71c57483e879bf662b81cdf9c] 自动创建版本快照成功: snapshot_id=330
2026-02-04 16:49:23 | INFO | [294e21f71c57483e879bf662b81cdf9c] | app.api.v1.sync_tasks | [294e21f71c57483e879bf662b81cdf9c] 新增接口: GET /api/bom/{id}/metadata/
2026-02-04 16:49:23 | INFO | [294e21f71c57483e879bf662b81cdf9c] | app.api.v1.version_snapshots | [294e21f71c57483e879bf662b81cdf9c] 自动创建版本快照成功: id=331, definition_id=332, hash=fb2d01d2a525acbd7a60d2a6315cfa5e
2026-02-04 16:49:23 | INFO | [294e21f71c57483e879bf662b81cdf9c] | app.api.v1.sync_tasks | [294e21f71c57483e879bf662b81cdf9c] 自动创建版本快照成功: snapshot_id=331
2026-02-04 16:49:23 | INFO | [294e21f71c57483e879bf662b81cdf9c] | app.api.v1.sync_tasks | [294e21f71c57483e879bf662b81cdf9c] 新增接口: PATCH /api/project-code/{id}/
2026-02-04 16:49:23 | INFO | [294e21f71c57483e879bf662b81cdf9c] | app.api.v1.version_snapshots | [294e21f71c57483e879bf662b81cdf9c] 自动创建版本快照成功: id=332, definition_id=333, hash=fb2d01d2a525acbd7a60d2a6315cfa5e
2026-02-04 16:49:23 | INFO | [294e21f71c57483e879bf662b81cdf9c] | app.api.v1.sync_tasks | [294e21f71c57483e879bf662b81cdf9c] 自动创建版本快照成功: snapshot_id=332
2026-02-04 16:49:23 | INFO | [294e21f71c57483e879bf662b81cdf9c] | app.api.v1.sync_tasks | [294e21f71c57483e879bf662b81cdf9c] 新增接口: GET /api/stock/track/
2026-02-04 16:49:23 | INFO | [294e21f71c57483e879bf662b81cdf9c] | app.api.v1.version_snapshots | [294e21f71c57483e879bf662b81cdf9c] 自动创建版本快照成功: id=333, definition_id=334, hash=fb2d01d2a525acbd7a60d2a6315cfa5e
2026-02-04 16:49:23 | INFO | [294e21f71c57483e879bf662b81cdf9c] | app.api.v1.sync_tasks | [294e21f71c57483e879bf662b81cdf9c] 自动创建版本快照成功: snapshot_id=333
2026-02-04 16:49:23 | INFO | [294e21f71c57483e879bf662b81cdf9c] | app.api.v1.sync_tasks | [294e21f71c57483e879bf662b81cdf9c] 新增接口: POST /api/order/ro/{id}/cancel/
2026-02-04 16:49:23 | INFO | [294e21f71c57483e879bf662b81cdf9c] | app.api.v1.version_snapshots | [294e21f71c57483e879bf662b81cdf9c] 自动创建版本快照成功: id=334, definition_id=335, hash=fb2d01d2a525acbd7a60d2a6315cfa5e
2026-02-04 16:49:23 | INFO | [294e21f71c57483e879bf662b81cdf9c] | app.api.v1.sync_tasks | [294e21f71c57483e879bf662b81cdf9c] 自动创建版本快照成功: snapshot_id=334
2026-02-04 16:49:23 | INFO | [294e21f71c57483e879bf662b81cdf9c] | app.api.v1.sync_tasks | [294e21f71c57483e879bf662b81cdf9c] 新增接口: GET /api/company/part/manufacturer/parameter/
2026-02-04 16:49:23 | INFO | [294e21f71c57483e879bf662b81cdf9c] | app.api.v1.version_snapshots | [294e21f71c57483e879bf662b81cdf9c] 自动创建版本快照成功: id=335, definition_id=336, hash=fb2d01d2a525acbd7a60d2a6315cfa5e
2026-02-04 16:49:23 | INFO | [294e21f71c57483e879bf662b81cdf9c] | app.api.v1.sync_tasks | [294e21f71c57483e879bf662b81cdf9c] 自动创建版本快照成功: snapshot_id=335
2026-02-04 16:49:23 | INFO | [294e21f71c57483e879bf662b81cdf9c] | app.api.v1.sync_tasks | [294e21f71c57483e879bf662b81cdf9c] 新增接口: GET /api/generic/status/custom/
2026-02-04 16:49:23 | INFO | [294e21f71c57483e879bf662b81cdf9c] | app.api.v1.version_snapshots | [294e21f71c57483e879bf662b81cdf9c] 自动创建版本快照成功: id=336, definition_id=337, hash=fb2d01d2a525acbd7a60d2a6315cfa5e
2026-02-04 16:49:23 | INFO | [294e21f71c57483e879bf662b81cdf9c] | app.api.v1.sync_tasks | [294e21f71c57483e879bf662b81cdf9c] 自动创建版本快照成功: snapshot_id=336
2026-02-04 16:49:23 | INFO | [294e21f71c57483e879bf662b81cdf9c] | app.api.v1.sync_tasks | [294e21f71c57483e879bf662b81cdf9c] 新增接口: GET /api/order/po-line/
2026-02-04 16:49:23 | INFO | [294e21f71c57483e879bf662b81cdf9c] | app.api.v1.version_snapshots | [294e21f71c57483e879bf662b81cdf9c] 自动创建版本快照成功: id=337, definition_id=338, hash=fb2d01d2a525acbd7a60d2a6315cfa5e
2026-02-04 16:49:23 | INFO | [294e21f71c57483e879bf662b81cdf9c] | app.api.v1.sync_tasks | [294e21f71c57483e879bf662b81cdf9c] 自动创建版本快照成功: snapshot_id=337
2026-02-04 16:49:23 | INFO | [294e21f71c57483e879bf662b81cdf9c] | app.api.v1.sync_tasks | [294e21f71c57483e879bf662b81cdf9c] 新增接口: GET /api/part/test-template/{id}/
2026-02-04 16:49:23 | INFO | [294e21f71c57483e879bf662b81cdf9c] | app.api.v1.version_snapshots | [294e21f71c57483e879bf662b81cdf9c] 自动创建版本快照成功: id=338, definition_id=339, hash=fb2d01d2a525acbd7a60d2a6315cfa5e
2026-02-04 16:49:23 | INFO | [294e21f71c57483e879bf662b81cdf9c] | app.api.v1.sync_tasks | [294e21f71c57483e879bf662b81cdf9c] 自动创建版本快照成功: snapshot_id=338
2026-02-04 16:49:23 | INFO | [294e21f71c57483e879bf662b81cdf9c] | app.api.v1.sync_tasks | [294e21f71c57483e879bf662b81cdf9c] 新增接口: DELETE /api/stock/
2026-02-04 16:49:23 | INFO | [294e21f71c57483e879bf662b81cdf9c] | app.api.v1.version_snapshots | [294e21f71c57483e879bf662b81cdf9c] 自动创建版本快照成功: id=339, definition_id=340, hash=fb2d01d2a525acbd7a60d2a6315cfa5e
2026-02-04 16:49:23 | INFO | [294e21f71c57483e879bf662b81cdf9c] | app.api.v1.sync_tasks | [294e21f71c57483e879bf662b81cdf9c] 自动创建版本快照成功: snapshot_id=339
2026-02-04 16:49:23 | INFO | [294e21f71c57483e879bf662b81cdf9c] | app.api.v1.sync_tasks | [294e21f71c57483e879bf662b81cdf9c] 新增接口: PUT /api/part/parameter/template/{id}/
2026-02-04 16:49:23 | INFO | [294e21f71c57483e879bf662b81cdf9c] | app.api.v1.version_snapshots | [294e21f71c57483e879bf662b81cdf9c] 自动创建版本快照成功: id=340, definition_id=341, hash=fb2d01d2a525acbd7a60d2a6315cfa5e
2026-02-04 16:49:23 | INFO | [294e21f71c57483e879bf662b81cdf9c] | app.api.v1.sync_tasks | [294e21f71c57483e879bf662b81cdf9c] 自动创建版本快照成功: snapshot_id=340
2026-02-04 16:49:23 | INFO | [294e21f71c57483e879bf662b81cdf9c] | app.api.v1.sync_tasks | [294e21f71c57483e879bf662b81cdf9c] 新增接口: GET /api/order/ro-line/
2026-02-04 16:49:23 | INFO | [294e21f71c57483e879bf662b81cdf9c] | app.api.v1.version_snapshots | [294e21f71c57483e879bf662b81cdf9c] 自动创建版本快照成功: id=341, definition_id=342, hash=fb2d01d2a525acbd7a60d2a6315cfa5e
2026-02-04 16:49:23 | INFO | [294e21f71c57483e879bf662b81cdf9c] | app.api.v1.sync_tasks | [294e21f71c57483e879bf662b81cdf9c] 自动创建版本快照成功: snapshot_id=341
2026-02-04 16:49:23 | INFO | [294e21f71c57483e879bf662b81cdf9c] | app.api.v1.sync_tasks | [294e21f71c57483e879bf662b81cdf9c] 新增接口: POST /api/order/so-extra-line/
2026-02-04 16:49:23 | INFO | [294e21f71c57483e879bf662b81cdf9c] | app.api.v1.version_snapshots | [294e21f71c57483e879bf662b81cdf9c] 自动创建版本快照成功: id=342, definition_id=343, hash=fb2d01d2a525acbd7a60d2a6315cfa5e
2026-02-04 16:49:23 | INFO | [294e21f71c57483e879bf662b81cdf9c] | app.api.v1.sync_tasks | [294e21f71c57483e879bf662b81cdf9c] 自动创建版本快照成功: snapshot_id=342
2026-02-04 16:49:23 | INFO | [294e21f71c57483e879bf662b81cdf9c] | app.api.v1.sync_tasks | [294e21f71c57483e879bf662b81cdf9c] 新增接口: POST /api/stock/location-type/
2026-02-04 16:49:23 | INFO | [294e21f71c57483e879bf662b81cdf9c] | app.api.v1.version_snapshots | [294e21f71c57483e879bf662b81cdf9c] 自动创建版本快照成功: id=343, definition_id=344, hash=fb2d01d2a525acbd7a60d2a6315cfa5e
2026-02-04 16:49:23 | INFO | [294e21f71c57483e879bf662b81cdf9c] | app.api.v1.sync_tasks | [294e21f71c57483e879bf662b81cdf9c] 自动创建版本快照成功: snapshot_id=343
2026-02-04 16:49:23 | INFO | [294e21f71c57483e879bf662b81cdf9c] | app.api.v1.sync_tasks | [294e21f71c57483e879bf662b81cdf9c] 新增接口: GET /api/stock/test/{id}/
2026-02-04 16:49:23 | INFO | [294e21f71c57483e879bf662b81cdf9c] | app.api.v1.version_snapshots | [294e21f71c57483e879bf662b81cdf9c] 自动创建版本快照成功: id=344, definition_id=345, hash=fb2d01d2a525acbd7a60d2a6315cfa5e
2026-02-04 16:49:23 | INFO | [294e21f71c57483e879bf662b81cdf9c] | app.api.v1.sync_tasks | [294e21f71c57483e879bf662b81cdf9c] 自动创建版本快照成功: snapshot_id=344
2026-02-04 16:49:23 | INFO | [294e21f71c57483e879bf662b81cdf9c] | app.api.v1.sync_tasks | [294e21f71c57483e879bf662b81cdf9c] 新增接口: POST /api/barcode/
2026-02-04 16:49:23 | INFO | [294e21f71c57483e879bf662b81cdf9c] | app.api.v1.version_snapshots | [294e21f71c57483e879bf662b81cdf9c] 自动创建版本快照成功: id=345, definition_id=346, hash=fb2d01d2a525acbd7a60d2a6315cfa5e
2026-02-04 16:49:23 | INFO | [294e21f71c57483e879bf662b81cdf9c] | app.api.v1.sync_tasks | [294e21f71c57483e879bf662b81cdf9c] 自动创建版本快照成功: snapshot_id=345
2026-02-04 16:49:23 | INFO | [294e21f71c57483e879bf662b81cdf9c] | app.api.v1.sync_tasks | [294e21f71c57483e879bf662b81cdf9c] 新增接口: GET /api/report/snippet/
2026-02-04 16:49:23 | INFO | [294e21f71c57483e879bf662b81cdf9c] | app.api.v1.version_snapshots | [294e21f71c57483e879bf662b81cdf9c] 自动创建版本快照成功: id=346, definition_id=347, hash=fb2d01d2a525acbd7a60d2a6315cfa5e
2026-02-04 16:49:23 | INFO | [294e21f71c57483e879bf662b81cdf9c] | app.api.v1.sync_tasks | [294e21f71c57483e879bf662b81cdf9c] 自动创建版本快照成功: snapshot_id=346
2026-02-04 16:49:23 | INFO | [294e21f71c57483e879bf662b81cdf9c] | app.api.v1.sync_tasks | [294e21f71c57483e879bf662b81cdf9c] 新增接口: PATCH /api/order/so/{id}/
2026-02-04 16:49:23 | INFO | [294e21f71c57483e879bf662b81cdf9c] | app.api.v1.version_snapshots | [294e21f71c57483e879bf662b81cdf9c] 自动创建版本快照成功: id=347, definition_id=348, hash=fb2d01d2a525acbd7a60d2a6315cfa5e
2026-02-04 16:49:23 | INFO | [294e21f71c57483e879bf662b81cdf9c] | app.api.v1.sync_tasks | [294e21f71c57483e879bf662b81cdf9c] 自动创建版本快照成功: snapshot_id=347
2026-02-04 16:49:23 | INFO | [294e21f71c57483e879bf662b81cdf9c] | app.api.v1.sync_tasks | [294e21f71c57483e879bf662b81cdf9c] 新增接口: GET /api/order/ro-extra-line/
2026-02-04 16:49:23 | INFO | [294e21f71c57483e879bf662b81cdf9c] | app.api.v1.version_snapshots | [294e21f71c57483e879bf662b81cdf9c] 自动创建版本快照成功: id=348, definition_id=349, hash=fb2d01d2a525acbd7a60d2a6315cfa5e
2026-02-04 16:49:23 | INFO | [294e21f71c57483e879bf662b81cdf9c] | app.api.v1.sync_tasks | [294e21f71c57483e879bf662b81cdf9c] 自动创建版本快照成功: snapshot_id=348
2026-02-04 16:49:23 | INFO | [294e21f71c57483e879bf662b81cdf9c] | app.api.v1.sync_tasks | [294e21f71c57483e879bf662b81cdf9c] 新增接口: DELETE /api/project-code/{id}/
2026-02-04 16:49:23 | INFO | [294e21f71c57483e879bf662b81cdf9c] | app.api.v1.version_snapshots | [294e21f71c57483e879bf662b81cdf9c] 自动创建版本快照成功: id=349, definition_id=350, hash=fb2d01d2a525acbd7a60d2a6315cfa5e
2026-02-04 16:49:23 | INFO | [294e21f71c57483e879bf662b81cdf9c] | app.api.v1.sync_tasks | [294e21f71c57483e879bf662b81cdf9c] 自动创建版本快照成功: snapshot_id=349
2026-02-04 16:49:23 | INFO | [294e21f71c57483e879bf662b81cdf9c] | app.api.v1.sync_tasks | [294e21f71c57483e879bf662b81cdf9c] 新增接口: GET /api/importer/column-mapping/{id}/
2026-02-04 16:49:23 | INFO | [294e21f71c57483e879bf662b81cdf9c] | app.api.v1.version_snapshots | [294e21f71c57483e879bf662b81cdf9c] 自动创建版本快照成功: id=350, definition_id=351, hash=fb2d01d2a525acbd7a60d2a6315cfa5e
2026-02-04 16:49:23 | INFO | [294e21f71c57483e879bf662b81cdf9c] | app.api.v1.sync_tasks | [294e21f71c57483e879bf662b81cdf9c] 自动创建版本快照成功: snapshot_id=350
2026-02-04 16:49:23 | INFO | [294e21f71c57483e879bf662b81cdf9c] | app.api.v1.sync_tasks | [294e21f71c57483e879bf662b81cdf9c] 新增接口: PUT /api/part/category/
2026-02-04 16:49:23 | INFO | [294e21f71c57483e879bf662b81cdf9c] | app.api.v1.version_snapshots | [294e21f71c57483e879bf662b81cdf9c] 自动创建版本快照成功: id=351, definition_id=352, hash=fb2d01d2a525acbd7a60d2a6315cfa5e
2026-02-04 16:49:23 | INFO | [294e21f71c57483e879bf662b81cdf9c] | app.api.v1.sync_tasks | [294e21f71c57483e879bf662b81cdf9c] 自动创建版本快照成功: snapshot_id=351
2026-02-04 16:49:24 | INFO | [294e21f71c57483e879bf662b81cdf9c] | app.api.v1.sync_tasks | [294e21f71c57483e879bf662b81cdf9c] 新增接口: GET /api/machine/
2026-02-04 16:49:24 | INFO | [294e21f71c57483e879bf662b81cdf9c] | app.api.v1.version_snapshots | [294e21f71c57483e879bf662b81cdf9c] 自动创建版本快照成功: id=352, definition_id=353, hash=fb2d01d2a525acbd7a60d2a6315cfa5e
2026-02-04 16:49:24 | INFO | [294e21f71c57483e879bf662b81cdf9c] | app.api.v1.sync_tasks | [294e21f71c57483e879bf662b81cdf9c] 自动创建版本快照成功: snapshot_id=352
2026-02-04 16:49:24 | INFO | [294e21f71c57483e879bf662b81cdf9c] | app.api.v1.sync_tasks | [294e21f71c57483e879bf662b81cdf9c] 新增接口: GET /api/stock/track/status/
2026-02-04 16:49:24 | INFO | [294e21f71c57483e879bf662b81cdf9c] | app.api.v1.version_snapshots | [294e21f71c57483e879bf662b81cdf9c] 自动创建版本快照成功: id=353, definition_id=354, hash=fb2d01d2a525acbd7a60d2a6315cfa5e
2026-02-04 16:49:24 | INFO | [294e21f71c57483e879bf662b81cdf9c] | app.api.v1.sync_tasks | [294e21f71c57483e879bf662b81cdf9c] 自动创建版本快照成功: snapshot_id=353
2026-02-04 16:49:24 | INFO | [294e21f71c57483e879bf662b81cdf9c] | app.api.v1.sync_tasks | [294e21f71c57483e879bf662b81cdf9c] 新增接口: GET /api/company/price-break/
2026-02-04 16:49:24 | INFO | [294e21f71c57483e879bf662b81cdf9c] | app.api.v1.version_snapshots | [294e21f71c57483e879bf662b81cdf9c] 自动创建版本快照成功: id=354, definition_id=355, hash=fb2d01d2a525acbd7a60d2a6315cfa5e
2026-02-04 16:49:24 | INFO | [294e21f71c57483e879bf662b81cdf9c] | app.api.v1.sync_tasks | [294e21f71c57483e879bf662b81cdf9c] 自动创建版本快照成功: snapshot_id=354
2026-02-04 16:49:24 | INFO | [294e21f71c57483e879bf662b81cdf9c] | app.api.v1.sync_tasks | [294e21f71c57483e879bf662b81cdf9c] 新增接口: PATCH /api/order/ro-line/{id}/metadata/
2026-02-04 16:49:24 | INFO | [294e21f71c57483e879bf662b81cdf9c] | app.api.v1.version_snapshots | [294e21f71c57483e879bf662b81cdf9c] 自动创建版本快照成功: id=355, definition_id=356, hash=fb2d01d2a525acbd7a60d2a6315cfa5e
2026-02-04 16:49:24 | INFO | [294e21f71c57483e879bf662b81cdf9c] | app.api.v1.sync_tasks | [294e21f71c57483e879bf662b81cdf9c] 自动创建版本快照成功: snapshot_id=355
2026-02-04 16:49:24 | INFO | [294e21f71c57483e879bf662b81cdf9c] | app.api.v1.sync_tasks | [294e21f71c57483e879bf662b81cdf9c] 新增接口: POST /api/part/category/parameters/
2026-02-04 16:49:24 | INFO | [294e21f71c57483e879bf662b81cdf9c] | app.api.v1.version_snapshots | [294e21f71c57483e879bf662b81cdf9c] 自动创建版本快照成功: id=356, definition_id=357, hash=fb2d01d2a525acbd7a60d2a6315cfa5e
2026-02-04 16:49:24 | INFO | [294e21f71c57483e879bf662b81cdf9c] | app.api.v1.sync_tasks | [294e21f71c57483e879bf662b81cdf9c] 自动创建版本快照成功: snapshot_id=356
2026-02-04 16:49:24 | INFO | [294e21f71c57483e879bf662b81cdf9c] | app.api.v1.sync_tasks | [294e21f71c57483e879bf662b81cdf9c] 新增接口: PUT /api/part/test-template/{id}/metadata/
2026-02-04 16:49:24 | INFO | [294e21f71c57483e879bf662b81cdf9c] | app.api.v1.version_snapshots | [294e21f71c57483e879bf662b81cdf9c] 自动创建版本快照成功: id=357, definition_id=358, hash=fb2d01d2a525acbd7a60d2a6315cfa5e
2026-02-04 16:49:24 | INFO | [294e21f71c57483e879bf662b81cdf9c] | app.api.v1.sync_tasks | [294e21f71c57483e879bf662b81cdf9c] 自动创建版本快照成功: snapshot_id=357
2026-02-04 16:49:24 | INFO | [294e21f71c57483e879bf662b81cdf9c] | app.api.v1.sync_tasks | [294e21f71c57483e879bf662b81cdf9c] 新增接口: PUT /api/stock/location/{id}/
2026-02-04 16:49:24 | INFO | [294e21f71c57483e879bf662b81cdf9c] | app.api.v1.version_snapshots | [294e21f71c57483e879bf662b81cdf9c] 自动创建版本快照成功: id=358, definition_id=359, hash=fb2d01d2a525acbd7a60d2a6315cfa5e
2026-02-04 16:49:24 | INFO | [294e21f71c57483e879bf662b81cdf9c] | app.api.v1.sync_tasks | [294e21f71c57483e879bf662b81cdf9c] 自动创建版本快照成功: snapshot_id=358
2026-02-04 16:49:24 | INFO | [294e21f71c57483e879bf662b81cdf9c] | app.api.v1.sync_tasks | [294e21f71c57483e879bf662b81cdf9c] 新增接口: PATCH /api/company/part/manufacturer/{id}/
2026-02-04 16:49:24 | INFO | [294e21f71c57483e879bf662b81cdf9c] | app.api.v1.version_snapshots | [294e21f71c57483e879bf662b81cdf9c] 自动创建版本快照成功: id=359, definition_id=360, hash=fb2d01d2a525acbd7a60d2a6315cfa5e
2026-02-04 16:49:24 | INFO | [294e21f71c57483e879bf662b81cdf9c] | app.api.v1.sync_tasks | [294e21f71c57483e879bf662b81cdf9c] 自动创建版本快照成功: snapshot_id=359
2026-02-04 16:49:24 | INFO | [294e21f71c57483e879bf662b81cdf9c] | app.api.v1.sync_tasks | [294e21f71c57483e879bf662b81cdf9c] 新增接口: GET /api/bom/substitute/
2026-02-04 16:49:24 | INFO | [294e21f71c57483e879bf662b81cdf9c] | app.api.v1.version_snapshots | [294e21f71c57483e879bf662b81cdf9c] 自动创建版本快照成功: id=360, definition_id=361, hash=fb2d01d2a525acbd7a60d2a6315cfa5e
2026-02-04 16:49:24 | INFO | [294e21f71c57483e879bf662b81cdf9c] | app.api.v1.sync_tasks | [294e21f71c57483e879bf662b81cdf9c] 自动创建版本快照成功: snapshot_id=360
2026-02-04 16:49:24 | INFO | [294e21f71c57483e879bf662b81cdf9c] | app.api.v1.sync_tasks | [294e21f71c57483e879bf662b81cdf9c] 新增接口: GET /api/user/roles/
2026-02-04 16:49:24 | INFO | [294e21f71c57483e879bf662b81cdf9c] | app.api.v1.version_snapshots | [294e21f71c57483e879bf662b81cdf9c] 自动创建版本快照成功: id=361, definition_id=362, hash=fb2d01d2a525acbd7a60d2a6315cfa5e
2026-02-04 16:49:24 | INFO | [294e21f71c57483e879bf662b81cdf9c] | app.api.v1.sync_tasks | [294e21f71c57483e879bf662b81cdf9c] 自动创建版本快照成功: snapshot_id=361
2026-02-04 16:49:24 | INFO | [294e21f71c57483e879bf662b81cdf9c] | app.api.v1.sync_tasks | [294e21f71c57483e879bf662b81cdf9c] 新增接口: POST /api/build/{id}/cancel/
2026-02-04 16:49:24 | INFO | [294e21f71c57483e879bf662b81cdf9c] | app.api.v1.version_snapshots | [294e21f71c57483e879bf662b81cdf9c] 自动创建版本快照成功: id=362, definition_id=363, hash=fb2d01d2a525acbd7a60d2a6315cfa5e
2026-02-04 16:49:24 | INFO | [294e21f71c57483e879bf662b81cdf9c] | app.api.v1.sync_tasks | [294e21f71c57483e879bf662b81cdf9c] 自动创建版本快照成功: snapshot_id=362
2026-02-04 16:49:24 | INFO | [294e21f71c57483e879bf662b81cdf9c] | app.api.v1.sync_tasks | [294e21f71c57483e879bf662b81cdf9c] 新增接口: GET /api/build/line/
2026-02-04 16:49:24 | INFO | [294e21f71c57483e879bf662b81cdf9c] | app.api.v1.version_snapshots | [294e21f71c57483e879bf662b81cdf9c] 自动创建版本快照成功: id=363, definition_id=364, hash=fb2d01d2a525acbd7a60d2a6315cfa5e
2026-02-04 16:49:24 | INFO | [294e21f71c57483e879bf662b81cdf9c] | app.api.v1.sync_tasks | [294e21f71c57483e879bf662b81cdf9c] 自动创建版本快照成功: snapshot_id=363
2026-02-04 16:49:24 | INFO | [294e21f71c57483e879bf662b81cdf9c] | app.api.v1.sync_tasks | [294e21f71c57483e879bf662b81cdf9c] 新增接口: PATCH /api/user/ruleset/{id}/
2026-02-04 16:49:24 | INFO | [294e21f71c57483e879bf662b81cdf9c] | app.api.v1.version_snapshots | [294e21f71c57483e879bf662b81cdf9c] 自动创建版本快照成功: id=364, definition_id=365, hash=fb2d01d2a525acbd7a60d2a6315cfa5e
2026-02-04 16:49:24 | INFO | [294e21f71c57483e879bf662b81cdf9c] | app.api.v1.sync_tasks | [294e21f71c57483e879bf662b81cdf9c] 自动创建版本快照成功: snapshot_id=364
2026-02-04 16:49:24 | INFO | [294e21f71c57483e879bf662b81cdf9c] | app.api.v1.sync_tasks | [294e21f71c57483e879bf662b81cdf9c] 新增接口: POST /api/email/generate/
2026-02-04 16:49:24 | INFO | [294e21f71c57483e879bf662b81cdf9c] | app.api.v1.version_snapshots | [294e21f71c57483e879bf662b81cdf9c] 自动创建版本快照成功: id=365, definition_id=366, hash=fb2d01d2a525acbd7a60d2a6315cfa5e
2026-02-04 16:49:24 | INFO | [294e21f71c57483e879bf662b81cdf9c] | app.api.v1.sync_tasks | [294e21f71c57483e879bf662b81cdf9c] 自动创建版本快照成功: snapshot_id=365
2026-02-04 16:49:24 | INFO | [294e21f71c57483e879bf662b81cdf9c] | app.api.v1.sync_tasks | [294e21f71c57483e879bf662b81cdf9c] 新增接口: GET /api/order/po-extra-line/{id}/metadata/
2026-02-04 16:49:24 | INFO | [294e21f71c57483e879bf662b81cdf9c] | app.api.v1.version_snapshots | [294e21f71c57483e879bf662b81cdf9c] 自动创建版本快照成功: id=366, definition_id=367, hash=fb2d01d2a525acbd7a60d2a6315cfa5e
2026-02-04 16:49:24 | INFO | [294e21f71c57483e879bf662b81cdf9c] | app.api.v1.sync_tasks | [294e21f71c57483e879bf662b81cdf9c] 自动创建版本快照成功: snapshot_id=366
2026-02-04 16:49:24 | INFO | [294e21f71c57483e879bf662b81cdf9c] | app.api.v1.sync_tasks | [294e21f71c57483e879bf662b81cdf9c] 新增接口: DELETE /api/background-task/failed/
2026-02-04 16:49:24 | INFO | [294e21f71c57483e879bf662b81cdf9c] | app.api.v1.version_snapshots | [294e21f71c57483e879bf662b81cdf9c] 自动创建版本快照成功: id=367, definition_id=368, hash=fb2d01d2a525acbd7a60d2a6315cfa5e
2026-02-04 16:49:24 | INFO | [294e21f71c57483e879bf662b81cdf9c] | app.api.v1.sync_tasks | [294e21f71c57483e879bf662b81cdf9c] 自动创建版本快照成功: snapshot_id=367
2026-02-04 16:49:24 | INFO | [294e21f71c57483e879bf662b81cdf9c] | app.api.v1.sync_tasks | [294e21f71c57483e879bf662b81cdf9c] 新增接口: GET /api/admin/config/{key}/
2026-02-04 16:49:24 | INFO | [294e21f71c57483e879bf662b81cdf9c] | app.api.v1.version_snapshots | [294e21f71c57483e879bf662b81cdf9c] 自动创建版本快照成功: id=368, definition_id=369, hash=fb2d01d2a525acbd7a60d2a6315cfa5e
2026-02-04 16:49:24 | INFO | [294e21f71c57483e879bf662b81cdf9c] | app.api.v1.sync_tasks | [294e21f71c57483e879bf662b81cdf9c] 自动创建版本快照成功: snapshot_id=368
2026-02-04 16:49:24 | INFO | [294e21f71c57483e879bf662b81cdf9c] | app.api.v1.sync_tasks | [294e21f71c57483e879bf662b81cdf9c] 新增接口: GET /api/admin/config/
2026-02-04 16:49:24 | INFO | [294e21f71c57483e879bf662b81cdf9c] | app.api.v1.version_snapshots | [294e21f71c57483e879bf662b81cdf9c] 自动创建版本快照成功: id=369, definition_id=370, hash=fb2d01d2a525acbd7a60d2a6315cfa5e
2026-02-04 16:49:24 | INFO | [294e21f71c57483e879bf662b81cdf9c] | app.api.v1.sync_tasks | [294e21f71c57483e879bf662b81cdf9c] 自动创建版本快照成功: snapshot_id=369
2026-02-04 16:49:24 | INFO | [294e21f71c57483e879bf662b81cdf9c] | app.api.v1.sync_tasks | [294e21f71c57483e879bf662b81cdf9c] 新增接口: POST /api/order/po/{id}/complete/
2026-02-04 16:49:24 | INFO | [294e21f71c57483e879bf662b81cdf9c] | app.api.v1.version_snapshots | [294e21f71c57483e879bf662b81cdf9c] 自动创建版本快照成功: id=370, definition_id=371, hash=fb2d01d2a525acbd7a60d2a6315cfa5e
2026-02-04 16:49:24 | INFO | [294e21f71c57483e879bf662b81cdf9c] | app.api.v1.sync_tasks | [294e21f71c57483e879bf662b81cdf9c] 自动创建版本快照成功: snapshot_id=370
2026-02-04 16:49:24 | INFO | [294e21f71c57483e879bf662b81cdf9c] | app.api.v1.sync_tasks | [294e21f71c57483e879bf662b81cdf9c] 新增接口: DELETE /api/order/so/{id}/
2026-02-04 16:49:24 | INFO | [294e21f71c57483e879bf662b81cdf9c] | app.api.v1.version_snapshots | [294e21f71c57483e879bf662b81cdf9c] 自动创建版本快照成功: id=371, definition_id=372, hash=fb2d01d2a525acbd7a60d2a6315cfa5e
2026-02-04 16:49:24 | INFO | [294e21f71c57483e879bf662b81cdf9c] | app.api.v1.sync_tasks | [294e21f71c57483e879bf662b81cdf9c] 自动创建版本快照成功: snapshot_id=371
2026-02-04 16:49:24 | INFO | [294e21f71c57483e879bf662b81cdf9c] | app.api.v1.sync_tasks | [294e21f71c57483e879bf662b81cdf9c] 新增接口: PATCH /api/stock/test/{id}/metadata/
2026-02-04 16:49:24 | INFO | [294e21f71c57483e879bf662b81cdf9c] | app.api.v1.version_snapshots | [294e21f71c57483e879bf662b81cdf9c] 自动创建版本快照成功: id=372, definition_id=373, hash=fb2d01d2a525acbd7a60d2a6315cfa5e
2026-02-04 16:49:24 | INFO | [294e21f71c57483e879bf662b81cdf9c] | app.api.v1.sync_tasks | [294e21f71c57483e879bf662b81cdf9c] 自动创建版本快照成功: snapshot_id=372
2026-02-04 16:49:24 | INFO | [294e21f71c57483e879bf662b81cdf9c] | app.api.v1.sync_tasks | [294e21f71c57483e879bf662b81cdf9c] 新增接口: GET /api/error-report/{id}/
2026-02-04 16:49:24 | INFO | [294e21f71c57483e879bf662b81cdf9c] | app.api.v1.version_snapshots | [294e21f71c57483e879bf662b81cdf9c] 自动创建版本快照成功: id=373, definition_id=374, hash=fb2d01d2a525acbd7a60d2a6315cfa5e
2026-02-04 16:49:24 | INFO | [294e21f71c57483e879bf662b81cdf9c] | app.api.v1.sync_tasks | [294e21f71c57483e879bf662b81cdf9c] 自动创建版本快照成功: snapshot_id=373
2026-02-04 16:49:24 | INFO | [294e21f71c57483e879bf662b81cdf9c] | app.api.v1.sync_tasks | [294e21f71c57483e879bf662b81cdf9c] 新增接口: PUT /api/company/address/{id}/
2026-02-04 16:49:24 | INFO | [294e21f71c57483e879bf662b81cdf9c] | app.api.v1.version_snapshots | [294e21f71c57483e879bf662b81cdf9c] 自动创建版本快照成功: id=374, definition_id=375, hash=fb2d01d2a525acbd7a60d2a6315cfa5e
2026-02-04 16:49:24 | INFO | [294e21f71c57483e879bf662b81cdf9c] | app.api.v1.sync_tasks | [294e21f71c57483e879bf662b81cdf9c] 自动创建版本快照成功: snapshot_id=374
2026-02-04 16:49:24 | INFO | [294e21f71c57483e879bf662b81cdf9c] | app.api.v1.sync_tasks | [294e21f71c57483e879bf662b81cdf9c] 新增接口: PUT /api/part/related/{id}/metadata/
2026-02-04 16:49:24 | INFO | [294e21f71c57483e879bf662b81cdf9c] | app.api.v1.version_snapshots | [294e21f71c57483e879bf662b81cdf9c] 自动创建版本快照成功: id=375, definition_id=376, hash=fb2d01d2a525acbd7a60d2a6315cfa5e
2026-02-04 16:49:24 | INFO | [294e21f71c57483e879bf662b81cdf9c] | app.api.v1.sync_tasks | [294e21f71c57483e879bf662b81cdf9c] 自动创建版本快照成功: snapshot_id=375
2026-02-04 16:49:24 | INFO | [294e21f71c57483e879bf662b81cdf9c] | app.api.v1.sync_tasks | [294e21f71c57483e879bf662b81cdf9c] 新增接口: GET /api/stock/{id}/metadata/
2026-02-04 16:49:24 | INFO | [294e21f71c57483e879bf662b81cdf9c] | app.api.v1.version_snapshots | [294e21f71c57483e879bf662b81cdf9c] 自动创建版本快照成功: id=376, definition_id=377, hash=fb2d01d2a525acbd7a60d2a6315cfa5e
2026-02-04 16:49:24 | INFO | [294e21f71c57483e879bf662b81cdf9c] | app.api.v1.sync_tasks | [294e21f71c57483e879bf662b81cdf9c] 自动创建版本快照成功: snapshot_id=376
2026-02-04 16:49:24 | INFO | [294e21f71c57483e879bf662b81cdf9c] | app.api.v1.sync_tasks | [294e21f71c57483e879bf662b81cdf9c] 新增接口: PUT /api/part/internal-price/{id}/
2026-02-04 16:49:24 | INFO | [294e21f71c57483e879bf662b81cdf9c] | app.api.v1.version_snapshots | [294e21f71c57483e879bf662b81cdf9c] 自动创建版本快照成功: id=377, definition_id=378, hash=fb2d01d2a525acbd7a60d2a6315cfa5e
2026-02-04 16:49:24 | INFO | [294e21f71c57483e879bf662b81cdf9c] | app.api.v1.sync_tasks | [294e21f71c57483e879bf662b81cdf9c] 自动创建版本快照成功: snapshot_id=377
2026-02-04 16:49:24 | INFO | [294e21f71c57483e879bf662b81cdf9c] | app.api.v1.sync_tasks | [294e21f71c57483e879bf662b81cdf9c] 新增接口: GET /api/build/{id}/metadata/
2026-02-04 16:49:24 | INFO | [294e21f71c57483e879bf662b81cdf9c] | app.api.v1.version_snapshots | [294e21f71c57483e879bf662b81cdf9c] 自动创建版本快照成功: id=378, definition_id=379, hash=fb2d01d2a525acbd7a60d2a6315cfa5e
2026-02-04 16:49:24 | INFO | [294e21f71c57483e879bf662b81cdf9c] | app.api.v1.sync_tasks | [294e21f71c57483e879bf662b81cdf9c] 自动创建版本快照成功: snapshot_id=378
2026-02-04 16:49:24 | INFO | [294e21f71c57483e879bf662b81cdf9c] | app.api.v1.sync_tasks | [294e21f71c57483e879bf662b81cdf9c] 新增接口: DELETE /api/company/part/manufacturer/{id}/
2026-02-04 16:49:24 | INFO | [294e21f71c57483e879bf662b81cdf9c] | app.api.v1.version_snapshots | [294e21f71c57483e879bf662b81cdf9c] 自动创建版本快照成功: id=379, definition_id=380, hash=fb2d01d2a525acbd7a60d2a6315cfa5e
2026-02-04 16:49:24 | INFO | [294e21f71c57483e879bf662b81cdf9c] | app.api.v1.sync_tasks | [294e21f71c57483e879bf662b81cdf9c] 自动创建版本快照成功: snapshot_id=379
2026-02-04 16:49:24 | INFO | [294e21f71c57483e879bf662b81cdf9c] | app.api.v1.sync_tasks | [294e21f71c57483e879bf662b81cdf9c] 新增接口: GET /api/stock/location-type/{id}/metadata/
2026-02-04 16:49:24 | INFO | [294e21f71c57483e879bf662b81cdf9c] | app.api.v1.version_snapshots | [294e21f71c57483e879bf662b81cdf9c] 自动创建版本快照成功: id=380, definition_id=381, hash=fb2d01d2a525acbd7a60d2a6315cfa5e
2026-02-04 16:49:24 | INFO | [294e21f71c57483e879bf662b81cdf9c] | app.api.v1.sync_tasks | [294e21f71c57483e879bf662b81cdf9c] 自动创建版本快照成功: snapshot_id=380
2026-02-04 16:49:24 | INFO | [294e21f71c57483e879bf662b81cdf9c] | app.api.v1.sync_tasks | [294e21f71c57483e879bf662b81cdf9c] 新增接口: PATCH /api/part/parameter/template/{id}/
2026-02-04 16:49:24 | INFO | [294e21f71c57483e879bf662b81cdf9c] | app.api.v1.version_snapshots | [294e21f71c57483e879bf662b81cdf9c] 自动创建版本快照成功: id=381, definition_id=382, hash=fb2d01d2a525acbd7a60d2a6315cfa5e
2026-02-04 16:49:24 | INFO | [294e21f71c57483e879bf662b81cdf9c] | app.api.v1.sync_tasks | [294e21f71c57483e879bf662b81cdf9c] 自动创建版本快照成功: snapshot_id=381
2026-02-04 16:49:24 | INFO | [294e21f71c57483e879bf662b81cdf9c] | app.api.v1.sync_tasks | [294e21f71c57483e879bf662b81cdf9c] 新增接口: PUT /api/label/template/{id}/
2026-02-04 16:49:24 | INFO | [294e21f71c57483e879bf662b81cdf9c] | app.api.v1.version_snapshots | [294e21f71c57483e879bf662b81cdf9c] 自动创建版本快照成功: id=382, definition_id=383, hash=fb2d01d2a525acbd7a60d2a6315cfa5e
2026-02-04 16:49:24 | INFO | [294e21f71c57483e879bf662b81cdf9c] | app.api.v1.sync_tasks | [294e21f71c57483e879bf662b81cdf9c] 自动创建版本快照成功: snapshot_id=382
2026-02-04 16:49:24 | INFO | [294e21f71c57483e879bf662b81cdf9c] | app.api.v1.sync_tasks | [294e21f71c57483e879bf662b81cdf9c] 新增接口: DELETE /api/user/ruleset/{id}/
2026-02-04 16:49:24 | INFO | [294e21f71c57483e879bf662b81cdf9c] | app.api.v1.version_snapshots | [294e21f71c57483e879bf662b81cdf9c] 自动创建版本快照成功: id=383, definition_id=384, hash=fb2d01d2a525acbd7a60d2a6315cfa5e
2026-02-04 16:49:24 | INFO | [294e21f71c57483e879bf662b81cdf9c] | app.api.v1.sync_tasks | [294e21f71c57483e879bf662b81cdf9c] 自动创建版本快照成功: snapshot_id=383
2026-02-04 16:49:24 | INFO | [294e21f71c57483e879bf662b81cdf9c] | app.api.v1.sync_tasks | [294e21f71c57483e879bf662b81cdf9c] 新增接口: POST /api/generate/batch-code/
2026-02-04 16:49:24 | INFO | [294e21f71c57483e879bf662b81cdf9c] | app.api.v1.version_snapshots | [294e21f71c57483e879bf662b81cdf9c] 自动创建版本快照成功: id=384, definition_id=385, hash=fb2d01d2a525acbd7a60d2a6315cfa5e
2026-02-04 16:49:24 | INFO | [294e21f71c57483e879bf662b81cdf9c] | app.api.v1.sync_tasks | [294e21f71c57483e879bf662b81cdf9c] 自动创建版本快照成功: snapshot_id=384
2026-02-04 16:49:24 | INFO | [294e21f71c57483e879bf662b81cdf9c] | app.api.v1.sync_tasks | [294e21f71c57483e879bf662b81cdf9c] 新增接口: POST /api/stock/count/
2026-02-04 16:49:24 | INFO | [294e21f71c57483e879bf662b81cdf9c] | app.api.v1.version_snapshots | [294e21f71c57483e879bf662b81cdf9c] 自动创建版本快照成功: id=385, definition_id=386, hash=fb2d01d2a525acbd7a60d2a6315cfa5e
2026-02-04 16:49:24 | INFO | [294e21f71c57483e879bf662b81cdf9c] | app.api.v1.sync_tasks | [294e21f71c57483e879bf662b81cdf9c] 自动创建版本快照成功: snapshot_id=385
2026-02-04 16:49:24 | INFO | [294e21f71c57483e879bf662b81cdf9c] | app.api.v1.sync_tasks | [294e21f71c57483e879bf662b81cdf9c] 新增接口: GET /api/attachment/
2026-02-04 16:49:24 | INFO | [294e21f71c57483e879bf662b81cdf9c] | app.api.v1.version_snapshots | [294e21f71c57483e879bf662b81cdf9c] 自动创建版本快照成功: id=386, definition_id=387, hash=fb2d01d2a525acbd7a60d2a6315cfa5e
2026-02-04 16:49:24 | INFO | [294e21f71c57483e879bf662b81cdf9c] | app.api.v1.sync_tasks | [294e21f71c57483e879bf662b81cdf9c] 自动创建版本快照成功: snapshot_id=386
2026-02-04 16:49:24 | INFO | [294e21f71c57483e879bf662b81cdf9c] | app.api.v1.sync_tasks | [294e21f71c57483e879bf662b81cdf9c] 新增接口: DELETE /api/importer/session/{id}/
2026-02-04 16:49:24 | INFO | [294e21f71c57483e879bf662b81cdf9c] | app.api.v1.version_snapshots | [294e21f71c57483e879bf662b81cdf9c] 自动创建版本快照成功: id=387, definition_id=388, hash=fb2d01d2a525acbd7a60d2a6315cfa5e
2026-02-04 16:49:24 | INFO | [294e21f71c57483e879bf662b81cdf9c] | app.api.v1.sync_tasks | [294e21f71c57483e879bf662b81cdf9c] 自动创建版本快照成功: snapshot_id=387
2026-02-04 16:49:24 | INFO | [294e21f71c57483e879bf662b81cdf9c] | app.api.v1.sync_tasks | [294e21f71c57483e879bf662b81cdf9c] 新增接口: GET /api/bom/substitute/{id}/
2026-02-04 16:49:24 | INFO | [294e21f71c57483e879bf662b81cdf9c] | app.api.v1.version_snapshots | [294e21f71c57483e879bf662b81cdf9c] 自动创建版本快照成功: id=388, definition_id=389, hash=fb2d01d2a525acbd7a60d2a6315cfa5e
2026-02-04 16:49:24 | INFO | [294e21f71c57483e879bf662b81cdf9c] | app.api.v1.sync_tasks | [294e21f71c57483e879bf662b81cdf9c] 自动创建版本快照成功: snapshot_id=388
2026-02-04 16:49:24 | INFO | [294e21f71c57483e879bf662b81cdf9c] | app.api.v1.sync_tasks | [294e21f71c57483e879bf662b81cdf9c] 新增接口: PUT /api/plugins/{plugin}/activate/
2026-02-04 16:49:24 | INFO | [294e21f71c57483e879bf662b81cdf9c] | app.api.v1.version_snapshots | [294e21f71c57483e879bf662b81cdf9c] 自动创建版本快照成功: id=389, definition_id=390, hash=fb2d01d2a525acbd7a60d2a6315cfa5e
2026-02-04 16:49:24 | INFO | [294e21f71c57483e879bf662b81cdf9c] | app.api.v1.sync_tasks | [294e21f71c57483e879bf662b81cdf9c] 自动创建版本快照成功: snapshot_id=389
2026-02-04 16:49:24 | INFO | [294e21f71c57483e879bf662b81cdf9c] | app.api.v1.sync_tasks | [294e21f71c57483e879bf662b81cdf9c] 新增接口: GET /api/machine/drivers/
2026-02-04 16:49:24 | INFO | [294e21f71c57483e879bf662b81cdf9c] | app.api.v1.version_snapshots | [294e21f71c57483e879bf662b81cdf9c] 自动创建版本快照成功: id=390, definition_id=391, hash=fb2d01d2a525acbd7a60d2a6315cfa5e
2026-02-04 16:49:24 | INFO | [294e21f71c57483e879bf662b81cdf9c] | app.api.v1.sync_tasks | [294e21f71c57483e879bf662b81cdf9c] 自动创建版本快照成功: snapshot_id=390
2026-02-04 16:49:24 | INFO | [294e21f71c57483e879bf662b81cdf9c] | app.api.v1.sync_tasks | [294e21f71c57483e879bf662b81cdf9c] 新增接口: POST /api/order/so/{id}/allocate/
2026-02-04 16:49:24 | INFO | [294e21f71c57483e879bf662b81cdf9c] | app.api.v1.version_snapshots | [294e21f71c57483e879bf662b81cdf9c] 自动创建版本快照成功: id=391, definition_id=392, hash=fb2d01d2a525acbd7a60d2a6315cfa5e
2026-02-04 16:49:24 | INFO | [294e21f71c57483e879bf662b81cdf9c] | app.api.v1.sync_tasks | [294e21f71c57483e879bf662b81cdf9c] 自动创建版本快照成功: snapshot_id=391
2026-02-04 16:49:24 | INFO | [294e21f71c57483e879bf662b81cdf9c] | app.api.v1.sync_tasks | [294e21f71c57483e879bf662b81cdf9c] 新增接口: GET /api/order/so-extra-line/{id}/metadata/
2026-02-04 16:49:24 | INFO | [294e21f71c57483e879bf662b81cdf9c] | app.api.v1.version_snapshots | [294e21f71c57483e879bf662b81cdf9c] 自动创建版本快照成功: id=392, definition_id=393, hash=fb2d01d2a525acbd7a60d2a6315cfa5e
2026-02-04 16:49:24 | INFO | [294e21f71c57483e879bf662b81cdf9c] | app.api.v1.sync_tasks | [294e21f71c57483e879bf662b81cdf9c] 自动创建版本快照成功: snapshot_id=392
2026-02-04 16:49:24 | INFO | [294e21f71c57483e879bf662b81cdf9c] | app.api.v1.sync_tasks | [294e21f71c57483e879bf662b81cdf9c] 新增接口: PUT /api/order/ro-line/{id}/
2026-02-04 16:49:24 | INFO | [294e21f71c57483e879bf662b81cdf9c] | app.api.v1.version_snapshots | [294e21f71c57483e879bf662b81cdf9c] 自动创建版本快照成功: id=393, definition_id=394, hash=fb2d01d2a525acbd7a60d2a6315cfa5e
2026-02-04 16:49:24 | INFO | [294e21f71c57483e879bf662b81cdf9c] | app.api.v1.sync_tasks | [294e21f71c57483e879bf662b81cdf9c] 自动创建版本快照成功: snapshot_id=393
2026-02-04 16:49:24 | INFO | [294e21f71c57483e879bf662b81cdf9c] | app.api.v1.sync_tasks | [294e21f71c57483e879bf662b81cdf9c] 新增接口: PATCH /api/part/category/
2026-02-04 16:49:24 | INFO | [294e21f71c57483e879bf662b81cdf9c] | app.api.v1.version_snapshots | [294e21f71c57483e879bf662b81cdf9c] 自动创建版本快照成功: id=394, definition_id=395, hash=fb2d01d2a525acbd7a60d2a6315cfa5e
2026-02-04 16:49:24 | INFO | [294e21f71c57483e879bf662b81cdf9c] | app.api.v1.sync_tasks | [294e21f71c57483e879bf662b81cdf9c] 自动创建版本快照成功: snapshot_id=394
2026-02-04 16:49:24 | INFO | [294e21f71c57483e879bf662b81cdf9c] | app.api.v1.sync_tasks | [294e21f71c57483e879bf662b81cdf9c] 新增接口: GET /api/background-task/pending/
2026-02-04 16:49:24 | INFO | [294e21f71c57483e879bf662b81cdf9c] | app.api.v1.version_snapshots | [294e21f71c57483e879bf662b81cdf9c] 自动创建版本快照成功: id=395, definition_id=396, hash=fb2d01d2a525acbd7a60d2a6315cfa5e
2026-02-04 16:49:24 | INFO | [294e21f71c57483e879bf662b81cdf9c] | app.api.v1.sync_tasks | [294e21f71c57483e879bf662b81cdf9c] 自动创建版本快照成功: snapshot_id=395
2026-02-04 16:49:24 | INFO | [294e21f71c57483e879bf662b81cdf9c] | app.api.v1.sync_tasks | [294e21f71c57483e879bf662b81cdf9c] 新增接口: GET /api/order/so-extra-line/
2026-02-04 16:49:24 | INFO | [294e21f71c57483e879bf662b81cdf9c] | app.api.v1.version_snapshots | [294e21f71c57483e879bf662b81cdf9c] 自动创建版本快照成功: id=396, definition_id=397, hash=fb2d01d2a525acbd7a60d2a6315cfa5e
2026-02-04 16:49:24 | INFO | [294e21f71c57483e879bf662b81cdf9c] | app.api.v1.sync_tasks | [294e21f71c57483e879bf662b81cdf9c] 自动创建版本快照成功: snapshot_id=396
2026-02-04 16:49:24 | INFO | [294e21f71c57483e879bf662b81cdf9c] | app.api.v1.sync_tasks | [294e21f71c57483e879bf662b81cdf9c] 新增接口: GET /api/user/owner/{id}/
2026-02-04 16:49:24 | INFO | [294e21f71c57483e879bf662b81cdf9c] | app.api.v1.version_snapshots | [294e21f71c57483e879bf662b81cdf9c] 自动创建版本快照成功: id=397, definition_id=398, hash=fb2d01d2a525acbd7a60d2a6315cfa5e
2026-02-04 16:49:24 | INFO | [294e21f71c57483e879bf662b81cdf9c] | app.api.v1.sync_tasks | [294e21f71c57483e879bf662b81cdf9c] 自动创建版本快照成功: snapshot_id=397
2026-02-04 16:49:24 | INFO | [294e21f71c57483e879bf662b81cdf9c] | app.api.v1.sync_tasks | [294e21f71c57483e879bf662b81cdf9c] 新增接口: GET /api/part/stocktake/{id}/
2026-02-04 16:49:24 | INFO | [294e21f71c57483e879bf662b81cdf9c] | app.api.v1.version_snapshots | [294e21f71c57483e879bf662b81cdf9c] 自动创建版本快照成功: id=398, definition_id=399, hash=fb2d01d2a525acbd7a60d2a6315cfa5e
2026-02-04 16:49:24 | INFO | [294e21f71c57483e879bf662b81cdf9c] | app.api.v1.sync_tasks | [294e21f71c57483e879bf662b81cdf9c] 自动创建版本快照成功: snapshot_id=398
2026-02-04 16:49:24 | INFO | [294e21f71c57483e879bf662b81cdf9c] | app.api.v1.sync_tasks | [294e21f71c57483e879bf662b81cdf9c] 新增接口: GET /api/report/template/{id}/metadata/
2026-02-04 16:49:24 | INFO | [294e21f71c57483e879bf662b81cdf9c] | app.api.v1.version_snapshots | [294e21f71c57483e879bf662b81cdf9c] 自动创建版本快照成功: id=399, definition_id=400, hash=fb2d01d2a525acbd7a60d2a6315cfa5e
2026-02-04 16:49:24 | INFO | [294e21f71c57483e879bf662b81cdf9c] | app.api.v1.sync_tasks | [294e21f71c57483e879bf662b81cdf9c] 自动创建版本快照成功: snapshot_id=399
2026-02-04 16:49:24 | INFO | [294e21f71c57483e879bf662b81cdf9c] | app.api.v1.sync_tasks | [294e21f71c57483e879bf662b81cdf9c] 新增接口: PUT /api/report/snippet/{id}/
2026-02-04 16:49:24 | INFO | [294e21f71c57483e879bf662b81cdf9c] | app.api.v1.version_snapshots | [294e21f71c57483e879bf662b81cdf9c] 自动创建版本快照成功: id=400, definition_id=401, hash=fb2d01d2a525acbd7a60d2a6315cfa5e
2026-02-04 16:49:24 | INFO | [294e21f71c57483e879bf662b81cdf9c] | app.api.v1.sync_tasks | [294e21f71c57483e879bf662b81cdf9c] 自动创建版本快照成功: snapshot_id=400
2026-02-04 16:49:24 | INFO | [294e21f71c57483e879bf662b81cdf9c] | app.api.v1.sync_tasks | [294e21f71c57483e879bf662b81cdf9c] 新增接口: POST /api/bom/
2026-02-04 16:49:24 | INFO | [294e21f71c57483e879bf662b81cdf9c] | app.api.v1.version_snapshots | [294e21f71c57483e879bf662b81cdf9c] 自动创建版本快照成功: id=401, definition_id=402, hash=fb2d01d2a525acbd7a60d2a6315cfa5e
2026-02-04 16:49:24 | INFO | [294e21f71c57483e879bf662b81cdf9c] | app.api.v1.sync_tasks | [294e21f71c57483e879bf662b81cdf9c] 自动创建版本快照成功: snapshot_id=401
2026-02-04 16:49:24 | INFO | [294e21f71c57483e879bf662b81cdf9c] | app.api.v1.sync_tasks | [294e21f71c57483e879bf662b81cdf9c] 新增接口: POST /api/order/po/
2026-02-04 16:49:24 | INFO | [294e21f71c57483e879bf662b81cdf9c] | app.api.v1.version_snapshots | [294e21f71c57483e879bf662b81cdf9c] 自动创建版本快照成功: id=402, definition_id=403, hash=fb2d01d2a525acbd7a60d2a6315cfa5e
2026-02-04 16:49:24 | INFO | [294e21f71c57483e879bf662b81cdf9c] | app.api.v1.sync_tasks | [294e21f71c57483e879bf662b81cdf9c] 自动创建版本快照成功: snapshot_id=402
2026-02-04 16:49:24 | INFO | [294e21f71c57483e879bf662b81cdf9c] | app.api.v1.sync_tasks | [294e21f71c57483e879bf662b81cdf9c] 新增接口: PATCH /api/stock/location/{id}/
2026-02-04 16:49:24 | INFO | [294e21f71c57483e879bf662b81cdf9c] | app.api.v1.version_snapshots | [294e21f71c57483e879bf662b81cdf9c] 自动创建版本快照成功: id=403, definition_id=404, hash=fb2d01d2a525acbd7a60d2a6315cfa5e
2026-02-04 16:49:24 | INFO | [294e21f71c57483e879bf662b81cdf9c] | app.api.v1.sync_tasks | [294e21f71c57483e879bf662b81cdf9c] 自动创建版本快照成功: snapshot_id=403
2026-02-04 16:49:24 | INFO | [294e21f71c57483e879bf662b81cdf9c] | app.api.v1.sync_tasks | [294e21f71c57483e879bf662b81cdf9c] 新增接口: GET /api/background-task/failed/
2026-02-04 16:49:24 | INFO | [294e21f71c57483e879bf662b81cdf9c] | app.api.v1.version_snapshots | [294e21f71c57483e879bf662b81cdf9c] 自动创建版本快照成功: id=404, definition_id=405, hash=fb2d01d2a525acbd7a60d2a6315cfa5e
2026-02-04 16:49:24 | INFO | [294e21f71c57483e879bf662b81cdf9c] | app.api.v1.sync_tasks | [294e21f71c57483e879bf662b81cdf9c] 自动创建版本快照成功: snapshot_id=404
2026-02-04 16:49:24 | INFO | [294e21f71c57483e879bf662b81cdf9c] | app.api.v1.sync_tasks | [294e21f71c57483e879bf662b81cdf9c] 新增接口: POST /api/currency/refresh/
2026-02-04 16:49:24 | INFO | [294e21f71c57483e879bf662b81cdf9c] | app.api.v1.version_snapshots | [294e21f71c57483e879bf662b81cdf9c] 自动创建版本快照成功: id=405, definition_id=406, hash=fb2d01d2a525acbd7a60d2a6315cfa5e
2026-02-04 16:49:24 | INFO | [294e21f71c57483e879bf662b81cdf9c] | app.api.v1.sync_tasks | [294e21f71c57483e879bf662b81cdf9c] 自动创建版本快照成功: snapshot_id=405
2026-02-04 16:49:24 | INFO | [294e21f71c57483e879bf662b81cdf9c] | app.api.v1.sync_tasks | [294e21f71c57483e879bf662b81cdf9c] 新增接口: POST /api/stock/merge/
2026-02-04 16:49:24 | INFO | [294e21f71c57483e879bf662b81cdf9c] | app.api.v1.version_snapshots | [294e21f71c57483e879bf662b81cdf9c] 自动创建版本快照成功: id=406, definition_id=407, hash=fb2d01d2a525acbd7a60d2a6315cfa5e
2026-02-04 16:49:24 | INFO | [294e21f71c57483e879bf662b81cdf9c] | app.api.v1.sync_tasks | [294e21f71c57483e879bf662b81cdf9c] 自动创建版本快照成功: snapshot_id=406
2026-02-04 16:49:24 | INFO | [294e21f71c57483e879bf662b81cdf9c] | app.api.v1.sync_tasks | [294e21f71c57483e879bf662b81cdf9c] 新增接口: GET /api/order/ro-line/{id}/metadata/
2026-02-04 16:49:24 | INFO | [294e21f71c57483e879bf662b81cdf9c] | app.api.v1.version_snapshots | [294e21f71c57483e879bf662b81cdf9c] 自动创建版本快照成功: id=407, definition_id=408, hash=fb2d01d2a525acbd7a60d2a6315cfa5e
2026-02-04 16:49:24 | INFO | [294e21f71c57483e879bf662b81cdf9c] | app.api.v1.sync_tasks | [294e21f71c57483e879bf662b81cdf9c] 自动创建版本快照成功: snapshot_id=407
2026-02-04 16:49:24 | INFO | [294e21f71c57483e879bf662b81cdf9c] | app.api.v1.sync_tasks | [294e21f71c57483e879bf662b81cdf9c] 新增接口: GET /api/attachment/{id}/metadata/
2026-02-04 16:49:24 | INFO | [294e21f71c57483e879bf662b81cdf9c] | app.api.v1.version_snapshots | [294e21f71c57483e879bf662b81cdf9c] 自动创建版本快照成功: id=408, definition_id=409, hash=fb2d01d2a525acbd7a60d2a6315cfa5e
2026-02-04 16:49:24 | INFO | [294e21f71c57483e879bf662b81cdf9c] | app.api.v1.sync_tasks | [294e21f71c57483e879bf662b81cdf9c] 自动创建版本快照成功: snapshot_id=408
2026-02-04 16:49:24 | INFO | [294e21f71c57483e879bf662b81cdf9c] | app.api.v1.sync_tasks | [294e21f71c57483e879bf662b81cdf9c] 新增接口: PATCH /api/company/address/{id}/
2026-02-04 16:49:24 | INFO | [294e21f71c57483e879bf662b81cdf9c] | app.api.v1.version_snapshots | [294e21f71c57483e879bf662b81cdf9c] 自动创建版本快照成功: id=409, definition_id=410, hash=fb2d01d2a525acbd7a60d2a6315cfa5e
2026-02-04 16:49:24 | INFO | [294e21f71c57483e879bf662b81cdf9c] | app.api.v1.sync_tasks | [294e21f71c57483e879bf662b81cdf9c] 自动创建版本快照成功: snapshot_id=409
2026-02-04 16:49:24 | INFO | [294e21f71c57483e879bf662b81cdf9c] | app.api.v1.sync_tasks | [294e21f71c57483e879bf662b81cdf9c] 新增接口: PATCH /api/part/related/{id}/metadata/
2026-02-04 16:49:24 | INFO | [294e21f71c57483e879bf662b81cdf9c] | app.api.v1.version_snapshots | [294e21f71c57483e879bf662b81cdf9c] 自动创建版本快照成功: id=410, definition_id=411, hash=fb2d01d2a525acbd7a60d2a6315cfa5e
2026-02-04 16:49:24 | INFO | [294e21f71c57483e879bf662b81cdf9c] | app.api.v1.sync_tasks | [294e21f71c57483e879bf662b81cdf9c] 自动创建版本快照成功: snapshot_id=410
2026-02-04 16:49:24 | INFO | [294e21f71c57483e879bf662b81cdf9c] | app.api.v1.sync_tasks | [294e21f71c57483e879bf662b81cdf9c] 新增接口: PUT /api/part/{id}/metadata/
2026-02-04 16:49:24 | INFO | [294e21f71c57483e879bf662b81cdf9c] | app.api.v1.version_snapshots | [294e21f71c57483e879bf662b81cdf9c] 自动创建版本快照成功: id=411, definition_id=412, hash=fb2d01d2a525acbd7a60d2a6315cfa5e
2026-02-04 16:49:24 | INFO | [294e21f71c57483e879bf662b81cdf9c] | app.api.v1.sync_tasks | [294e21f71c57483e879bf662b81cdf9c] 自动创建版本快照成功: snapshot_id=411
2026-02-04 16:49:24 | INFO | [294e21f71c57483e879bf662b81cdf9c] | app.api.v1.sync_tasks | [294e21f71c57483e879bf662b81cdf9c] 新增接口: GET /api/company/part/manufacturer/{id}/
2026-02-04 16:49:24 | INFO | [294e21f71c57483e879bf662b81cdf9c] | app.api.v1.version_snapshots | [294e21f71c57483e879bf662b81cdf9c] 自动创建版本快照成功: id=412, definition_id=413, hash=fb2d01d2a525acbd7a60d2a6315cfa5e
2026-02-04 16:49:24 | INFO | [294e21f71c57483e879bf662b81cdf9c] | app.api.v1.sync_tasks | [294e21f71c57483e879bf662b81cdf9c] 自动创建版本快照成功: snapshot_id=412
2026-02-04 16:49:24 | INFO | [294e21f71c57483e879bf662b81cdf9c] | app.api.v1.sync_tasks | [294e21f71c57483e879bf662b81cdf9c] 新增接口: GET /api/part/category/parameters/
2026-02-04 16:49:24 | INFO | [294e21f71c57483e879bf662b81cdf9c] | app.api.v1.version_snapshots | [294e21f71c57483e879bf662b81cdf9c] 自动创建版本快照成功: id=413, definition_id=414, hash=fb2d01d2a525acbd7a60d2a6315cfa5e
2026-02-04 16:49:24 | INFO | [294e21f71c57483e879bf662b81cdf9c] | app.api.v1.sync_tasks | [294e21f71c57483e879bf662b81cdf9c] 自动创建版本快照成功: snapshot_id=413
2026-02-04 16:49:24 | INFO | [294e21f71c57483e879bf662b81cdf9c] | app.api.v1.sync_tasks | [294e21f71c57483e879bf662b81cdf9c] 新增接口: DELETE /api/build/item/
2026-02-04 16:49:24 | INFO | [294e21f71c57483e879bf662b81cdf9c] | app.api.v1.version_snapshots | [294e21f71c57483e879bf662b81cdf9c] 自动创建版本快照成功: id=414, definition_id=415, hash=fb2d01d2a525acbd7a60d2a6315cfa5e
2026-02-04 16:49:24 | INFO | [294e21f71c57483e879bf662b81cdf9c] | app.api.v1.sync_tasks | [294e21f71c57483e879bf662b81cdf9c] 自动创建版本快照成功: snapshot_id=414
2026-02-04 16:49:24 | INFO | [294e21f71c57483e879bf662b81cdf9c] | app.api.v1.sync_tasks | [294e21f71c57483e879bf662b81cdf9c] 新增接口: PUT /api/part/category/parameters/{id}/
2026-02-04 16:49:24 | INFO | [294e21f71c57483e879bf662b81cdf9c] | app.api.v1.version_snapshots | [294e21f71c57483e879bf662b81cdf9c] 自动创建版本快照成功: id=415, definition_id=416, hash=fb2d01d2a525acbd7a60d2a6315cfa5e
2026-02-04 16:49:24 | INFO | [294e21f71c57483e879bf662b81cdf9c] | app.api.v1.sync_tasks | [294e21f71c57483e879bf662b81cdf9c] 自动创建版本快照成功: snapshot_id=415
2026-02-04 16:49:24 | INFO | [294e21f71c57483e879bf662b81cdf9c] | app.api.v1.sync_tasks | [294e21f71c57483e879bf662b81cdf9c] 新增接口: PATCH /api/part/internal-price/{id}/
2026-02-04 16:49:24 | INFO | [294e21f71c57483e879bf662b81cdf9c] | app.api.v1.version_snapshots | [294e21f71c57483e879bf662b81cdf9c] 自动创建版本快照成功: id=416, definition_id=417, hash=fb2d01d2a525acbd7a60d2a6315cfa5e
2026-02-04 16:49:24 | INFO | [294e21f71c57483e879bf662b81cdf9c] | app.api.v1.sync_tasks | [294e21f71c57483e879bf662b81cdf9c] 自动创建版本快照成功: snapshot_id=416
2026-02-04 16:49:24 | INFO | [294e21f71c57483e879bf662b81cdf9c] | app.api.v1.sync_tasks | [294e21f71c57483e879bf662b81cdf9c] 新增接口: POST /api/stock/transfer/
2026-02-04 16:49:24 | INFO | [294e21f71c57483e879bf662b81cdf9c] | app.api.v1.version_snapshots | [294e21f71c57483e879bf662b81cdf9c] 自动创建版本快照成功: id=417, definition_id=418, hash=fb2d01d2a525acbd7a60d2a6315cfa5e
2026-02-04 16:49:24 | INFO | [294e21f71c57483e879bf662b81cdf9c] | app.api.v1.sync_tasks | [294e21f71c57483e879bf662b81cdf9c] 自动创建版本快照成功: snapshot_id=417
2026-02-04 16:49:24 | INFO | [294e21f71c57483e879bf662b81cdf9c] | app.api.v1.sync_tasks | [294e21f71c57483e879bf662b81cdf9c] 新增接口: GET /api/report/asset/{id}/
2026-02-04 16:49:24 | INFO | [294e21f71c57483e879bf662b81cdf9c] | app.api.v1.version_snapshots | [294e21f71c57483e879bf662b81cdf9c] 自动创建版本快照成功: id=418, definition_id=419, hash=fb2d01d2a525acbd7a60d2a6315cfa5e
2026-02-04 16:49:24 | INFO | [294e21f71c57483e879bf662b81cdf9c] | app.api.v1.sync_tasks | [294e21f71c57483e879bf662b81cdf9c] 自动创建版本快照成功: snapshot_id=418
2026-02-04 16:49:24 | INFO | [294e21f71c57483e879bf662b81cdf9c] | app.api.v1.sync_tasks | [294e21f71c57483e879bf662b81cdf9c] 新增接口: GET /api/part/{id}/requirements/
2026-02-04 16:49:24 | INFO | [294e21f71c57483e879bf662b81cdf9c] | app.api.v1.version_snapshots | [294e21f71c57483e879bf662b81cdf9c] 自动创建版本快照成功: id=419, definition_id=420, hash=fb2d01d2a525acbd7a60d2a6315cfa5e
2026-02-04 16:49:24 | INFO | [294e21f71c57483e879bf662b81cdf9c] | app.api.v1.sync_tasks | [294e21f71c57483e879bf662b81cdf9c] 自动创建版本快照成功: snapshot_id=419
2026-02-04 16:49:24 | INFO | [294e21f71c57483e879bf662b81cdf9c] | app.api.v1.sync_tasks | [294e21f71c57483e879bf662b81cdf9c] 新增接口: DELETE /api/stock/location/{id}/
2026-02-04 16:49:24 | INFO | [294e21f71c57483e879bf662b81cdf9c] | app.api.v1.version_snapshots | [294e21f71c57483e879bf662b81cdf9c] 自动创建版本快照成功: id=420, definition_id=421, hash=fb2d01d2a525acbd7a60d2a6315cfa5e
2026-02-04 16:49:24 | INFO | [294e21f71c57483e879bf662b81cdf9c] | app.api.v1.sync_tasks | [294e21f71c57483e879bf662b81cdf9c] 自动创建版本快照成功: snapshot_id=420
2026-02-04 16:49:24 | INFO | [294e21f71c57483e879bf662b81cdf9c] | app.api.v1.sync_tasks | [294e21f71c57483e879bf662b81cdf9c] 新增接口: GET /api/stock/test/{id}/metadata/
2026-02-04 16:49:24 | INFO | [294e21f71c57483e879bf662b81cdf9c] | app.api.v1.version_snapshots | [294e21f71c57483e879bf662b81cdf9c] 自动创建版本快照成功: id=421, definition_id=422, hash=fb2d01d2a525acbd7a60d2a6315cfa5e
2026-02-04 16:49:24 | INFO | [294e21f71c57483e879bf662b81cdf9c] | app.api.v1.sync_tasks | [294e21f71c57483e879bf662b81cdf9c] 自动创建版本快照成功: snapshot_id=421
2026-02-04 16:49:24 | INFO | [294e21f71c57483e879bf662b81cdf9c] | app.api.v1.sync_tasks | [294e21f71c57483e879bf662b81cdf9c] 新增接口: PUT /api/stock/{id}/
2026-02-04 16:49:24 | INFO | [294e21f71c57483e879bf662b81cdf9c] | app.api.v1.version_snapshots | [294e21f71c57483e879bf662b81cdf9c] 自动创建版本快照成功: id=422, definition_id=423, hash=fb2d01d2a525acbd7a60d2a6315cfa5e
2026-02-04 16:49:24 | INFO | [294e21f71c57483e879bf662b81cdf9c] | app.api.v1.sync_tasks | [294e21f71c57483e879bf662b81cdf9c] 自动创建版本快照成功: snapshot_id=422
2026-02-04 16:49:24 | INFO | [294e21f71c57483e879bf662b81cdf9c] | app.api.v1.sync_tasks | [294e21f71c57483e879bf662b81cdf9c] 新增接口: POST /api/order/so/{id}/cancel/
2026-02-04 16:49:24 | INFO | [294e21f71c57483e879bf662b81cdf9c] | app.api.v1.version_snapshots | [294e21f71c57483e879bf662b81cdf9c] 自动创建版本快照成功: id=423, definition_id=424, hash=fb2d01d2a525acbd7a60d2a6315cfa5e
2026-02-04 16:49:24 | INFO | [294e21f71c57483e879bf662b81cdf9c] | app.api.v1.sync_tasks | [294e21f71c57483e879bf662b81cdf9c] 自动创建版本快照成功: snapshot_id=423
2026-02-04 16:49:24 | INFO | [294e21f71c57483e879bf662b81cdf9c] | app.api.v1.sync_tasks | [294e21f71c57483e879bf662b81cdf9c] 新增接口: GET /api/importer/session/{id}/
2026-02-04 16:49:24 | INFO | [294e21f71c57483e879bf662b81cdf9c] | app.api.v1.version_snapshots | [294e21f71c57483e879bf662b81cdf9c] 自动创建版本快照成功: id=424, definition_id=425, hash=fb2d01d2a525acbd7a60d2a6315cfa5e
2026-02-04 16:49:24 | INFO | [294e21f71c57483e879bf662b81cdf9c] | app.api.v1.sync_tasks | [294e21f71c57483e879bf662b81cdf9c] 自动创建版本快照成功: snapshot_id=424
2026-02-04 16:49:24 | INFO | [294e21f71c57483e879bf662b81cdf9c] | app.api.v1.sync_tasks | [294e21f71c57483e879bf662b81cdf9c] 新增接口: PATCH /api/label/template/{id}/
2026-02-04 16:49:24 | INFO | [294e21f71c57483e879bf662b81cdf9c] | app.api.v1.version_snapshots | [294e21f71c57483e879bf662b81cdf9c] 自动创建版本快照成功: id=425, definition_id=426, hash=fb2d01d2a525acbd7a60d2a6315cfa5e
2026-02-04 16:49:24 | INFO | [294e21f71c57483e879bf662b81cdf9c] | app.api.v1.sync_tasks | [294e21f71c57483e879bf662b81cdf9c] 自动创建版本快照成功: snapshot_id=425
2026-02-04 16:49:24 | INFO | [294e21f71c57483e879bf662b81cdf9c] | app.api.v1.sync_tasks | [294e21f71c57483e879bf662b81cdf9c] 新增接口: GET /api/part/sale-price/
2026-02-04 16:49:24 | INFO | [294e21f71c57483e879bf662b81cdf9c] | app.api.v1.version_snapshots | [294e21f71c57483e879bf662b81cdf9c] 自动创建版本快照成功: id=426, definition_id=427, hash=fb2d01d2a525acbd7a60d2a6315cfa5e
2026-02-04 16:49:24 | INFO | [294e21f71c57483e879bf662b81cdf9c] | app.api.v1.sync_tasks | [294e21f71c57483e879bf662b81cdf9c] 自动创建版本快照成功: snapshot_id=426
2026-02-04 16:49:24 | INFO | [294e21f71c57483e879bf662b81cdf9c] | app.api.v1.sync_tasks | [294e21f71c57483e879bf662b81cdf9c] 新增接口: POST /api/locate/
2026-02-04 16:49:24 | INFO | [294e21f71c57483e879bf662b81cdf9c] | app.api.v1.version_snapshots | [294e21f71c57483e879bf662b81cdf9c] 自动创建版本快照成功: id=427, definition_id=428, hash=fb2d01d2a525acbd7a60d2a6315cfa5e
2026-02-04 16:49:24 | INFO | [294e21f71c57483e879bf662b81cdf9c] | app.api.v1.sync_tasks | [294e21f71c57483e879bf662b81cdf9c] 自动创建版本快照成功: snapshot_id=427
2026-02-04 16:49:25 | INFO | [294e21f71c57483e879bf662b81cdf9c] | app.api.v1.sync_tasks | [294e21f71c57483e879bf662b81cdf9c] 新增接口: POST /api/build/
2026-02-04 16:49:25 | INFO | [294e21f71c57483e879bf662b81cdf9c] | app.api.v1.version_snapshots | [294e21f71c57483e879bf662b81cdf9c] 自动创建版本快照成功: id=428, definition_id=429, hash=fb2d01d2a525acbd7a60d2a6315cfa5e
2026-02-04 16:49:25 | INFO | [294e21f71c57483e879bf662b81cdf9c] | app.api.v1.sync_tasks | [294e21f71c57483e879bf662b81cdf9c] 自动创建版本快照成功: snapshot_id=428
2026-02-04 16:49:25 | INFO | [294e21f71c57483e879bf662b81cdf9c] | app.api.v1.sync_tasks | [294e21f71c57483e879bf662b81cdf9c] 新增接口: DELETE /api/company/address/{id}/
2026-02-04 16:49:25 | INFO | [294e21f71c57483e879bf662b81cdf9c] | app.api.v1.version_snapshots | [294e21f71c57483e879bf662b81cdf9c] 自动创建版本快照成功: id=429, definition_id=430, hash=fb2d01d2a525acbd7a60d2a6315cfa5e
2026-02-04 16:49:25 | INFO | [294e21f71c57483e879bf662b81cdf9c] | app.api.v1.sync_tasks | [294e21f71c57483e879bf662b81cdf9c] 自动创建版本快照成功: snapshot_id=429
2026-02-04 16:49:25 | INFO | [294e21f71c57483e879bf662b81cdf9c] | app.api.v1.sync_tasks | [294e21f71c57483e879bf662b81cdf9c] 新增接口: GET /api/contenttype/
2026-02-04 16:49:25 | INFO | [294e21f71c57483e879bf662b81cdf9c] | app.api.v1.version_snapshots | [294e21f71c57483e879bf662b81cdf9c] 自动创建版本快照成功: id=430, definition_id=431, hash=fb2d01d2a525acbd7a60d2a6315cfa5e
2026-02-04 16:49:25 | INFO | [294e21f71c57483e879bf662b81cdf9c] | app.api.v1.sync_tasks | [294e21f71c57483e879bf662b81cdf9c] 自动创建版本快照成功: snapshot_id=430
2026-02-04 16:49:25 | INFO | [294e21f71c57483e879bf662b81cdf9c] | app.api.v1.sync_tasks | [294e21f71c57483e879bf662b81cdf9c] 新增接口: DELETE /api/part/internal-price/{id}/
2026-02-04 16:49:25 | INFO | [294e21f71c57483e879bf662b81cdf9c] | app.api.v1.version_snapshots | [294e21f71c57483e879bf662b81cdf9c] 自动创建版本快照成功: id=431, definition_id=432, hash=fb2d01d2a525acbd7a60d2a6315cfa5e
2026-02-04 16:49:25 | INFO | [294e21f71c57483e879bf662b81cdf9c] | app.api.v1.sync_tasks | [294e21f71c57483e879bf662b81cdf9c] 自动创建版本快照成功: snapshot_id=431
2026-02-04 16:49:25 | INFO | [294e21f71c57483e879bf662b81cdf9c] | app.api.v1.sync_tasks | [294e21f71c57483e879bf662b81cdf9c] 新增接口: PUT /api/plugins/{plugin}/metadata/
2026-02-04 16:49:25 | INFO | [294e21f71c57483e879bf662b81cdf9c] | app.api.v1.version_snapshots | [294e21f71c57483e879bf662b81cdf9c] 自动创建版本快照成功: id=432, definition_id=433, hash=fb2d01d2a525acbd7a60d2a6315cfa5e
2026-02-04 16:49:25 | INFO | [294e21f71c57483e879bf662b81cdf9c] | app.api.v1.sync_tasks | [294e21f71c57483e879bf662b81cdf9c] 自动创建版本快照成功: snapshot_id=432
2026-02-04 16:49:25 | INFO | [294e21f71c57483e879bf662b81cdf9c] | app.api.v1.sync_tasks | [294e21f71c57483e879bf662b81cdf9c] 新增接口: PATCH /api/plugins/{plugin}/activate/
2026-02-04 16:49:25 | INFO | [294e21f71c57483e879bf662b81cdf9c] | app.api.v1.version_snapshots | [294e21f71c57483e879bf662b81cdf9c] 自动创建版本快照成功: id=433, definition_id=434, hash=fb2d01d2a525acbd7a60d2a6315cfa5e
2026-02-04 16:49:25 | INFO | [294e21f71c57483e879bf662b81cdf9c] | app.api.v1.sync_tasks | [294e21f71c57483e879bf662b81cdf9c] 自动创建版本快照成功: snapshot_id=433
2026-02-04 16:49:25 | INFO | [294e21f71c57483e879bf662b81cdf9c] | app.api.v1.sync_tasks | [294e21f71c57483e879bf662b81cdf9c] 新增接口: GET /api/units/all/
2026-02-04 16:49:25 | INFO | [294e21f71c57483e879bf662b81cdf9c] | app.api.v1.version_snapshots | [294e21f71c57483e879bf662b81cdf9c] 自动创建版本快照成功: id=434, definition_id=435, hash=fb2d01d2a525acbd7a60d2a6315cfa5e
2026-02-04 16:49:25 | INFO | [294e21f71c57483e879bf662b81cdf9c] | app.api.v1.sync_tasks | [294e21f71c57483e879bf662b81cdf9c] 自动创建版本快照成功: snapshot_id=434
2026-02-04 16:49:25 | INFO | [294e21f71c57483e879bf662b81cdf9c] | app.api.v1.sync_tasks | [294e21f71c57483e879bf662b81cdf9c] 新增接口: PUT /api/project-code/{id}/metadata/
2026-02-04 16:49:25 | INFO | [294e21f71c57483e879bf662b81cdf9c] | app.api.v1.version_snapshots | [294e21f71c57483e879bf662b81cdf9c] 自动创建版本快照成功: id=435, definition_id=436, hash=fb2d01d2a525acbd7a60d2a6315cfa5e
2026-02-04 16:49:25 | INFO | [294e21f71c57483e879bf662b81cdf9c] | app.api.v1.sync_tasks | [294e21f71c57483e879bf662b81cdf9c] 自动创建版本快照成功: snapshot_id=435
2026-02-04 16:49:25 | INFO | [294e21f71c57483e879bf662b81cdf9c] | app.api.v1.sync_tasks | [294e21f71c57483e879bf662b81cdf9c] 新增接口: GET /api/part/category/{id}/metadata/
2026-02-04 16:49:25 | INFO | [294e21f71c57483e879bf662b81cdf9c] | app.api.v1.version_snapshots | [294e21f71c57483e879bf662b81cdf9c] 自动创建版本快照成功: id=436, definition_id=437, hash=fb2d01d2a525acbd7a60d2a6315cfa5e
2026-02-04 16:49:25 | INFO | [294e21f71c57483e879bf662b81cdf9c] | app.api.v1.sync_tasks | [294e21f71c57483e879bf662b81cdf9c] 自动创建版本快照成功: snapshot_id=436
2026-02-04 16:49:25 | INFO | [294e21f71c57483e879bf662b81cdf9c] | app.api.v1.sync_tasks | [294e21f71c57483e879bf662b81cdf9c] 新增接口: PATCH /api/order/ro-line/{id}/
2026-02-04 16:49:25 | INFO | [294e21f71c57483e879bf662b81cdf9c] | app.api.v1.version_snapshots | [294e21f71c57483e879bf662b81cdf9c] 自动创建版本快照成功: id=437, definition_id=438, hash=fb2d01d2a525acbd7a60d2a6315cfa5e
2026-02-04 16:49:25 | INFO | [294e21f71c57483e879bf662b81cdf9c] | app.api.v1.sync_tasks | [294e21f71c57483e879bf662b81cdf9c] 自动创建版本快照成功: snapshot_id=437
2026-02-04 16:49:25 | INFO | [294e21f71c57483e879bf662b81cdf9c] | app.api.v1.sync_tasks | [294e21f71c57483e879bf662b81cdf9c] 新增接口: DELETE /api/data-output/
2026-02-04 16:49:25 | INFO | [294e21f71c57483e879bf662b81cdf9c] | app.api.v1.version_snapshots | [294e21f71c57483e879bf662b81cdf9c] 自动创建版本快照成功: id=438, definition_id=439, hash=fb2d01d2a525acbd7a60d2a6315cfa5e
2026-02-04 16:49:25 | INFO | [294e21f71c57483e879bf662b81cdf9c] | app.api.v1.sync_tasks | [294e21f71c57483e879bf662b81cdf9c] 自动创建版本快照成功: snapshot_id=438
2026-02-04 16:49:25 | INFO | [294e21f71c57483e879bf662b81cdf9c] | app.api.v1.sync_tasks | [294e21f71c57483e879bf662b81cdf9c] 新增接口: GET /api/build/item/{id}/
2026-02-04 16:49:25 | INFO | [294e21f71c57483e879bf662b81cdf9c] | app.api.v1.version_snapshots | [294e21f71c57483e879bf662b81cdf9c] 自动创建版本快照成功: id=439, definition_id=440, hash=fb2d01d2a525acbd7a60d2a6315cfa5e
2026-02-04 16:49:25 | INFO | [294e21f71c57483e879bf662b81cdf9c] | app.api.v1.sync_tasks | [294e21f71c57483e879bf662b81cdf9c] 自动创建版本快照成功: snapshot_id=439
2026-02-04 16:49:25 | INFO | [294e21f71c57483e879bf662b81cdf9c] | app.api.v1.sync_tasks | [294e21f71c57483e879bf662b81cdf9c] 新增接口: PUT /api/company/contact/{id}/
2026-02-04 16:49:25 | INFO | [294e21f71c57483e879bf662b81cdf9c] | app.api.v1.version_snapshots | [294e21f71c57483e879bf662b81cdf9c] 自动创建版本快照成功: id=440, definition_id=441, hash=fb2d01d2a525acbd7a60d2a6315cfa5e
2026-02-04 16:49:25 | INFO | [294e21f71c57483e879bf662b81cdf9c] | app.api.v1.sync_tasks | [294e21f71c57483e879bf662b81cdf9c] 自动创建版本快照成功: snapshot_id=440
2026-02-04 16:49:25 | INFO | [294e21f71c57483e879bf662b81cdf9c] | app.api.v1.sync_tasks | [294e21f71c57483e879bf662b81cdf9c] 新增接口: POST /api/company/address/
2026-02-04 16:49:25 | INFO | [294e21f71c57483e879bf662b81cdf9c] | app.api.v1.version_snapshots | [294e21f71c57483e879bf662b81cdf9c] 自动创建版本快照成功: id=441, definition_id=442, hash=fb2d01d2a525acbd7a60d2a6315cfa5e
2026-02-04 16:49:25 | INFO | [294e21f71c57483e879bf662b81cdf9c] | app.api.v1.sync_tasks | [294e21f71c57483e879bf662b81cdf9c] 自动创建版本快照成功: snapshot_id=441
2026-02-04 16:49:25 | INFO | [294e21f71c57483e879bf662b81cdf9c] | app.api.v1.sync_tasks | [294e21f71c57483e879bf662b81cdf9c] 新增接口: GET /api/machine/types/
2026-02-04 16:49:25 | INFO | [294e21f71c57483e879bf662b81cdf9c] | app.api.v1.version_snapshots | [294e21f71c57483e879bf662b81cdf9c] 自动创建版本快照成功: id=442, definition_id=443, hash=fb2d01d2a525acbd7a60d2a6315cfa5e
2026-02-04 16:49:25 | INFO | [294e21f71c57483e879bf662b81cdf9c] | app.api.v1.sync_tasks | [294e21f71c57483e879bf662b81cdf9c] 自动创建版本快照成功: snapshot_id=442
2026-02-04 16:49:25 | INFO | [294e21f71c57483e879bf662b81cdf9c] | app.api.v1.sync_tasks | [294e21f71c57483e879bf662b81cdf9c] 新增接口: DELETE /api/label/template/{id}/
2026-02-04 16:49:25 | INFO | [294e21f71c57483e879bf662b81cdf9c] | app.api.v1.version_snapshots | [294e21f71c57483e879bf662b81cdf9c] 自动创建版本快照成功: id=443, definition_id=444, hash=fb2d01d2a525acbd7a60d2a6315cfa5e
2026-02-04 16:49:25 | INFO | [294e21f71c57483e879bf662b81cdf9c] | app.api.v1.sync_tasks | [294e21f71c57483e879bf662b81cdf9c] 自动创建版本快照成功: snapshot_id=443
2026-02-04 16:49:25 | INFO | [294e21f71c57483e879bf662b81cdf9c] | app.api.v1.sync_tasks | [294e21f71c57483e879bf662b81cdf9c] 新增接口: PATCH /api/report/snippet/{id}/
2026-02-04 16:49:25 | INFO | [294e21f71c57483e879bf662b81cdf9c] | app.api.v1.version_snapshots | [294e21f71c57483e879bf662b81cdf9c] 自动创建版本快照成功: id=444, definition_id=445, hash=fb2d01d2a525acbd7a60d2a6315cfa5e
2026-02-04 16:49:25 | INFO | [294e21f71c57483e879bf662b81cdf9c] | app.api.v1.sync_tasks | [294e21f71c57483e879bf662b81cdf9c] 自动创建版本快照成功: snapshot_id=444
2026-02-04 16:49:25 | INFO | [294e21f71c57483e879bf662b81cdf9c] | app.api.v1.sync_tasks | [294e21f71c57483e879bf662b81cdf9c] 新增接口: GET /api/order/ro-extra-line/{id}/
2026-02-04 16:49:25 | INFO | [294e21f71c57483e879bf662b81cdf9c] | app.api.v1.version_snapshots | [294e21f71c57483e879bf662b81cdf9c] 自动创建版本快照成功: id=445, definition_id=446, hash=fb2d01d2a525acbd7a60d2a6315cfa5e
2026-02-04 16:49:25 | INFO | [294e21f71c57483e879bf662b81cdf9c] | app.api.v1.sync_tasks | [294e21f71c57483e879bf662b81cdf9c] 自动创建版本快照成功: snapshot_id=445
2026-02-04 16:49:25 | INFO | [294e21f71c57483e879bf662b81cdf9c] | app.api.v1.sync_tasks | [294e21f71c57483e879bf662b81cdf9c] 新增接口: POST /api/company/part/
2026-02-04 16:49:25 | INFO | [294e21f71c57483e879bf662b81cdf9c] | app.api.v1.version_snapshots | [294e21f71c57483e879bf662b81cdf9c] 自动创建版本快照成功: id=446, definition_id=447, hash=fb2d01d2a525acbd7a60d2a6315cfa5e
2026-02-04 16:49:25 | INFO | [294e21f71c57483e879bf662b81cdf9c] | app.api.v1.sync_tasks | [294e21f71c57483e879bf662b81cdf9c] 自动创建版本快照成功: snapshot_id=446
2026-02-04 16:49:25 | INFO | [294e21f71c57483e879bf662b81cdf9c] | app.api.v1.sync_tasks | [294e21f71c57483e879bf662b81cdf9c] 新增接口: PUT /api/plugins/{plugin}/uninstall/
2026-02-04 16:49:25 | INFO | [294e21f71c57483e879bf662b81cdf9c] | app.api.v1.version_snapshots | [294e21f71c57483e879bf662b81cdf9c] 自动创建版本快照成功: id=447, definition_id=448, hash=fb2d01d2a525acbd7a60d2a6315cfa5e
2026-02-04 16:49:25 | INFO | [294e21f71c57483e879bf662b81cdf9c] | app.api.v1.sync_tasks | [294e21f71c57483e879bf662b81cdf9c] 自动创建版本快照成功: snapshot_id=447
2026-02-04 16:49:25 | INFO | [294e21f71c57483e879bf662b81cdf9c] | app.api.v1.sync_tasks | [294e21f71c57483e879bf662b81cdf9c] 新增接口: POST /api/stock/{id}/serialize/
2026-02-04 16:49:25 | INFO | [294e21f71c57483e879bf662b81cdf9c] | app.api.v1.version_snapshots | [294e21f71c57483e879bf662b81cdf9c] 自动创建版本快照成功: id=448, definition_id=449, hash=fb2d01d2a525acbd7a60d2a6315cfa5e
2026-02-04 16:49:25 | INFO | [294e21f71c57483e879bf662b81cdf9c] | app.api.v1.sync_tasks | [294e21f71c57483e879bf662b81cdf9c] 自动创建版本快照成功: snapshot_id=448
2026-02-04 16:49:25 | INFO | [294e21f71c57483e879bf662b81cdf9c] | app.api.v1.sync_tasks | [294e21f71c57483e879bf662b81cdf9c] 新增接口: GET /api/plugins/{plugin}/user-settings/{key}/
2026-02-04 16:49:25 | INFO | [294e21f71c57483e879bf662b81cdf9c] | app.api.v1.version_snapshots | [294e21f71c57483e879bf662b81cdf9c] 自动创建版本快照成功: id=449, definition_id=450, hash=fb2d01d2a525acbd7a60d2a6315cfa5e
2026-02-04 16:49:25 | INFO | [294e21f71c57483e879bf662b81cdf9c] | app.api.v1.sync_tasks | [294e21f71c57483e879bf662b81cdf9c] 自动创建版本快照成功: snapshot_id=449
2026-02-04 16:49:25 | INFO | [294e21f71c57483e879bf662b81cdf9c] | app.api.v1.sync_tasks | [294e21f71c57483e879bf662b81cdf9c] 新增接口: GET /api/selection/{id}/entry/{entrypk}/
2026-02-04 16:49:25 | INFO | [294e21f71c57483e879bf662b81cdf9c] | app.api.v1.version_snapshots | [294e21f71c57483e879bf662b81cdf9c] 自动创建版本快照成功: id=450, definition_id=451, hash=fb2d01d2a525acbd7a60d2a6315cfa5e
2026-02-04 16:49:25 | INFO | [294e21f71c57483e879bf662b81cdf9c] | app.api.v1.sync_tasks | [294e21f71c57483e879bf662b81cdf9c] 自动创建版本快照成功: snapshot_id=450
2026-02-04 16:49:25 | INFO | [294e21f71c57483e879bf662b81cdf9c] | app.api.v1.sync_tasks | [294e21f71c57483e879bf662b81cdf9c] 新增接口: GET /api/part/thumbs/{id}/
2026-02-04 16:49:25 | INFO | [294e21f71c57483e879bf662b81cdf9c] | app.api.v1.version_snapshots | [294e21f71c57483e879bf662b81cdf9c] 自动创建版本快照成功: id=451, definition_id=452, hash=fb2d01d2a525acbd7a60d2a6315cfa5e
2026-02-04 16:49:25 | INFO | [294e21f71c57483e879bf662b81cdf9c] | app.api.v1.sync_tasks | [294e21f71c57483e879bf662b81cdf9c] 自动创建版本快照成功: snapshot_id=451
2026-02-04 16:49:25 | INFO | [294e21f71c57483e879bf662b81cdf9c] | app.api.v1.sync_tasks | [294e21f71c57483e879bf662b81cdf9c] 新增接口: GET /api/label/template/
2026-02-04 16:49:25 | INFO | [294e21f71c57483e879bf662b81cdf9c] | app.api.v1.version_snapshots | [294e21f71c57483e879bf662b81cdf9c] 自动创建版本快照成功: id=452, definition_id=453, hash=fb2d01d2a525acbd7a60d2a6315cfa5e
2026-02-04 16:49:25 | INFO | [294e21f71c57483e879bf662b81cdf9c] | app.api.v1.sync_tasks | [294e21f71c57483e879bf662b81cdf9c] 自动创建版本快照成功: snapshot_id=452
2026-02-04 16:49:25 | INFO | [294e21f71c57483e879bf662b81cdf9c] | app.api.v1.sync_tasks | [294e21f71c57483e879bf662b81cdf9c] 新增接口: PUT /api/generic/status/custom/{id}/
2026-02-04 16:49:25 | INFO | [294e21f71c57483e879bf662b81cdf9c] | app.api.v1.version_snapshots | [294e21f71c57483e879bf662b81cdf9c] 自动创建版本快照成功: id=453, definition_id=454, hash=fb2d01d2a525acbd7a60d2a6315cfa5e
2026-02-04 16:49:25 | INFO | [294e21f71c57483e879bf662b81cdf9c] | app.api.v1.sync_tasks | [294e21f71c57483e879bf662b81cdf9c] 自动创建版本快照成功: snapshot_id=453
2026-02-04 16:49:25 | INFO | [294e21f71c57483e879bf662b81cdf9c] | app.api.v1.sync_tasks | [294e21f71c57483e879bf662b81cdf9c] 新增接口: POST /api/part/parameter/template/
2026-02-04 16:49:25 | INFO | [294e21f71c57483e879bf662b81cdf9c] | app.api.v1.version_snapshots | [294e21f71c57483e879bf662b81cdf9c] 自动创建版本快照成功: id=454, definition_id=455, hash=fb2d01d2a525acbd7a60d2a6315cfa5e
2026-02-04 16:49:25 | INFO | [294e21f71c57483e879bf662b81cdf9c] | app.api.v1.sync_tasks | [294e21f71c57483e879bf662b81cdf9c] 自动创建版本快照成功: snapshot_id=454
2026-02-04 16:49:25 | INFO | [294e21f71c57483e879bf662b81cdf9c] | app.api.v1.sync_tasks | [294e21f71c57483e879bf662b81cdf9c] 新增接口: POST /api/part/stocktake/
2026-02-04 16:49:25 | INFO | [294e21f71c57483e879bf662b81cdf9c] | app.api.v1.version_snapshots | [294e21f71c57483e879bf662b81cdf9c] 自动创建版本快照成功: id=455, definition_id=456, hash=fb2d01d2a525acbd7a60d2a6315cfa5e
2026-02-04 16:49:25 | INFO | [294e21f71c57483e879bf662b81cdf9c] | app.api.v1.sync_tasks | [294e21f71c57483e879bf662b81cdf9c] 自动创建版本快照成功: snapshot_id=455
2026-02-04 16:49:25 | INFO | [294e21f71c57483e879bf662b81cdf9c] | app.api.v1.sync_tasks | [294e21f71c57483e879bf662b81cdf9c] 新增接口: POST /api/stock/return/
2026-02-04 16:49:25 | INFO | [294e21f71c57483e879bf662b81cdf9c] | app.api.v1.version_snapshots | [294e21f71c57483e879bf662b81cdf9c] 自动创建版本快照成功: id=456, definition_id=457, hash=fb2d01d2a525acbd7a60d2a6315cfa5e
2026-02-04 16:49:25 | INFO | [294e21f71c57483e879bf662b81cdf9c] | app.api.v1.sync_tasks | [294e21f71c57483e879bf662b81cdf9c] 自动创建版本快照成功: snapshot_id=456
2026-02-04 16:49:25 | INFO | [294e21f71c57483e879bf662b81cdf9c] | app.api.v1.sync_tasks | [294e21f71c57483e879bf662b81cdf9c] 新增接口: PUT /api/order/ro/{id}/metadata/
2026-02-04 16:49:25 | INFO | [294e21f71c57483e879bf662b81cdf9c] | app.api.v1.version_snapshots | [294e21f71c57483e879bf662b81cdf9c] 自动创建版本快照成功: id=457, definition_id=458, hash=fb2d01d2a525acbd7a60d2a6315cfa5e
2026-02-04 16:49:25 | INFO | [294e21f71c57483e879bf662b81cdf9c] | app.api.v1.sync_tasks | [294e21f71c57483e879bf662b81cdf9c] 自动创建版本快照成功: snapshot_id=457
2026-02-04 16:49:25 | INFO | [294e21f71c57483e879bf662b81cdf9c] | app.api.v1.sync_tasks | [294e21f71c57483e879bf662b81cdf9c] 新增接口: PUT /api/label/template/{id}/metadata/
2026-02-04 16:49:25 | INFO | [294e21f71c57483e879bf662b81cdf9c] | app.api.v1.version_snapshots | [294e21f71c57483e879bf662b81cdf9c] 自动创建版本快照成功: id=458, definition_id=459, hash=fb2d01d2a525acbd7a60d2a6315cfa5e
2026-02-04 16:49:25 | INFO | [294e21f71c57483e879bf662b81cdf9c] | app.api.v1.sync_tasks | [294e21f71c57483e879bf662b81cdf9c] 自动创建版本快照成功: snapshot_id=458
2026-02-04 16:49:25 | INFO | [294e21f71c57483e879bf662b81cdf9c] | app.api.v1.sync_tasks | [294e21f71c57483e879bf662b81cdf9c] 新增接口: GET /api/build/item/
2026-02-04 16:49:25 | INFO | [294e21f71c57483e879bf662b81cdf9c] | app.api.v1.version_snapshots | [294e21f71c57483e879bf662b81cdf9c] 自动创建版本快照成功: id=459, definition_id=460, hash=fb2d01d2a525acbd7a60d2a6315cfa5e
2026-02-04 16:49:25 | INFO | [294e21f71c57483e879bf662b81cdf9c] | app.api.v1.sync_tasks | [294e21f71c57483e879bf662b81cdf9c] 自动创建版本快照成功: snapshot_id=459
2026-02-04 16:49:25 | INFO | [294e21f71c57483e879bf662b81cdf9c] | app.api.v1.sync_tasks | [294e21f71c57483e879bf662b81cdf9c] 新增接口: PUT /api/units/{id}/
2026-02-04 16:49:25 | INFO | [294e21f71c57483e879bf662b81cdf9c] | app.api.v1.version_snapshots | [294e21f71c57483e879bf662b81cdf9c] 自动创建版本快照成功: id=460, definition_id=461, hash=fb2d01d2a525acbd7a60d2a6315cfa5e
2026-02-04 16:49:25 | INFO | [294e21f71c57483e879bf662b81cdf9c] | app.api.v1.sync_tasks | [294e21f71c57483e879bf662b81cdf9c] 自动创建版本快照成功: snapshot_id=460
2026-02-04 16:49:25 | INFO | [294e21f71c57483e879bf662b81cdf9c] | app.api.v1.sync_tasks | [294e21f71c57483e879bf662b81cdf9c] 新增接口: POST /api/order/so/
2026-02-04 16:49:25 | INFO | [294e21f71c57483e879bf662b81cdf9c] | app.api.v1.version_snapshots | [294e21f71c57483e879bf662b81cdf9c] 自动创建版本快照成功: id=461, definition_id=462, hash=fb2d01d2a525acbd7a60d2a6315cfa5e
2026-02-04 16:49:25 | INFO | [294e21f71c57483e879bf662b81cdf9c] | app.api.v1.sync_tasks | [294e21f71c57483e879bf662b81cdf9c] 自动创建版本快照成功: snapshot_id=461
2026-02-04 16:49:25 | INFO | [294e21f71c57483e879bf662b81cdf9c] | app.api.v1.sync_tasks | [294e21f71c57483e879bf662b81cdf9c] 新增接口: GET /api/machine/{id}/
2026-02-04 16:49:25 | INFO | [294e21f71c57483e879bf662b81cdf9c] | app.api.v1.version_snapshots | [294e21f71c57483e879bf662b81cdf9c] 自动创建版本快照成功: id=462, definition_id=463, hash=fb2d01d2a525acbd7a60d2a6315cfa5e
2026-02-04 16:49:25 | INFO | [294e21f71c57483e879bf662b81cdf9c] | app.api.v1.sync_tasks | [294e21f71c57483e879bf662b81cdf9c] 自动创建版本快照成功: snapshot_id=462
2026-02-04 16:49:25 | INFO | [294e21f71c57483e879bf662b81cdf9c] | app.api.v1.sync_tasks | [294e21f71c57483e879bf662b81cdf9c] 新增接口: DELETE /api/order/ro-line/{id}/
2026-02-04 16:49:25 | INFO | [294e21f71c57483e879bf662b81cdf9c] | app.api.v1.version_snapshots | [294e21f71c57483e879bf662b81cdf9c] 自动创建版本快照成功: id=463, definition_id=464, hash=fb2d01d2a525acbd7a60d2a6315cfa5e
2026-02-04 16:49:25 | INFO | [294e21f71c57483e879bf662b81cdf9c] | app.api.v1.sync_tasks | [294e21f71c57483e879bf662b81cdf9c] 自动创建版本快照成功: snapshot_id=463
2026-02-04 16:49:25 | INFO | [294e21f71c57483e879bf662b81cdf9c] | app.api.v1.sync_tasks | [294e21f71c57483e879bf662b81cdf9c] 新增接口: POST /api/order/ro/{id}/complete/
2026-02-04 16:49:25 | INFO | [294e21f71c57483e879bf662b81cdf9c] | app.api.v1.version_snapshots | [294e21f71c57483e879bf662b81cdf9c] 自动创建版本快照成功: id=464, definition_id=465, hash=fb2d01d2a525acbd7a60d2a6315cfa5e
2026-02-04 16:49:25 | INFO | [294e21f71c57483e879bf662b81cdf9c] | app.api.v1.sync_tasks | [294e21f71c57483e879bf662b81cdf9c] 自动创建版本快照成功: snapshot_id=464
2026-02-04 16:49:25 | INFO | [294e21f71c57483e879bf662b81cdf9c] | app.api.v1.sync_tasks | [294e21f71c57483e879bf662b81cdf9c] 新增接口: GET /api/plugins/settings/
2026-02-04 16:49:25 | INFO | [294e21f71c57483e879bf662b81cdf9c] | app.api.v1.version_snapshots | [294e21f71c57483e879bf662b81cdf9c] 自动创建版本快照成功: id=465, definition_id=466, hash=fb2d01d2a525acbd7a60d2a6315cfa5e
2026-02-04 16:49:25 | INFO | [294e21f71c57483e879bf662b81cdf9c] | app.api.v1.sync_tasks | [294e21f71c57483e879bf662b81cdf9c] 自动创建版本快照成功: snapshot_id=465
2026-02-04 16:49:25 | INFO | [294e21f71c57483e879bf662b81cdf9c] | app.api.v1.sync_tasks | [294e21f71c57483e879bf662b81cdf9c] 新增接口: GET /api/user/owner/
2026-02-04 16:49:25 | INFO | [294e21f71c57483e879bf662b81cdf9c] | app.api.v1.version_snapshots | [294e21f71c57483e879bf662b81cdf9c] 自动创建版本快照成功: id=466, definition_id=467, hash=fb2d01d2a525acbd7a60d2a6315cfa5e
2026-02-04 16:49:25 | INFO | [294e21f71c57483e879bf662b81cdf9c] | app.api.v1.sync_tasks | [294e21f71c57483e879bf662b81cdf9c] 自动创建版本快照成功: snapshot_id=466
2026-02-04 16:49:25 | INFO | [294e21f71c57483e879bf662b81cdf9c] | app.api.v1.sync_tasks | [294e21f71c57483e879bf662b81cdf9c] 新增接口: POST /api/part/
2026-02-04 16:49:25 | INFO | [294e21f71c57483e879bf662b81cdf9c] | app.api.v1.version_snapshots | [294e21f71c57483e879bf662b81cdf9c] 自动创建版本快照成功: id=467, definition_id=468, hash=fb2d01d2a525acbd7a60d2a6315cfa5e
2026-02-04 16:49:25 | INFO | [294e21f71c57483e879bf662b81cdf9c] | app.api.v1.sync_tasks | [294e21f71c57483e879bf662b81cdf9c] 自动创建版本快照成功: snapshot_id=467
2026-02-04 16:49:25 | INFO | [294e21f71c57483e879bf662b81cdf9c] | app.api.v1.sync_tasks | [294e21f71c57483e879bf662b81cdf9c] 新增接口: GET /api/order/po/{id}/
2026-02-04 16:49:25 | INFO | [294e21f71c57483e879bf662b81cdf9c] | app.api.v1.version_snapshots | [294e21f71c57483e879bf662b81cdf9c] 自动创建版本快照成功: id=468, definition_id=469, hash=fb2d01d2a525acbd7a60d2a6315cfa5e
2026-02-04 16:49:25 | INFO | [294e21f71c57483e879bf662b81cdf9c] | app.api.v1.sync_tasks | [294e21f71c57483e879bf662b81cdf9c] 自动创建版本快照成功: snapshot_id=468
2026-02-04 16:49:25 | INFO | [294e21f71c57483e879bf662b81cdf9c] | app.api.v1.sync_tasks | [294e21f71c57483e879bf662b81cdf9c] 新增接口: PATCH /api/part/{id}/metadata/
2026-02-04 16:49:25 | INFO | [294e21f71c57483e879bf662b81cdf9c] | app.api.v1.version_snapshots | [294e21f71c57483e879bf662b81cdf9c] 自动创建版本快照成功: id=469, definition_id=470, hash=fb2d01d2a525acbd7a60d2a6315cfa5e
2026-02-04 16:49:25 | INFO | [294e21f71c57483e879bf662b81cdf9c] | app.api.v1.sync_tasks | [294e21f71c57483e879bf662b81cdf9c] 自动创建版本快照成功: snapshot_id=469
2026-02-04 16:49:25 | INFO | [294e21f71c57483e879bf662b81cdf9c] | app.api.v1.sync_tasks | [294e21f71c57483e879bf662b81cdf9c] 新增接口: GET /api/bom/
2026-02-04 16:49:25 | INFO | [294e21f71c57483e879bf662b81cdf9c] | app.api.v1.version_snapshots | [294e21f71c57483e879bf662b81cdf9c] 自动创建版本快照成功: id=470, definition_id=471, hash=fb2d01d2a525acbd7a60d2a6315cfa5e
2026-02-04 16:49:25 | INFO | [294e21f71c57483e879bf662b81cdf9c] | app.api.v1.sync_tasks | [294e21f71c57483e879bf662b81cdf9c] 自动创建版本快照成功: snapshot_id=470
2026-02-04 16:49:25 | INFO | [294e21f71c57483e879bf662b81cdf9c] | app.api.v1.sync_tasks | [294e21f71c57483e879bf662b81cdf9c] 新增接口: PATCH /api/part/category/parameters/{id}/
2026-02-04 16:49:25 | INFO | [294e21f71c57483e879bf662b81cdf9c] | app.api.v1.version_snapshots | [294e21f71c57483e879bf662b81cdf9c] 自动创建版本快照成功: id=471, definition_id=472, hash=fb2d01d2a525acbd7a60d2a6315cfa5e
2026-02-04 16:49:25 | INFO | [294e21f71c57483e879bf662b81cdf9c] | app.api.v1.sync_tasks | [294e21f71c57483e879bf662b81cdf9c] 自动创建版本快照成功: snapshot_id=471
2026-02-04 16:49:25 | INFO | [294e21f71c57483e879bf662b81cdf9c] | app.api.v1.sync_tasks | [294e21f71c57483e879bf662b81cdf9c] 新增接口: PUT /api/company/price-break/{id}/
2026-02-04 16:49:25 | INFO | [294e21f71c57483e879bf662b81cdf9c] | app.api.v1.version_snapshots | [294e21f71c57483e879bf662b81cdf9c] 自动创建版本快照成功: id=472, definition_id=473, hash=fb2d01d2a525acbd7a60d2a6315cfa5e
2026-02-04 16:49:25 | INFO | [294e21f71c57483e879bf662b81cdf9c] | app.api.v1.sync_tasks | [294e21f71c57483e879bf662b81cdf9c] 自动创建版本快照成功: snapshot_id=472
2026-02-04 16:49:25 | INFO | [294e21f71c57483e879bf662b81cdf9c] | app.api.v1.sync_tasks | [294e21f71c57483e879bf662b81cdf9c] 新增接口: PUT /api/order/ro-extra-line/{id}/metadata/
2026-02-04 16:49:25 | INFO | [294e21f71c57483e879bf662b81cdf9c] | app.api.v1.version_snapshots | [294e21f71c57483e879bf662b81cdf9c] 自动创建版本快照成功: id=473, definition_id=474, hash=fb2d01d2a525acbd7a60d2a6315cfa5e
2026-02-04 16:49:25 | INFO | [294e21f71c57483e879bf662b81cdf9c] | app.api.v1.sync_tasks | [294e21f71c57483e879bf662b81cdf9c] 自动创建版本快照成功: snapshot_id=473
2026-02-04 16:49:25 | INFO | [294e21f71c57483e879bf662b81cdf9c] | app.api.v1.sync_tasks | [294e21f71c57483e879bf662b81cdf9c] 新增接口: DELETE /api/report/snippet/{id}/
2026-02-04 16:49:25 | INFO | [294e21f71c57483e879bf662b81cdf9c] | app.api.v1.version_snapshots | [294e21f71c57483e879bf662b81cdf9c] 自动创建版本快照成功: id=474, definition_id=475, hash=fb2d01d2a525acbd7a60d2a6315cfa5e
2026-02-04 16:49:25 | INFO | [294e21f71c57483e879bf662b81cdf9c] | app.api.v1.sync_tasks | [294e21f71c57483e879bf662b81cdf9c] 自动创建版本快照成功: snapshot_id=474
2026-02-04 16:49:25 | INFO | [294e21f71c57483e879bf662b81cdf9c] | app.api.v1.sync_tasks | [294e21f71c57483e879bf662b81cdf9c] 新增接口: POST /api/selection/{id}/entry/
2026-02-04 16:49:25 | INFO | [294e21f71c57483e879bf662b81cdf9c] | app.api.v1.version_snapshots | [294e21f71c57483e879bf662b81cdf9c] 自动创建版本快照成功: id=475, definition_id=476, hash=fb2d01d2a525acbd7a60d2a6315cfa5e
2026-02-04 16:49:25 | INFO | [294e21f71c57483e879bf662b81cdf9c] | app.api.v1.sync_tasks | [294e21f71c57483e879bf662b81cdf9c] 自动创建版本快照成功: snapshot_id=475
2026-02-04 16:49:25 | INFO | [294e21f71c57483e879bf662b81cdf9c] | app.api.v1.sync_tasks | [294e21f71c57483e879bf662b81cdf9c] 新增接口: POST /api/stock/remove/
2026-02-04 16:49:25 | INFO | [294e21f71c57483e879bf662b81cdf9c] | app.api.v1.version_snapshots | [294e21f71c57483e879bf662b81cdf9c] 自动创建版本快照成功: id=476, definition_id=477, hash=fb2d01d2a525acbd7a60d2a6315cfa5e
2026-02-04 16:49:25 | INFO | [294e21f71c57483e879bf662b81cdf9c] | app.api.v1.sync_tasks | [294e21f71c57483e879bf662b81cdf9c] 自动创建版本快照成功: snapshot_id=476
2026-02-04 16:49:25 | INFO | [294e21f71c57483e879bf662b81cdf9c] | app.api.v1.sync_tasks | [294e21f71c57483e879bf662b81cdf9c] 新增接口: GET /api/flags/{key}/
2026-02-04 16:49:25 | INFO | [294e21f71c57483e879bf662b81cdf9c] | app.api.v1.version_snapshots | [294e21f71c57483e879bf662b81cdf9c] 自动创建版本快照成功: id=477, definition_id=478, hash=fb2d01d2a525acbd7a60d2a6315cfa5e
2026-02-04 16:49:25 | INFO | [294e21f71c57483e879bf662b81cdf9c] | app.api.v1.sync_tasks | [294e21f71c57483e879bf662b81cdf9c] 自动创建版本快照成功: snapshot_id=477
2026-02-04 16:49:25 | INFO | [294e21f71c57483e879bf662b81cdf9c] | app.api.v1.sync_tasks | [294e21f71c57483e879bf662b81cdf9c] 新增接口: GET /api/contenttype/model/{model}/
2026-02-04 16:49:25 | INFO | [294e21f71c57483e879bf662b81cdf9c] | app.api.v1.version_snapshots | [294e21f71c57483e879bf662b81cdf9c] 自动创建版本快照成功: id=478, definition_id=479, hash=fb2d01d2a525acbd7a60d2a6315cfa5e
2026-02-04 16:49:25 | INFO | [294e21f71c57483e879bf662b81cdf9c] | app.api.v1.sync_tasks | [294e21f71c57483e879bf662b81cdf9c] 自动创建版本快照成功: snapshot_id=478
2026-02-04 16:49:25 | INFO | [294e21f71c57483e879bf662b81cdf9c] | app.api.v1.sync_tasks | [294e21f71c57483e879bf662b81cdf9c] 新增接口: GET /api/license/
2026-02-04 16:49:25 | INFO | [294e21f71c57483e879bf662b81cdf9c] | app.api.v1.version_snapshots | [294e21f71c57483e879bf662b81cdf9c] 自动创建版本快照成功: id=479, definition_id=480, hash=fb2d01d2a525acbd7a60d2a6315cfa5e
2026-02-04 16:49:25 | INFO | [294e21f71c57483e879bf662b81cdf9c] | app.api.v1.sync_tasks | [294e21f71c57483e879bf662b81cdf9c] 自动创建版本快照成功: snapshot_id=479
2026-02-04 16:49:25 | INFO | [294e21f71c57483e879bf662b81cdf9c] | app.api.v1.sync_tasks | [294e21f71c57483e879bf662b81cdf9c] 新增接口: GET /api/version-text
2026-02-04 16:49:25 | INFO | [294e21f71c57483e879bf662b81cdf9c] | app.api.v1.version_snapshots | [294e21f71c57483e879bf662b81cdf9c] 自动创建版本快照成功: id=480, definition_id=481, hash=fb2d01d2a525acbd7a60d2a6315cfa5e
2026-02-04 16:49:25 | INFO | [294e21f71c57483e879bf662b81cdf9c] | app.api.v1.sync_tasks | [294e21f71c57483e879bf662b81cdf9c] 自动创建版本快照成功: snapshot_id=480
2026-02-04 16:49:25 | INFO | [294e21f71c57483e879bf662b81cdf9c] | app.api.v1.sync_tasks | [294e21f71c57483e879bf662b81cdf9c] 新增接口: DELETE /api/news/
2026-02-04 16:49:25 | INFO | [294e21f71c57483e879bf662b81cdf9c] | app.api.v1.version_snapshots | [294e21f71c57483e879bf662b81cdf9c] 自动创建版本快照成功: id=481, definition_id=482, hash=fb2d01d2a525acbd7a60d2a6315cfa5e
2026-02-04 16:49:25 | INFO | [294e21f71c57483e879bf662b81cdf9c] | app.api.v1.sync_tasks | [294e21f71c57483e879bf662b81cdf9c] 自动创建版本快照成功: snapshot_id=481
2026-02-04 16:49:25 | INFO | [294e21f71c57483e879bf662b81cdf9c] | app.api.v1.sync_tasks | [294e21f71c57483e879bf662b81cdf9c] 新增接口: POST /api/importer/session/
2026-02-04 16:49:25 | INFO | [294e21f71c57483e879bf662b81cdf9c] | app.api.v1.version_snapshots | [294e21f71c57483e879bf662b81cdf9c] 自动创建版本快照成功: id=482, definition_id=483, hash=fb2d01d2a525acbd7a60d2a6315cfa5e
2026-02-04 16:49:25 | INFO | [294e21f71c57483e879bf662b81cdf9c] | app.api.v1.sync_tasks | [294e21f71c57483e879bf662b81cdf9c] 自动创建版本快照成功: snapshot_id=482
2026-02-04 16:49:25 | INFO | [294e21f71c57483e879bf662b81cdf9c] | app.api.v1.sync_tasks | [294e21f71c57483e879bf662b81cdf9c] 新增接口: PATCH /api/stock/{id}/
2026-02-04 16:49:25 | INFO | [294e21f71c57483e879bf662b81cdf9c] | app.api.v1.version_snapshots | [294e21f71c57483e879bf662b81cdf9c] 自动创建版本快照成功: id=483, definition_id=484, hash=fb2d01d2a525acbd7a60d2a6315cfa5e
2026-02-04 16:49:25 | INFO | [294e21f71c57483e879bf662b81cdf9c] | app.api.v1.sync_tasks | [294e21f71c57483e879bf662b81cdf9c] 自动创建版本快照成功: snapshot_id=483
2026-02-04 16:49:25 | INFO | [294e21f71c57483e879bf662b81cdf9c] | app.api.v1.sync_tasks | [294e21f71c57483e879bf662b81cdf9c] 新增接口: GET /api/notifications/{id}/
2026-02-04 16:49:25 | INFO | [294e21f71c57483e879bf662b81cdf9c] | app.api.v1.version_snapshots | [294e21f71c57483e879bf662b81cdf9c] 自动创建版本快照成功: id=484, definition_id=485, hash=fb2d01d2a525acbd7a60d2a6315cfa5e
2026-02-04 16:49:25 | INFO | [294e21f71c57483e879bf662b81cdf9c] | app.api.v1.sync_tasks | [294e21f71c57483e879bf662b81cdf9c] 自动创建版本快照成功: snapshot_id=484
2026-02-04 16:49:25 | INFO | [294e21f71c57483e879bf662b81cdf9c] | app.api.v1.sync_tasks | [294e21f71c57483e879bf662b81cdf9c] 新增接口: GET /api/plugins/{plugin}/settings/
2026-02-04 16:49:25 | INFO | [294e21f71c57483e879bf662b81cdf9c] | app.api.v1.version_snapshots | [294e21f71c57483e879bf662b81cdf9c] 自动创建版本快照成功: id=485, definition_id=486, hash=fb2d01d2a525acbd7a60d2a6315cfa5e
2026-02-04 16:49:25 | INFO | [294e21f71c57483e879bf662b81cdf9c] | app.api.v1.sync_tasks | [294e21f71c57483e879bf662b81cdf9c] 自动创建版本快照成功: snapshot_id=485
2026-02-04 16:49:25 | INFO | [294e21f71c57483e879bf662b81cdf9c] | app.api.v1.sync_tasks | [294e21f71c57483e879bf662b81cdf9c] 新增接口: POST /api/stock/{id}/install/
2026-02-04 16:49:25 | INFO | [294e21f71c57483e879bf662b81cdf9c] | app.api.v1.version_snapshots | [294e21f71c57483e879bf662b81cdf9c] 自动创建版本快照成功: id=486, definition_id=487, hash=fb2d01d2a525acbd7a60d2a6315cfa5e
2026-02-04 16:49:25 | INFO | [294e21f71c57483e879bf662b81cdf9c] | app.api.v1.sync_tasks | [294e21f71c57483e879bf662b81cdf9c] 自动创建版本快照成功: snapshot_id=486
2026-02-04 16:49:25 | INFO | [294e21f71c57483e879bf662b81cdf9c] | app.api.v1.sync_tasks | [294e21f71c57483e879bf662b81cdf9c] 新增接口: PUT /api/order/so-line/{id}/
2026-02-04 16:49:25 | INFO | [294e21f71c57483e879bf662b81cdf9c] | app.api.v1.version_snapshots | [294e21f71c57483e879bf662b81cdf9c] 自动创建版本快照成功: id=487, definition_id=488, hash=fb2d01d2a525acbd7a60d2a6315cfa5e
2026-02-04 16:49:25 | INFO | [294e21f71c57483e879bf662b81cdf9c] | app.api.v1.sync_tasks | [294e21f71c57483e879bf662b81cdf9c] 自动创建版本快照成功: snapshot_id=487
2026-02-04 16:49:25 | INFO | [294e21f71c57483e879bf662b81cdf9c] | app.api.v1.sync_tasks | [294e21f71c57483e879bf662b81cdf9c] 新增接口: POST /api/build/{id}/issue/
2026-02-04 16:49:25 | INFO | [294e21f71c57483e879bf662b81cdf9c] | app.api.v1.version_snapshots | [294e21f71c57483e879bf662b81cdf9c] 自动创建版本快照成功: id=488, definition_id=489, hash=fb2d01d2a525acbd7a60d2a6315cfa5e
2026-02-04 16:49:25 | INFO | [294e21f71c57483e879bf662b81cdf9c] | app.api.v1.sync_tasks | [294e21f71c57483e879bf662b81cdf9c] 自动创建版本快照成功: snapshot_id=488
2026-02-04 16:49:25 | INFO | [294e21f71c57483e879bf662b81cdf9c] | app.api.v1.sync_tasks | [294e21f71c57483e879bf662b81cdf9c] 新增接口: POST /api/report/snippet/
2026-02-04 16:49:25 | INFO | [294e21f71c57483e879bf662b81cdf9c] | app.api.v1.version_snapshots | [294e21f71c57483e879bf662b81cdf9c] 自动创建版本快照成功: id=489, definition_id=490, hash=fb2d01d2a525acbd7a60d2a6315cfa5e
2026-02-04 16:49:25 | INFO | [294e21f71c57483e879bf662b81cdf9c] | app.api.v1.sync_tasks | [294e21f71c57483e879bf662b81cdf9c] 自动创建版本快照成功: snapshot_id=489
2026-02-04 16:49:25 | INFO | [294e21f71c57483e879bf662b81cdf9c] | app.api.v1.sync_tasks | [294e21f71c57483e879bf662b81cdf9c] 新增接口: PATCH /api/plugins/{plugin}/metadata/
2026-02-04 16:49:25 | INFO | [294e21f71c57483e879bf662b81cdf9c] | app.api.v1.version_snapshots | [294e21f71c57483e879bf662b81cdf9c] 自动创建版本快照成功: id=490, definition_id=491, hash=fb2d01d2a525acbd7a60d2a6315cfa5e
2026-02-04 16:49:25 | INFO | [294e21f71c57483e879bf662b81cdf9c] | app.api.v1.sync_tasks | [294e21f71c57483e879bf662b81cdf9c] 自动创建版本快照成功: snapshot_id=490
2026-02-04 16:49:25 | INFO | [294e21f71c57483e879bf662b81cdf9c] | app.api.v1.sync_tasks | [294e21f71c57483e879bf662b81cdf9c] 新增接口: PUT /api/bom/{id}/
2026-02-04 16:49:25 | INFO | [294e21f71c57483e879bf662b81cdf9c] | app.api.v1.version_snapshots | [294e21f71c57483e879bf662b81cdf9c] 自动创建版本快照成功: id=491, definition_id=492, hash=fb2d01d2a525acbd7a60d2a6315cfa5e
2026-02-04 16:49:25 | INFO | [294e21f71c57483e879bf662b81cdf9c] | app.api.v1.sync_tasks | [294e21f71c57483e879bf662b81cdf9c] 自动创建版本快照成功: snapshot_id=491
2026-02-04 16:49:25 | INFO | [294e21f71c57483e879bf662b81cdf9c] | app.api.v1.sync_tasks | [294e21f71c57483e879bf662b81cdf9c] 新增接口: GET /api/part/category/{id}/
2026-02-04 16:49:25 | INFO | [294e21f71c57483e879bf662b81cdf9c] | app.api.v1.version_snapshots | [294e21f71c57483e879bf662b81cdf9c] 自动创建版本快照成功: id=492, definition_id=493, hash=fb2d01d2a525acbd7a60d2a6315cfa5e
2026-02-04 16:49:25 | INFO | [294e21f71c57483e879bf662b81cdf9c] | app.api.v1.sync_tasks | [294e21f71c57483e879bf662b81cdf9c] 自动创建版本快照成功: snapshot_id=492
2026-02-04 16:49:25 | INFO | [294e21f71c57483e879bf662b81cdf9c] | app.api.v1.sync_tasks | [294e21f71c57483e879bf662b81cdf9c] 新增接口: POST /api/stock/{id}/convert/
2026-02-04 16:49:25 | INFO | [294e21f71c57483e879bf662b81cdf9c] | app.api.v1.version_snapshots | [294e21f71c57483e879bf662b81cdf9c] 自动创建版本快照成功: id=493, definition_id=494, hash=fb2d01d2a525acbd7a60d2a6315cfa5e
2026-02-04 16:49:25 | INFO | [294e21f71c57483e879bf662b81cdf9c] | app.api.v1.sync_tasks | [294e21f71c57483e879bf662b81cdf9c] 自动创建版本快照成功: snapshot_id=493
2026-02-04 16:49:25 | INFO | [294e21f71c57483e879bf662b81cdf9c] | app.api.v1.sync_tasks | [294e21f71c57483e879bf662b81cdf9c] 新增接口: PATCH /api/project-code/{id}/metadata/
2026-02-04 16:49:25 | INFO | [294e21f71c57483e879bf662b81cdf9c] | app.api.v1.version_snapshots | [294e21f71c57483e879bf662b81cdf9c] 自动创建版本快照成功: id=494, definition_id=495, hash=fb2d01d2a525acbd7a60d2a6315cfa5e
2026-02-04 16:49:25 | INFO | [294e21f71c57483e879bf662b81cdf9c] | app.api.v1.sync_tasks | [294e21f71c57483e879bf662b81cdf9c] 自动创建版本快照成功: snapshot_id=494
2026-02-04 16:49:25 | INFO | [294e21f71c57483e879bf662b81cdf9c] | app.api.v1.sync_tasks | [294e21f71c57483e879bf662b81cdf9c] 新增接口: GET /api/plugins/ui/features/{feature}/
2026-02-04 16:49:25 | INFO | [294e21f71c57483e879bf662b81cdf9c] | app.api.v1.version_snapshots | [294e21f71c57483e879bf662b81cdf9c] 自动创建版本快照成功: id=495, definition_id=496, hash=fb2d01d2a525acbd7a60d2a6315cfa5e
2026-02-04 16:49:25 | INFO | [294e21f71c57483e879bf662b81cdf9c] | app.api.v1.sync_tasks | [294e21f71c57483e879bf662b81cdf9c] 自动创建版本快照成功: snapshot_id=495
2026-02-04 16:49:25 | INFO | [294e21f71c57483e879bf662b81cdf9c] | app.api.v1.sync_tasks | [294e21f71c57483e879bf662b81cdf9c] 新增接口: POST /api/part/related/
2026-02-04 16:49:25 | INFO | [294e21f71c57483e879bf662b81cdf9c] | app.api.v1.version_snapshots | [294e21f71c57483e879bf662b81cdf9c] 自动创建版本快照成功: id=496, definition_id=497, hash=fb2d01d2a525acbd7a60d2a6315cfa5e
2026-02-04 16:49:25 | INFO | [294e21f71c57483e879bf662b81cdf9c] | app.api.v1.sync_tasks | [294e21f71c57483e879bf662b81cdf9c] 自动创建版本快照成功: snapshot_id=496
2026-02-04 16:49:25 | INFO | [294e21f71c57483e879bf662b81cdf9c] | app.api.v1.sync_tasks | [294e21f71c57483e879bf662b81cdf9c] 新增接口: GET /api/settings/user/{key}/
2026-02-04 16:49:25 | INFO | [294e21f71c57483e879bf662b81cdf9c] | app.api.v1.version_snapshots | [294e21f71c57483e879bf662b81cdf9c] 自动创建版本快照成功: id=497, definition_id=498, hash=fb2d01d2a525acbd7a60d2a6315cfa5e
2026-02-04 16:49:25 | INFO | [294e21f71c57483e879bf662b81cdf9c] | app.api.v1.sync_tasks | [294e21f71c57483e879bf662b81cdf9c] 自动创建版本快照成功: snapshot_id=497
2026-02-04 16:49:25 | INFO | [294e21f71c57483e879bf662b81cdf9c] | app.api.v1.sync_tasks | [294e21f71c57483e879bf662b81cdf9c] 新增接口: GET /api/generic/status/
2026-02-04 16:49:25 | INFO | [294e21f71c57483e879bf662b81cdf9c] | app.api.v1.version_snapshots | [294e21f71c57483e879bf662b81cdf9c] 自动创建版本快照成功: id=498, definition_id=499, hash=fb2d01d2a525acbd7a60d2a6315cfa5e
2026-02-04 16:49:25 | INFO | [294e21f71c57483e879bf662b81cdf9c] | app.api.v1.sync_tasks | [294e21f71c57483e879bf662b81cdf9c] 自动创建版本快照成功: snapshot_id=498
2026-02-04 16:49:25 | INFO | [294e21f71c57483e879bf662b81cdf9c] | app.api.v1.sync_tasks | [294e21f71c57483e879bf662b81cdf9c] 新增接口: PATCH /api/company/contact/{id}/
2026-02-04 16:49:25 | INFO | [294e21f71c57483e879bf662b81cdf9c] | app.api.v1.version_snapshots | [294e21f71c57483e879bf662b81cdf9c] 自动创建版本快照成功: id=499, definition_id=500, hash=fb2d01d2a525acbd7a60d2a6315cfa5e
2026-02-04 16:49:25 | INFO | [294e21f71c57483e879bf662b81cdf9c] | app.api.v1.sync_tasks | [294e21f71c57483e879bf662b81cdf9c] 自动创建版本快照成功: snapshot_id=499
2026-02-04 16:49:25 | INFO | [294e21f71c57483e879bf662b81cdf9c] | app.api.v1.sync_tasks | [294e21f71c57483e879bf662b81cdf9c] 新增接口: PUT /api/company/contact/{id}/metadata/
2026-02-04 16:49:25 | INFO | [294e21f71c57483e879bf662b81cdf9c] | app.api.v1.version_snapshots | [294e21f71c57483e879bf662b81cdf9c] 自动创建版本快照成功: id=500, definition_id=501, hash=fb2d01d2a525acbd7a60d2a6315cfa5e
2026-02-04 16:49:25 | INFO | [294e21f71c57483e879bf662b81cdf9c] | app.api.v1.sync_tasks | [294e21f71c57483e879bf662b81cdf9c] 自动创建版本快照成功: snapshot_id=500
2026-02-04 16:49:25 | INFO | [294e21f71c57483e879bf662b81cdf9c] | app.api.v1.sync_tasks | [294e21f71c57483e879bf662b81cdf9c] 新增接口: DELETE /api/importer/row/{id}/
2026-02-04 16:49:25 | INFO | [294e21f71c57483e879bf662b81cdf9c] | app.api.v1.version_snapshots | [294e21f71c57483e879bf662b81cdf9c] 自动创建版本快照成功: id=501, definition_id=502, hash=fb2d01d2a525acbd7a60d2a6315cfa5e
2026-02-04 16:49:25 | INFO | [294e21f71c57483e879bf662b81cdf9c] | app.api.v1.sync_tasks | [294e21f71c57483e879bf662b81cdf9c] 自动创建版本快照成功: snapshot_id=501
2026-02-04 16:49:25 | INFO | [294e21f71c57483e879bf662b81cdf9c] | app.api.v1.sync_tasks | [294e21f71c57483e879bf662b81cdf9c] 新增接口: DELETE /api/stock/{id}/
2026-02-04 16:49:25 | INFO | [294e21f71c57483e879bf662b81cdf9c] | app.api.v1.version_snapshots | [294e21f71c57483e879bf662b81cdf9c] 自动创建版本快照成功: id=502, definition_id=503, hash=fb2d01d2a525acbd7a60d2a6315cfa5e
2026-02-04 16:49:25 | INFO | [294e21f71c57483e879bf662b81cdf9c] | app.api.v1.sync_tasks | [294e21f71c57483e879bf662b81cdf9c] 自动创建版本快照成功: snapshot_id=502
2026-02-04 16:49:25 | INFO | [294e21f71c57483e879bf662b81cdf9c] | app.api.v1.sync_tasks | [294e21f71c57483e879bf662b81cdf9c] 新增接口: DELETE /api/user/group/{id}/
2026-02-04 16:49:25 | INFO | [294e21f71c57483e879bf662b81cdf9c] | app.api.v1.version_snapshots | [294e21f71c57483e879bf662b81cdf9c] 自动创建版本快照成功: id=503, definition_id=504, hash=fb2d01d2a525acbd7a60d2a6315cfa5e
2026-02-04 16:49:25 | INFO | [294e21f71c57483e879bf662b81cdf9c] | app.api.v1.sync_tasks | [294e21f71c57483e879bf662b81cdf9c] 自动创建版本快照成功: snapshot_id=503
2026-02-04 16:49:25 | INFO | [294e21f71c57483e879bf662b81cdf9c] | app.api.v1.sync_tasks | [294e21f71c57483e879bf662b81cdf9c] 新增接口: GET /api/build/{id}/
2026-02-04 16:49:25 | INFO | [294e21f71c57483e879bf662b81cdf9c] | app.api.v1.version_snapshots | [294e21f71c57483e879bf662b81cdf9c] 自动创建版本快照成功: id=504, definition_id=505, hash=fb2d01d2a525acbd7a60d2a6315cfa5e
2026-02-04 16:49:25 | INFO | [294e21f71c57483e879bf662b81cdf9c] | app.api.v1.sync_tasks | [294e21f71c57483e879bf662b81cdf9c] 自动创建版本快照成功: snapshot_id=504
2026-02-04 16:49:25 | INFO | [294e21f71c57483e879bf662b81cdf9c] | app.api.v1.sync_tasks | [294e21f71c57483e879bf662b81cdf9c] 新增接口: GET /api/build/
2026-02-04 16:49:25 | INFO | [294e21f71c57483e879bf662b81cdf9c] | app.api.v1.version_snapshots | [294e21f71c57483e879bf662b81cdf9c] 自动创建版本快照成功: id=505, definition_id=506, hash=fb2d01d2a525acbd7a60d2a6315cfa5e
2026-02-04 16:49:25 | INFO | [294e21f71c57483e879bf662b81cdf9c] | app.api.v1.sync_tasks | [294e21f71c57483e879bf662b81cdf9c] 自动创建版本快照成功: snapshot_id=505
2026-02-04 16:49:25 | INFO | [294e21f71c57483e879bf662b81cdf9c] | app.api.v1.sync_tasks | [294e21f71c57483e879bf662b81cdf9c] 新增接口: PUT /api/order/so-line/{id}/metadata/
2026-02-04 16:49:26 | INFO | [294e21f71c57483e879bf662b81cdf9c] | app.api.v1.version_snapshots | [294e21f71c57483e879bf662b81cdf9c] 自动创建版本快照成功: id=506, definition_id=507, hash=fb2d01d2a525acbd7a60d2a6315cfa5e
2026-02-04 16:49:26 | INFO | [294e21f71c57483e879bf662b81cdf9c] | app.api.v1.sync_tasks | [294e21f71c57483e879bf662b81cdf9c] 自动创建版本快照成功: snapshot_id=506
2026-02-04 16:49:26 | INFO | [294e21f71c57483e879bf662b81cdf9c] | app.api.v1.sync_tasks | [294e21f71c57483e879bf662b81cdf9c] 新增接口: PATCH /api/plugins/{plugin}/uninstall/
2026-02-04 16:49:26 | INFO | [294e21f71c57483e879bf662b81cdf9c] | app.api.v1.version_snapshots | [294e21f71c57483e879bf662b81cdf9c] 自动创建版本快照成功: id=507, definition_id=508, hash=fb2d01d2a525acbd7a60d2a6315cfa5e
2026-02-04 16:49:26 | INFO | [294e21f71c57483e879bf662b81cdf9c] | app.api.v1.sync_tasks | [294e21f71c57483e879bf662b81cdf9c] 自动创建版本快照成功: snapshot_id=507
2026-02-04 16:49:26 | INFO | [294e21f71c57483e879bf662b81cdf9c] | app.api.v1.sync_tasks | [294e21f71c57483e879bf662b81cdf9c] 新增接口: PUT /api/order/so-allocation/
2026-02-04 16:49:26 | INFO | [294e21f71c57483e879bf662b81cdf9c] | app.api.v1.version_snapshots | [294e21f71c57483e879bf662b81cdf9c] 自动创建版本快照成功: id=508, definition_id=509, hash=fb2d01d2a525acbd7a60d2a6315cfa5e
2026-02-04 16:49:26 | INFO | [294e21f71c57483e879bf662b81cdf9c] | app.api.v1.sync_tasks | [294e21f71c57483e879bf662b81cdf9c] 自动创建版本快照成功: snapshot_id=508
2026-02-04 16:49:26 | INFO | [294e21f71c57483e879bf662b81cdf9c] | app.api.v1.sync_tasks | [294e21f71c57483e879bf662b81cdf9c] 新增接口: PUT /api/stock/location/
2026-02-04 16:49:26 | INFO | [294e21f71c57483e879bf662b81cdf9c] | app.api.v1.version_snapshots | [294e21f71c57483e879bf662b81cdf9c] 自动创建版本快照成功: id=509, definition_id=510, hash=fb2d01d2a525acbd7a60d2a6315cfa5e
2026-02-04 16:49:26 | INFO | [294e21f71c57483e879bf662b81cdf9c] | app.api.v1.sync_tasks | [294e21f71c57483e879bf662b81cdf9c] 自动创建版本快照成功: snapshot_id=509
2026-02-04 16:49:26 | INFO | [294e21f71c57483e879bf662b81cdf9c] | app.api.v1.sync_tasks | [294e21f71c57483e879bf662b81cdf9c] 新增接口: GET /api/order/so/shipment/{id}/metadata/
2026-02-04 16:49:26 | INFO | [294e21f71c57483e879bf662b81cdf9c] | app.api.v1.version_snapshots | [294e21f71c57483e879bf662b81cdf9c] 自动创建版本快照成功: id=510, definition_id=511, hash=fb2d01d2a525acbd7a60d2a6315cfa5e
2026-02-04 16:49:26 | INFO | [294e21f71c57483e879bf662b81cdf9c] | app.api.v1.sync_tasks | [294e21f71c57483e879bf662b81cdf9c] 自动创建版本快照成功: snapshot_id=510
2026-02-04 16:49:26 | INFO | [294e21f71c57483e879bf662b81cdf9c] | app.api.v1.sync_tasks | [294e21f71c57483e879bf662b81cdf9c] 新增接口: PATCH /api/generic/status/custom/{id}/
2026-02-04 16:49:26 | INFO | [294e21f71c57483e879bf662b81cdf9c] | app.api.v1.version_snapshots | [294e21f71c57483e879bf662b81cdf9c] 自动创建版本快照成功: id=511, definition_id=512, hash=fb2d01d2a525acbd7a60d2a6315cfa5e
2026-02-04 16:49:26 | INFO | [294e21f71c57483e879bf662b81cdf9c] | app.api.v1.sync_tasks | [294e21f71c57483e879bf662b81cdf9c] 自动创建版本快照成功: snapshot_id=511
2026-02-04 16:49:26 | INFO | [294e21f71c57483e879bf662b81cdf9c] | app.api.v1.sync_tasks | [294e21f71c57483e879bf662b81cdf9c] 新增接口: PUT /api/part/parameter/template/{id}/metadata/
2026-02-04 16:49:26 | INFO | [294e21f71c57483e879bf662b81cdf9c] | app.api.v1.version_snapshots | [294e21f71c57483e879bf662b81cdf9c] 自动创建版本快照成功: id=512, definition_id=513, hash=fb2d01d2a525acbd7a60d2a6315cfa5e
2026-02-04 16:49:26 | INFO | [294e21f71c57483e879bf662b81cdf9c] | app.api.v1.sync_tasks | [294e21f71c57483e879bf662b81cdf9c] 自动创建版本快照成功: snapshot_id=512
2026-02-04 16:49:26 | INFO | [294e21f71c57483e879bf662b81cdf9c] | app.api.v1.sync_tasks | [294e21f71c57483e879bf662b81cdf9c] 新增接口: PUT /api/part/related/{id}/
2026-02-04 16:49:26 | INFO | [294e21f71c57483e879bf662b81cdf9c] | app.api.v1.version_snapshots | [294e21f71c57483e879bf662b81cdf9c] 自动创建版本快照成功: id=513, definition_id=514, hash=fb2d01d2a525acbd7a60d2a6315cfa5e
2026-02-04 16:49:26 | INFO | [294e21f71c57483e879bf662b81cdf9c] | app.api.v1.sync_tasks | [294e21f71c57483e879bf662b81cdf9c] 自动创建版本快照成功: snapshot_id=513
2026-02-04 16:49:26 | INFO | [294e21f71c57483e879bf662b81cdf9c] | app.api.v1.sync_tasks | [294e21f71c57483e879bf662b81cdf9c] 新增接口: PATCH /api/order/ro/{id}/metadata/
2026-02-04 16:49:26 | INFO | [294e21f71c57483e879bf662b81cdf9c] | app.api.v1.version_snapshots | [294e21f71c57483e879bf662b81cdf9c] 自动创建版本快照成功: id=514, definition_id=515, hash=fb2d01d2a525acbd7a60d2a6315cfa5e
2026-02-04 16:49:26 | INFO | [294e21f71c57483e879bf662b81cdf9c] | app.api.v1.sync_tasks | [294e21f71c57483e879bf662b81cdf9c] 自动创建版本快照成功: snapshot_id=514
2026-02-04 16:49:26 | INFO | [294e21f71c57483e879bf662b81cdf9c] | app.api.v1.sync_tasks | [294e21f71c57483e879bf662b81cdf9c] 新增接口: POST /api/selection/
2026-02-04 16:49:26 | INFO | [294e21f71c57483e879bf662b81cdf9c] | app.api.v1.version_snapshots | [294e21f71c57483e879bf662b81cdf9c] 自动创建版本快照成功: id=515, definition_id=516, hash=fb2d01d2a525acbd7a60d2a6315cfa5e
2026-02-04 16:49:26 | INFO | [294e21f71c57483e879bf662b81cdf9c] | app.api.v1.sync_tasks | [294e21f71c57483e879bf662b81cdf9c] 自动创建版本快照成功: snapshot_id=515
2026-02-04 16:49:26 | INFO | [294e21f71c57483e879bf662b81cdf9c] | app.api.v1.sync_tasks | [294e21f71c57483e879bf662b81cdf9c] 新增接口: PATCH /api/label/template/{id}/metadata/
2026-02-04 16:49:26 | INFO | [294e21f71c57483e879bf662b81cdf9c] | app.api.v1.version_snapshots | [294e21f71c57483e879bf662b81cdf9c] 自动创建版本快照成功: id=516, definition_id=517, hash=fb2d01d2a525acbd7a60d2a6315cfa5e
2026-02-04 16:49:26 | INFO | [294e21f71c57483e879bf662b81cdf9c] | app.api.v1.sync_tasks | [294e21f71c57483e879bf662b81cdf9c] 自动创建版本快照成功: snapshot_id=516
2026-02-04 16:49:26 | INFO | [294e21f71c57483e879bf662b81cdf9c] | app.api.v1.sync_tasks | [294e21f71c57483e879bf662b81cdf9c] 新增接口: PATCH /api/units/{id}/
2026-02-04 16:49:26 | INFO | [294e21f71c57483e879bf662b81cdf9c] | app.api.v1.version_snapshots | [294e21f71c57483e879bf662b81cdf9c] 自动创建版本快照成功: id=517, definition_id=518, hash=fb2d01d2a525acbd7a60d2a6315cfa5e
2026-02-04 16:49:26 | INFO | [294e21f71c57483e879bf662b81cdf9c] | app.api.v1.sync_tasks | [294e21f71c57483e879bf662b81cdf9c] 自动创建版本快照成功: snapshot_id=517
2026-02-04 16:49:26 | INFO | [294e21f71c57483e879bf662b81cdf9c] | app.api.v1.sync_tasks | [294e21f71c57483e879bf662b81cdf9c] 新增接口: PUT /api/user/{id}/set-password/
2026-02-04 16:49:26 | INFO | [294e21f71c57483e879bf662b81cdf9c] | app.api.v1.version_snapshots | [294e21f71c57483e879bf662b81cdf9c] 自动创建版本快照成功: id=518, definition_id=519, hash=fb2d01d2a525acbd7a60d2a6315cfa5e
2026-02-04 16:49:26 | INFO | [294e21f71c57483e879bf662b81cdf9c] | app.api.v1.sync_tasks | [294e21f71c57483e879bf662b81cdf9c] 自动创建版本快照成功: snapshot_id=518
2026-02-04 16:49:26 | INFO | [294e21f71c57483e879bf662b81cdf9c] | app.api.v1.sync_tasks | [294e21f71c57483e879bf662b81cdf9c] 新增接口: POST /api/order/so/{id}/hold/
2026-02-04 16:49:26 | INFO | [294e21f71c57483e879bf662b81cdf9c] | app.api.v1.version_snapshots | [294e21f71c57483e879bf662b81cdf9c] 自动创建版本快照成功: id=519, definition_id=520, hash=fb2d01d2a525acbd7a60d2a6315cfa5e
2026-02-04 16:49:26 | INFO | [294e21f71c57483e879bf662b81cdf9c] | app.api.v1.sync_tasks | [294e21f71c57483e879bf662b81cdf9c] 自动创建版本快照成功: snapshot_id=519
2026-02-04 16:49:26 | INFO | [294e21f71c57483e879bf662b81cdf9c] | app.api.v1.sync_tasks | [294e21f71c57483e879bf662b81cdf9c] 新增接口: GET /api/stock/location/tree/
2026-02-04 16:49:26 | INFO | [294e21f71c57483e879bf662b81cdf9c] | app.api.v1.version_snapshots | [294e21f71c57483e879bf662b81cdf9c] 自动创建版本快照成功: id=520, definition_id=521, hash=fb2d01d2a525acbd7a60d2a6315cfa5e
2026-02-04 16:49:26 | INFO | [294e21f71c57483e879bf662b81cdf9c] | app.api.v1.sync_tasks | [294e21f71c57483e879bf662b81cdf9c] 自动创建版本快照成功: snapshot_id=520
2026-02-04 16:49:26 | INFO | [294e21f71c57483e879bf662b81cdf9c] | app.api.v1.sync_tasks | [294e21f71c57483e879bf662b81cdf9c] 新增接口: GET /api/company/address/
2026-02-04 16:49:26 | INFO | [294e21f71c57483e879bf662b81cdf9c] | app.api.v1.version_snapshots | [294e21f71c57483e879bf662b81cdf9c] 自动创建版本快照成功: id=521, definition_id=522, hash=fb2d01d2a525acbd7a60d2a6315cfa5e
2026-02-04 16:49:26 | INFO | [294e21f71c57483e879bf662b81cdf9c] | app.api.v1.sync_tasks | [294e21f71c57483e879bf662b81cdf9c] 自动创建版本快照成功: snapshot_id=521
2026-02-04 16:49:26 | INFO | [294e21f71c57483e879bf662b81cdf9c] | app.api.v1.sync_tasks | [294e21f71c57483e879bf662b81cdf9c] 新增接口: PUT /api/attachment/{id}/
2026-02-04 16:49:26 | INFO | [294e21f71c57483e879bf662b81cdf9c] | app.api.v1.version_snapshots | [294e21f71c57483e879bf662b81cdf9c] 自动创建版本快照成功: id=522, definition_id=523, hash=fb2d01d2a525acbd7a60d2a6315cfa5e
2026-02-04 16:49:26 | INFO | [294e21f71c57483e879bf662b81cdf9c] | app.api.v1.sync_tasks | [294e21f71c57483e879bf662b81cdf9c] 自动创建版本快照成功: snapshot_id=522
2026-02-04 16:49:26 | INFO | [294e21f71c57483e879bf662b81cdf9c] | app.api.v1.sync_tasks | [294e21f71c57483e879bf662b81cdf9c] 新增接口: POST /api/stock/
2026-02-04 16:49:26 | INFO | [294e21f71c57483e879bf662b81cdf9c] | app.api.v1.version_snapshots | [294e21f71c57483e879bf662b81cdf9c] 自动创建版本快照成功: id=523, definition_id=524, hash=fb2d01d2a525acbd7a60d2a6315cfa5e
2026-02-04 16:49:26 | INFO | [294e21f71c57483e879bf662b81cdf9c] | app.api.v1.sync_tasks | [294e21f71c57483e879bf662b81cdf9c] 自动创建版本快照成功: snapshot_id=523
2026-02-04 16:49:26 | INFO | [294e21f71c57483e879bf662b81cdf9c] | app.api.v1.sync_tasks | [294e21f71c57483e879bf662b81cdf9c] 新增接口: DELETE /api/company/contact/{id}/
2026-02-04 16:49:26 | INFO | [294e21f71c57483e879bf662b81cdf9c] | app.api.v1.version_snapshots | [294e21f71c57483e879bf662b81cdf9c] 自动创建版本快照成功: id=524, definition_id=525, hash=fb2d01d2a525acbd7a60d2a6315cfa5e
2026-02-04 16:49:26 | INFO | [294e21f71c57483e879bf662b81cdf9c] | app.api.v1.sync_tasks | [294e21f71c57483e879bf662b81cdf9c] 自动创建版本快照成功: snapshot_id=524
2026-02-04 16:49:26 | INFO | [294e21f71c57483e879bf662b81cdf9c] | app.api.v1.sync_tasks | [294e21f71c57483e879bf662b81cdf9c] 新增接口: PATCH /api/company/price-break/{id}/
2026-02-04 16:49:26 | INFO | [294e21f71c57483e879bf662b81cdf9c] | app.api.v1.version_snapshots | [294e21f71c57483e879bf662b81cdf9c] 自动创建版本快照成功: id=525, definition_id=526, hash=fb2d01d2a525acbd7a60d2a6315cfa5e
2026-02-04 16:49:26 | INFO | [294e21f71c57483e879bf662b81cdf9c] | app.api.v1.sync_tasks | [294e21f71c57483e879bf662b81cdf9c] 自动创建版本快照成功: snapshot_id=525
2026-02-04 16:49:26 | INFO | [294e21f71c57483e879bf662b81cdf9c] | app.api.v1.sync_tasks | [294e21f71c57483e879bf662b81cdf9c] 新增接口: GET /api/machine/{id}/settings/{config_type}/{key}/
2026-02-04 16:49:26 | INFO | [294e21f71c57483e879bf662b81cdf9c] | app.api.v1.version_snapshots | [294e21f71c57483e879bf662b81cdf9c] 自动创建版本快照成功: id=526, definition_id=527, hash=fb2d01d2a525acbd7a60d2a6315cfa5e
2026-02-04 16:49:26 | INFO | [294e21f71c57483e879bf662b81cdf9c] | app.api.v1.sync_tasks | [294e21f71c57483e879bf662b81cdf9c] 自动创建版本快照成功: snapshot_id=526
2026-02-04 16:49:26 | INFO | [294e21f71c57483e879bf662b81cdf9c] | app.api.v1.sync_tasks | [294e21f71c57483e879bf662b81cdf9c] 新增接口: PATCH /api/order/ro-extra-line/{id}/metadata/
2026-02-04 16:49:26 | INFO | [294e21f71c57483e879bf662b81cdf9c] | app.api.v1.version_snapshots | [294e21f71c57483e879bf662b81cdf9c] 自动创建版本快照成功: id=527, definition_id=528, hash=fb2d01d2a525acbd7a60d2a6315cfa5e
2026-02-04 16:49:26 | INFO | [294e21f71c57483e879bf662b81cdf9c] | app.api.v1.sync_tasks | [294e21f71c57483e879bf662b81cdf9c] 自动创建版本快照成功: snapshot_id=527
2026-02-04 16:49:26 | INFO | [294e21f71c57483e879bf662b81cdf9c] | app.api.v1.sync_tasks | [294e21f71c57483e879bf662b81cdf9c] 新增接口: PUT /api/part/{id}/pricing/
2026-02-04 16:49:26 | INFO | [294e21f71c57483e879bf662b81cdf9c] | app.api.v1.version_snapshots | [294e21f71c57483e879bf662b81cdf9c] 自动创建版本快照成功: id=528, definition_id=529, hash=fb2d01d2a525acbd7a60d2a6315cfa5e
2026-02-04 16:49:26 | INFO | [294e21f71c57483e879bf662b81cdf9c] | app.api.v1.sync_tasks | [294e21f71c57483e879bf662b81cdf9c] 自动创建版本快照成功: snapshot_id=528
2026-02-04 16:49:26 | INFO | [294e21f71c57483e879bf662b81cdf9c] | app.api.v1.sync_tasks | [294e21f71c57483e879bf662b81cdf9c] 新增接口: GET /api/part/stocktake/
2026-02-04 16:49:26 | INFO | [294e21f71c57483e879bf662b81cdf9c] | app.api.v1.version_snapshots | [294e21f71c57483e879bf662b81cdf9c] 自动创建版本快照成功: id=529, definition_id=530, hash=fb2d01d2a525acbd7a60d2a6315cfa5e
2026-02-04 16:49:26 | INFO | [294e21f71c57483e879bf662b81cdf9c] | app.api.v1.sync_tasks | [294e21f71c57483e879bf662b81cdf9c] 自动创建版本快照成功: snapshot_id=529
2026-02-04 16:49:26 | INFO | [294e21f71c57483e879bf662b81cdf9c] | app.api.v1.sync_tasks | [294e21f71c57483e879bf662b81cdf9c] 新增接口: GET /api/plugins/{plugin}/admin/
2026-02-04 16:49:26 | INFO | [294e21f71c57483e879bf662b81cdf9c] | app.api.v1.version_snapshots | [294e21f71c57483e879bf662b81cdf9c] 自动创建版本快照成功: id=530, definition_id=531, hash=fb2d01d2a525acbd7a60d2a6315cfa5e
2026-02-04 16:49:26 | INFO | [294e21f71c57483e879bf662b81cdf9c] | app.api.v1.sync_tasks | [294e21f71c57483e879bf662b81cdf9c] 自动创建版本快照成功: snapshot_id=530
2026-02-04 16:49:26 | INFO | [294e21f71c57483e879bf662b81cdf9c] | app.api.v1.sync_tasks | [294e21f71c57483e879bf662b81cdf9c] 新增接口: PUT /api/part/parameter/{id}/
2026-02-04 16:49:26 | INFO | [294e21f71c57483e879bf662b81cdf9c] | app.api.v1.version_snapshots | [294e21f71c57483e879bf662b81cdf9c] 自动创建版本快照成功: id=531, definition_id=532, hash=fb2d01d2a525acbd7a60d2a6315cfa5e
2026-02-04 16:49:26 | INFO | [294e21f71c57483e879bf662b81cdf9c] | app.api.v1.sync_tasks | [294e21f71c57483e879bf662b81cdf9c] 自动创建版本快照成功: snapshot_id=531
2026-02-04 16:49:26 | INFO | [294e21f71c57483e879bf662b81cdf9c] | app.api.v1.sync_tasks | [294e21f71c57483e879bf662b81cdf9c] 新增接口: GET /api/order/so/
2026-02-04 16:49:26 | INFO | [294e21f71c57483e879bf662b81cdf9c] | app.api.v1.version_snapshots | [294e21f71c57483e879bf662b81cdf9c] 自动创建版本快照成功: id=532, definition_id=533, hash=fb2d01d2a525acbd7a60d2a6315cfa5e
2026-02-04 16:49:26 | INFO | [294e21f71c57483e879bf662b81cdf9c] | app.api.v1.sync_tasks | [294e21f71c57483e879bf662b81cdf9c] 自动创建版本快照成功: snapshot_id=532
2026-02-04 16:49:26 | INFO | [294e21f71c57483e879bf662b81cdf9c] | app.api.v1.sync_tasks | [294e21f71c57483e879bf662b81cdf9c] 新增接口: DELETE /api/generic/status/custom/{id}/
2026-02-04 16:49:26 | INFO | [294e21f71c57483e879bf662b81cdf9c] | app.api.v1.version_snapshots | [294e21f71c57483e879bf662b81cdf9c] 自动创建版本快照成功: id=533, definition_id=534, hash=fb2d01d2a525acbd7a60d2a6315cfa5e
2026-02-04 16:49:26 | INFO | [294e21f71c57483e879bf662b81cdf9c] | app.api.v1.sync_tasks | [294e21f71c57483e879bf662b81cdf9c] 自动创建版本快照成功: snapshot_id=533
2026-02-04 16:49:26 | INFO | [294e21f71c57483e879bf662b81cdf9c] | app.api.v1.sync_tasks | [294e21f71c57483e879bf662b81cdf9c] 新增接口: PUT /api/part/category/parameters/{id}/metadata/
2026-02-04 16:49:26 | INFO | [294e21f71c57483e879bf662b81cdf9c] | app.api.v1.version_snapshots | [294e21f71c57483e879bf662b81cdf9c] 自动创建版本快照成功: id=534, definition_id=535, hash=fb2d01d2a525acbd7a60d2a6315cfa5e
2026-02-04 16:49:26 | INFO | [294e21f71c57483e879bf662b81cdf9c] | app.api.v1.sync_tasks | [294e21f71c57483e879bf662b81cdf9c] 自动创建版本快照成功: snapshot_id=534
2026-02-04 16:49:26 | INFO | [294e21f71c57483e879bf662b81cdf9c] | app.api.v1.sync_tasks | [294e21f71c57483e879bf662b81cdf9c] 新增接口: GET /api/part/
2026-02-04 16:49:26 | INFO | [294e21f71c57483e879bf662b81cdf9c] | app.api.v1.version_snapshots | [294e21f71c57483e879bf662b81cdf9c] 自动创建版本快照成功: id=535, definition_id=536, hash=fb2d01d2a525acbd7a60d2a6315cfa5e
2026-02-04 16:49:26 | INFO | [294e21f71c57483e879bf662b81cdf9c] | app.api.v1.sync_tasks | [294e21f71c57483e879bf662b81cdf9c] 自动创建版本快照成功: snapshot_id=535
2026-02-04 16:49:26 | INFO | [294e21f71c57483e879bf662b81cdf9c] | app.api.v1.sync_tasks | [294e21f71c57483e879bf662b81cdf9c] 新增接口: GET /api/part/{id}/
2026-02-04 16:49:26 | INFO | [294e21f71c57483e879bf662b81cdf9c] | app.api.v1.version_snapshots | [294e21f71c57483e879bf662b81cdf9c] 自动创建版本快照成功: id=536, definition_id=537, hash=fb2d01d2a525acbd7a60d2a6315cfa5e
2026-02-04 16:49:26 | INFO | [294e21f71c57483e879bf662b81cdf9c] | app.api.v1.sync_tasks | [294e21f71c57483e879bf662b81cdf9c] 自动创建版本快照成功: snapshot_id=536
2026-02-04 16:49:26 | INFO | [294e21f71c57483e879bf662b81cdf9c] | app.api.v1.sync_tasks | [294e21f71c57483e879bf662b81cdf9c] 新增接口: PUT /api/company/{id}/
2026-02-04 16:49:26 | INFO | [294e21f71c57483e879bf662b81cdf9c] | app.api.v1.version_snapshots | [294e21f71c57483e879bf662b81cdf9c] 自动创建版本快照成功: id=537, definition_id=538, hash=fb2d01d2a525acbd7a60d2a6315cfa5e
2026-02-04 16:49:26 | INFO | [294e21f71c57483e879bf662b81cdf9c] | app.api.v1.sync_tasks | [294e21f71c57483e879bf662b81cdf9c] 自动创建版本快照成功: snapshot_id=537
2026-02-04 16:49:26 | INFO | [294e21f71c57483e879bf662b81cdf9c] | app.api.v1.sync_tasks | [294e21f71c57483e879bf662b81cdf9c] 新增接口: GET /api/order/ro-line/status/
2026-02-04 16:49:26 | INFO | [294e21f71c57483e879bf662b81cdf9c] | app.api.v1.version_snapshots | [294e21f71c57483e879bf662b81cdf9c] 自动创建版本快照成功: id=538, definition_id=539, hash=fb2d01d2a525acbd7a60d2a6315cfa5e
2026-02-04 16:49:26 | INFO | [294e21f71c57483e879bf662b81cdf9c] | app.api.v1.sync_tasks | [294e21f71c57483e879bf662b81cdf9c] 自动创建版本快照成功: snapshot_id=538
2026-02-04 16:49:26 | INFO | [294e21f71c57483e879bf662b81cdf9c] | app.api.v1.sync_tasks | [294e21f71c57483e879bf662b81cdf9c] 新增接口: GET /api/data-output/{id}/
2026-02-04 16:49:26 | INFO | [294e21f71c57483e879bf662b81cdf9c] | app.api.v1.version_snapshots | [294e21f71c57483e879bf662b81cdf9c] 自动创建版本快照成功: id=539, definition_id=540, hash=fb2d01d2a525acbd7a60d2a6315cfa5e
2026-02-04 16:49:26 | INFO | [294e21f71c57483e879bf662b81cdf9c] | app.api.v1.sync_tasks | [294e21f71c57483e879bf662b81cdf9c] 自动创建版本快照成功: snapshot_id=539
2026-02-04 16:49:26 | INFO | [294e21f71c57483e879bf662b81cdf9c] | app.api.v1.sync_tasks | [294e21f71c57483e879bf662b81cdf9c] 新增接口: POST /api/build/{id}/unallocate/
2026-02-04 16:49:26 | INFO | [294e21f71c57483e879bf662b81cdf9c] | app.api.v1.version_snapshots | [294e21f71c57483e879bf662b81cdf9c] 自动创建版本快照成功: id=540, definition_id=541, hash=fb2d01d2a525acbd7a60d2a6315cfa5e
2026-02-04 16:49:26 | INFO | [294e21f71c57483e879bf662b81cdf9c] | app.api.v1.sync_tasks | [294e21f71c57483e879bf662b81cdf9c] 自动创建版本快照成功: snapshot_id=540
2026-02-04 16:49:26 | INFO | [294e21f71c57483e879bf662b81cdf9c] | app.api.v1.sync_tasks | [294e21f71c57483e879bf662b81cdf9c] 新增接口: GET /api/importer/models/
2026-02-04 16:49:26 | INFO | [294e21f71c57483e879bf662b81cdf9c] | app.api.v1.version_snapshots | [294e21f71c57483e879bf662b81cdf9c] 自动创建版本快照成功: id=541, definition_id=542, hash=fb2d01d2a525acbd7a60d2a6315cfa5e
2026-02-04 16:49:26 | INFO | [294e21f71c57483e879bf662b81cdf9c] | app.api.v1.sync_tasks | [294e21f71c57483e879bf662b81cdf9c] 自动创建版本快照成功: snapshot_id=541
2026-02-04 16:49:26 | INFO | [294e21f71c57483e879bf662b81cdf9c] | app.api.v1.sync_tasks | [294e21f71c57483e879bf662b81cdf9c] 新增接口: PATCH /api/order/so-line/{id}/
2026-02-04 16:49:26 | INFO | [294e21f71c57483e879bf662b81cdf9c] | app.api.v1.version_snapshots | [294e21f71c57483e879bf662b81cdf9c] 自动创建版本快照成功: id=542, definition_id=543, hash=fb2d01d2a525acbd7a60d2a6315cfa5e
2026-02-04 16:49:26 | INFO | [294e21f71c57483e879bf662b81cdf9c] | app.api.v1.sync_tasks | [294e21f71c57483e879bf662b81cdf9c] 自动创建版本快照成功: snapshot_id=542
2026-02-04 16:49:26 | INFO | [294e21f71c57483e879bf662b81cdf9c] | app.api.v1.sync_tasks | [294e21f71c57483e879bf662b81cdf9c] 新增接口: GET /api/selection/{id}/entry/
2026-02-04 16:49:26 | INFO | [294e21f71c57483e879bf662b81cdf9c] | app.api.v1.version_snapshots | [294e21f71c57483e879bf662b81cdf9c] 自动创建版本快照成功: id=543, definition_id=544, hash=fb2d01d2a525acbd7a60d2a6315cfa5e
2026-02-04 16:49:26 | INFO | [294e21f71c57483e879bf662b81cdf9c] | app.api.v1.sync_tasks | [294e21f71c57483e879bf662b81cdf9c] 自动创建版本快照成功: snapshot_id=543
2026-02-04 16:49:26 | INFO | [294e21f71c57483e879bf662b81cdf9c] | app.api.v1.sync_tasks | [294e21f71c57483e879bf662b81cdf9c] 新增接口: PATCH /api/company/{id}/metadata/
2026-02-04 16:49:26 | INFO | [294e21f71c57483e879bf662b81cdf9c] | app.api.v1.version_snapshots | [294e21f71c57483e879bf662b81cdf9c] 自动创建版本快照成功: id=544, definition_id=545, hash=fb2d01d2a525acbd7a60d2a6315cfa5e
2026-02-04 16:49:26 | INFO | [294e21f71c57483e879bf662b81cdf9c] | app.api.v1.sync_tasks | [294e21f71c57483e879bf662b81cdf9c] 自动创建版本快照成功: snapshot_id=544
2026-02-04 16:49:26 | INFO | [294e21f71c57483e879bf662b81cdf9c] | app.api.v1.sync_tasks | [294e21f71c57483e879bf662b81cdf9c] 新增接口: POST /api/order/so/{id}/issue/
2026-02-04 16:49:26 | INFO | [294e21f71c57483e879bf662b81cdf9c] | app.api.v1.version_snapshots | [294e21f71c57483e879bf662b81cdf9c] 自动创建版本快照成功: id=545, definition_id=546, hash=fb2d01d2a525acbd7a60d2a6315cfa5e
2026-02-04 16:49:26 | INFO | [294e21f71c57483e879bf662b81cdf9c] | app.api.v1.sync_tasks | [294e21f71c57483e879bf662b81cdf9c] 自动创建版本快照成功: snapshot_id=545
2026-02-04 16:49:26 | INFO | [294e21f71c57483e879bf662b81cdf9c] | app.api.v1.sync_tasks | [294e21f71c57483e879bf662b81cdf9c] 新增接口: DELETE /api/company/price-break/{id}/
2026-02-04 16:49:26 | INFO | [294e21f71c57483e879bf662b81cdf9c] | app.api.v1.version_snapshots | [294e21f71c57483e879bf662b81cdf9c] 自动创建版本快照成功: id=546, definition_id=547, hash=fb2d01d2a525acbd7a60d2a6315cfa5e
2026-02-04 16:49:26 | INFO | [294e21f71c57483e879bf662b81cdf9c] | app.api.v1.sync_tasks | [294e21f71c57483e879bf662b81cdf9c] 自动创建版本快照成功: snapshot_id=546
2026-02-04 16:49:26 | INFO | [294e21f71c57483e879bf662b81cdf9c] | app.api.v1.sync_tasks | [294e21f71c57483e879bf662b81cdf9c] 新增接口: GET /api/generic/status/{statusmodel}/
2026-02-04 16:49:26 | INFO | [294e21f71c57483e879bf662b81cdf9c] | app.api.v1.version_snapshots | [294e21f71c57483e879bf662b81cdf9c] 自动创建版本快照成功: id=547, definition_id=548, hash=fb2d01d2a525acbd7a60d2a6315cfa5e
2026-02-04 16:49:26 | INFO | [294e21f71c57483e879bf662b81cdf9c] | app.api.v1.sync_tasks | [294e21f71c57483e879bf662b81cdf9c] 自动创建版本快照成功: snapshot_id=547
2026-02-04 16:49:26 | INFO | [294e21f71c57483e879bf662b81cdf9c] | app.api.v1.sync_tasks | [294e21f71c57483e879bf662b81cdf9c] 新增接口: GET /api/importer/row/{id}/
2026-02-04 16:49:26 | INFO | [294e21f71c57483e879bf662b81cdf9c] | app.api.v1.version_snapshots | [294e21f71c57483e879bf662b81cdf9c] 自动创建版本快照成功: id=548, definition_id=549, hash=fb2d01d2a525acbd7a60d2a6315cfa5e
2026-02-04 16:49:26 | INFO | [294e21f71c57483e879bf662b81cdf9c] | app.api.v1.sync_tasks | [294e21f71c57483e879bf662b81cdf9c] 自动创建版本快照成功: snapshot_id=548
2026-02-04 16:49:26 | INFO | [294e21f71c57483e879bf662b81cdf9c] | app.api.v1.sync_tasks | [294e21f71c57483e879bf662b81cdf9c] 新增接口: PUT /api/order/so-extra-line/{id}/
2026-02-04 16:49:26 | INFO | [294e21f71c57483e879bf662b81cdf9c] | app.api.v1.version_snapshots | [294e21f71c57483e879bf662b81cdf9c] 自动创建版本快照成功: id=549, definition_id=550, hash=fb2d01d2a525acbd7a60d2a6315cfa5e
2026-02-04 16:49:26 | INFO | [294e21f71c57483e879bf662b81cdf9c] | app.api.v1.sync_tasks | [294e21f71c57483e879bf662b81cdf9c] 自动创建版本快照成功: snapshot_id=549
2026-02-04 16:49:26 | INFO | [294e21f71c57483e879bf662b81cdf9c] | app.api.v1.sync_tasks | [294e21f71c57483e879bf662b81cdf9c] 新增接口: GET /api/user/group/{id}/
2026-02-04 16:49:26 | INFO | [294e21f71c57483e879bf662b81cdf9c] | app.api.v1.version_snapshots | [294e21f71c57483e879bf662b81cdf9c] 自动创建版本快照成功: id=550, definition_id=551, hash=fb2d01d2a525acbd7a60d2a6315cfa5e
2026-02-04 16:49:26 | INFO | [294e21f71c57483e879bf662b81cdf9c] | app.api.v1.sync_tasks | [294e21f71c57483e879bf662b81cdf9c] 自动创建版本快照成功: snapshot_id=550
2026-02-04 16:49:26 | INFO | [294e21f71c57483e879bf662b81cdf9c] | app.api.v1.sync_tasks | [294e21f71c57483e879bf662b81cdf9c] 新增接口: POST /api/search/
2026-02-04 16:49:26 | INFO | [294e21f71c57483e879bf662b81cdf9c] | app.api.v1.version_snapshots | [294e21f71c57483e879bf662b81cdf9c] 自动创建版本快照成功: id=551, definition_id=552, hash=fb2d01d2a525acbd7a60d2a6315cfa5e
2026-02-04 16:49:26 | INFO | [294e21f71c57483e879bf662b81cdf9c] | app.api.v1.sync_tasks | [294e21f71c57483e879bf662b81cdf9c] 自动创建版本快照成功: snapshot_id=551
2026-02-04 16:49:26 | INFO | [294e21f71c57483e879bf662b81cdf9c] | app.api.v1.sync_tasks | [294e21f71c57483e879bf662b81cdf9c] 新增接口: GET /api/importer/session/
2026-02-04 16:49:26 | INFO | [294e21f71c57483e879bf662b81cdf9c] | app.api.v1.version_snapshots | [294e21f71c57483e879bf662b81cdf9c] 自动创建版本快照成功: id=552, definition_id=553, hash=fb2d01d2a525acbd7a60d2a6315cfa5e
2026-02-04 16:49:26 | INFO | [294e21f71c57483e879bf662b81cdf9c] | app.api.v1.sync_tasks | [294e21f71c57483e879bf662b81cdf9c] 自动创建版本快照成功: snapshot_id=552
2026-02-04 16:49:26 | INFO | [294e21f71c57483e879bf662b81cdf9c] | app.api.v1.sync_tasks | [294e21f71c57483e879bf662b81cdf9c] 新增接口: GET /api/notifications/readall/
2026-02-04 16:49:26 | INFO | [294e21f71c57483e879bf662b81cdf9c] | app.api.v1.version_snapshots | [294e21f71c57483e879bf662b81cdf9c] 自动创建版本快照成功: id=553, definition_id=554, hash=fb2d01d2a525acbd7a60d2a6315cfa5e
2026-02-04 16:49:26 | INFO | [294e21f71c57483e879bf662b81cdf9c] | app.api.v1.sync_tasks | [294e21f71c57483e879bf662b81cdf9c] 自动创建版本快照成功: snapshot_id=553
2026-02-04 16:49:26 | INFO | [294e21f71c57483e879bf662b81cdf9c] | app.api.v1.sync_tasks | [294e21f71c57483e879bf662b81cdf9c] 新增接口: PATCH /api/company/contact/{id}/metadata/
2026-02-04 16:49:26 | INFO | [294e21f71c57483e879bf662b81cdf9c] | app.api.v1.version_snapshots | [294e21f71c57483e879bf662b81cdf9c] 自动创建版本快照成功: id=554, definition_id=555, hash=fb2d01d2a525acbd7a60d2a6315cfa5e
2026-02-04 16:49:26 | INFO | [294e21f71c57483e879bf662b81cdf9c] | app.api.v1.sync_tasks | [294e21f71c57483e879bf662b81cdf9c] 自动创建版本快照成功: snapshot_id=554
2026-02-04 16:49:26 | INFO | [294e21f71c57483e879bf662b81cdf9c] | app.api.v1.sync_tasks | [294e21f71c57483e879bf662b81cdf9c] 新增接口: GET /api/plugins/{plugin}/settings/{key}/
2026-02-04 16:49:26 | INFO | [294e21f71c57483e879bf662b81cdf9c] | app.api.v1.version_snapshots | [294e21f71c57483e879bf662b81cdf9c] 自动创建版本快照成功: id=555, definition_id=556, hash=fb2d01d2a525acbd7a60d2a6315cfa5e
2026-02-04 16:49:26 | INFO | [294e21f71c57483e879bf662b81cdf9c] | app.api.v1.sync_tasks | [294e21f71c57483e879bf662b81cdf9c] 自动创建版本快照成功: snapshot_id=555
2026-02-04 16:49:26 | INFO | [294e21f71c57483e879bf662b81cdf9c] | app.api.v1.sync_tasks | [294e21f71c57483e879bf662b81cdf9c] 新增接口: PATCH /api/company/part/manufacturer/parameter/{id}/
2026-02-04 16:49:26 | INFO | [294e21f71c57483e879bf662b81cdf9c] | app.api.v1.version_snapshots | [294e21f71c57483e879bf662b81cdf9c] 自动创建版本快照成功: id=556, definition_id=557, hash=fb2d01d2a525acbd7a60d2a6315cfa5e
2026-02-04 16:49:26 | INFO | [294e21f71c57483e879bf662b81cdf9c] | app.api.v1.sync_tasks | [294e21f71c57483e879bf662b81cdf9c] 自动创建版本快照成功: snapshot_id=556
2026-02-04 16:49:26 | INFO | [294e21f71c57483e879bf662b81cdf9c] | app.api.v1.sync_tasks | [294e21f71c57483e879bf662b81cdf9c] 新增接口: PATCH /api/order/so-line/{id}/metadata/
2026-02-04 16:49:26 | INFO | [294e21f71c57483e879bf662b81cdf9c] | app.api.v1.version_snapshots | [294e21f71c57483e879bf662b81cdf9c] 自动创建版本快照成功: id=557, definition_id=558, hash=fb2d01d2a525acbd7a60d2a6315cfa5e
2026-02-04 16:49:26 | INFO | [294e21f71c57483e879bf662b81cdf9c] | app.api.v1.sync_tasks | [294e21f71c57483e879bf662b81cdf9c] 自动创建版本快照成功: snapshot_id=557
2026-02-04 16:49:26 | INFO | [294e21f71c57483e879bf662b81cdf9c] | app.api.v1.sync_tasks | [294e21f71c57483e879bf662b81cdf9c] 新增接口: DELETE /api/error-report/
2026-02-04 16:49:26 | INFO | [294e21f71c57483e879bf662b81cdf9c] | app.api.v1.version_snapshots | [294e21f71c57483e879bf662b81cdf9c] 自动创建版本快照成功: id=558, definition_id=559, hash=fb2d01d2a525acbd7a60d2a6315cfa5e
2026-02-04 16:49:26 | INFO | [294e21f71c57483e879bf662b81cdf9c] | app.api.v1.sync_tasks | [294e21f71c57483e879bf662b81cdf9c] 自动创建版本快照成功: snapshot_id=558
2026-02-04 16:49:26 | INFO | [294e21f71c57483e879bf662b81cdf9c] | app.api.v1.sync_tasks | [294e21f71c57483e879bf662b81cdf9c] 新增接口: POST /api/barcode/po-receive/
2026-02-04 16:49:26 | INFO | [294e21f71c57483e879bf662b81cdf9c] | app.api.v1.version_snapshots | [294e21f71c57483e879bf662b81cdf9c] 自动创建版本快照成功: id=559, definition_id=560, hash=fb2d01d2a525acbd7a60d2a6315cfa5e
2026-02-04 16:49:26 | INFO | [294e21f71c57483e879bf662b81cdf9c] | app.api.v1.sync_tasks | [294e21f71c57483e879bf662b81cdf9c] 自动创建版本快照成功: snapshot_id=559
2026-02-04 16:49:26 | INFO | [294e21f71c57483e879bf662b81cdf9c] | app.api.v1.sync_tasks | [294e21f71c57483e879bf662b81cdf9c] 新增接口: GET /api/settings/global/{key}/
2026-02-04 16:49:26 | INFO | [294e21f71c57483e879bf662b81cdf9c] | app.api.v1.version_snapshots | [294e21f71c57483e879bf662b81cdf9c] 自动创建版本快照成功: id=560, definition_id=561, hash=fb2d01d2a525acbd7a60d2a6315cfa5e
2026-02-04 16:49:26 | INFO | [294e21f71c57483e879bf662b81cdf9c] | app.api.v1.sync_tasks | [294e21f71c57483e879bf662b81cdf9c] 自动创建版本快照成功: snapshot_id=560
2026-02-04 16:49:26 | INFO | [294e21f71c57483e879bf662b81cdf9c] | app.api.v1.sync_tasks | [294e21f71c57483e879bf662b81cdf9c] 新增接口: PATCH /api/order/so-allocation/
2026-02-04 16:49:26 | INFO | [294e21f71c57483e879bf662b81cdf9c] | app.api.v1.version_snapshots | [294e21f71c57483e879bf662b81cdf9c] 自动创建版本快照成功: id=561, definition_id=562, hash=fb2d01d2a525acbd7a60d2a6315cfa5e
2026-02-04 16:49:26 | INFO | [294e21f71c57483e879bf662b81cdf9c] | app.api.v1.sync_tasks | [294e21f71c57483e879bf662b81cdf9c] 自动创建版本快照成功: snapshot_id=561
2026-02-04 16:49:26 | INFO | [294e21f71c57483e879bf662b81cdf9c] | app.api.v1.sync_tasks | [294e21f71c57483e879bf662b81cdf9c] 新增接口: DELETE /api/order/so-line/{id}/
2026-02-04 16:49:26 | INFO | [294e21f71c57483e879bf662b81cdf9c] | app.api.v1.version_snapshots | [294e21f71c57483e879bf662b81cdf9c] 自动创建版本快照成功: id=562, definition_id=563, hash=fb2d01d2a525acbd7a60d2a6315cfa5e
2026-02-04 16:49:26 | INFO | [294e21f71c57483e879bf662b81cdf9c] | app.api.v1.sync_tasks | [294e21f71c57483e879bf662b81cdf9c] 自动创建版本快照成功: snapshot_id=562
2026-02-04 16:49:26 | INFO | [294e21f71c57483e879bf662b81cdf9c] | app.api.v1.sync_tasks | [294e21f71c57483e879bf662b81cdf9c] 新增接口: PUT /api/order/so/{id}/metadata/
2026-02-04 16:49:26 | INFO | [294e21f71c57483e879bf662b81cdf9c] | app.api.v1.version_snapshots | [294e21f71c57483e879bf662b81cdf9c] 自动创建版本快照成功: id=563, definition_id=564, hash=fb2d01d2a525acbd7a60d2a6315cfa5e
2026-02-04 16:49:26 | INFO | [294e21f71c57483e879bf662b81cdf9c] | app.api.v1.sync_tasks | [294e21f71c57483e879bf662b81cdf9c] 自动创建版本快照成功: snapshot_id=563
2026-02-04 16:49:26 | INFO | [294e21f71c57483e879bf662b81cdf9c] | app.api.v1.sync_tasks | [294e21f71c57483e879bf662b81cdf9c] 新增接口: PATCH /api/stock/location/
2026-02-04 16:49:26 | INFO | [294e21f71c57483e879bf662b81cdf9c] | app.api.v1.version_snapshots | [294e21f71c57483e879bf662b81cdf9c] 自动创建版本快照成功: id=564, definition_id=565, hash=fb2d01d2a525acbd7a60d2a6315cfa5e
2026-02-04 16:49:26 | INFO | [294e21f71c57483e879bf662b81cdf9c] | app.api.v1.sync_tasks | [294e21f71c57483e879bf662b81cdf9c] 自动创建版本快照成功: snapshot_id=564
2026-02-04 16:49:26 | INFO | [294e21f71c57483e879bf662b81cdf9c] | app.api.v1.sync_tasks | [294e21f71c57483e879bf662b81cdf9c] 新增接口: PATCH /api/part/parameter/template/{id}/metadata/
2026-02-04 16:49:26 | INFO | [294e21f71c57483e879bf662b81cdf9c] | app.api.v1.version_snapshots | [294e21f71c57483e879bf662b81cdf9c] 自动创建版本快照成功: id=565, definition_id=566, hash=fb2d01d2a525acbd7a60d2a6315cfa5e
2026-02-04 16:49:26 | INFO | [294e21f71c57483e879bf662b81cdf9c] | app.api.v1.sync_tasks | [294e21f71c57483e879bf662b81cdf9c] 自动创建版本快照成功: snapshot_id=565
2026-02-04 16:49:26 | INFO | [294e21f71c57483e879bf662b81cdf9c] | app.api.v1.sync_tasks | [294e21f71c57483e879bf662b81cdf9c] 新增接口: PATCH /api/part/related/{id}/
2026-02-04 16:49:26 | INFO | [294e21f71c57483e879bf662b81cdf9c] | app.api.v1.version_snapshots | [294e21f71c57483e879bf662b81cdf9c] 自动创建版本快照成功: id=566, definition_id=567, hash=fb2d01d2a525acbd7a60d2a6315cfa5e
2026-02-04 16:49:26 | INFO | [294e21f71c57483e879bf662b81cdf9c] | app.api.v1.sync_tasks | [294e21f71c57483e879bf662b81cdf9c] 自动创建版本快照成功: snapshot_id=566
2026-02-04 16:49:26 | INFO | [294e21f71c57483e879bf662b81cdf9c] | app.api.v1.sync_tasks | [294e21f71c57483e879bf662b81cdf9c] 新增接口: GET /api/part/related/
2026-02-04 16:49:26 | INFO | [294e21f71c57483e879bf662b81cdf9c] | app.api.v1.version_snapshots | [294e21f71c57483e879bf662b81cdf9c] 自动创建版本快照成功: id=567, definition_id=568, hash=fb2d01d2a525acbd7a60d2a6315cfa5e
2026-02-04 16:49:26 | INFO | [294e21f71c57483e879bf662b81cdf9c] | app.api.v1.sync_tasks | [294e21f71c57483e879bf662b81cdf9c] 自动创建版本快照成功: snapshot_id=567
2026-02-04 16:49:26 | INFO | [294e21f71c57483e879bf662b81cdf9c] | app.api.v1.sync_tasks | [294e21f71c57483e879bf662b81cdf9c] 新增接口: PATCH /api/user/{id}/set-password/
2026-02-04 16:49:26 | INFO | [294e21f71c57483e879bf662b81cdf9c] | app.api.v1.version_snapshots | [294e21f71c57483e879bf662b81cdf9c] 自动创建版本快照成功: id=568, definition_id=569, hash=fb2d01d2a525acbd7a60d2a6315cfa5e
2026-02-04 16:49:26 | INFO | [294e21f71c57483e879bf662b81cdf9c] | app.api.v1.sync_tasks | [294e21f71c57483e879bf662b81cdf9c] 自动创建版本快照成功: snapshot_id=568
2026-02-04 16:49:26 | INFO | [294e21f71c57483e879bf662b81cdf9c] | app.api.v1.sync_tasks | [294e21f71c57483e879bf662b81cdf9c] 新增接口: PUT /api/order/so/shipment/{id}/
2026-02-04 16:49:26 | INFO | [294e21f71c57483e879bf662b81cdf9c] | app.api.v1.version_snapshots | [294e21f71c57483e879bf662b81cdf9c] 自动创建版本快照成功: id=569, definition_id=570, hash=fb2d01d2a525acbd7a60d2a6315cfa5e
2026-02-04 16:49:26 | INFO | [294e21f71c57483e879bf662b81cdf9c] | app.api.v1.sync_tasks | [294e21f71c57483e879bf662b81cdf9c] 自动创建版本快照成功: snapshot_id=569
2026-02-04 16:49:26 | INFO | [294e21f71c57483e879bf662b81cdf9c] | app.api.v1.sync_tasks | [294e21f71c57483e879bf662b81cdf9c] 新增接口: GET /api/settings/global/
2026-02-04 16:49:26 | INFO | [294e21f71c57483e879bf662b81cdf9c] | app.api.v1.version_snapshots | [294e21f71c57483e879bf662b81cdf9c] 自动创建版本快照成功: id=570, definition_id=571, hash=fb2d01d2a525acbd7a60d2a6315cfa5e
2026-02-04 16:49:26 | INFO | [294e21f71c57483e879bf662b81cdf9c] | app.api.v1.sync_tasks | [294e21f71c57483e879bf662b81cdf9c] 自动创建版本快照成功: snapshot_id=570
2026-02-04 16:49:26 | INFO | [294e21f71c57483e879bf662b81cdf9c] | app.api.v1.sync_tasks | [294e21f71c57483e879bf662b81cdf9c] 新增接口: PATCH /api/attachment/{id}/
2026-02-04 16:49:26 | INFO | [294e21f71c57483e879bf662b81cdf9c] | app.api.v1.version_snapshots | [294e21f71c57483e879bf662b81cdf9c] 自动创建版本快照成功: id=571, definition_id=572, hash=fb2d01d2a525acbd7a60d2a6315cfa5e
2026-02-04 16:49:26 | INFO | [294e21f71c57483e879bf662b81cdf9c] | app.api.v1.sync_tasks | [294e21f71c57483e879bf662b81cdf9c] 自动创建版本快照成功: snapshot_id=571
2026-02-04 16:49:26 | INFO | [294e21f71c57483e879bf662b81cdf9c] | app.api.v1.sync_tasks | [294e21f71c57483e879bf662b81cdf9c] 新增接口: PATCH /api/user/{id}/
2026-02-04 16:49:26 | INFO | [294e21f71c57483e879bf662b81cdf9c] | app.api.v1.version_snapshots | [294e21f71c57483e879bf662b81cdf9c] 自动创建版本快照成功: id=572, definition_id=573, hash=fb2d01d2a525acbd7a60d2a6315cfa5e
2026-02-04 16:49:26 | INFO | [294e21f71c57483e879bf662b81cdf9c] | app.api.v1.sync_tasks | [294e21f71c57483e879bf662b81cdf9c] 自动创建版本快照成功: snapshot_id=572
2026-02-04 16:49:26 | INFO | [294e21f71c57483e879bf662b81cdf9c] | app.api.v1.sync_tasks | [294e21f71c57483e879bf662b81cdf9c] 新增接口: PUT /api/company/part/{id}/metadata/
2026-02-04 16:49:26 | INFO | [294e21f71c57483e879bf662b81cdf9c] | app.api.v1.version_snapshots | [294e21f71c57483e879bf662b81cdf9c] 自动创建版本快照成功: id=573, definition_id=574, hash=fb2d01d2a525acbd7a60d2a6315cfa5e
2026-02-04 16:49:26 | INFO | [294e21f71c57483e879bf662b81cdf9c] | app.api.v1.sync_tasks | [294e21f71c57483e879bf662b81cdf9c] 自动创建版本快照成功: snapshot_id=573
2026-02-04 16:49:26 | INFO | [294e21f71c57483e879bf662b81cdf9c] | app.api.v1.sync_tasks | [294e21f71c57483e879bf662b81cdf9c] 新增接口: GET /api/order/ro/status/
2026-02-04 16:49:26 | INFO | [294e21f71c57483e879bf662b81cdf9c] | app.api.v1.version_snapshots | [294e21f71c57483e879bf662b81cdf9c] 自动创建版本快照成功: id=574, definition_id=575, hash=fb2d01d2a525acbd7a60d2a6315cfa5e
2026-02-04 16:49:26 | INFO | [294e21f71c57483e879bf662b81cdf9c] | app.api.v1.sync_tasks | [294e21f71c57483e879bf662b81cdf9c] 自动创建版本快照成功: snapshot_id=574
2026-02-04 16:49:26 | INFO | [294e21f71c57483e879bf662b81cdf9c] | app.api.v1.sync_tasks | [294e21f71c57483e879bf662b81cdf9c] 新增接口: PUT /api/part/{id}/bom-validate/
2026-02-04 16:49:26 | INFO | [294e21f71c57483e879bf662b81cdf9c] | app.api.v1.version_snapshots | [294e21f71c57483e879bf662b81cdf9c] 自动创建版本快照成功: id=575, definition_id=576, hash=fb2d01d2a525acbd7a60d2a6315cfa5e
2026-02-04 16:49:26 | INFO | [294e21f71c57483e879bf662b81cdf9c] | app.api.v1.sync_tasks | [294e21f71c57483e879bf662b81cdf9c] 自动创建版本快照成功: snapshot_id=575
2026-02-04 16:49:26 | INFO | [294e21f71c57483e879bf662b81cdf9c] | app.api.v1.sync_tasks | [294e21f71c57483e879bf662b81cdf9c] 新增接口: DELETE /api/company/part/manufacturer/parameter/{id}/
2026-02-04 16:49:26 | INFO | [294e21f71c57483e879bf662b81cdf9c] | app.api.v1.version_snapshots | [294e21f71c57483e879bf662b81cdf9c] 自动创建版本快照成功: id=576, definition_id=577, hash=fb2d01d2a525acbd7a60d2a6315cfa5e
2026-02-04 16:49:26 | INFO | [294e21f71c57483e879bf662b81cdf9c] | app.api.v1.sync_tasks | [294e21f71c57483e879bf662b81cdf9c] 自动创建版本快照成功: snapshot_id=576
2026-02-04 16:49:26 | INFO | [294e21f71c57483e879bf662b81cdf9c] | app.api.v1.sync_tasks | [294e21f71c57483e879bf662b81cdf9c] 新增接口: PATCH /api/part/{id}/pricing/
2026-02-04 16:49:26 | INFO | [294e21f71c57483e879bf662b81cdf9c] | app.api.v1.version_snapshots | [294e21f71c57483e879bf662b81cdf9c] 自动创建版本快照成功: id=577, definition_id=578, hash=fb2d01d2a525acbd7a60d2a6315cfa5e
2026-02-04 16:49:26 | INFO | [294e21f71c57483e879bf662b81cdf9c] | app.api.v1.sync_tasks | [294e21f71c57483e879bf662b81cdf9c] 自动创建版本快照成功: snapshot_id=577
2026-02-04 16:49:26 | INFO | [294e21f71c57483e879bf662b81cdf9c] | app.api.v1.sync_tasks | [294e21f71c57483e879bf662b81cdf9c] 新增接口: PUT /api/user/me/
2026-02-04 16:49:26 | INFO | [294e21f71c57483e879bf662b81cdf9c] | app.api.v1.version_snapshots | [294e21f71c57483e879bf662b81cdf9c] 自动创建版本快照成功: id=578, definition_id=579, hash=fb2d01d2a525acbd7a60d2a6315cfa5e
2026-02-04 16:49:26 | INFO | [294e21f71c57483e879bf662b81cdf9c] | app.api.v1.sync_tasks | [294e21f71c57483e879bf662b81cdf9c] 自动创建版本快照成功: snapshot_id=578
2026-02-04 16:49:26 | INFO | [294e21f71c57483e879bf662b81cdf9c] | app.api.v1.sync_tasks | [294e21f71c57483e879bf662b81cdf9c] 新增接口: PUT /api/order/po-line/{id}/metadata/
2026-02-04 16:49:26 | INFO | [294e21f71c57483e879bf662b81cdf9c] | app.api.v1.version_snapshots | [294e21f71c57483e879bf662b81cdf9c] 自动创建版本快照成功: id=579, definition_id=580, hash=fb2d01d2a525acbd7a60d2a6315cfa5e
2026-02-04 16:49:26 | INFO | [294e21f71c57483e879bf662b81cdf9c] | app.api.v1.sync_tasks | [294e21f71c57483e879bf662b81cdf9c] 自动创建版本快照成功: snapshot_id=579
2026-02-04 16:49:26 | INFO | [294e21f71c57483e879bf662b81cdf9c] | app.api.v1.sync_tasks | [294e21f71c57483e879bf662b81cdf9c] 新增接口: GET /api/selection/
2026-02-04 16:49:26 | INFO | [294e21f71c57483e879bf662b81cdf9c] | app.api.v1.version_snapshots | [294e21f71c57483e879bf662b81cdf9c] 自动创建版本快照成功: id=580, definition_id=581, hash=fb2d01d2a525acbd7a60d2a6315cfa5e
2026-02-04 16:49:26 | INFO | [294e21f71c57483e879bf662b81cdf9c] | app.api.v1.sync_tasks | [294e21f71c57483e879bf662b81cdf9c] 自动创建版本快照成功: snapshot_id=580
2026-02-04 16:49:26 | INFO | [294e21f71c57483e879bf662b81cdf9c] | app.api.v1.sync_tasks | [294e21f71c57483e879bf662b81cdf9c] 新增接口: GET /api/build/item/{id}/metadata/
2026-02-04 16:49:26 | INFO | [294e21f71c57483e879bf662b81cdf9c] | app.api.v1.version_snapshots | [294e21f71c57483e879bf662b81cdf9c] 自动创建版本快照成功: id=581, definition_id=582, hash=fb2d01d2a525acbd7a60d2a6315cfa5e
2026-02-04 16:49:26 | INFO | [294e21f71c57483e879bf662b81cdf9c] | app.api.v1.sync_tasks | [294e21f71c57483e879bf662b81cdf9c] 自动创建版本快照成功: snapshot_id=581
2026-02-04 16:49:26 | INFO | [294e21f71c57483e879bf662b81cdf9c] | app.api.v1.sync_tasks | [294e21f71c57483e879bf662b81cdf9c] 新增接口: POST /api/part/sale-price/
2026-02-04 16:49:26 | INFO | [294e21f71c57483e879bf662b81cdf9c] | app.api.v1.version_snapshots | [294e21f71c57483e879bf662b81cdf9c] 自动创建版本快照成功: id=582, definition_id=583, hash=fb2d01d2a525acbd7a60d2a6315cfa5e
2026-02-04 16:49:26 | INFO | [294e21f71c57483e879bf662b81cdf9c] | app.api.v1.sync_tasks | [294e21f71c57483e879bf662b81cdf9c] 自动创建版本快照成功: snapshot_id=582
2026-02-04 16:49:26 | INFO | [294e21f71c57483e879bf662b81cdf9c] | app.api.v1.sync_tasks | [294e21f71c57483e879bf662b81cdf9c] 新增接口: DELETE /api/part/related/{id}/
2026-02-04 16:49:27 | INFO | [294e21f71c57483e879bf662b81cdf9c] | app.api.v1.version_snapshots | [294e21f71c57483e879bf662b81cdf9c] 自动创建版本快照成功: id=583, definition_id=584, hash=fb2d01d2a525acbd7a60d2a6315cfa5e
2026-02-04 16:49:27 | INFO | [294e21f71c57483e879bf662b81cdf9c] | app.api.v1.sync_tasks | [294e21f71c57483e879bf662b81cdf9c] 自动创建版本快照成功: snapshot_id=583
2026-02-04 16:49:27 | INFO | [294e21f71c57483e879bf662b81cdf9c] | app.api.v1.sync_tasks | [294e21f71c57483e879bf662b81cdf9c] 新增接口: PATCH /api/part/category/parameters/{id}/metadata/
2026-02-04 16:49:27 | INFO | [294e21f71c57483e879bf662b81cdf9c] | app.api.v1.version_snapshots | [294e21f71c57483e879bf662b81cdf9c] 自动创建版本快照成功: id=584, definition_id=585, hash=fb2d01d2a525acbd7a60d2a6315cfa5e
2026-02-04 16:49:27 | INFO | [294e21f71c57483e879bf662b81cdf9c] | app.api.v1.sync_tasks | [294e21f71c57483e879bf662b81cdf9c] 自动创建版本快照成功: snapshot_id=584
2026-02-04 16:49:27 | INFO | [294e21f71c57483e879bf662b81cdf9c] | app.api.v1.sync_tasks | [294e21f71c57483e879bf662b81cdf9c] 新增接口: PATCH /api/company/{id}/
2026-02-04 16:49:27 | INFO | [294e21f71c57483e879bf662b81cdf9c] | app.api.v1.version_snapshots | [294e21f71c57483e879bf662b81cdf9c] 自动创建版本快照成功: id=585, definition_id=586, hash=fb2d01d2a525acbd7a60d2a6315cfa5e
2026-02-04 16:49:27 | INFO | [294e21f71c57483e879bf662b81cdf9c] | app.api.v1.sync_tasks | [294e21f71c57483e879bf662b81cdf9c] 自动创建版本快照成功: snapshot_id=585
2026-02-04 16:49:27 | INFO | [294e21f71c57483e879bf662b81cdf9c] | app.api.v1.sync_tasks | [294e21f71c57483e879bf662b81cdf9c] 新增接口: GET /api/company/part/manufacturer/{id}/metadata/
2026-02-04 16:49:27 | INFO | [294e21f71c57483e879bf662b81cdf9c] | app.api.v1.version_snapshots | [294e21f71c57483e879bf662b81cdf9c] 自动创建版本快照成功: id=586, definition_id=587, hash=fb2d01d2a525acbd7a60d2a6315cfa5e
2026-02-04 16:49:27 | INFO | [294e21f71c57483e879bf662b81cdf9c] | app.api.v1.sync_tasks | [294e21f71c57483e879bf662b81cdf9c] 自动创建版本快照成功: snapshot_id=586
2026-02-04 16:49:27 | INFO | [294e21f71c57483e879bf662b81cdf9c] | app.api.v1.sync_tasks | [294e21f71c57483e879bf662b81cdf9c] 新增接口: GET /api/stock/
2026-02-04 16:49:27 | INFO | [294e21f71c57483e879bf662b81cdf9c] | app.api.v1.version_snapshots | [294e21f71c57483e879bf662b81cdf9c] 自动创建版本快照成功: id=587, definition_id=588, hash=fb2d01d2a525acbd7a60d2a6315cfa5e
2026-02-04 16:49:27 | INFO | [294e21f71c57483e879bf662b81cdf9c] | app.api.v1.sync_tasks | [294e21f71c57483e879bf662b81cdf9c] 自动创建版本快照成功: snapshot_id=587
2026-02-04 16:49:27 | INFO | [294e21f71c57483e879bf662b81cdf9c] | app.api.v1.sync_tasks | [294e21f71c57483e879bf662b81cdf9c] 新增接口: GET /api/company/price-break/{id}/
2026-02-04 16:49:27 | INFO | [294e21f71c57483e879bf662b81cdf9c] | app.api.v1.version_snapshots | [294e21f71c57483e879bf662b81cdf9c] 自动创建版本快照成功: id=588, definition_id=589, hash=fb2d01d2a525acbd7a60d2a6315cfa5e
2026-02-04 16:49:27 | INFO | [294e21f71c57483e879bf662b81cdf9c] | app.api.v1.sync_tasks | [294e21f71c57483e879bf662b81cdf9c] 自动创建版本快照成功: snapshot_id=588
2026-02-04 16:49:27 | INFO | [294e21f71c57483e879bf662b81cdf9c] | app.api.v1.sync_tasks | [294e21f71c57483e879bf662b81cdf9c] 新增接口: PUT /api/company/part/{id}/
2026-02-04 16:49:27 | INFO | [294e21f71c57483e879bf662b81cdf9c] | app.api.v1.version_snapshots | [294e21f71c57483e879bf662b81cdf9c] 自动创建版本快照成功: id=589, definition_id=590, hash=fb2d01d2a525acbd7a60d2a6315cfa5e
2026-02-04 16:49:27 | INFO | [294e21f71c57483e879bf662b81cdf9c] | app.api.v1.sync_tasks | [294e21f71c57483e879bf662b81cdf9c] 自动创建版本快照成功: snapshot_id=589
2026-02-04 16:49:27 | INFO | [294e21f71c57483e879bf662b81cdf9c] | app.api.v1.sync_tasks | [294e21f71c57483e879bf662b81cdf9c] 新增接口: POST /api/order/ro/{id}/receive/
2026-02-04 16:49:27 | INFO | [294e21f71c57483e879bf662b81cdf9c] | app.api.v1.version_snapshots | [294e21f71c57483e879bf662b81cdf9c] 自动创建版本快照成功: id=590, definition_id=591, hash=fb2d01d2a525acbd7a60d2a6315cfa5e
2026-02-04 16:49:27 | INFO | [294e21f71c57483e879bf662b81cdf9c] | app.api.v1.sync_tasks | [294e21f71c57483e879bf662b81cdf9c] 自动创建版本快照成功: snapshot_id=590
2026-02-04 16:49:27 | INFO | [294e21f71c57483e879bf662b81cdf9c] | app.api.v1.sync_tasks | [294e21f71c57483e879bf662b81cdf9c] 新增接口: PUT /api/order/po-line/{id}/
2026-02-04 16:49:27 | INFO | [294e21f71c57483e879bf662b81cdf9c] | app.api.v1.version_snapshots | [294e21f71c57483e879bf662b81cdf9c] 自动创建版本快照成功: id=591, definition_id=592, hash=fb2d01d2a525acbd7a60d2a6315cfa5e
2026-02-04 16:49:27 | INFO | [294e21f71c57483e879bf662b81cdf9c] | app.api.v1.sync_tasks | [294e21f71c57483e879bf662b81cdf9c] 自动创建版本快照成功: snapshot_id=591
2026-02-04 16:49:27 | INFO | [294e21f71c57483e879bf662b81cdf9c] | app.api.v1.sync_tasks | [294e21f71c57483e879bf662b81cdf9c] 新增接口: DELETE /api/attachment/{id}/
2026-02-04 16:49:27 | INFO | [294e21f71c57483e879bf662b81cdf9c] | app.api.v1.version_snapshots | [294e21f71c57483e879bf662b81cdf9c] 自动创建版本快照成功: id=592, definition_id=593, hash=fb2d01d2a525acbd7a60d2a6315cfa5e
2026-02-04 16:49:27 | INFO | [294e21f71c57483e879bf662b81cdf9c] | app.api.v1.sync_tasks | [294e21f71c57483e879bf662b81cdf9c] 自动创建版本快照成功: snapshot_id=592
2026-02-04 16:49:27 | INFO | [294e21f71c57483e879bf662b81cdf9c] | app.api.v1.sync_tasks | [294e21f71c57483e879bf662b81cdf9c] 新增接口: DELETE /api/user/{id}/
2026-02-04 16:49:27 | INFO | [294e21f71c57483e879bf662b81cdf9c] | app.api.v1.version_snapshots | [294e21f71c57483e879bf662b81cdf9c] 自动创建版本快照成功: id=593, definition_id=594, hash=fb2d01d2a525acbd7a60d2a6315cfa5e
2026-02-04 16:49:27 | INFO | [294e21f71c57483e879bf662b81cdf9c] | app.api.v1.sync_tasks | [294e21f71c57483e879bf662b81cdf9c] 自动创建版本快照成功: snapshot_id=593
2026-02-04 16:49:27 | INFO | [294e21f71c57483e879bf662b81cdf9c] | app.api.v1.sync_tasks | [294e21f71c57483e879bf662b81cdf9c] 新增接口: GET /api/flags/
2026-02-04 16:49:27 | INFO | [294e21f71c57483e879bf662b81cdf9c] | app.api.v1.version_snapshots | [294e21f71c57483e879bf662b81cdf9c] 自动创建版本快照成功: id=594, definition_id=595, hash=fb2d01d2a525acbd7a60d2a6315cfa5e
2026-02-04 16:49:27 | INFO | [294e21f71c57483e879bf662b81cdf9c] | app.api.v1.sync_tasks | [294e21f71c57483e879bf662b81cdf9c] 自动创建版本快照成功: snapshot_id=594
2026-02-04 16:49:27 | INFO | [294e21f71c57483e879bf662b81cdf9c] | app.api.v1.sync_tasks | [294e21f71c57483e879bf662b81cdf9c] 新增接口: PATCH /api/order/so-extra-line/{id}/
2026-02-04 16:49:27 | INFO | [294e21f71c57483e879bf662b81cdf9c] | app.api.v1.version_snapshots | [294e21f71c57483e879bf662b81cdf9c] 自动创建版本快照成功: id=595, definition_id=596, hash=fb2d01d2a525acbd7a60d2a6315cfa5e
2026-02-04 16:49:27 | INFO | [294e21f71c57483e879bf662b81cdf9c] | app.api.v1.sync_tasks | [294e21f71c57483e879bf662b81cdf9c] 自动创建版本快照成功: snapshot_id=595
2026-02-04 16:49:27 | INFO | [294e21f71c57483e879bf662b81cdf9c] | app.api.v1.sync_tasks | [294e21f71c57483e879bf662b81cdf9c] 新增接口: PUT /api/order/po/{id}/metadata/
2026-02-04 16:49:27 | INFO | [294e21f71c57483e879bf662b81cdf9c] | app.api.v1.version_snapshots | [294e21f71c57483e879bf662b81cdf9c] 自动创建版本快照成功: id=596, definition_id=597, hash=fb2d01d2a525acbd7a60d2a6315cfa5e
2026-02-04 16:49:27 | INFO | [294e21f71c57483e879bf662b81cdf9c] | app.api.v1.sync_tasks | [294e21f71c57483e879bf662b81cdf9c] 自动创建版本快照成功: snapshot_id=596
2026-02-04 16:49:27 | INFO | [294e21f71c57483e879bf662b81cdf9c] | app.api.v1.sync_tasks | [294e21f71c57483e879bf662b81cdf9c] 新增接口: POST /api/supplier/import/
2026-02-04 16:49:27 | INFO | [294e21f71c57483e879bf662b81cdf9c] | app.api.v1.version_snapshots | [294e21f71c57483e879bf662b81cdf9c] 自动创建版本快照成功: id=597, definition_id=598, hash=fb2d01d2a525acbd7a60d2a6315cfa5e
2026-02-04 16:49:27 | INFO | [294e21f71c57483e879bf662b81cdf9c] | app.api.v1.sync_tasks | [294e21f71c57483e879bf662b81cdf9c] 自动创建版本快照成功: snapshot_id=597
2026-02-04 16:49:27 | INFO | [294e21f71c57483e879bf662b81cdf9c] | app.api.v1.sync_tasks | [294e21f71c57483e879bf662b81cdf9c] 新增接口: GET /api/error-report/
2026-02-04 16:49:27 | INFO | [294e21f71c57483e879bf662b81cdf9c] | app.api.v1.version_snapshots | [294e21f71c57483e879bf662b81cdf9c] 自动创建版本快照成功: id=598, definition_id=599, hash=fb2d01d2a525acbd7a60d2a6315cfa5e
2026-02-04 16:49:27 | INFO | [294e21f71c57483e879bf662b81cdf9c] | app.api.v1.sync_tasks | [294e21f71c57483e879bf662b81cdf9c] 自动创建版本快照成功: snapshot_id=598
2026-02-04 16:49:27 | INFO | [294e21f71c57483e879bf662b81cdf9c] | app.api.v1.sync_tasks | [294e21f71c57483e879bf662b81cdf9c] 新增接口: PUT /api/order/ro/{id}/
2026-02-04 16:49:27 | INFO | [294e21f71c57483e879bf662b81cdf9c] | app.api.v1.version_snapshots | [294e21f71c57483e879bf662b81cdf9c] 自动创建版本快照成功: id=599, definition_id=600, hash=fb2d01d2a525acbd7a60d2a6315cfa5e
2026-02-04 16:49:27 | INFO | [294e21f71c57483e879bf662b81cdf9c] | app.api.v1.sync_tasks | [294e21f71c57483e879bf662b81cdf9c] 自动创建版本快照成功: snapshot_id=599
2026-02-04 16:49:27 | INFO | [294e21f71c57483e879bf662b81cdf9c] | app.api.v1.sync_tasks | [294e21f71c57483e879bf662b81cdf9c] 新增接口: GET /api/project-code/{id}/
2026-02-04 16:49:27 | INFO | [294e21f71c57483e879bf662b81cdf9c] | app.api.v1.version_snapshots | [294e21f71c57483e879bf662b81cdf9c] 自动创建版本快照成功: id=600, definition_id=601, hash=fb2d01d2a525acbd7a60d2a6315cfa5e
2026-02-04 16:49:27 | INFO | [294e21f71c57483e879bf662b81cdf9c] | app.api.v1.sync_tasks | [294e21f71c57483e879bf662b81cdf9c] 自动创建版本快照成功: snapshot_id=600
2026-02-04 16:49:27 | INFO | [294e21f71c57483e879bf662b81cdf9c] | app.api.v1.sync_tasks | [294e21f71c57483e879bf662b81cdf9c] 新增接口: GET /api/company/{id}/metadata/
2026-02-04 16:49:27 | INFO | [294e21f71c57483e879bf662b81cdf9c] | app.api.v1.version_snapshots | [294e21f71c57483e879bf662b81cdf9c] 自动创建版本快照成功: id=601, definition_id=602, hash=fb2d01d2a525acbd7a60d2a6315cfa5e
2026-02-04 16:49:27 | INFO | [294e21f71c57483e879bf662b81cdf9c] | app.api.v1.sync_tasks | [294e21f71c57483e879bf662b81cdf9c] 自动创建版本快照成功: snapshot_id=601
2026-02-04 16:49:27 | INFO | [294e21f71c57483e879bf662b81cdf9c] | app.api.v1.sync_tasks | [294e21f71c57483e879bf662b81cdf9c] 新增接口: DELETE /api/company/{id}/
2026-02-04 16:49:27 | INFO | [294e21f71c57483e879bf662b81cdf9c] | app.api.v1.version_snapshots | [294e21f71c57483e879bf662b81cdf9c] 自动创建版本快照成功: id=602, definition_id=603, hash=fb2d01d2a525acbd7a60d2a6315cfa5e
2026-02-04 16:49:27 | INFO | [294e21f71c57483e879bf662b81cdf9c] | app.api.v1.sync_tasks | [294e21f71c57483e879bf662b81cdf9c] 自动创建版本快照成功: snapshot_id=602
2026-02-04 16:49:27 | INFO | [294e21f71c57483e879bf662b81cdf9c] | app.api.v1.sync_tasks | [294e21f71c57483e879bf662b81cdf9c] 新增接口: GET /api/currency/exchange/
2026-02-04 16:49:27 | INFO | [294e21f71c57483e879bf662b81cdf9c] | app.api.v1.version_snapshots | [294e21f71c57483e879bf662b81cdf9c] 自动创建版本快照成功: id=603, definition_id=604, hash=fb2d01d2a525acbd7a60d2a6315cfa5e
2026-02-04 16:49:27 | INFO | [294e21f71c57483e879bf662b81cdf9c] | app.api.v1.sync_tasks | [294e21f71c57483e879bf662b81cdf9c] 自动创建版本快照成功: snapshot_id=603
2026-02-04 16:49:27 | INFO | [294e21f71c57483e879bf662b81cdf9c] | app.api.v1.sync_tasks | [294e21f71c57483e879bf662b81cdf9c] 新增接口: DELETE /api/company/contact/
2026-02-04 16:49:27 | INFO | [294e21f71c57483e879bf662b81cdf9c] | app.api.v1.version_snapshots | [294e21f71c57483e879bf662b81cdf9c] 自动创建版本快照成功: id=604, definition_id=605, hash=fb2d01d2a525acbd7a60d2a6315cfa5e
2026-02-04 16:49:27 | INFO | [294e21f71c57483e879bf662b81cdf9c] | app.api.v1.sync_tasks | [294e21f71c57483e879bf662b81cdf9c] 自动创建版本快照成功: snapshot_id=604
2026-02-04 16:49:27 | INFO | [294e21f71c57483e879bf662b81cdf9c] | app.api.v1.sync_tasks | [294e21f71c57483e879bf662b81cdf9c] 新增接口: POST /api/label/template/
2026-02-04 16:49:27 | INFO | [294e21f71c57483e879bf662b81cdf9c] | app.api.v1.version_snapshots | [294e21f71c57483e879bf662b81cdf9c] 自动创建版本快照成功: id=605, definition_id=606, hash=fb2d01d2a525acbd7a60d2a6315cfa5e
2026-02-04 16:49:27 | INFO | [294e21f71c57483e879bf662b81cdf9c] | app.api.v1.sync_tasks | [294e21f71c57483e879bf662b81cdf9c] 自动创建版本快照成功: snapshot_id=605
2026-02-04 16:49:27 | INFO | [294e21f71c57483e879bf662b81cdf9c] | app.api.v1.sync_tasks | [294e21f71c57483e879bf662b81cdf9c] 新增接口: POST /api/part/category/
2026-02-04 16:49:27 | INFO | [294e21f71c57483e879bf662b81cdf9c] | app.api.v1.version_snapshots | [294e21f71c57483e879bf662b81cdf9c] 自动创建版本快照成功: id=606, definition_id=607, hash=fb2d01d2a525acbd7a60d2a6315cfa5e
2026-02-04 16:49:27 | INFO | [294e21f71c57483e879bf662b81cdf9c] | app.api.v1.sync_tasks | [294e21f71c57483e879bf662b81cdf9c] 自动创建版本快照成功: snapshot_id=606
2026-02-04 16:49:27 | INFO | [294e21f71c57483e879bf662b81cdf9c] | app.api.v1.sync_tasks | [294e21f71c57483e879bf662b81cdf9c] 新增接口: PATCH /api/order/so/{id}/metadata/
2026-02-04 16:49:27 | INFO | [294e21f71c57483e879bf662b81cdf9c] | app.api.v1.version_snapshots | [294e21f71c57483e879bf662b81cdf9c] 自动创建版本快照成功: id=607, definition_id=608, hash=fb2d01d2a525acbd7a60d2a6315cfa5e
2026-02-04 16:49:27 | INFO | [294e21f71c57483e879bf662b81cdf9c] | app.api.v1.sync_tasks | [294e21f71c57483e879bf662b81cdf9c] 自动创建版本快照成功: snapshot_id=607
2026-02-04 16:49:27 | INFO | [294e21f71c57483e879bf662b81cdf9c] | app.api.v1.sync_tasks | [294e21f71c57483e879bf662b81cdf9c] 新增接口: PUT /api/report/template/{id}/
2026-02-04 16:49:27 | INFO | [294e21f71c57483e879bf662b81cdf9c] | app.api.v1.version_snapshots | [294e21f71c57483e879bf662b81cdf9c] 自动创建版本快照成功: id=608, definition_id=609, hash=fb2d01d2a525acbd7a60d2a6315cfa5e
2026-02-04 16:49:27 | INFO | [294e21f71c57483e879bf662b81cdf9c] | app.api.v1.sync_tasks | [294e21f71c57483e879bf662b81cdf9c] 自动创建版本快照成功: snapshot_id=608
2026-02-04 16:49:27 | INFO | [294e21f71c57483e879bf662b81cdf9c] | app.api.v1.sync_tasks | [294e21f71c57483e879bf662b81cdf9c] 新增接口: POST /api/build/item/
2026-02-04 16:49:27 | INFO | [294e21f71c57483e879bf662b81cdf9c] | app.api.v1.version_snapshots | [294e21f71c57483e879bf662b81cdf9c] 自动创建版本快照成功: id=609, definition_id=610, hash=fb2d01d2a525acbd7a60d2a6315cfa5e
2026-02-04 16:49:27 | INFO | [294e21f71c57483e879bf662b81cdf9c] | app.api.v1.sync_tasks | [294e21f71c57483e879bf662b81cdf9c] 自动创建版本快照成功: snapshot_id=609
2026-02-04 16:49:27 | INFO | [294e21f71c57483e879bf662b81cdf9c] | app.api.v1.sync_tasks | [294e21f71c57483e879bf662b81cdf9c] 新增接口: POST /api/plugins/reload/
2026-02-04 16:49:27 | INFO | [294e21f71c57483e879bf662b81cdf9c] | app.api.v1.version_snapshots | [294e21f71c57483e879bf662b81cdf9c] 自动创建版本快照成功: id=610, definition_id=611, hash=fb2d01d2a525acbd7a60d2a6315cfa5e
2026-02-04 16:49:27 | INFO | [294e21f71c57483e879bf662b81cdf9c] | app.api.v1.sync_tasks | [294e21f71c57483e879bf662b81cdf9c] 自动创建版本快照成功: snapshot_id=610
2026-02-04 16:49:27 | INFO | [294e21f71c57483e879bf662b81cdf9c] | app.api.v1.sync_tasks | [294e21f71c57483e879bf662b81cdf9c] 新增接口: DELETE /api/order/so-extra-line/{id}/
2026-02-04 16:49:27 | INFO | [294e21f71c57483e879bf662b81cdf9c] | app.api.v1.version_snapshots | [294e21f71c57483e879bf662b81cdf9c] 自动创建版本快照成功: id=611, definition_id=612, hash=fb2d01d2a525acbd7a60d2a6315cfa5e
2026-02-04 16:49:27 | INFO | [294e21f71c57483e879bf662b81cdf9c] | app.api.v1.sync_tasks | [294e21f71c57483e879bf662b81cdf9c] 自动创建版本快照成功: snapshot_id=611
2026-02-04 16:49:27 | INFO | [294e21f71c57483e879bf662b81cdf9c] | app.api.v1.sync_tasks | [294e21f71c57483e879bf662b81cdf9c] 新增接口: DELETE /api/part/parameter/template/{id}/
2026-02-04 16:49:27 | INFO | [294e21f71c57483e879bf662b81cdf9c] | app.api.v1.version_snapshots | [294e21f71c57483e879bf662b81cdf9c] 自动创建版本快照成功: id=612, definition_id=613, hash=fb2d01d2a525acbd7a60d2a6315cfa5e
2026-02-04 16:49:27 | INFO | [294e21f71c57483e879bf662b81cdf9c] | app.api.v1.sync_tasks | [294e21f71c57483e879bf662b81cdf9c] 自动创建版本快照成功: snapshot_id=612
2026-02-04 16:49:27 | INFO | [294e21f71c57483e879bf662b81cdf9c] | app.api.v1.sync_tasks | [294e21f71c57483e879bf662b81cdf9c] 新增接口: PUT /api/stock/location/{id}/metadata/
2026-02-04 16:49:27 | INFO | [294e21f71c57483e879bf662b81cdf9c] | app.api.v1.version_snapshots | [294e21f71c57483e879bf662b81cdf9c] 自动创建版本快照成功: id=613, definition_id=614, hash=fb2d01d2a525acbd7a60d2a6315cfa5e
2026-02-04 16:49:27 | INFO | [294e21f71c57483e879bf662b81cdf9c] | app.api.v1.sync_tasks | [294e21f71c57483e879bf662b81cdf9c] 自动创建版本快照成功: snapshot_id=613
2026-02-04 16:49:27 | INFO | [294e21f71c57483e879bf662b81cdf9c] | app.api.v1.sync_tasks | [294e21f71c57483e879bf662b81cdf9c] 新增接口: PUT /api/build/line/{id}/
2026-02-04 16:49:27 | INFO | [294e21f71c57483e879bf662b81cdf9c] | app.api.v1.version_snapshots | [294e21f71c57483e879bf662b81cdf9c] 自动创建版本快照成功: id=614, definition_id=615, hash=fb2d01d2a525acbd7a60d2a6315cfa5e
2026-02-04 16:49:27 | INFO | [294e21f71c57483e879bf662b81cdf9c] | app.api.v1.sync_tasks | [294e21f71c57483e879bf662b81cdf9c] 自动创建版本快照成功: snapshot_id=614
2026-02-04 16:49:27 | INFO | [294e21f71c57483e879bf662b81cdf9c] | app.api.v1.sync_tasks | [294e21f71c57483e879bf662b81cdf9c] 新增接口: GET /api/company/part/manufacturer/parameter/{id}/
2026-02-04 16:49:27 | INFO | [294e21f71c57483e879bf662b81cdf9c] | app.api.v1.version_snapshots | [294e21f71c57483e879bf662b81cdf9c] 自动创建版本快照成功: id=615, definition_id=616, hash=fb2d01d2a525acbd7a60d2a6315cfa5e
2026-02-04 16:49:27 | INFO | [294e21f71c57483e879bf662b81cdf9c] | app.api.v1.sync_tasks | [294e21f71c57483e879bf662b81cdf9c] 自动创建版本快照成功: snapshot_id=615
2026-02-04 16:49:27 | INFO | [294e21f71c57483e879bf662b81cdf9c] | app.api.v1.sync_tasks | [294e21f71c57483e879bf662b81cdf9c] 新增接口: PATCH /api/part/test-template/{id}/metadata/
2026-02-04 16:49:27 | INFO | [294e21f71c57483e879bf662b81cdf9c] | app.api.v1.version_snapshots | [294e21f71c57483e879bf662b81cdf9c] 自动创建版本快照成功: id=616, definition_id=617, hash=fb2d01d2a525acbd7a60d2a6315cfa5e
2026-02-04 16:49:27 | INFO | [294e21f71c57483e879bf662b81cdf9c] | app.api.v1.sync_tasks | [294e21f71c57483e879bf662b81cdf9c] 自动创建版本快照成功: snapshot_id=616
2026-02-04 16:49:27 | INFO | [294e21f71c57483e879bf662b81cdf9c] | app.api.v1.sync_tasks | [294e21f71c57483e879bf662b81cdf9c] 新增接口: DELETE /api/barcode/history/{id}/
2026-02-04 16:49:27 | INFO | [294e21f71c57483e879bf662b81cdf9c] | app.api.v1.version_snapshots | [294e21f71c57483e879bf662b81cdf9c] 自动创建版本快照成功: id=617, definition_id=618, hash=fb2d01d2a525acbd7a60d2a6315cfa5e
2026-02-04 16:49:27 | INFO | [294e21f71c57483e879bf662b81cdf9c] | app.api.v1.sync_tasks | [294e21f71c57483e879bf662b81cdf9c] 自动创建版本快照成功: snapshot_id=617
2026-02-04 16:49:27 | INFO | [294e21f71c57483e879bf662b81cdf9c] | app.api.v1.sync_tasks | [294e21f71c57483e879bf662b81cdf9c] 新增接口: GET /api/order/so/{id}/
2026-02-04 16:49:27 | INFO | [294e21f71c57483e879bf662b81cdf9c] | app.api.v1.version_snapshots | [294e21f71c57483e879bf662b81cdf9c] 自动创建版本快照成功: id=618, definition_id=619, hash=fb2d01d2a525acbd7a60d2a6315cfa5e
2026-02-04 16:49:27 | INFO | [294e21f71c57483e879bf662b81cdf9c] | app.api.v1.sync_tasks | [294e21f71c57483e879bf662b81cdf9c] 自动创建版本快照成功: snapshot_id=618
2026-02-04 16:49:27 | INFO | [294e21f71c57483e879bf662b81cdf9c] | app.api.v1.sync_tasks | [294e21f71c57483e879bf662b81cdf9c] 新增接口: PATCH /api/company/part/{id}/metadata/
2026-02-04 16:49:27 | INFO | [294e21f71c57483e879bf662b81cdf9c] | app.api.v1.version_snapshots | [294e21f71c57483e879bf662b81cdf9c] 自动创建版本快照成功: id=619, definition_id=620, hash=fb2d01d2a525acbd7a60d2a6315cfa5e
2026-02-04 16:49:27 | INFO | [294e21f71c57483e879bf662b81cdf9c] | app.api.v1.sync_tasks | [294e21f71c57483e879bf662b81cdf9c] 自动创建版本快照成功: snapshot_id=619
2026-02-04 16:49:27 | INFO | [294e21f71c57483e879bf662b81cdf9c] | app.api.v1.sync_tasks | [294e21f71c57483e879bf662b81cdf9c] 新增接口: GET /api/order/so-allocation/
2026-02-04 16:49:27 | INFO | [294e21f71c57483e879bf662b81cdf9c] | app.api.v1.version_snapshots | [294e21f71c57483e879bf662b81cdf9c] 自动创建版本快照成功: id=620, definition_id=621, hash=fb2d01d2a525acbd7a60d2a6315cfa5e
2026-02-04 16:49:27 | INFO | [294e21f71c57483e879bf662b81cdf9c] | app.api.v1.sync_tasks | [294e21f71c57483e879bf662b81cdf9c] 自动创建版本快照成功: snapshot_id=620
2026-02-04 16:49:27 | INFO | [294e21f71c57483e879bf662b81cdf9c] | app.api.v1.sync_tasks | [294e21f71c57483e879bf662b81cdf9c] 新增接口: PATCH /api/part/{id}/bom-validate/
2026-02-04 16:49:27 | INFO | [294e21f71c57483e879bf662b81cdf9c] | app.api.v1.version_snapshots | [294e21f71c57483e879bf662b81cdf9c] 自动创建版本快照成功: id=621, definition_id=622, hash=fb2d01d2a525acbd7a60d2a6315cfa5e
2026-02-04 16:49:27 | INFO | [294e21f71c57483e879bf662b81cdf9c] | app.api.v1.sync_tasks | [294e21f71c57483e879bf662b81cdf9c] 自动创建版本快照成功: snapshot_id=621
2026-02-04 16:49:27 | INFO | [294e21f71c57483e879bf662b81cdf9c] | app.api.v1.sync_tasks | [294e21f71c57483e879bf662b81cdf9c] 新增接口: PUT /api/order/so-allocation/{id}/
2026-02-04 16:49:27 | INFO | [294e21f71c57483e879bf662b81cdf9c] | app.api.v1.version_snapshots | [294e21f71c57483e879bf662b81cdf9c] 自动创建版本快照成功: id=622, definition_id=623, hash=fb2d01d2a525acbd7a60d2a6315cfa5e
2026-02-04 16:49:27 | INFO | [294e21f71c57483e879bf662b81cdf9c] | app.api.v1.sync_tasks | [294e21f71c57483e879bf662b81cdf9c] 自动创建版本快照成功: snapshot_id=622
2026-02-04 16:49:27 | INFO | [294e21f71c57483e879bf662b81cdf9c] | app.api.v1.sync_tasks | [294e21f71c57483e879bf662b81cdf9c] 新增接口: POST /api/units/
2026-02-04 16:49:27 | INFO | [294e21f71c57483e879bf662b81cdf9c] | app.api.v1.version_snapshots | [294e21f71c57483e879bf662b81cdf9c] 自动创建版本快照成功: id=623, definition_id=624, hash=fb2d01d2a525acbd7a60d2a6315cfa5e
2026-02-04 16:49:27 | INFO | [294e21f71c57483e879bf662b81cdf9c] | app.api.v1.sync_tasks | [294e21f71c57483e879bf662b81cdf9c] 自动创建版本快照成功: snapshot_id=623
2026-02-04 16:49:27 | INFO | [294e21f71c57483e879bf662b81cdf9c] | app.api.v1.sync_tasks | [294e21f71c57483e879bf662b81cdf9c] 新增接口: PATCH /api/user/me/
2026-02-04 16:49:27 | INFO | [294e21f71c57483e879bf662b81cdf9c] | app.api.v1.version_snapshots | [294e21f71c57483e879bf662b81cdf9c] 自动创建版本快照成功: id=624, definition_id=625, hash=fb2d01d2a525acbd7a60d2a6315cfa5e
2026-02-04 16:49:27 | INFO | [294e21f71c57483e879bf662b81cdf9c] | app.api.v1.sync_tasks | [294e21f71c57483e879bf662b81cdf9c] 自动创建版本快照成功: snapshot_id=624
2026-02-04 16:49:27 | INFO | [294e21f71c57483e879bf662b81cdf9c] | app.api.v1.sync_tasks | [294e21f71c57483e879bf662b81cdf9c] 新增接口: DELETE /api/company/part/manufacturer/
2026-02-04 16:49:27 | INFO | [294e21f71c57483e879bf662b81cdf9c] | app.api.v1.version_snapshots | [294e21f71c57483e879bf662b81cdf9c] 自动创建版本快照成功: id=625, definition_id=626, hash=fb2d01d2a525acbd7a60d2a6315cfa5e
2026-02-04 16:49:27 | INFO | [294e21f71c57483e879bf662b81cdf9c] | app.api.v1.sync_tasks | [294e21f71c57483e879bf662b81cdf9c] 自动创建版本快照成功: snapshot_id=625
2026-02-04 16:49:27 | INFO | [294e21f71c57483e879bf662b81cdf9c] | app.api.v1.sync_tasks | [294e21f71c57483e879bf662b81cdf9c] 新增接口: POST /api/build/{id}/allocate/
2026-02-04 16:49:27 | INFO | [294e21f71c57483e879bf662b81cdf9c] | app.api.v1.version_snapshots | [294e21f71c57483e879bf662b81cdf9c] 自动创建版本快照成功: id=626, definition_id=627, hash=fb2d01d2a525acbd7a60d2a6315cfa5e
2026-02-04 16:49:27 | INFO | [294e21f71c57483e879bf662b81cdf9c] | app.api.v1.sync_tasks | [294e21f71c57483e879bf662b81cdf9c] 自动创建版本快照成功: snapshot_id=626
2026-02-04 16:49:27 | INFO | [294e21f71c57483e879bf662b81cdf9c] | app.api.v1.sync_tasks | [294e21f71c57483e879bf662b81cdf9c] 新增接口: PUT /api/news/{id}/
2026-02-04 16:49:27 | INFO | [294e21f71c57483e879bf662b81cdf9c] | app.api.v1.version_snapshots | [294e21f71c57483e879bf662b81cdf9c] 自动创建版本快照成功: id=627, definition_id=628, hash=fb2d01d2a525acbd7a60d2a6315cfa5e
2026-02-04 16:49:27 | INFO | [294e21f71c57483e879bf662b81cdf9c] | app.api.v1.sync_tasks | [294e21f71c57483e879bf662b81cdf9c] 自动创建版本快照成功: snapshot_id=627
2026-02-04 16:49:27 | INFO | [294e21f71c57483e879bf662b81cdf9c] | app.api.v1.sync_tasks | [294e21f71c57483e879bf662b81cdf9c] 新增接口: GET /api/user/{id}/
2026-02-04 16:49:27 | INFO | [294e21f71c57483e879bf662b81cdf9c] | app.api.v1.version_snapshots | [294e21f71c57483e879bf662b81cdf9c] 自动创建版本快照成功: id=628, definition_id=629, hash=fb2d01d2a525acbd7a60d2a6315cfa5e
2026-02-04 16:49:27 | INFO | [294e21f71c57483e879bf662b81cdf9c] | app.api.v1.sync_tasks | [294e21f71c57483e879bf662b81cdf9c] 自动创建版本快照成功: snapshot_id=628
2026-02-04 16:49:27 | INFO | [294e21f71c57483e879bf662b81cdf9c] | app.api.v1.sync_tasks | [294e21f71c57483e879bf662b81cdf9c] 新增接口: PUT /api/stock/location-type/{id}/
2026-02-04 16:49:27 | INFO | [294e21f71c57483e879bf662b81cdf9c] | app.api.v1.version_snapshots | [294e21f71c57483e879bf662b81cdf9c] 自动创建版本快照成功: id=629, definition_id=630, hash=fb2d01d2a525acbd7a60d2a6315cfa5e
2026-02-04 16:49:27 | INFO | [294e21f71c57483e879bf662b81cdf9c] | app.api.v1.sync_tasks | [294e21f71c57483e879bf662b81cdf9c] 自动创建版本快照成功: snapshot_id=629
2026-02-04 16:49:27 | INFO | [294e21f71c57483e879bf662b81cdf9c] | app.api.v1.sync_tasks | [294e21f71c57483e879bf662b81cdf9c] 新增接口: PATCH /api/order/po-line/{id}/
2026-02-04 16:49:27 | INFO | [294e21f71c57483e879bf662b81cdf9c] | app.api.v1.version_snapshots | [294e21f71c57483e879bf662b81cdf9c] 自动创建版本快照成功: id=630, definition_id=631, hash=fb2d01d2a525acbd7a60d2a6315cfa5e
2026-02-04 16:49:27 | INFO | [294e21f71c57483e879bf662b81cdf9c] | app.api.v1.sync_tasks | [294e21f71c57483e879bf662b81cdf9c] 自动创建版本快照成功: snapshot_id=630
2026-02-04 16:49:27 | INFO | [294e21f71c57483e879bf662b81cdf9c] | app.api.v1.sync_tasks | [294e21f71c57483e879bf662b81cdf9c] 新增接口: GET /api/part/{id}/serial-numbers/
2026-02-04 16:49:27 | INFO | [294e21f71c57483e879bf662b81cdf9c] | app.api.v1.version_snapshots | [294e21f71c57483e879bf662b81cdf9c] 自动创建版本快照成功: id=631, definition_id=632, hash=fb2d01d2a525acbd7a60d2a6315cfa5e
2026-02-04 16:49:27 | INFO | [294e21f71c57483e879bf662b81cdf9c] | app.api.v1.sync_tasks | [294e21f71c57483e879bf662b81cdf9c] 自动创建版本快照成功: snapshot_id=631
2026-02-04 16:49:27 | INFO | [294e21f71c57483e879bf662b81cdf9c] | app.api.v1.sync_tasks | [294e21f71c57483e879bf662b81cdf9c] 新增接口: POST /api/report/template/
2026-02-04 16:49:27 | INFO | [294e21f71c57483e879bf662b81cdf9c] | app.api.v1.version_snapshots | [294e21f71c57483e879bf662b81cdf9c] 自动创建版本快照成功: id=632, definition_id=633, hash=fb2d01d2a525acbd7a60d2a6315cfa5e
2026-02-04 16:49:27 | INFO | [294e21f71c57483e879bf662b81cdf9c] | app.api.v1.sync_tasks | [294e21f71c57483e879bf662b81cdf9c] 自动创建版本快照成功: snapshot_id=632
2026-02-04 16:49:27 | INFO | [294e21f71c57483e879bf662b81cdf9c] | app.api.v1.sync_tasks | [294e21f71c57483e879bf662b81cdf9c] 新增接口: GET /api/user/ruleset/{id}/
2026-02-04 16:49:27 | INFO | [294e21f71c57483e879bf662b81cdf9c] | app.api.v1.version_snapshots | [294e21f71c57483e879bf662b81cdf9c] 自动创建版本快照成功: id=633, definition_id=634, hash=fb2d01d2a525acbd7a60d2a6315cfa5e
2026-02-04 16:49:27 | INFO | [294e21f71c57483e879bf662b81cdf9c] | app.api.v1.sync_tasks | [294e21f71c57483e879bf662b81cdf9c] 自动创建版本快照成功: snapshot_id=633
2026-02-04 16:49:27 | INFO | [294e21f71c57483e879bf662b81cdf9c] | app.api.v1.sync_tasks | [294e21f71c57483e879bf662b81cdf9c] 新增接口: DELETE /api/barcode/history/
2026-02-04 16:49:27 | INFO | [294e21f71c57483e879bf662b81cdf9c] | app.api.v1.version_snapshots | [294e21f71c57483e879bf662b81cdf9c] 自动创建版本快照成功: id=634, definition_id=635, hash=fb2d01d2a525acbd7a60d2a6315cfa5e
2026-02-04 16:49:27 | INFO | [294e21f71c57483e879bf662b81cdf9c] | app.api.v1.sync_tasks | [294e21f71c57483e879bf662b81cdf9c] 自动创建版本快照成功: snapshot_id=634
2026-02-04 16:49:27 | INFO | [294e21f71c57483e879bf662b81cdf9c] | app.api.v1.sync_tasks | [294e21f71c57483e879bf662b81cdf9c] 新增接口: POST /api/barcode/link/
2026-02-04 16:49:27 | INFO | [294e21f71c57483e879bf662b81cdf9c] | app.api.v1.version_snapshots | [294e21f71c57483e879bf662b81cdf9c] 自动创建版本快照成功: id=635, definition_id=636, hash=fb2d01d2a525acbd7a60d2a6315cfa5e
2026-02-04 16:49:27 | INFO | [294e21f71c57483e879bf662b81cdf9c] | app.api.v1.sync_tasks | [294e21f71c57483e879bf662b81cdf9c] 自动创建版本快照成功: snapshot_id=635
2026-02-04 16:49:27 | INFO | [294e21f71c57483e879bf662b81cdf9c] | app.api.v1.sync_tasks | [294e21f71c57483e879bf662b81cdf9c] 新增接口: PUT /api/order/po-extra-line/{id}/
2026-02-04 16:49:27 | INFO | [294e21f71c57483e879bf662b81cdf9c] | app.api.v1.version_snapshots | [294e21f71c57483e879bf662b81cdf9c] 自动创建版本快照成功: id=636, definition_id=637, hash=fb2d01d2a525acbd7a60d2a6315cfa5e
2026-02-04 16:49:27 | INFO | [294e21f71c57483e879bf662b81cdf9c] | app.api.v1.sync_tasks | [294e21f71c57483e879bf662b81cdf9c] 自动创建版本快照成功: snapshot_id=636
2026-02-04 16:49:27 | INFO | [294e21f71c57483e879bf662b81cdf9c] | app.api.v1.sync_tasks | [294e21f71c57483e879bf662b81cdf9c] 新增接口: PATCH /api/order/po/{id}/metadata/
2026-02-04 16:49:27 | INFO | [294e21f71c57483e879bf662b81cdf9c] | app.api.v1.version_snapshots | [294e21f71c57483e879bf662b81cdf9c] 自动创建版本快照成功: id=637, definition_id=638, hash=fb2d01d2a525acbd7a60d2a6315cfa5e
2026-02-04 16:49:27 | INFO | [294e21f71c57483e879bf662b81cdf9c] | app.api.v1.sync_tasks | [294e21f71c57483e879bf662b81cdf9c] 自动创建版本快照成功: snapshot_id=637
2026-02-04 16:49:27 | INFO | [294e21f71c57483e879bf662b81cdf9c] | app.api.v1.sync_tasks | [294e21f71c57483e879bf662b81cdf9c] 新增接口: DELETE /api/user/me/
2026-02-04 16:49:27 | INFO | [294e21f71c57483e879bf662b81cdf9c] | app.api.v1.version_snapshots | [294e21f71c57483e879bf662b81cdf9c] 自动创建版本快照成功: id=638, definition_id=639, hash=fb2d01d2a525acbd7a60d2a6315cfa5e
2026-02-04 16:49:27 | INFO | [294e21f71c57483e879bf662b81cdf9c] | app.api.v1.sync_tasks | [294e21f71c57483e879bf662b81cdf9c] 自动创建版本快照成功: snapshot_id=638
2026-02-04 16:49:27 | INFO | [294e21f71c57483e879bf662b81cdf9c] | app.api.v1.sync_tasks | [294e21f71c57483e879bf662b81cdf9c] 新增接口: PUT /api/bom/substitute/{id}/metadata/
2026-02-04 16:49:27 | INFO | [294e21f71c57483e879bf662b81cdf9c] | app.api.v1.version_snapshots | [294e21f71c57483e879bf662b81cdf9c] 自动创建版本快照成功: id=639, definition_id=640, hash=fb2d01d2a525acbd7a60d2a6315cfa5e
2026-02-04 16:49:27 | INFO | [294e21f71c57483e879bf662b81cdf9c] | app.api.v1.sync_tasks | [294e21f71c57483e879bf662b81cdf9c] 自动创建版本快照成功: snapshot_id=639
2026-02-04 16:49:27 | INFO | [294e21f71c57483e879bf662b81cdf9c] | app.api.v1.sync_tasks | [294e21f71c57483e879bf662b81cdf9c] 新增接口: GET /api/company/contact/
2026-02-04 16:49:27 | INFO | [294e21f71c57483e879bf662b81cdf9c] | app.api.v1.version_snapshots | [294e21f71c57483e879bf662b81cdf9c] 自动创建版本快照成功: id=640, definition_id=641, hash=fb2d01d2a525acbd7a60d2a6315cfa5e
2026-02-04 16:49:27 | INFO | [294e21f71c57483e879bf662b81cdf9c] | app.api.v1.sync_tasks | [294e21f71c57483e879bf662b81cdf9c] 自动创建版本快照成功: snapshot_id=640
2026-02-04 16:49:27 | INFO | [294e21f71c57483e879bf662b81cdf9c] | app.api.v1.sync_tasks | [294e21f71c57483e879bf662b81cdf9c] 新增接口: PUT /api/user/profile/
2026-02-04 16:49:27 | INFO | [294e21f71c57483e879bf662b81cdf9c] | app.api.v1.version_snapshots | [294e21f71c57483e879bf662b81cdf9c] 自动创建版本快照成功: id=641, definition_id=642, hash=fb2d01d2a525acbd7a60d2a6315cfa5e
2026-02-04 16:49:27 | INFO | [294e21f71c57483e879bf662b81cdf9c] | app.api.v1.sync_tasks | [294e21f71c57483e879bf662b81cdf9c] 自动创建版本快照成功: snapshot_id=641
2026-02-04 16:49:27 | INFO | [294e21f71c57483e879bf662b81cdf9c] | app.api.v1.sync_tasks | [294e21f71c57483e879bf662b81cdf9c] 新增接口: GET /api/machine/status/
2026-02-04 16:49:27 | INFO | [294e21f71c57483e879bf662b81cdf9c] | app.api.v1.version_snapshots | [294e21f71c57483e879bf662b81cdf9c] 自动创建版本快照成功: id=642, definition_id=643, hash=fb2d01d2a525acbd7a60d2a6315cfa5e
2026-02-04 16:49:27 | INFO | [294e21f71c57483e879bf662b81cdf9c] | app.api.v1.sync_tasks | [294e21f71c57483e879bf662b81cdf9c] 自动创建版本快照成功: snapshot_id=642
2026-02-04 16:49:27 | INFO | [294e21f71c57483e879bf662b81cdf9c] | app.api.v1.sync_tasks | [294e21f71c57483e879bf662b81cdf9c] 新增接口: GET /api/background-task/scheduled/
2026-02-04 16:49:27 | INFO | [294e21f71c57483e879bf662b81cdf9c] | app.api.v1.version_snapshots | [294e21f71c57483e879bf662b81cdf9c] 自动创建版本快照成功: id=643, definition_id=644, hash=fb2d01d2a525acbd7a60d2a6315cfa5e
2026-02-04 16:49:27 | INFO | [294e21f71c57483e879bf662b81cdf9c] | app.api.v1.sync_tasks | [294e21f71c57483e879bf662b81cdf9c] 自动创建版本快照成功: snapshot_id=643
2026-02-04 16:49:27 | INFO | [294e21f71c57483e879bf662b81cdf9c] | app.api.v1.sync_tasks | [294e21f71c57483e879bf662b81cdf9c] 新增接口: DELETE /api/order/po-line/{id}/
2026-02-04 16:49:27 | INFO | [294e21f71c57483e879bf662b81cdf9c] | app.api.v1.version_snapshots | [294e21f71c57483e879bf662b81cdf9c] 自动创建版本快照成功: id=644, definition_id=645, hash=fb2d01d2a525acbd7a60d2a6315cfa5e
2026-02-04 16:49:27 | INFO | [294e21f71c57483e879bf662b81cdf9c] | app.api.v1.sync_tasks | [294e21f71c57483e879bf662b81cdf9c] 自动创建版本快照成功: snapshot_id=644
2026-02-04 16:49:27 | INFO | [294e21f71c57483e879bf662b81cdf9c] | app.api.v1.sync_tasks | [294e21f71c57483e879bf662b81cdf9c] 新增接口: GET /api/part/parameter/template/{id}/
2026-02-04 16:49:27 | INFO | [294e21f71c57483e879bf662b81cdf9c] | app.api.v1.version_snapshots | [294e21f71c57483e879bf662b81cdf9c] 自动创建版本快照成功: id=645, definition_id=646, hash=fb2d01d2a525acbd7a60d2a6315cfa5e
2026-02-04 16:49:27 | INFO | [294e21f71c57483e879bf662b81cdf9c] | app.api.v1.sync_tasks | [294e21f71c57483e879bf662b81cdf9c] 自动创建版本快照成功: snapshot_id=645
2026-02-04 16:49:27 | INFO | [294e21f71c57483e879bf662b81cdf9c] | app.api.v1.sync_tasks | [294e21f71c57483e879bf662b81cdf9c] 新增接口: PATCH /api/report/template/{id}/
2026-02-04 16:49:27 | INFO | [294e21f71c57483e879bf662b81cdf9c] | app.api.v1.version_snapshots | [294e21f71c57483e879bf662b81cdf9c] 自动创建版本快照成功: id=646, definition_id=647, hash=fb2d01d2a525acbd7a60d2a6315cfa5e
2026-02-04 16:49:27 | INFO | [294e21f71c57483e879bf662b81cdf9c] | app.api.v1.sync_tasks | [294e21f71c57483e879bf662b81cdf9c] 自动创建版本快照成功: snapshot_id=646
2026-02-04 16:49:27 | INFO | [294e21f71c57483e879bf662b81cdf9c] | app.api.v1.sync_tasks | [294e21f71c57483e879bf662b81cdf9c] 变更应用完成: 618 个变更已应用
2026-02-04 16:49:27 | INFO | [294e21f71c57483e879bf662b81cdf9c] | app.api.v1.sync_tasks | [294e21f71c57483e879bf662b81cdf9c] 变更应用成功: 618 个变更
2026-02-04 16:49:27 | INFO | [36f8bd3fee6c4eea96eeeed3af775e47] | app.api.v1.sync_tasks | [36f8bd3fee6c4eea96eeeed3af775e47] 查询同步任务列表: skip=0, limit=20, user=admin, project_id=1
2026-02-04 16:49:32 | INFO | [8117b3aa2efc4b0f89b5fa790f19abe4] | app.api.v1.sync_tasks | [8117b3aa2efc4b0f89b5fa790f19abe4] 查询同步任务列表: skip=0, limit=20, user=admin, project_id=1
2026-02-04 16:49:34 | INFO | [639d6aa3bf0c48bbbd3f49f6be205e4c] | app.api.v1.api_definitions | [639d6aa3bf0c48bbbd3f49f6be205e4c] 查询 API 定义列表: skip=0, limit=20, user=admin, project_id=1, version_id=1
2026-02-04 16:49:34 | INFO | [0aa11c8d8cc14fd9bbca8118f2984ae8] | app.api.v1.api_definitions | [0aa11c8d8cc14fd9bbca8118f2984ae8] 查询 API 定义列表: skip=0, limit=20, user=admin, project_id=1, version_id=1
2026-02-04 16:49:34 | INFO | [3ada6204e4ab4b53a3f5f8208e3d669a] | app.api.v1.api_definitions | [3ada6204e4ab4b53a3f5f8208e3d669a] 查询 API 定义列表: skip=0, limit=20, user=admin, project_id=1, version_id=1
2026-02-04 16:49:36 | INFO | [825cbb9ffe9a487e8cf303feed68fcb5] | app.api.v1.api_definitions | [825cbb9ffe9a487e8cf303feed68fcb5] 查询 API 定义列表: skip=0, limit=20, user=admin, project_id=1, version_id=1
2026-02-04 16:49:38 | INFO | [7ae143080ce7430bb7b454c925236be6] | app.api.v1.sync_tasks | [7ae143080ce7430bb7b454c925236be6] 查询同步任务列表: skip=0, limit=20, user=admin, project_id=1
2026-02-04 16:49:38 | INFO | [9099a1ad21f146039abb65098ad1b7a8] | app.api.v1.sync_tasks | [9099a1ad21f146039abb65098ad1b7a8] 查询同步任务列表: skip=0, limit=20, user=admin, project_id=1
2026-02-04 16:49:48 | INFO | [30da27d40eb6467fb637e2345ea9af42] | app.api.v1.sync_tasks | [30da27d40eb6467fb637e2345ea9af42] 应用变更: task_id=13, user=admin
2026-02-04 16:49:48 | WARNING | [30da27d40eb6467fb637e2345ea9af42] | app.api.v1.sync_tasks | [30da27d40eb6467fb637e2345ea9af42] 接口已存在，跳过新增: PUT /api/selection/{id}/
2026-02-04 16:49:48 | WARNING | [30da27d40eb6467fb637e2345ea9af42] | app.api.v1.sync_tasks | [30da27d40eb6467fb637e2345ea9af42] 接口已存在，跳过新增: GET /api/part/category/tree/
2026-02-04 16:49:48 | WARNING | [30da27d40eb6467fb637e2345ea9af42] | app.api.v1.sync_tasks | [30da27d40eb6467fb637e2345ea9af42] 接口已存在，跳过新增: POST /api/order/ro/{id}/issue/
2026-02-04 16:49:48 | WARNING | [30da27d40eb6467fb637e2345ea9af42] | app.api.v1.sync_tasks | [30da27d40eb6467fb637e2345ea9af42] 接口已存在，跳过新增: PATCH /api/stock/location/{id}/metadata/
2026-02-04 16:49:48 | WARNING | [30da27d40eb6467fb637e2345ea9af42] | app.api.v1.sync_tasks | [30da27d40eb6467fb637e2345ea9af42] 接口已存在，跳过新增: POST /api/part/{id}/bom-copy/
2026-02-04 16:49:48 | WARNING | [30da27d40eb6467fb637e2345ea9af42] | app.api.v1.sync_tasks | [30da27d40eb6467fb637e2345ea9af42] 接口已存在，跳过新增: DELETE /api/importer/row/
2026-02-04 16:49:48 | WARNING | [30da27d40eb6467fb637e2345ea9af42] | app.api.v1.sync_tasks | [30da27d40eb6467fb637e2345ea9af42] 接口已存在，跳过新增: PATCH /api/build/line/{id}/
2026-02-04 16:49:48 | WARNING | [30da27d40eb6467fb637e2345ea9af42] | app.api.v1.sync_tasks | [30da27d40eb6467fb637e2345ea9af42] 接口已存在，跳过新增: DELETE /api/plugins/{plugin}/
2026-02-04 16:49:48 | WARNING | [30da27d40eb6467fb637e2345ea9af42] | app.api.v1.sync_tasks | [30da27d40eb6467fb637e2345ea9af42] 接口已存在，跳过新增: PUT /api/part/sale-price/{id}/
2026-02-04 16:49:48 | WARNING | [30da27d40eb6467fb637e2345ea9af42] | app.api.v1.sync_tasks | [30da27d40eb6467fb637e2345ea9af42] 接口已存在，跳过新增: GET /api/order/so/status/
2026-02-04 16:49:48 | WARNING | [30da27d40eb6467fb637e2345ea9af42] | app.api.v1.sync_tasks | [30da27d40eb6467fb637e2345ea9af42] 接口已存在，跳过新增: POST /api/report/asset/
2026-02-04 16:49:48 | WARNING | [30da27d40eb6467fb637e2345ea9af42] | app.api.v1.sync_tasks | [30da27d40eb6467fb637e2345ea9af42] 接口已存在，跳过新增: PUT /api/bom/{id}/metadata/
2026-02-04 16:49:48 | WARNING | [30da27d40eb6467fb637e2345ea9af42] | app.api.v1.sync_tasks | [30da27d40eb6467fb637e2345ea9af42] 接口已存在，跳过新增: GET /api/part/category/
2026-02-04 16:49:48 | WARNING | [30da27d40eb6467fb637e2345ea9af42] | app.api.v1.sync_tasks | [30da27d40eb6467fb637e2345ea9af42] 接口已存在，跳过新增: POST /api/user/group/
2026-02-04 16:49:48 | WARNING | [30da27d40eb6467fb637e2345ea9af42] | app.api.v1.sync_tasks | [30da27d40eb6467fb637e2345ea9af42] 接口已存在，跳过新增: PATCH /api/order/so-allocation/{id}/
2026-02-04 16:49:48 | WARNING | [30da27d40eb6467fb637e2345ea9af42] | app.api.v1.sync_tasks | [30da27d40eb6467fb637e2345ea9af42] 接口已存在，跳过新增: GET /api/plugins/
2026-02-04 16:49:48 | WARNING | [30da27d40eb6467fb637e2345ea9af42] | app.api.v1.sync_tasks | [30da27d40eb6467fb637e2345ea9af42] 接口已存在，跳过新增: PUT /api/part/test-template/{id}/
2026-02-04 16:49:48 | WARNING | [30da27d40eb6467fb637e2345ea9af42] | app.api.v1.sync_tasks | [30da27d40eb6467fb637e2345ea9af42] 接口已存在，跳过新增: POST /api/importer/session/{id}/accept_fields/
2026-02-04 16:49:48 | WARNING | [30da27d40eb6467fb637e2345ea9af42] | app.api.v1.sync_tasks | [30da27d40eb6467fb637e2345ea9af42] 接口已存在，跳过新增: GET /api/part/test-template/{id}/metadata/
2026-02-04 16:49:48 | WARNING | [30da27d40eb6467fb637e2345ea9af42] | app.api.v1.sync_tasks | [30da27d40eb6467fb637e2345ea9af42] 接口已存在，跳过新增: DELETE /api/report/template/{id}/
2026-02-04 16:49:48 | WARNING | [30da27d40eb6467fb637e2345ea9af42] | app.api.v1.sync_tasks | [30da27d40eb6467fb637e2345ea9af42] 接口已存在，跳过新增: POST /api/label/print/
2026-02-04 16:49:48 | WARNING | [30da27d40eb6467fb637e2345ea9af42] | app.api.v1.sync_tasks | [30da27d40eb6467fb637e2345ea9af42] 接口已存在，跳过新增: PATCH /api/news/{id}/
2026-02-04 16:49:48 | WARNING | [30da27d40eb6467fb637e2345ea9af42] | app.api.v1.sync_tasks | [30da27d40eb6467fb637e2345ea9af42] 接口已存在，跳过新增: GET /api/barcode/history/
2026-02-04 16:49:48 | WARNING | [30da27d40eb6467fb637e2345ea9af42] | app.api.v1.sync_tasks | [30da27d40eb6467fb637e2345ea9af42] 接口已存在，跳过新增: GET /api/stock/location/{id}/
2026-02-04 16:49:48 | WARNING | [30da27d40eb6467fb637e2345ea9af42] | app.api.v1.sync_tasks | [30da27d40eb6467fb637e2345ea9af42] 接口已存在，跳过新增: GET /api/project-code/
2026-02-04 16:49:48 | WARNING | [30da27d40eb6467fb637e2345ea9af42] | app.api.v1.sync_tasks | [30da27d40eb6467fb637e2345ea9af42] 接口已存在，跳过新增: POST /api/stock/{id}/uninstall/
2026-02-04 16:49:48 | WARNING | [30da27d40eb6467fb637e2345ea9af42] | app.api.v1.sync_tasks | [30da27d40eb6467fb637e2345ea9af42] 接口已存在，跳过新增: PATCH /api/stock/location-type/{id}/
2026-02-04 16:49:48 | WARNING | [30da27d40eb6467fb637e2345ea9af42] | app.api.v1.sync_tasks | [30da27d40eb6467fb637e2345ea9af42] 接口已存在，跳过新增: PUT /api/stock/test/{id}/
2026-02-04 16:49:48 | WARNING | [30da27d40eb6467fb637e2345ea9af42] | app.api.v1.sync_tasks | [30da27d40eb6467fb637e2345ea9af42] 接口已存在，跳过新增: DELETE /api/build/line/{id}/
2026-02-04 16:49:48 | WARNING | [30da27d40eb6467fb637e2345ea9af42] | app.api.v1.sync_tasks | [30da27d40eb6467fb637e2345ea9af42] 接口已存在，跳过新增: GET /api/user/me/
2026-02-04 16:49:48 | WARNING | [30da27d40eb6467fb637e2345ea9af42] | app.api.v1.sync_tasks | [30da27d40eb6467fb637e2345ea9af42] 接口已存在，跳过新增: GET /api/units/
2026-02-04 16:49:48 | WARNING | [30da27d40eb6467fb637e2345ea9af42] | app.api.v1.sync_tasks | [30da27d40eb6467fb637e2345ea9af42] 接口已存在，跳过新增: GET /api/user/ruleset/
2026-02-04 16:49:48 | WARNING | [30da27d40eb6467fb637e2345ea9af42] | app.api.v1.sync_tasks | [30da27d40eb6467fb637e2345ea9af42] 接口已存在，跳过新增: PATCH /api/order/po-extra-line/{id}/
2026-02-04 16:49:48 | WARNING | [30da27d40eb6467fb637e2345ea9af42] | app.api.v1.sync_tasks | [30da27d40eb6467fb637e2345ea9af42] 接口已存在，跳过新增: PUT /api/importer/column-mapping/{id}/
2026-02-04 16:49:48 | WARNING | [30da27d40eb6467fb637e2345ea9af42] | app.api.v1.sync_tasks | [30da27d40eb6467fb637e2345ea9af42] 接口已存在，跳过新增: GET /api/company/address/{id}/
2026-02-04 16:49:48 | WARNING | [30da27d40eb6467fb637e2345ea9af42] | app.api.v1.sync_tasks | [30da27d40eb6467fb637e2345ea9af42] 接口已存在，跳过新增: GET /api/part/related/{id}/metadata/
2026-02-04 16:49:48 | WARNING | [30da27d40eb6467fb637e2345ea9af42] | app.api.v1.sync_tasks | [30da27d40eb6467fb637e2345ea9af42] 接口已存在，跳过新增: DELETE /api/order/so-allocation/{id}/
2026-02-04 16:49:48 | WARNING | [30da27d40eb6467fb637e2345ea9af42] | app.api.v1.sync_tasks | [30da27d40eb6467fb637e2345ea9af42] 接口已存在，跳过新增: GET /api/part/internal-price/{id}/
2026-02-04 16:49:48 | WARNING | [30da27d40eb6467fb637e2345ea9af42] | app.api.v1.sync_tasks | [30da27d40eb6467fb637e2345ea9af42] 接口已存在，跳过新增: PATCH /api/bom/substitute/{id}/metadata/
2026-02-04 16:49:48 | WARNING | [30da27d40eb6467fb637e2345ea9af42] | app.api.v1.sync_tasks | [30da27d40eb6467fb637e2345ea9af42] 接口已存在，跳过新增: POST /api/part/test-template/
2026-02-04 16:49:48 | WARNING | [30da27d40eb6467fb637e2345ea9af42] | app.api.v1.sync_tasks | [30da27d40eb6467fb637e2345ea9af42] 接口已存在，跳过新增: PATCH /api/user/profile/
2026-02-04 16:49:48 | WARNING | [30da27d40eb6467fb637e2345ea9af42] | app.api.v1.sync_tasks | [30da27d40eb6467fb637e2345ea9af42] 接口已存在，跳过新增: POST /api/webhook/{endpoint}/
2026-02-04 16:49:48 | WARNING | [30da27d40eb6467fb637e2345ea9af42] | app.api.v1.sync_tasks | [30da27d40eb6467fb637e2345ea9af42] 接口已存在，跳过新增: GET /api/data-output/
2026-02-04 16:49:48 | WARNING | [30da27d40eb6467fb637e2345ea9af42] | app.api.v1.sync_tasks | [30da27d40eb6467fb637e2345ea9af42] 接口已存在，跳过新增: POST /api/order/ro/
2026-02-04 16:49:48 | WARNING | [30da27d40eb6467fb637e2345ea9af42] | app.api.v1.sync_tasks | [30da27d40eb6467fb637e2345ea9af42] 接口已存在，跳过新增: GET /api/machine/{id}/settings/
2026-02-04 16:49:48 | WARNING | [30da27d40eb6467fb637e2345ea9af42] | app.api.v1.sync_tasks | [30da27d40eb6467fb637e2345ea9af42] 接口已存在，跳过新增: GET /api/report/template/
2026-02-04 16:49:48 | WARNING | [30da27d40eb6467fb637e2345ea9af42] | app.api.v1.sync_tasks | [30da27d40eb6467fb637e2345ea9af42] 接口已存在，跳过新增: DELETE /api/news/{id}/
2026-02-04 16:49:48 | WARNING | [30da27d40eb6467fb637e2345ea9af42] | app.api.v1.sync_tasks | [30da27d40eb6467fb637e2345ea9af42] 接口已存在，跳过新增: DELETE /api/part/category/parameters/{id}/
2026-02-04 16:49:48 | WARNING | [30da27d40eb6467fb637e2345ea9af42] | app.api.v1.sync_tasks | [30da27d40eb6467fb637e2345ea9af42] 接口已存在，跳过新增: DELETE /api/admin/email/{global_id}/
2026-02-04 16:49:48 | WARNING | [30da27d40eb6467fb637e2345ea9af42] | app.api.v1.sync_tasks | [30da27d40eb6467fb637e2345ea9af42] 接口已存在，跳过新增: DELETE /api/stock/location-type/{id}/
2026-02-04 16:49:48 | WARNING | [30da27d40eb6467fb637e2345ea9af42] | app.api.v1.sync_tasks | [30da27d40eb6467fb637e2345ea9af42] 接口已存在，跳过新增: POST /api/order/so-line/
2026-02-04 16:49:48 | WARNING | [30da27d40eb6467fb637e2345ea9af42] | app.api.v1.sync_tasks | [30da27d40eb6467fb637e2345ea9af42] 接口已存在，跳过新增: GET /api/label/template/{id}/
2026-02-04 16:49:48 | WARNING | [30da27d40eb6467fb637e2345ea9af42] | app.api.v1.sync_tasks | [30da27d40eb6467fb637e2345ea9af42] 接口已存在，跳过新增: GET /api/stock/{id}/serial-numbers/
2026-02-04 16:49:48 | WARNING | [30da27d40eb6467fb637e2345ea9af42] | app.api.v1.sync_tasks | [30da27d40eb6467fb637e2345ea9af42] 接口已存在，跳过新增: PUT /api/order/po-extra-line/{id}/metadata/
2026-02-04 16:49:48 | WARNING | [30da27d40eb6467fb637e2345ea9af42] | app.api.v1.sync_tasks | [30da27d40eb6467fb637e2345ea9af42] 接口已存在，跳过新增: PATCH /api/selection/{id}/
2026-02-04 16:49:48 | WARNING | [30da27d40eb6467fb637e2345ea9af42] | app.api.v1.sync_tasks | [30da27d40eb6467fb637e2345ea9af42] 接口已存在，跳过新增: PUT /api/error-report/{id}/
2026-02-04 16:49:48 | WARNING | [30da27d40eb6467fb637e2345ea9af42] | app.api.v1.sync_tasks | [30da27d40eb6467fb637e2345ea9af42] 接口已存在，跳过新增: PUT /api/stock/{id}/metadata/
2026-02-04 16:49:48 | WARNING | [30da27d40eb6467fb637e2345ea9af42] | app.api.v1.sync_tasks | [30da27d40eb6467fb637e2345ea9af42] 接口已存在，跳过新增: PUT /api/build/{id}/metadata/
2026-02-04 16:49:48 | WARNING | [30da27d40eb6467fb637e2345ea9af42] | app.api.v1.sync_tasks | [30da27d40eb6467fb637e2345ea9af42] 接口已存在，跳过新增: PATCH /api/part/sale-price/{id}/
2026-02-04 16:49:48 | WARNING | [30da27d40eb6467fb637e2345ea9af42] | app.api.v1.sync_tasks | [30da27d40eb6467fb637e2345ea9af42] 接口已存在，跳过新增: PUT /api/part/parameter/{id}/metadata/
2026-02-04 16:49:48 | WARNING | [30da27d40eb6467fb637e2345ea9af42] | app.api.v1.sync_tasks | [30da27d40eb6467fb637e2345ea9af42] 接口已存在，跳过新增: PATCH /api/bom/{id}/metadata/
2026-02-04 16:49:48 | WARNING | [30da27d40eb6467fb637e2345ea9af42] | app.api.v1.sync_tasks | [30da27d40eb6467fb637e2345ea9af42] 接口已存在，跳过新增: GET /api/order/ro-line/{id}/
2026-02-04 16:49:48 | WARNING | [30da27d40eb6467fb637e2345ea9af42] | app.api.v1.sync_tasks | [30da27d40eb6467fb637e2345ea9af42] 接口已存在，跳过新增: POST /api/build/{id}/consume/
2026-02-04 16:49:48 | WARNING | [30da27d40eb6467fb637e2345ea9af42] | app.api.v1.sync_tasks | [30da27d40eb6467fb637e2345ea9af42] 接口已存在，跳过新增: POST /api/part/internal-price/
2026-02-04 16:49:48 | WARNING | [30da27d40eb6467fb637e2345ea9af42] | app.api.v1.sync_tasks | [30da27d40eb6467fb637e2345ea9af42] 接口已存在，跳过新增: GET /api/order/po/status/
2026-02-04 16:49:48 | WARNING | [30da27d40eb6467fb637e2345ea9af42] | app.api.v1.sync_tasks | [30da27d40eb6467fb637e2345ea9af42] 接口已存在，跳过新增: PUT /api/stock/location-type/{id}/metadata/
2026-02-04 16:49:48 | WARNING | [30da27d40eb6467fb637e2345ea9af42] | app.api.v1.sync_tasks | [30da27d40eb6467fb637e2345ea9af42] 接口已存在，跳过新增: PATCH /api/part/test-template/{id}/
2026-02-04 16:49:48 | WARNING | [30da27d40eb6467fb637e2345ea9af42] | app.api.v1.sync_tasks | [30da27d40eb6467fb637e2345ea9af42] 接口已存在，跳过新增: GET /api/report/snippet/{id}/
2026-02-04 16:49:48 | WARNING | [30da27d40eb6467fb637e2345ea9af42] | app.api.v1.sync_tasks | [30da27d40eb6467fb637e2345ea9af42] 接口已存在，跳过新增: DELETE /api/selection/{id}/
2026-02-04 16:49:48 | WARNING | [30da27d40eb6467fb637e2345ea9af42] | app.api.v1.sync_tasks | [30da27d40eb6467fb637e2345ea9af42] 接口已存在，跳过新增: POST /api/build/{id}/create-output/
2026-02-04 16:49:48 | WARNING | [30da27d40eb6467fb637e2345ea9af42] | app.api.v1.sync_tasks | [30da27d40eb6467fb637e2345ea9af42] 接口已存在，跳过新增: GET /api/report/asset/
2026-02-04 16:49:48 | WARNING | [30da27d40eb6467fb637e2345ea9af42] | app.api.v1.sync_tasks | [30da27d40eb6467fb637e2345ea9af42] 接口已存在，跳过新增: PATCH /api/stock/test/{id}/
2026-02-04 16:49:48 | WARNING | [30da27d40eb6467fb637e2345ea9af42] | app.api.v1.sync_tasks | [30da27d40eb6467fb637e2345ea9af42] 接口已存在，跳过新增: GET /api/news/
2026-02-04 16:49:48 | WARNING | [30da27d40eb6467fb637e2345ea9af42] | app.api.v1.sync_tasks | [30da27d40eb6467fb637e2345ea9af42] 接口已存在，跳过新增: GET /api/plugins/status/
2026-02-04 16:49:48 | WARNING | [30da27d40eb6467fb637e2345ea9af42] | app.api.v1.sync_tasks | [30da27d40eb6467fb637e2345ea9af42] 接口已存在，跳过新增: PUT /api/bom/substitute/{id}/
2026-02-04 16:49:48 | WARNING | [30da27d40eb6467fb637e2345ea9af42] | app.api.v1.sync_tasks | [30da27d40eb6467fb637e2345ea9af42] 接口已存在，跳过新增: DELETE /api/part/sale-price/{id}/
2026-02-04 16:49:48 | WARNING | [30da27d40eb6467fb637e2345ea9af42] | app.api.v1.sync_tasks | [30da27d40eb6467fb637e2345ea9af42] 接口已存在，跳过新增: GET /api/user/group/
2026-02-04 16:49:48 | WARNING | [30da27d40eb6467fb637e2345ea9af42] | app.api.v1.sync_tasks | [30da27d40eb6467fb637e2345ea9af42] 接口已存在，跳过新增: PUT /api/order/so-extra-line/{id}/metadata/
2026-02-04 16:49:48 | WARNING | [30da27d40eb6467fb637e2345ea9af42] | app.api.v1.sync_tasks | [30da27d40eb6467fb637e2345ea9af42] 接口已存在，跳过新增: PATCH /api/importer/column-mapping/{id}/
2026-02-04 16:49:48 | WARNING | [30da27d40eb6467fb637e2345ea9af42] | app.api.v1.sync_tasks | [30da27d40eb6467fb637e2345ea9af42] 接口已存在，跳过新增: DELETE /api/company/part/manufacturer/parameter/
2026-02-04 16:49:48 | WARNING | [30da27d40eb6467fb637e2345ea9af42] | app.api.v1.sync_tasks | [30da27d40eb6467fb637e2345ea9af42] 接口已存在，跳过新增: POST /api/company/
2026-02-04 16:49:48 | WARNING | [30da27d40eb6467fb637e2345ea9af42] | app.api.v1.sync_tasks | [30da27d40eb6467fb637e2345ea9af42] 接口已存在，跳过新增: GET /api/part/{id}/metadata/
2026-02-04 16:49:48 | WARNING | [30da27d40eb6467fb637e2345ea9af42] | app.api.v1.sync_tasks | [30da27d40eb6467fb637e2345ea9af42] 接口已存在，跳过新增: DELETE /api/order/po-line/
2026-02-04 16:49:48 | WARNING | [30da27d40eb6467fb637e2345ea9af42] | app.api.v1.sync_tasks | [30da27d40eb6467fb637e2345ea9af42] 接口已存在，跳过新增: GET /api/part/category/parameters/{id}/
2026-02-04 16:49:48 | WARNING | [30da27d40eb6467fb637e2345ea9af42] | app.api.v1.sync_tasks | [30da27d40eb6467fb637e2345ea9af42] 接口已存在，跳过新增: POST /api/barcode/unlink/
2026-02-04 16:49:48 | WARNING | [30da27d40eb6467fb637e2345ea9af42] | app.api.v1.sync_tasks | [30da27d40eb6467fb637e2345ea9af42] 接口已存在，跳过新增: DELETE /api/part/test-template/{id}/
2026-02-04 16:49:48 | WARNING | [30da27d40eb6467fb637e2345ea9af42] | app.api.v1.sync_tasks | [30da27d40eb6467fb637e2345ea9af42] 接口已存在，跳过新增: DELETE /api/units/{id}/
2026-02-04 16:49:48 | WARNING | [30da27d40eb6467fb637e2345ea9af42] | app.api.v1.sync_tasks | [30da27d40eb6467fb637e2345ea9af42] 接口已存在，跳过新增: GET /api/background-task/
2026-02-04 16:49:48 | WARNING | [30da27d40eb6467fb637e2345ea9af42] | app.api.v1.sync_tasks | [30da27d40eb6467fb637e2345ea9af42] 接口已存在，跳过新增: PUT /api/part/stocktake/{id}/
2026-02-04 16:49:48 | WARNING | [30da27d40eb6467fb637e2345ea9af42] | app.api.v1.sync_tasks | [30da27d40eb6467fb637e2345ea9af42] 接口已存在，跳过新增: GET /api/stock/status/
2026-02-04 16:49:48 | WARNING | [30da27d40eb6467fb637e2345ea9af42] | app.api.v1.sync_tasks | [30da27d40eb6467fb637e2345ea9af42] 接口已存在，跳过新增: POST /api/order/so/shipment/
2026-02-04 16:49:48 | WARNING | [30da27d40eb6467fb637e2345ea9af42] | app.api.v1.sync_tasks | [30da27d40eb6467fb637e2345ea9af42] 接口已存在，跳过新增: PUT /api/report/template/{id}/metadata/
2026-02-04 16:49:48 | WARNING | [30da27d40eb6467fb637e2345ea9af42] | app.api.v1.sync_tasks | [30da27d40eb6467fb637e2345ea9af42] 接口已存在，跳过新增: PATCH /api/bom/{id}/
2026-02-04 16:49:48 | WARNING | [30da27d40eb6467fb637e2345ea9af42] | app.api.v1.sync_tasks | [30da27d40eb6467fb637e2345ea9af42] 接口已存在，跳过新增: DELETE /api/stock/test/{id}/
2026-02-04 16:49:48 | WARNING | [30da27d40eb6467fb637e2345ea9af42] | app.api.v1.sync_tasks | [30da27d40eb6467fb637e2345ea9af42] 接口已存在，跳过新增: GET /api/stock/{id}/
2026-02-04 16:49:48 | WARNING | [30da27d40eb6467fb637e2345ea9af42] | app.api.v1.sync_tasks | [30da27d40eb6467fb637e2345ea9af42] 接口已存在，跳过新增: GET /api/notes-image-upload/
2026-02-04 16:49:48 | WARNING | [30da27d40eb6467fb637e2345ea9af42] | app.api.v1.sync_tasks | [30da27d40eb6467fb637e2345ea9af42] 接口已存在，跳过新增: POST /api/barcode/po-allocate/
2026-02-04 16:49:48 | WARNING | [30da27d40eb6467fb637e2345ea9af42] | app.api.v1.sync_tasks | [30da27d40eb6467fb637e2345ea9af42] 接口已存在，跳过新增: PATCH /api/order/po-extra-line/{id}/metadata/
2026-02-04 16:49:48 | WARNING | [30da27d40eb6467fb637e2345ea9af42] | app.api.v1.sync_tasks | [30da27d40eb6467fb637e2345ea9af42] 接口已存在，跳过新增: GET /api/part/test-template/
2026-02-04 16:49:48 | WARNING | [30da27d40eb6467fb637e2345ea9af42] | app.api.v1.sync_tasks | [30da27d40eb6467fb637e2345ea9af42] 接口已存在，跳过新增: PATCH /api/error-report/{id}/
2026-02-04 16:49:48 | WARNING | [30da27d40eb6467fb637e2345ea9af42] | app.api.v1.sync_tasks | [30da27d40eb6467fb637e2345ea9af42] 接口已存在，跳过新增: PUT /api/order/ro-line/{id}/metadata/
2026-02-04 16:49:48 | WARNING | [30da27d40eb6467fb637e2345ea9af42] | app.api.v1.sync_tasks | [30da27d40eb6467fb637e2345ea9af42] 接口已存在，跳过新增: PUT /api/attachment/{id}/metadata/
2026-02-04 16:49:48 | WARNING | [30da27d40eb6467fb637e2345ea9af42] | app.api.v1.sync_tasks | [30da27d40eb6467fb637e2345ea9af42] 接口已存在，跳过新增: PATCH /api/stock/{id}/metadata/
2026-02-04 16:49:48 | WARNING | [30da27d40eb6467fb637e2345ea9af42] | app.api.v1.sync_tasks | [30da27d40eb6467fb637e2345ea9af42] 接口已存在，跳过新增: GET /api/order/ro/
2026-02-04 16:49:48 | WARNING | [30da27d40eb6467fb637e2345ea9af42] | app.api.v1.sync_tasks | [30da27d40eb6467fb637e2345ea9af42] 接口已存在，跳过新增: GET /api/plugins/{plugin}/metadata/
2026-02-04 16:49:48 | WARNING | [30da27d40eb6467fb637e2345ea9af42] | app.api.v1.sync_tasks | [30da27d40eb6467fb637e2345ea9af42] 接口已存在，跳过新增: PUT /api/company/part/manufacturer/{id}/
2026-02-04 16:49:48 | WARNING | [30da27d40eb6467fb637e2345ea9af42] | app.api.v1.sync_tasks | [30da27d40eb6467fb637e2345ea9af42] 接口已存在，跳过新增: PATCH /api/build/{id}/metadata/
2026-02-04 16:49:48 | WARNING | [30da27d40eb6467fb637e2345ea9af42] | app.api.v1.sync_tasks | [30da27d40eb6467fb637e2345ea9af42] 接口已存在，跳过新增: GET /api/
2026-02-04 16:49:48 | WARNING | [30da27d40eb6467fb637e2345ea9af42] | app.api.v1.sync_tasks | [30da27d40eb6467fb637e2345ea9af42] 接口已存在，跳过新增: GET /api/project-code/{id}/metadata/
2026-02-04 16:49:48 | WARNING | [30da27d40eb6467fb637e2345ea9af42] | app.api.v1.sync_tasks | [30da27d40eb6467fb637e2345ea9af42] 接口已存在，跳过新增: PATCH /api/part/parameter/{id}/metadata/
2026-02-04 16:49:48 | WARNING | [30da27d40eb6467fb637e2345ea9af42] | app.api.v1.sync_tasks | [30da27d40eb6467fb637e2345ea9af42] 接口已存在，跳过新增: POST /api/stock/location/
2026-02-04 16:49:48 | WARNING | [30da27d40eb6467fb637e2345ea9af42] | app.api.v1.sync_tasks | [30da27d40eb6467fb637e2345ea9af42] 接口已存在，跳过新增: GET /api/order/so-line/
2026-02-04 16:49:48 | WARNING | [30da27d40eb6467fb637e2345ea9af42] | app.api.v1.sync_tasks | [30da27d40eb6467fb637e2345ea9af42] 接口已存在，跳过新增: PUT /api/report/asset/{id}/
2026-02-04 16:49:48 | WARNING | [30da27d40eb6467fb637e2345ea9af42] | app.api.v1.sync_tasks | [30da27d40eb6467fb637e2345ea9af42] 接口已存在，跳过新增: GET /api/contenttype/{id}/
2026-02-04 16:49:48 | WARNING | [30da27d40eb6467fb637e2345ea9af42] | app.api.v1.sync_tasks | [30da27d40eb6467fb637e2345ea9af42] 接口已存在，跳过新增: DELETE /api/bom/{id}/
2026-02-04 16:49:48 | WARNING | [30da27d40eb6467fb637e2345ea9af42] | app.api.v1.sync_tasks | [30da27d40eb6467fb637e2345ea9af42] 接口已存在，跳过新增: PATCH /api/stock/location-type/{id}/metadata/
2026-02-04 16:49:48 | WARNING | [30da27d40eb6467fb637e2345ea9af42] | app.api.v1.sync_tasks | [30da27d40eb6467fb637e2345ea9af42] 接口已存在，跳过新增: GET /api/company/contact/{id}/
2026-02-04 16:49:48 | WARNING | [30da27d40eb6467fb637e2345ea9af42] | app.api.v1.sync_tasks | [30da27d40eb6467fb637e2345ea9af42] 接口已存在，跳过新增: PUT /api/stock/test/{id}/metadata/
2026-02-04 16:49:48 | WARNING | [30da27d40eb6467fb637e2345ea9af42] | app.api.v1.sync_tasks | [30da27d40eb6467fb637e2345ea9af42] 接口已存在，跳过新增: PUT /api/importer/session/{id}/
2026-02-04 16:49:48 | WARNING | [30da27d40eb6467fb637e2345ea9af42] | app.api.v1.sync_tasks | [30da27d40eb6467fb637e2345ea9af42] 接口已存在，跳过新增: DELETE /api/error-report/{id}/
2026-02-04 16:49:48 | WARNING | [30da27d40eb6467fb637e2345ea9af42] | app.api.v1.sync_tasks | [30da27d40eb6467fb637e2345ea9af42] 接口已存在，跳过新增: DELETE /api/stock/test/
2026-02-04 16:49:48 | WARNING | [30da27d40eb6467fb637e2345ea9af42] | app.api.v1.sync_tasks | [30da27d40eb6467fb637e2345ea9af42] 接口已存在，跳过新增: GET /api/generic/status/custom/{id}/
2026-02-04 16:49:48 | WARNING | [30da27d40eb6467fb637e2345ea9af42] | app.api.v1.sync_tasks | [30da27d40eb6467fb637e2345ea9af42] 接口已存在，跳过新增: POST /api/user/
2026-02-04 16:49:48 | WARNING | [30da27d40eb6467fb637e2345ea9af42] | app.api.v1.sync_tasks | [30da27d40eb6467fb637e2345ea9af42] 接口已存在，跳过新增: PATCH /api/bom/substitute/{id}/
2026-02-04 16:49:48 | WARNING | [30da27d40eb6467fb637e2345ea9af42] | app.api.v1.sync_tasks | [30da27d40eb6467fb637e2345ea9af42] 接口已存在，跳过新增: GET /api/order/ro/{id}/metadata/
2026-02-04 16:49:48 | WARNING | [30da27d40eb6467fb637e2345ea9af42] | app.api.v1.sync_tasks | [30da27d40eb6467fb637e2345ea9af42] 接口已存在，跳过新增: GET /api/part/internal-price/
2026-02-04 16:49:48 | WARNING | [30da27d40eb6467fb637e2345ea9af42] | app.api.v1.sync_tasks | [30da27d40eb6467fb637e2345ea9af42] 接口已存在，跳过新增: GET /api/label/template/{id}/metadata/
2026-02-04 16:49:48 | WARNING | [30da27d40eb6467fb637e2345ea9af42] | app.api.v1.sync_tasks | [30da27d40eb6467fb637e2345ea9af42] 接口已存在，跳过新增: GET /api/units/{id}/
2026-02-04 16:49:48 | WARNING | [30da27d40eb6467fb637e2345ea9af42] | app.api.v1.sync_tasks | [30da27d40eb6467fb637e2345ea9af42] 接口已存在，跳过新增: GET /api/user/tokens/
2026-02-04 16:49:48 | WARNING | [30da27d40eb6467fb637e2345ea9af42] | app.api.v1.sync_tasks | [30da27d40eb6467fb637e2345ea9af42] 接口已存在，跳过新增: PUT /api/part/category/{id}/metadata/
2026-02-04 16:49:48 | WARNING | [30da27d40eb6467fb637e2345ea9af42] | app.api.v1.sync_tasks | [30da27d40eb6467fb637e2345ea9af42] 接口已存在，跳过新增: POST /api/barcode/so-allocate/
2026-02-04 16:49:48 | WARNING | [30da27d40eb6467fb637e2345ea9af42] | app.api.v1.sync_tasks | [30da27d40eb6467fb637e2345ea9af42] 接口已存在，跳过新增: PATCH /api/order/so-extra-line/{id}/metadata/
2026-02-04 16:49:48 | WARNING | [30da27d40eb6467fb637e2345ea9af42] | app.api.v1.sync_tasks | [30da27d40eb6467fb637e2345ea9af42] 接口已存在，跳过新增: POST /api/order/po/{id}/issue/
2026-02-04 16:49:48 | WARNING | [30da27d40eb6467fb637e2345ea9af42] | app.api.v1.sync_tasks | [30da27d40eb6467fb637e2345ea9af42] 接口已存在，跳过新增: POST /api/order/so/{id}/allocate-serials/
2026-02-04 16:49:48 | WARNING | [30da27d40eb6467fb637e2345ea9af42] | app.api.v1.sync_tasks | [30da27d40eb6467fb637e2345ea9af42] 接口已存在，跳过新增: PATCH /api/part/parameter/{id}/
2026-02-04 16:49:48 | WARNING | [30da27d40eb6467fb637e2345ea9af42] | app.api.v1.sync_tasks | [30da27d40eb6467fb637e2345ea9af42] 接口已存在，跳过新增: POST /api/company/contact/
2026-02-04 16:49:48 | WARNING | [30da27d40eb6467fb637e2345ea9af42] | app.api.v1.sync_tasks | [30da27d40eb6467fb637e2345ea9af42] 接口已存在，跳过新增: PUT /api/build/item/{id}/
2026-02-04 16:49:48 | WARNING | [30da27d40eb6467fb637e2345ea9af42] | app.api.v1.sync_tasks | [30da27d40eb6467fb637e2345ea9af42] 接口已存在，跳过新增: GET /api/order/ro-extra-line/{id}/metadata/
2026-02-04 16:49:48 | WARNING | [30da27d40eb6467fb637e2345ea9af42] | app.api.v1.sync_tasks | [30da27d40eb6467fb637e2345ea9af42] 接口已存在，跳过新增: PATCH /api/part/stocktake/{id}/
2026-02-04 16:49:48 | WARNING | [30da27d40eb6467fb637e2345ea9af42] | app.api.v1.sync_tasks | [30da27d40eb6467fb637e2345ea9af42] 接口已存在，跳过新增: PATCH /api/report/template/{id}/metadata/
2026-02-04 16:49:48 | WARNING | [30da27d40eb6467fb637e2345ea9af42] | app.api.v1.sync_tasks | [30da27d40eb6467fb637e2345ea9af42] 接口已存在，跳过新增: GET /api/stock/track/{id}/
2026-02-04 16:49:48 | WARNING | [30da27d40eb6467fb637e2345ea9af42] | app.api.v1.sync_tasks | [30da27d40eb6467fb637e2345ea9af42] 接口已存在，跳过新增: PUT /api/order/ro-extra-line/{id}/
2026-02-04 16:49:48 | WARNING | [30da27d40eb6467fb637e2345ea9af42] | app.api.v1.sync_tasks | [30da27d40eb6467fb637e2345ea9af42] 接口已存在，跳过新增: PUT /api/plugins/{plugin}/user-settings/{key}/
2026-02-04 16:49:48 | WARNING | [30da27d40eb6467fb637e2345ea9af42] | app.api.v1.sync_tasks | [30da27d40eb6467fb637e2345ea9af42] 接口已存在，跳过新增: PUT /api/selection/{id}/entry/{entrypk}/
2026-02-04 16:49:48 | WARNING | [30da27d40eb6467fb637e2345ea9af42] | app.api.v1.sync_tasks | [30da27d40eb6467fb637e2345ea9af42] 接口已存在，跳过新增: DELETE /api/attachment/
2026-02-04 16:49:48 | WARNING | [30da27d40eb6467fb637e2345ea9af42] | app.api.v1.sync_tasks | [30da27d40eb6467fb637e2345ea9af42] 接口已存在，跳过新增: PUT /api/part/thumbs/{id}/
2026-02-04 16:49:48 | WARNING | [30da27d40eb6467fb637e2345ea9af42] | app.api.v1.sync_tasks | [30da27d40eb6467fb637e2345ea9af42] 接口已存在，跳过新增: DELETE /api/bom/substitute/{id}/
2026-02-04 16:49:48 | WARNING | [30da27d40eb6467fb637e2345ea9af42] | app.api.v1.sync_tasks | [30da27d40eb6467fb637e2345ea9af42] 接口已存在，跳过新增: DELETE /api/admin/email/
2026-02-04 16:49:48 | WARNING | [30da27d40eb6467fb637e2345ea9af42] | app.api.v1.sync_tasks | [30da27d40eb6467fb637e2345ea9af42] 接口已存在，跳过新增: GET /api/company/
2026-02-04 16:49:48 | WARNING | [30da27d40eb6467fb637e2345ea9af42] | app.api.v1.sync_tasks | [30da27d40eb6467fb637e2345ea9af42] 接口已存在，跳过新增: POST /api/order/po-extra-line/
2026-02-04 16:49:48 | WARNING | [30da27d40eb6467fb637e2345ea9af42] | app.api.v1.sync_tasks | [30da27d40eb6467fb637e2345ea9af42] 接口已存在，跳过新增: DELETE /api/part/parameter/{id}/
2026-02-04 16:49:48 | WARNING | [30da27d40eb6467fb637e2345ea9af42] | app.api.v1.sync_tasks | [30da27d40eb6467fb637e2345ea9af42] 接口已存在，跳过新增: PUT /api/machine/{id}/
2026-02-04 16:49:48 | WARNING | [30da27d40eb6467fb637e2345ea9af42] | app.api.v1.sync_tasks | [30da27d40eb6467fb637e2345ea9af42] 接口已存在，跳过新增: GET /api/order/so-line/{id}/
2026-02-04 16:49:48 | WARNING | [30da27d40eb6467fb637e2345ea9af42] | app.api.v1.sync_tasks | [30da27d40eb6467fb637e2345ea9af42] 接口已存在，跳过新增: PATCH /api/attachment/{id}/metadata/
2026-02-04 16:49:48 | WARNING | [30da27d40eb6467fb637e2345ea9af42] | app.api.v1.sync_tasks | [30da27d40eb6467fb637e2345ea9af42] 接口已存在，跳过新增: PUT /api/order/po/{id}/
2026-02-04 16:49:48 | WARNING | [30da27d40eb6467fb637e2345ea9af42] | app.api.v1.sync_tasks | [30da27d40eb6467fb637e2345ea9af42] 接口已存在，跳过新增: GET /api/order/so/shipment/
2026-02-04 16:49:48 | WARNING | [30da27d40eb6467fb637e2345ea9af42] | app.api.v1.sync_tasks | [30da27d40eb6467fb637e2345ea9af42] 接口已存在，跳过新增: POST /api/stock/assign/
2026-02-04 16:49:48 | WARNING | [30da27d40eb6467fb637e2345ea9af42] | app.api.v1.sync_tasks | [30da27d40eb6467fb637e2345ea9af42] 接口已存在，跳过新增: DELETE /api/background-task/pending/
2026-02-04 16:49:48 | WARNING | [30da27d40eb6467fb637e2345ea9af42] | app.api.v1.sync_tasks | [30da27d40eb6467fb637e2345ea9af42] 接口已存在，跳过新增: GET /api/bom/{id}/
2026-02-04 16:49:48 | WARNING | [30da27d40eb6467fb637e2345ea9af42] | app.api.v1.sync_tasks | [30da27d40eb6467fb637e2345ea9af42] 接口已存在，跳过新增: POST /api/stock/change_status/
2026-02-04 16:49:48 | WARNING | [30da27d40eb6467fb637e2345ea9af42] | app.api.v1.sync_tasks | [30da27d40eb6467fb637e2345ea9af42] 接口已存在，跳过新增: POST /api/company/part/manufacturer/
2026-02-04 16:49:48 | WARNING | [30da27d40eb6467fb637e2345ea9af42] | app.api.v1.sync_tasks | [30da27d40eb6467fb637e2345ea9af42] 接口已存在，跳过新增: POST /api/order/po/{id}/receive/
2026-02-04 16:49:48 | WARNING | [30da27d40eb6467fb637e2345ea9af42] | app.api.v1.sync_tasks | [30da27d40eb6467fb637e2345ea9af42] 接口已存在，跳过新增: DELETE /api/part/stocktake/{id}/
2026-02-04 16:49:48 | WARNING | [30da27d40eb6467fb637e2345ea9af42] | app.api.v1.sync_tasks | [30da27d40eb6467fb637e2345ea9af42] 接口已存在，跳过新增: PATCH /api/report/asset/{id}/
2026-02-04 16:49:48 | WARNING | [30da27d40eb6467fb637e2345ea9af42] | app.api.v1.sync_tasks | [30da27d40eb6467fb637e2345ea9af42] 接口已存在，跳过新增: GET /api/version/
2026-02-04 16:49:48 | WARNING | [30da27d40eb6467fb637e2345ea9af42] | app.api.v1.sync_tasks | [30da27d40eb6467fb637e2345ea9af42] 接口已存在，跳过新增: GET /api/company/contact/{id}/metadata/
2026-02-04 16:49:48 | WARNING | [30da27d40eb6467fb637e2345ea9af42] | app.api.v1.sync_tasks | [30da27d40eb6467fb637e2345ea9af42] 接口已存在，跳过新增: POST /api/order/ro/{id}/hold/
2026-02-04 16:49:48 | WARNING | [30da27d40eb6467fb637e2345ea9af42] | app.api.v1.sync_tasks | [30da27d40eb6467fb637e2345ea9af42] 接口已存在，跳过新增: GET /api/stock/test/
2026-02-04 16:49:48 | WARNING | [30da27d40eb6467fb637e2345ea9af42] | app.api.v1.sync_tasks | [30da27d40eb6467fb637e2345ea9af42] 接口已存在，跳过新增: PATCH /api/order/so/shipment/{id}/
2026-02-04 16:49:48 | WARNING | [30da27d40eb6467fb637e2345ea9af42] | app.api.v1.sync_tasks | [30da27d40eb6467fb637e2345ea9af42] 接口已存在，跳过新增: PATCH /api/importer/session/{id}/
2026-02-04 16:49:48 | WARNING | [30da27d40eb6467fb637e2345ea9af42] | app.api.v1.sync_tasks | [30da27d40eb6467fb637e2345ea9af42] 接口已存在，跳过新增: PUT /api/notifications/{id}/
2026-02-04 16:49:48 | WARNING | [30da27d40eb6467fb637e2345ea9af42] | app.api.v1.sync_tasks | [30da27d40eb6467fb637e2345ea9af42] 接口已存在，跳过新增: GET /api/order/so-line/{id}/metadata/
2026-02-04 16:49:48 | WARNING | [30da27d40eb6467fb637e2345ea9af42] | app.api.v1.sync_tasks | [30da27d40eb6467fb637e2345ea9af42] 接口已存在，跳过新增: POST /api/project-code/
2026-02-04 16:49:48 | WARNING | [30da27d40eb6467fb637e2345ea9af42] | app.api.v1.sync_tasks | [30da27d40eb6467fb637e2345ea9af42] 接口已存在，跳过新增: GET /api/part/parameter/{id}/metadata/
2026-02-04 16:49:48 | WARNING | [30da27d40eb6467fb637e2345ea9af42] | app.api.v1.sync_tasks | [30da27d40eb6467fb637e2345ea9af42] 接口已存在，跳过新增: GET /api/stock/location/
2026-02-04 16:49:48 | WARNING | [30da27d40eb6467fb637e2345ea9af42] | app.api.v1.sync_tasks | [30da27d40eb6467fb637e2345ea9af42] 接口已存在，跳过新增: GET /api/part/parameter/template/{id}/metadata/
2026-02-04 16:49:48 | WARNING | [30da27d40eb6467fb637e2345ea9af42] | app.api.v1.sync_tasks | [30da27d40eb6467fb637e2345ea9af42] 接口已存在，跳过新增: GET /api/part/related/{id}/
2026-02-04 16:49:48 | WARNING | [30da27d40eb6467fb637e2345ea9af42] | app.api.v1.sync_tasks | [30da27d40eb6467fb637e2345ea9af42] 接口已存在，跳过新增: PUT /api/part/category/{id}/
2026-02-04 16:49:48 | WARNING | [30da27d40eb6467fb637e2345ea9af42] | app.api.v1.sync_tasks | [30da27d40eb6467fb637e2345ea9af42] 接口已存在，跳过新增: PATCH /api/order/po-line/{id}/metadata/
2026-02-04 16:49:48 | WARNING | [30da27d40eb6467fb637e2345ea9af42] | app.api.v1.sync_tasks | [30da27d40eb6467fb637e2345ea9af42] 接口已存在，跳过新增: PATCH /api/part/category/{id}/metadata/
2026-02-04 16:49:48 | WARNING | [30da27d40eb6467fb637e2345ea9af42] | app.api.v1.sync_tasks | [30da27d40eb6467fb637e2345ea9af42] 接口已存在，跳过新增: DELETE /api/report/asset/{id}/
2026-02-04 16:49:48 | WARNING | [30da27d40eb6467fb637e2345ea9af42] | app.api.v1.sync_tasks | [30da27d40eb6467fb637e2345ea9af42] 接口已存在，跳过新增: POST /api/machine/{id}/restart/
2026-02-04 16:49:48 | WARNING | [30da27d40eb6467fb637e2345ea9af42] | app.api.v1.sync_tasks | [30da27d40eb6467fb637e2345ea9af42] 接口已存在，跳过新增: POST /api/order/po/{id}/hold/
2026-02-04 16:49:48 | WARNING | [30da27d40eb6467fb637e2345ea9af42] | app.api.v1.sync_tasks | [30da27d40eb6467fb637e2345ea9af42] 接口已存在，跳过新增: GET /api/attachment/{id}/
2026-02-04 16:49:48 | WARNING | [30da27d40eb6467fb637e2345ea9af42] | app.api.v1.sync_tasks | [30da27d40eb6467fb637e2345ea9af42] 接口已存在，跳过新增: PATCH /api/build/item/{id}/
2026-02-04 16:49:48 | WARNING | [30da27d40eb6467fb637e2345ea9af42] | app.api.v1.sync_tasks | [30da27d40eb6467fb637e2345ea9af42] 接口已存在，跳过新增: PUT /api/settings/user/{key}/
2026-02-04 16:49:48 | WARNING | [30da27d40eb6467fb637e2345ea9af42] | app.api.v1.sync_tasks | [30da27d40eb6467fb637e2345ea9af42] 接口已存在，跳过新增: POST /api/importer/session/{id}/accept_rows/
2026-02-04 16:49:48 | WARNING | [30da27d40eb6467fb637e2345ea9af42] | app.api.v1.sync_tasks | [30da27d40eb6467fb637e2345ea9af42] 接口已存在，跳过新增: PATCH /api/company/part/{id}/
2026-02-04 16:49:48 | WARNING | [30da27d40eb6467fb637e2345ea9af42] | app.api.v1.sync_tasks | [30da27d40eb6467fb637e2345ea9af42] 接口已存在，跳过新增: DELETE /api/order/so/shipment/{id}/
2026-02-04 16:49:48 | WARNING | [30da27d40eb6467fb637e2345ea9af42] | app.api.v1.sync_tasks | [30da27d40eb6467fb637e2345ea9af42] 接口已存在，跳过新增: PUT /api/build/{id}/
2026-02-04 16:49:48 | WARNING | [30da27d40eb6467fb637e2345ea9af42] | app.api.v1.sync_tasks | [30da27d40eb6467fb637e2345ea9af42] 接口已存在，跳过新增: GET /api/part/{id}/pricing/
2026-02-04 16:49:48 | WARNING | [30da27d40eb6467fb637e2345ea9af42] | app.api.v1.sync_tasks | [30da27d40eb6467fb637e2345ea9af42] 接口已存在，跳过新增: PATCH /api/order/ro-extra-line/{id}/
2026-02-04 16:49:48 | WARNING | [30da27d40eb6467fb637e2345ea9af42] | app.api.v1.sync_tasks | [30da27d40eb6467fb637e2345ea9af42] 接口已存在，跳过新增: GET /api/admin/email/
2026-02-04 16:49:48 | WARNING | [30da27d40eb6467fb637e2345ea9af42] | app.api.v1.sync_tasks | [30da27d40eb6467fb637e2345ea9af42] 接口已存在，跳过新增: POST /api/build/{id}/complete/
2026-02-04 16:49:48 | WARNING | [30da27d40eb6467fb637e2345ea9af42] | app.api.v1.sync_tasks | [30da27d40eb6467fb637e2345ea9af42] 接口已存在，跳过新增: GET /api/user/
2026-02-04 16:49:48 | WARNING | [30da27d40eb6467fb637e2345ea9af42] | app.api.v1.sync_tasks | [30da27d40eb6467fb637e2345ea9af42] 接口已存在，跳过新增: GET /api/part/parameter/{id}/
2026-02-04 16:49:48 | WARNING | [30da27d40eb6467fb637e2345ea9af42] | app.api.v1.sync_tasks | [30da27d40eb6467fb637e2345ea9af42] 接口已存在，跳过新增: PATCH /api/plugins/{plugin}/user-settings/{key}/
2026-02-04 16:49:48 | WARNING | [30da27d40eb6467fb637e2345ea9af42] | app.api.v1.sync_tasks | [30da27d40eb6467fb637e2345ea9af42] 接口已存在，跳过新增: PATCH /api/selection/{id}/entry/{entrypk}/
2026-02-04 16:49:48 | WARNING | [30da27d40eb6467fb637e2345ea9af42] | app.api.v1.sync_tasks | [30da27d40eb6467fb637e2345ea9af42] 接口已存在，跳过新增: PATCH /api/part/thumbs/{id}/
2026-02-04 16:49:48 | WARNING | [30da27d40eb6467fb637e2345ea9af42] | app.api.v1.sync_tasks | [30da27d40eb6467fb637e2345ea9af42] 接口已存在，跳过新增: PUT /api/order/so/shipment/{id}/metadata/
2026-02-04 16:49:48 | WARNING | [30da27d40eb6467fb637e2345ea9af42] | app.api.v1.sync_tasks | [30da27d40eb6467fb637e2345ea9af42] 接口已存在，跳过新增: GET /api/part/category/parameters/{id}/metadata/
2026-02-04 16:49:48 | WARNING | [30da27d40eb6467fb637e2345ea9af42] | app.api.v1.sync_tasks | [30da27d40eb6467fb637e2345ea9af42] 接口已存在，跳过新增: GET /api/company/{id}/
2026-02-04 16:49:48 | WARNING | [30da27d40eb6467fb637e2345ea9af42] | app.api.v1.sync_tasks | [30da27d40eb6467fb637e2345ea9af42] 接口已存在，跳过新增: PATCH /api/order/ro/{id}/
2026-02-04 16:49:48 | WARNING | [30da27d40eb6467fb637e2345ea9af42] | app.api.v1.sync_tasks | [30da27d40eb6467fb637e2345ea9af42] 接口已存在，跳过新增: GET /api/stock/location-type/
2026-02-04 16:49:48 | WARNING | [30da27d40eb6467fb637e2345ea9af42] | app.api.v1.sync_tasks | [30da27d40eb6467fb637e2345ea9af42] 接口已存在，跳过新增: PUT /api/bom/{id}/validate/
2026-02-04 16:49:48 | WARNING | [30da27d40eb6467fb637e2345ea9af42] | app.api.v1.sync_tasks | [30da27d40eb6467fb637e2345ea9af42] 接口已存在，跳过新增: PATCH /api/machine/{id}/
2026-02-04 16:49:48 | WARNING | [30da27d40eb6467fb637e2345ea9af42] | app.api.v1.sync_tasks | [30da27d40eb6467fb637e2345ea9af42] 接口已存在，跳过新增: PATCH /api/order/po/{id}/
2026-02-04 16:49:48 | WARNING | [30da27d40eb6467fb637e2345ea9af42] | app.api.v1.sync_tasks | [30da27d40eb6467fb637e2345ea9af42] 接口已存在，跳过新增: DELETE /api/build/item/{id}/
2026-02-04 16:49:48 | WARNING | [30da27d40eb6467fb637e2345ea9af42] | app.api.v1.sync_tasks | [30da27d40eb6467fb637e2345ea9af42] 接口已存在，跳过新增: DELETE /api/company/part/{id}/
2026-02-04 16:49:48 | WARNING | [30da27d40eb6467fb637e2345ea9af42] | app.api.v1.sync_tasks | [30da27d40eb6467fb637e2345ea9af42] 接口已存在，跳过新增: GET /api/order/so-extra-line/{id}/
2026-02-04 16:49:48 | WARNING | [30da27d40eb6467fb637e2345ea9af42] | app.api.v1.sync_tasks | [30da27d40eb6467fb637e2345ea9af42] 接口已存在，跳过新增: PUT /api/machine/{id}/settings/{config_type}/{key}/
2026-02-04 16:49:48 | WARNING | [30da27d40eb6467fb637e2345ea9af42] | app.api.v1.sync_tasks | [30da27d40eb6467fb637e2345ea9af42] 接口已存在，跳过新增: DELETE /api/order/ro-extra-line/{id}/
2026-02-04 16:49:48 | WARNING | [30da27d40eb6467fb637e2345ea9af42] | app.api.v1.sync_tasks | [30da27d40eb6467fb637e2345ea9af42] 接口已存在，跳过新增: GET /api/icons/
2026-02-04 16:49:48 | WARNING | [30da27d40eb6467fb637e2345ea9af42] | app.api.v1.sync_tasks | [30da27d40eb6467fb637e2345ea9af42] 接口已存在，跳过新增: GET /api/barcode/history/{id}/
2026-02-04 16:49:48 | WARNING | [30da27d40eb6467fb637e2345ea9af42] | app.api.v1.sync_tasks | [30da27d40eb6467fb637e2345ea9af42] 接口已存在，跳过新增: DELETE /api/selection/{id}/entry/{entrypk}/
2026-02-04 16:49:48 | WARNING | [30da27d40eb6467fb637e2345ea9af42] | app.api.v1.sync_tasks | [30da27d40eb6467fb637e2345ea9af42] 接口已存在，跳过新增: GET /api/order/po-extra-line/
2026-02-04 16:49:48 | WARNING | [30da27d40eb6467fb637e2345ea9af42] | app.api.v1.sync_tasks | [30da27d40eb6467fb637e2345ea9af42] 接口已存在，跳过新增: POST /api/order/so/shipment/{id}/ship/
2026-02-04 16:49:48 | WARNING | [30da27d40eb6467fb637e2345ea9af42] | app.api.v1.sync_tasks | [30da27d40eb6467fb637e2345ea9af42] 接口已存在，跳过新增: PATCH /api/notifications/{id}/
2026-02-04 16:49:48 | WARNING | [30da27d40eb6467fb637e2345ea9af42] | app.api.v1.sync_tasks | [30da27d40eb6467fb637e2345ea9af42] 接口已存在，跳过新增: PUT /api/part/
2026-02-04 16:49:48 | WARNING | [30da27d40eb6467fb637e2345ea9af42] | app.api.v1.sync_tasks | [30da27d40eb6467fb637e2345ea9af42] 接口已存在，跳过新增: PUT /api/part/{id}/
2026-02-04 16:49:48 | WARNING | [30da27d40eb6467fb637e2345ea9af42] | app.api.v1.sync_tasks | [30da27d40eb6467fb637e2345ea9af42] 接口已存在，跳过新增: DELETE /api/order/ro/{id}/
2026-02-04 16:49:48 | WARNING | [30da27d40eb6467fb637e2345ea9af42] | app.api.v1.sync_tasks | [30da27d40eb6467fb637e2345ea9af42] 接口已存在，跳过新增: DELETE /api/machine/{id}/
2026-02-04 16:49:48 | WARNING | [30da27d40eb6467fb637e2345ea9af42] | app.api.v1.sync_tasks | [30da27d40eb6467fb637e2345ea9af42] 接口已存在，跳过新增: GET /api/company/part/manufacturer/
2026-02-04 16:49:48 | WARNING | [30da27d40eb6467fb637e2345ea9af42] | app.api.v1.sync_tasks | [30da27d40eb6467fb637e2345ea9af42] 接口已存在，跳过新增: GET /api/order/so/{id}/metadata/
2026-02-04 16:49:48 | WARNING | [30da27d40eb6467fb637e2345ea9af42] | app.api.v1.sync_tasks | [30da27d40eb6467fb637e2345ea9af42] 接口已存在，跳过新增: DELETE /api/order/po/{id}/
2026-02-04 16:49:48 | WARNING | [30da27d40eb6467fb637e2345ea9af42] | app.api.v1.sync_tasks | [30da27d40eb6467fb637e2345ea9af42] 接口已存在，跳过新增: GET /api/supplier/list/
2026-02-04 16:49:48 | WARNING | [30da27d40eb6467fb637e2345ea9af42] | app.api.v1.sync_tasks | [30da27d40eb6467fb637e2345ea9af42] 接口已存在，跳过新增: DELETE /api/bom/
2026-02-04 16:49:48 | WARNING | [30da27d40eb6467fb637e2345ea9af42] | app.api.v1.sync_tasks | [30da27d40eb6467fb637e2345ea9af42] 接口已存在，跳过新增: GET /api/supplier/search/
2026-02-04 16:49:48 | WARNING | [30da27d40eb6467fb637e2345ea9af42] | app.api.v1.sync_tasks | [30da27d40eb6467fb637e2345ea9af42] 接口已存在，跳过新增: PATCH /api/part/category/{id}/
2026-02-04 16:49:48 | WARNING | [30da27d40eb6467fb637e2345ea9af42] | app.api.v1.sync_tasks | [30da27d40eb6467fb637e2345ea9af42] 接口已存在，跳过新增: POST /api/report/print/
2026-02-04 16:49:48 | WARNING | [30da27d40eb6467fb637e2345ea9af42] | app.api.v1.sync_tasks | [30da27d40eb6467fb637e2345ea9af42] 接口已存在，跳过新增: PUT /api/importer/row/{id}/
2026-02-04 16:49:48 | WARNING | [30da27d40eb6467fb637e2345ea9af42] | app.api.v1.sync_tasks | [30da27d40eb6467fb637e2345ea9af42] 接口已存在，跳过新增: GET /api/order/so/shipment/{id}/
2026-02-04 16:49:48 | WARNING | [30da27d40eb6467fb637e2345ea9af42] | app.api.v1.sync_tasks | [30da27d40eb6467fb637e2345ea9af42] 接口已存在，跳过新增: PUT /api/user/group/{id}/
2026-02-04 16:49:48 | WARNING | [30da27d40eb6467fb637e2345ea9af42] | app.api.v1.sync_tasks | [30da27d40eb6467fb637e2345ea9af42] 接口已存在，跳过新增: PATCH /api/settings/user/{key}/
2026-02-04 16:49:48 | WARNING | [30da27d40eb6467fb637e2345ea9af42] | app.api.v1.sync_tasks | [30da27d40eb6467fb637e2345ea9af42] 接口已存在，跳过新增: GET /api/company/part/{id}/metadata/
2026-02-04 16:49:48 | WARNING | [30da27d40eb6467fb637e2345ea9af42] | app.api.v1.sync_tasks | [30da27d40eb6467fb637e2345ea9af42] 接口已存在，跳过新增: GET /api/part/{id}/bom-validate/
2026-02-04 16:49:48 | WARNING | [30da27d40eb6467fb637e2345ea9af42] | app.api.v1.sync_tasks | [30da27d40eb6467fb637e2345ea9af42] 接口已存在，跳过新增: GET /api/build/status/
2026-02-04 16:49:48 | WARNING | [30da27d40eb6467fb637e2345ea9af42] | app.api.v1.sync_tasks | [30da27d40eb6467fb637e2345ea9af42] 接口已存在，跳过新增: PUT /api/plugins/{plugin}/settings/{key}/
2026-02-04 16:49:48 | WARNING | [30da27d40eb6467fb637e2345ea9af42] | app.api.v1.sync_tasks | [30da27d40eb6467fb637e2345ea9af42] 接口已存在，跳过新增: PATCH /api/build/{id}/
2026-02-04 16:49:48 | WARNING | [30da27d40eb6467fb637e2345ea9af42] | app.api.v1.sync_tasks | [30da27d40eb6467fb637e2345ea9af42] 接口已存在，跳过新增: DELETE /api/notifications/{id}/
2026-02-04 16:49:48 | WARNING | [30da27d40eb6467fb637e2345ea9af42] | app.api.v1.sync_tasks | [30da27d40eb6467fb637e2345ea9af42] 接口已存在，跳过新增: GET /api/order/po-line/{id}/metadata/
2026-02-04 16:49:48 | WARNING | [30da27d40eb6467fb637e2345ea9af42] | app.api.v1.sync_tasks | [30da27d40eb6467fb637e2345ea9af42] 接口已存在，跳过新增: POST /api/build/{id}/delete-outputs/
2026-02-04 16:49:48 | WARNING | [30da27d40eb6467fb637e2345ea9af42] | app.api.v1.sync_tasks | [30da27d40eb6467fb637e2345ea9af42] 接口已存在，跳过新增: PUT /api/settings/global/{key}/
2026-02-04 16:49:48 | WARNING | [30da27d40eb6467fb637e2345ea9af42] | app.api.v1.sync_tasks | [30da27d40eb6467fb637e2345ea9af42] 接口已存在，跳过新增: POST /api/notes-image-upload/
2026-02-04 16:49:48 | WARNING | [30da27d40eb6467fb637e2345ea9af42] | app.api.v1.sync_tasks | [30da27d40eb6467fb637e2345ea9af42] 接口已存在，跳过新增: PATCH /api/order/so/shipment/{id}/metadata/
2026-02-04 16:49:48 | WARNING | [30da27d40eb6467fb637e2345ea9af42] | app.api.v1.sync_tasks | [30da27d40eb6467fb637e2345ea9af42] 接口已存在，跳过新增: DELETE /api/part/category/{id}/
2026-02-04 16:49:48 | WARNING | [30da27d40eb6467fb637e2345ea9af42] | app.api.v1.sync_tasks | [30da27d40eb6467fb637e2345ea9af42] 接口已存在，跳过新增: GET /api/company/part/{id}/
2026-02-04 16:49:48 | WARNING | [30da27d40eb6467fb637e2345ea9af42] | app.api.v1.sync_tasks | [30da27d40eb6467fb637e2345ea9af42] 接口已存在，跳过新增: GET /api/plugins/{plugin}/user-settings/
2026-02-04 16:49:48 | WARNING | [30da27d40eb6467fb637e2345ea9af42] | app.api.v1.sync_tasks | [30da27d40eb6467fb637e2345ea9af42] 接口已存在，跳过新增: PATCH /api/bom/{id}/validate/
2026-02-04 16:49:48 | WARNING | [30da27d40eb6467fb637e2345ea9af42] | app.api.v1.sync_tasks | [30da27d40eb6467fb637e2345ea9af42] 接口已存在，跳过新增: GET /api/order/po-line/{id}/
2026-02-04 16:49:48 | WARNING | [30da27d40eb6467fb637e2345ea9af42] | app.api.v1.sync_tasks | [30da27d40eb6467fb637e2345ea9af42] 接口已存在，跳过新增: POST /api/generate/serial-number/
2026-02-04 16:49:48 | WARNING | [30da27d40eb6467fb637e2345ea9af42] | app.api.v1.sync_tasks | [30da27d40eb6467fb637e2345ea9af42] 接口已存在，跳过新增: PATCH /api/machine/{id}/settings/{config_type}/{key}/
2026-02-04 16:49:48 | WARNING | [30da27d40eb6467fb637e2345ea9af42] | app.api.v1.sync_tasks | [30da27d40eb6467fb637e2345ea9af42] 接口已存在，跳过新增: DELETE /api/build/{id}/
2026-02-04 16:49:48 | WARNING | [30da27d40eb6467fb637e2345ea9af42] | app.api.v1.sync_tasks | [30da27d40eb6467fb637e2345ea9af42] 接口已存在，跳过新增: GET /api/importer/row/
2026-02-04 16:49:48 | WARNING | [30da27d40eb6467fb637e2345ea9af42] | app.api.v1.sync_tasks | [30da27d40eb6467fb637e2345ea9af42] 接口已存在，跳过新增: GET /api/order/po/{id}/metadata/
2026-02-04 16:49:48 | WARNING | [30da27d40eb6467fb637e2345ea9af42] | app.api.v1.sync_tasks | [30da27d40eb6467fb637e2345ea9af42] 接口已存在，跳过新增: POST /api/part/parameter/
2026-02-04 16:49:48 | WARNING | [30da27d40eb6467fb637e2345ea9af42] | app.api.v1.sync_tasks | [30da27d40eb6467fb637e2345ea9af42] 接口已存在，跳过新增: GET /api/plugins/{plugin}/
2026-02-04 16:49:48 | WARNING | [30da27d40eb6467fb637e2345ea9af42] | app.api.v1.sync_tasks | [30da27d40eb6467fb637e2345ea9af42] 接口已存在，跳过新增: POST /api/barcode/generate/
2026-02-04 16:49:48 | WARNING | [30da27d40eb6467fb637e2345ea9af42] | app.api.v1.sync_tasks | [30da27d40eb6467fb637e2345ea9af42] 接口已存在，跳过新增: DELETE /api/notifications/
2026-02-04 16:49:48 | WARNING | [30da27d40eb6467fb637e2345ea9af42] | app.api.v1.sync_tasks | [30da27d40eb6467fb637e2345ea9af42] 接口已存在，跳过新增: GET /api/order/ro/{id}/
2026-02-04 16:49:48 | WARNING | [30da27d40eb6467fb637e2345ea9af42] | app.api.v1.sync_tasks | [30da27d40eb6467fb637e2345ea9af42] 接口已存在，跳过新增: DELETE /api/order/po-extra-line/{id}/
2026-02-04 16:49:48 | WARNING | [30da27d40eb6467fb637e2345ea9af42] | app.api.v1.sync_tasks | [30da27d40eb6467fb637e2345ea9af42] 接口已存在，跳过新增: POST /api/build/{id}/scrap-outputs/
2026-02-04 16:49:48 | WARNING | [30da27d40eb6467fb637e2345ea9af42] | app.api.v1.sync_tasks | [30da27d40eb6467fb637e2345ea9af42] 接口已存在，跳过新增: PUT /api/build/item/{id}/metadata/
2026-02-04 16:49:48 | WARNING | [30da27d40eb6467fb637e2345ea9af42] | app.api.v1.sync_tasks | [30da27d40eb6467fb637e2345ea9af42] 接口已存在，跳过新增: POST /api/stock/add/
2026-02-04 16:49:48 | WARNING | [30da27d40eb6467fb637e2345ea9af42] | app.api.v1.sync_tasks | [30da27d40eb6467fb637e2345ea9af42] 接口已存在，跳过新增: POST /api/admin/email/test/
2026-02-04 16:49:48 | WARNING | [30da27d40eb6467fb637e2345ea9af42] | app.api.v1.sync_tasks | [30da27d40eb6467fb637e2345ea9af42] 接口已存在，跳过新增: PATCH /api/part/
2026-02-04 16:49:48 | WARNING | [30da27d40eb6467fb637e2345ea9af42] | app.api.v1.sync_tasks | [30da27d40eb6467fb637e2345ea9af42] 接口已存在，跳过新增: PATCH /api/part/{id}/
2026-02-04 16:49:48 | WARNING | [30da27d40eb6467fb637e2345ea9af42] | app.api.v1.sync_tasks | [30da27d40eb6467fb637e2345ea9af42] 接口已存在，跳过新增: PUT /api/company/part/manufacturer/{id}/metadata/
2026-02-04 16:49:48 | WARNING | [30da27d40eb6467fb637e2345ea9af42] | app.api.v1.sync_tasks | [30da27d40eb6467fb637e2345ea9af42] 接口已存在，跳过新增: GET /api/order/po/
2026-02-04 16:49:48 | WARNING | [30da27d40eb6467fb637e2345ea9af42] | app.api.v1.sync_tasks | [30da27d40eb6467fb637e2345ea9af42] 接口已存在，跳过新增: DELETE /api/company/address/
2026-02-04 16:49:48 | WARNING | [30da27d40eb6467fb637e2345ea9af42] | app.api.v1.sync_tasks | [30da27d40eb6467fb637e2345ea9af42] 接口已存在，跳过新增: POST /api/company/part/manufacturer/parameter/
2026-02-04 16:49:48 | WARNING | [30da27d40eb6467fb637e2345ea9af42] | app.api.v1.sync_tasks | [30da27d40eb6467fb637e2345ea9af42] 接口已存在，跳过新增: POST /api/generic/status/custom/
2026-02-04 16:49:48 | WARNING | [30da27d40eb6467fb637e2345ea9af42] | app.api.v1.sync_tasks | [30da27d40eb6467fb637e2345ea9af42] 接口已存在，跳过新增: POST /api/order/po-line/
2026-02-04 16:49:48 | WARNING | [30da27d40eb6467fb637e2345ea9af42] | app.api.v1.sync_tasks | [30da27d40eb6467fb637e2345ea9af42] 接口已存在，跳过新增: GET /api/report/template/{id}/
2026-02-04 16:49:48 | WARNING | [30da27d40eb6467fb637e2345ea9af42] | app.api.v1.sync_tasks | [30da27d40eb6467fb637e2345ea9af42] 接口已存在，跳过新增: POST /api/user/tokens/
2026-02-04 16:49:48 | WARNING | [30da27d40eb6467fb637e2345ea9af42] | app.api.v1.sync_tasks | [30da27d40eb6467fb637e2345ea9af42] 接口已存在，跳过新增: DELETE /api/company/part/
2026-02-04 16:49:48 | WARNING | [30da27d40eb6467fb637e2345ea9af42] | app.api.v1.sync_tasks | [30da27d40eb6467fb637e2345ea9af42] 接口已存在，跳过新增: POST /api/order/ro-line/
2026-02-04 16:49:48 | WARNING | [30da27d40eb6467fb637e2345ea9af42] | app.api.v1.sync_tasks | [30da27d40eb6467fb637e2345ea9af42] 接口已存在，跳过新增: GET /api/importer/column-mapping/
2026-02-04 16:49:48 | WARNING | [30da27d40eb6467fb637e2345ea9af42] | app.api.v1.sync_tasks | [30da27d40eb6467fb637e2345ea9af42] 接口已存在，跳过新增: PATCH /api/importer/row/{id}/
2026-02-04 16:49:48 | WARNING | [30da27d40eb6467fb637e2345ea9af42] | app.api.v1.sync_tasks | [30da27d40eb6467fb637e2345ea9af42] 接口已存在，跳过新增: GET /api/stock/location/{id}/metadata/
2026-02-04 16:49:48 | WARNING | [30da27d40eb6467fb637e2345ea9af42] | app.api.v1.sync_tasks | [30da27d40eb6467fb637e2345ea9af42] 接口已存在，跳过新增: PATCH /api/user/group/{id}/
2026-02-04 16:49:48 | WARNING | [30da27d40eb6467fb637e2345ea9af42] | app.api.v1.sync_tasks | [30da27d40eb6467fb637e2345ea9af42] 接口已存在，跳过新增: GET /api/build/line/{id}/
2026-02-04 16:49:48 | WARNING | [30da27d40eb6467fb637e2345ea9af42] | app.api.v1.sync_tasks | [30da27d40eb6467fb637e2345ea9af42] 接口已存在，跳过新增: DELETE /api/part/stocktake/
2026-02-04 16:49:48 | WARNING | [30da27d40eb6467fb637e2345ea9af42] | app.api.v1.sync_tasks | [30da27d40eb6467fb637e2345ea9af42] 接口已存在，跳过新增: DELETE /api/user/tokens/{id}/
2026-02-04 16:49:48 | WARNING | [30da27d40eb6467fb637e2345ea9af42] | app.api.v1.sync_tasks | [30da27d40eb6467fb637e2345ea9af42] 接口已存在，跳过新增: PATCH /api/plugins/{plugin}/settings/{key}/
2026-02-04 16:49:48 | WARNING | [30da27d40eb6467fb637e2345ea9af42] | app.api.v1.sync_tasks | [30da27d40eb6467fb637e2345ea9af42] 接口已存在，跳过新增: PUT /api/project-code/{id}/
2026-02-04 16:49:48 | WARNING | [30da27d40eb6467fb637e2345ea9af42] | app.api.v1.sync_tasks | [30da27d40eb6467fb637e2345ea9af42] 接口已存在，跳过新增: POST /api/order/po/{id}/cancel/
2026-02-04 16:49:48 | WARNING | [30da27d40eb6467fb637e2345ea9af42] | app.api.v1.sync_tasks | [30da27d40eb6467fb637e2345ea9af42] 接口已存在，跳过新增: PUT /api/company/{id}/metadata/
2026-02-04 16:49:49 | WARNING | [30da27d40eb6467fb637e2345ea9af42] | app.api.v1.sync_tasks | [30da27d40eb6467fb637e2345ea9af42] 接口已存在，跳过新增: GET /api/order/so-allocation/{id}/
2026-02-04 16:49:49 | WARNING | [30da27d40eb6467fb637e2345ea9af42] | app.api.v1.sync_tasks | [30da27d40eb6467fb637e2345ea9af42] 接口已存在，跳过新增: DELETE /api/part/{id}/
2026-02-04 16:49:49 | WARNING | [30da27d40eb6467fb637e2345ea9af42] | app.api.v1.sync_tasks | [30da27d40eb6467fb637e2345ea9af42] 接口已存在，跳过新增: POST /api/order/ro-extra-line/
2026-02-04 16:49:49 | WARNING | [30da27d40eb6467fb637e2345ea9af42] | app.api.v1.sync_tasks | [30da27d40eb6467fb637e2345ea9af42] 接口已存在，跳过新增: PATCH /api/settings/global/{key}/
2026-02-04 16:49:49 | WARNING | [30da27d40eb6467fb637e2345ea9af42] | app.api.v1.sync_tasks | [30da27d40eb6467fb637e2345ea9af42] 接口已存在，跳过新增: DELETE /api/data-output/{id}/
2026-02-04 16:49:49 | WARNING | [30da27d40eb6467fb637e2345ea9af42] | app.api.v1.sync_tasks | [30da27d40eb6467fb637e2345ea9af42] 接口已存在，跳过新增: POST /api/machine/
2026-02-04 16:49:49 | WARNING | [30da27d40eb6467fb637e2345ea9af42] | app.api.v1.sync_tasks | [30da27d40eb6467fb637e2345ea9af42] 接口已存在，跳过新增: GET /api/settings/user/
2026-02-04 16:49:49 | WARNING | [30da27d40eb6467fb637e2345ea9af42] | app.api.v1.sync_tasks | [30da27d40eb6467fb637e2345ea9af42] 接口已存在，跳过新增: GET /api/news/{id}/
2026-02-04 16:49:49 | WARNING | [30da27d40eb6467fb637e2345ea9af42] | app.api.v1.sync_tasks | [30da27d40eb6467fb637e2345ea9af42] 接口已存在，跳过新增: POST /api/order/so/{id}/complete/
2026-02-04 16:49:49 | WARNING | [30da27d40eb6467fb637e2345ea9af42] | app.api.v1.sync_tasks | [30da27d40eb6467fb637e2345ea9af42] 接口已存在，跳过新增: POST /api/build/{id}/auto-allocate/
2026-02-04 16:49:49 | WARNING | [30da27d40eb6467fb637e2345ea9af42] | app.api.v1.sync_tasks | [30da27d40eb6467fb637e2345ea9af42] 接口已存在，跳过新增: GET /api/admin/email/{global_id}/
2026-02-04 16:49:49 | WARNING | [30da27d40eb6467fb637e2345ea9af42] | app.api.v1.sync_tasks | [30da27d40eb6467fb637e2345ea9af42] 接口已存在，跳过新增: GET /api/stock/location-type/{id}/
2026-02-04 16:49:49 | WARNING | [30da27d40eb6467fb637e2345ea9af42] | app.api.v1.sync_tasks | [30da27d40eb6467fb637e2345ea9af42] 接口已存在，跳过新增: POST /api/company/price-break/
2026-02-04 16:49:49 | WARNING | [30da27d40eb6467fb637e2345ea9af42] | app.api.v1.sync_tasks | [30da27d40eb6467fb637e2345ea9af42] 接口已存在，跳过新增: DELETE /api/importer/session/
2026-02-04 16:49:49 | WARNING | [30da27d40eb6467fb637e2345ea9af42] | app.api.v1.sync_tasks | [30da27d40eb6467fb637e2345ea9af42] 接口已存在，跳过新增: PUT /api/company/part/manufacturer/parameter/{id}/
2026-02-04 16:49:49 | WARNING | [30da27d40eb6467fb637e2345ea9af42] | app.api.v1.sync_tasks | [30da27d40eb6467fb637e2345ea9af42] 接口已存在，跳过新增: GET /api/part/thumbs/
2026-02-04 16:49:49 | WARNING | [30da27d40eb6467fb637e2345ea9af42] | app.api.v1.sync_tasks | [30da27d40eb6467fb637e2345ea9af42] 接口已存在，跳过新增: POST /api/bom/substitute/
2026-02-04 16:49:49 | WARNING | [30da27d40eb6467fb637e2345ea9af42] | app.api.v1.sync_tasks | [30da27d40eb6467fb637e2345ea9af42] 接口已存在，跳过新增: GET /api/notifications/
2026-02-04 16:49:49 | WARNING | [30da27d40eb6467fb637e2345ea9af42] | app.api.v1.sync_tasks | [30da27d40eb6467fb637e2345ea9af42] 接口已存在，跳过新增: POST /api/plugins/install/
2026-02-04 16:49:49 | WARNING | [30da27d40eb6467fb637e2345ea9af42] | app.api.v1.sync_tasks | [30da27d40eb6467fb637e2345ea9af42] 接口已存在，跳过新增: PUT /api/order/so/{id}/
2026-02-04 16:49:49 | WARNING | [30da27d40eb6467fb637e2345ea9af42] | app.api.v1.sync_tasks | [30da27d40eb6467fb637e2345ea9af42] 接口已存在，跳过新增: GET /api/order/po-extra-line/{id}/
2026-02-04 16:49:49 | WARNING | [30da27d40eb6467fb637e2345ea9af42] | app.api.v1.sync_tasks | [30da27d40eb6467fb637e2345ea9af42] 接口已存在，跳过新增: POST /api/build/{id}/finish/
2026-02-04 16:49:49 | WARNING | [30da27d40eb6467fb637e2345ea9af42] | app.api.v1.sync_tasks | [30da27d40eb6467fb637e2345ea9af42] 接口已存在，跳过新增: POST /api/build/{id}/hold/
2026-02-04 16:49:49 | WARNING | [30da27d40eb6467fb637e2345ea9af42] | app.api.v1.sync_tasks | [30da27d40eb6467fb637e2345ea9af42] 接口已存在，跳过新增: POST /api/build/line/
2026-02-04 16:49:49 | WARNING | [30da27d40eb6467fb637e2345ea9af42] | app.api.v1.sync_tasks | [30da27d40eb6467fb637e2345ea9af42] 接口已存在，跳过新增: GET /api/bom/substitute/{id}/metadata/
2026-02-04 16:49:49 | WARNING | [30da27d40eb6467fb637e2345ea9af42] | app.api.v1.sync_tasks | [30da27d40eb6467fb637e2345ea9af42] 接口已存在，跳过新增: GET /api/user/profile/
2026-02-04 16:49:49 | WARNING | [30da27d40eb6467fb637e2345ea9af42] | app.api.v1.sync_tasks | [30da27d40eb6467fb637e2345ea9af42] 接口已存在，跳过新增: POST /api/stock/test/
2026-02-04 16:49:49 | WARNING | [30da27d40eb6467fb637e2345ea9af42] | app.api.v1.sync_tasks | [30da27d40eb6467fb637e2345ea9af42] 接口已存在，跳过新增: PATCH /api/build/item/{id}/metadata/
2026-02-04 16:49:49 | WARNING | [30da27d40eb6467fb637e2345ea9af42] | app.api.v1.sync_tasks | [30da27d40eb6467fb637e2345ea9af42] 接口已存在，跳过新增: PUT /api/user/{id}/
2026-02-04 16:49:49 | WARNING | [30da27d40eb6467fb637e2345ea9af42] | app.api.v1.sync_tasks | [30da27d40eb6467fb637e2345ea9af42] 接口已存在，跳过新增: POST /api/action/
2026-02-04 16:49:49 | WARNING | [30da27d40eb6467fb637e2345ea9af42] | app.api.v1.sync_tasks | [30da27d40eb6467fb637e2345ea9af42] 接口已存在，跳过新增: GET /api/company/part/
2026-02-04 16:49:49 | WARNING | [30da27d40eb6467fb637e2345ea9af42] | app.api.v1.sync_tasks | [30da27d40eb6467fb637e2345ea9af42] 接口已存在，跳过新增: PATCH /api/company/part/manufacturer/{id}/metadata/
2026-02-04 16:49:49 | WARNING | [30da27d40eb6467fb637e2345ea9af42] | app.api.v1.sync_tasks | [30da27d40eb6467fb637e2345ea9af42] 接口已存在，跳过新增: GET /api/user/token/
2026-02-04 16:49:49 | WARNING | [30da27d40eb6467fb637e2345ea9af42] | app.api.v1.sync_tasks | [30da27d40eb6467fb637e2345ea9af42] 接口已存在，跳过新增: GET /api/part/parameter/template/
2026-02-04 16:49:49 | WARNING | [30da27d40eb6467fb637e2345ea9af42] | app.api.v1.sync_tasks | [30da27d40eb6467fb637e2345ea9af42] 接口已存在，跳过新增: GET /api/part/parameter/
2026-02-04 16:49:49 | WARNING | [30da27d40eb6467fb637e2345ea9af42] | app.api.v1.sync_tasks | [30da27d40eb6467fb637e2345ea9af42] 接口已存在，跳过新增: PUT /api/user/ruleset/{id}/
2026-02-04 16:49:49 | WARNING | [30da27d40eb6467fb637e2345ea9af42] | app.api.v1.sync_tasks | [30da27d40eb6467fb637e2345ea9af42] 接口已存在，跳过新增: GET /api/user/tokens/{id}/
2026-02-04 16:49:49 | WARNING | [30da27d40eb6467fb637e2345ea9af42] | app.api.v1.sync_tasks | [30da27d40eb6467fb637e2345ea9af42] 接口已存在，跳过新增: GET /api/selection/{id}/
2026-02-04 16:49:49 | WARNING | [30da27d40eb6467fb637e2345ea9af42] | app.api.v1.sync_tasks | [30da27d40eb6467fb637e2345ea9af42] 接口已存在，跳过新增: GET /api/part/sale-price/{id}/
2026-02-04 16:49:49 | WARNING | [30da27d40eb6467fb637e2345ea9af42] | app.api.v1.sync_tasks | [30da27d40eb6467fb637e2345ea9af42] 接口已存在，跳过新增: POST /api/attachment/
2026-02-04 16:49:49 | WARNING | [30da27d40eb6467fb637e2345ea9af42] | app.api.v1.sync_tasks | [30da27d40eb6467fb637e2345ea9af42] 接口已存在，跳过新增: GET /api/bom/{id}/metadata/
2026-02-04 16:49:49 | WARNING | [30da27d40eb6467fb637e2345ea9af42] | app.api.v1.sync_tasks | [30da27d40eb6467fb637e2345ea9af42] 接口已存在，跳过新增: PATCH /api/project-code/{id}/
2026-02-04 16:49:49 | WARNING | [30da27d40eb6467fb637e2345ea9af42] | app.api.v1.sync_tasks | [30da27d40eb6467fb637e2345ea9af42] 接口已存在，跳过新增: GET /api/stock/track/
2026-02-04 16:49:49 | WARNING | [30da27d40eb6467fb637e2345ea9af42] | app.api.v1.sync_tasks | [30da27d40eb6467fb637e2345ea9af42] 接口已存在，跳过新增: POST /api/order/ro/{id}/cancel/
2026-02-04 16:49:49 | WARNING | [30da27d40eb6467fb637e2345ea9af42] | app.api.v1.sync_tasks | [30da27d40eb6467fb637e2345ea9af42] 接口已存在，跳过新增: GET /api/company/part/manufacturer/parameter/
2026-02-04 16:49:49 | WARNING | [30da27d40eb6467fb637e2345ea9af42] | app.api.v1.sync_tasks | [30da27d40eb6467fb637e2345ea9af42] 接口已存在，跳过新增: GET /api/generic/status/custom/
2026-02-04 16:49:49 | WARNING | [30da27d40eb6467fb637e2345ea9af42] | app.api.v1.sync_tasks | [30da27d40eb6467fb637e2345ea9af42] 接口已存在，跳过新增: GET /api/order/po-line/
2026-02-04 16:49:49 | WARNING | [30da27d40eb6467fb637e2345ea9af42] | app.api.v1.sync_tasks | [30da27d40eb6467fb637e2345ea9af42] 接口已存在，跳过新增: GET /api/part/test-template/{id}/
2026-02-04 16:49:49 | WARNING | [30da27d40eb6467fb637e2345ea9af42] | app.api.v1.sync_tasks | [30da27d40eb6467fb637e2345ea9af42] 接口已存在，跳过新增: DELETE /api/stock/
2026-02-04 16:49:49 | WARNING | [30da27d40eb6467fb637e2345ea9af42] | app.api.v1.sync_tasks | [30da27d40eb6467fb637e2345ea9af42] 接口已存在，跳过新增: PUT /api/part/parameter/template/{id}/
2026-02-04 16:49:49 | WARNING | [30da27d40eb6467fb637e2345ea9af42] | app.api.v1.sync_tasks | [30da27d40eb6467fb637e2345ea9af42] 接口已存在，跳过新增: GET /api/order/ro-line/
2026-02-04 16:49:49 | WARNING | [30da27d40eb6467fb637e2345ea9af42] | app.api.v1.sync_tasks | [30da27d40eb6467fb637e2345ea9af42] 接口已存在，跳过新增: POST /api/order/so-extra-line/
2026-02-04 16:49:49 | WARNING | [30da27d40eb6467fb637e2345ea9af42] | app.api.v1.sync_tasks | [30da27d40eb6467fb637e2345ea9af42] 接口已存在，跳过新增: POST /api/stock/location-type/
2026-02-04 16:49:49 | WARNING | [30da27d40eb6467fb637e2345ea9af42] | app.api.v1.sync_tasks | [30da27d40eb6467fb637e2345ea9af42] 接口已存在，跳过新增: GET /api/stock/test/{id}/
2026-02-04 16:49:49 | WARNING | [30da27d40eb6467fb637e2345ea9af42] | app.api.v1.sync_tasks | [30da27d40eb6467fb637e2345ea9af42] 接口已存在，跳过新增: POST /api/barcode/
2026-02-04 16:49:49 | WARNING | [30da27d40eb6467fb637e2345ea9af42] | app.api.v1.sync_tasks | [30da27d40eb6467fb637e2345ea9af42] 接口已存在，跳过新增: GET /api/report/snippet/
2026-02-04 16:49:49 | WARNING | [30da27d40eb6467fb637e2345ea9af42] | app.api.v1.sync_tasks | [30da27d40eb6467fb637e2345ea9af42] 接口已存在，跳过新增: PATCH /api/order/so/{id}/
2026-02-04 16:49:49 | WARNING | [30da27d40eb6467fb637e2345ea9af42] | app.api.v1.sync_tasks | [30da27d40eb6467fb637e2345ea9af42] 接口已存在，跳过新增: GET /api/order/ro-extra-line/
2026-02-04 16:49:49 | WARNING | [30da27d40eb6467fb637e2345ea9af42] | app.api.v1.sync_tasks | [30da27d40eb6467fb637e2345ea9af42] 接口已存在，跳过新增: DELETE /api/project-code/{id}/
2026-02-04 16:49:49 | WARNING | [30da27d40eb6467fb637e2345ea9af42] | app.api.v1.sync_tasks | [30da27d40eb6467fb637e2345ea9af42] 接口已存在，跳过新增: GET /api/importer/column-mapping/{id}/
2026-02-04 16:49:49 | WARNING | [30da27d40eb6467fb637e2345ea9af42] | app.api.v1.sync_tasks | [30da27d40eb6467fb637e2345ea9af42] 接口已存在，跳过新增: PUT /api/part/category/
2026-02-04 16:49:49 | WARNING | [30da27d40eb6467fb637e2345ea9af42] | app.api.v1.sync_tasks | [30da27d40eb6467fb637e2345ea9af42] 接口已存在，跳过新增: GET /api/machine/
2026-02-04 16:49:49 | WARNING | [30da27d40eb6467fb637e2345ea9af42] | app.api.v1.sync_tasks | [30da27d40eb6467fb637e2345ea9af42] 接口已存在，跳过新增: GET /api/stock/track/status/
2026-02-04 16:49:49 | WARNING | [30da27d40eb6467fb637e2345ea9af42] | app.api.v1.sync_tasks | [30da27d40eb6467fb637e2345ea9af42] 接口已存在，跳过新增: GET /api/company/price-break/
2026-02-04 16:49:49 | WARNING | [30da27d40eb6467fb637e2345ea9af42] | app.api.v1.sync_tasks | [30da27d40eb6467fb637e2345ea9af42] 接口已存在，跳过新增: PATCH /api/order/ro-line/{id}/metadata/
2026-02-04 16:49:49 | WARNING | [30da27d40eb6467fb637e2345ea9af42] | app.api.v1.sync_tasks | [30da27d40eb6467fb637e2345ea9af42] 接口已存在，跳过新增: POST /api/part/category/parameters/
2026-02-04 16:49:49 | WARNING | [30da27d40eb6467fb637e2345ea9af42] | app.api.v1.sync_tasks | [30da27d40eb6467fb637e2345ea9af42] 接口已存在，跳过新增: PUT /api/part/test-template/{id}/metadata/
2026-02-04 16:49:49 | WARNING | [30da27d40eb6467fb637e2345ea9af42] | app.api.v1.sync_tasks | [30da27d40eb6467fb637e2345ea9af42] 接口已存在，跳过新增: PUT /api/stock/location/{id}/
2026-02-04 16:49:49 | WARNING | [30da27d40eb6467fb637e2345ea9af42] | app.api.v1.sync_tasks | [30da27d40eb6467fb637e2345ea9af42] 接口已存在，跳过新增: PATCH /api/company/part/manufacturer/{id}/
2026-02-04 16:49:49 | WARNING | [30da27d40eb6467fb637e2345ea9af42] | app.api.v1.sync_tasks | [30da27d40eb6467fb637e2345ea9af42] 接口已存在，跳过新增: GET /api/bom/substitute/
2026-02-04 16:49:49 | WARNING | [30da27d40eb6467fb637e2345ea9af42] | app.api.v1.sync_tasks | [30da27d40eb6467fb637e2345ea9af42] 接口已存在，跳过新增: GET /api/user/roles/
2026-02-04 16:49:49 | WARNING | [30da27d40eb6467fb637e2345ea9af42] | app.api.v1.sync_tasks | [30da27d40eb6467fb637e2345ea9af42] 接口已存在，跳过新增: POST /api/build/{id}/cancel/
2026-02-04 16:49:49 | WARNING | [30da27d40eb6467fb637e2345ea9af42] | app.api.v1.sync_tasks | [30da27d40eb6467fb637e2345ea9af42] 接口已存在，跳过新增: GET /api/build/line/
2026-02-04 16:49:49 | WARNING | [30da27d40eb6467fb637e2345ea9af42] | app.api.v1.sync_tasks | [30da27d40eb6467fb637e2345ea9af42] 接口已存在，跳过新增: PATCH /api/user/ruleset/{id}/
2026-02-04 16:49:49 | WARNING | [30da27d40eb6467fb637e2345ea9af42] | app.api.v1.sync_tasks | [30da27d40eb6467fb637e2345ea9af42] 接口已存在，跳过新增: POST /api/email/generate/
2026-02-04 16:49:49 | WARNING | [30da27d40eb6467fb637e2345ea9af42] | app.api.v1.sync_tasks | [30da27d40eb6467fb637e2345ea9af42] 接口已存在，跳过新增: GET /api/order/po-extra-line/{id}/metadata/
2026-02-04 16:49:49 | WARNING | [30da27d40eb6467fb637e2345ea9af42] | app.api.v1.sync_tasks | [30da27d40eb6467fb637e2345ea9af42] 接口已存在，跳过新增: DELETE /api/background-task/failed/
2026-02-04 16:49:49 | WARNING | [30da27d40eb6467fb637e2345ea9af42] | app.api.v1.sync_tasks | [30da27d40eb6467fb637e2345ea9af42] 接口已存在，跳过新增: GET /api/admin/config/{key}/
2026-02-04 16:49:49 | WARNING | [30da27d40eb6467fb637e2345ea9af42] | app.api.v1.sync_tasks | [30da27d40eb6467fb637e2345ea9af42] 接口已存在，跳过新增: GET /api/admin/config/
2026-02-04 16:49:49 | WARNING | [30da27d40eb6467fb637e2345ea9af42] | app.api.v1.sync_tasks | [30da27d40eb6467fb637e2345ea9af42] 接口已存在，跳过新增: POST /api/order/po/{id}/complete/
2026-02-04 16:49:49 | WARNING | [30da27d40eb6467fb637e2345ea9af42] | app.api.v1.sync_tasks | [30da27d40eb6467fb637e2345ea9af42] 接口已存在，跳过新增: DELETE /api/order/so/{id}/
2026-02-04 16:49:49 | WARNING | [30da27d40eb6467fb637e2345ea9af42] | app.api.v1.sync_tasks | [30da27d40eb6467fb637e2345ea9af42] 接口已存在，跳过新增: PATCH /api/stock/test/{id}/metadata/
2026-02-04 16:49:49 | WARNING | [30da27d40eb6467fb637e2345ea9af42] | app.api.v1.sync_tasks | [30da27d40eb6467fb637e2345ea9af42] 接口已存在，跳过新增: GET /api/error-report/{id}/
2026-02-04 16:49:49 | WARNING | [30da27d40eb6467fb637e2345ea9af42] | app.api.v1.sync_tasks | [30da27d40eb6467fb637e2345ea9af42] 接口已存在，跳过新增: PUT /api/company/address/{id}/
2026-02-04 16:49:49 | WARNING | [30da27d40eb6467fb637e2345ea9af42] | app.api.v1.sync_tasks | [30da27d40eb6467fb637e2345ea9af42] 接口已存在，跳过新增: PUT /api/part/related/{id}/metadata/
2026-02-04 16:49:49 | WARNING | [30da27d40eb6467fb637e2345ea9af42] | app.api.v1.sync_tasks | [30da27d40eb6467fb637e2345ea9af42] 接口已存在，跳过新增: GET /api/stock/{id}/metadata/
2026-02-04 16:49:49 | WARNING | [30da27d40eb6467fb637e2345ea9af42] | app.api.v1.sync_tasks | [30da27d40eb6467fb637e2345ea9af42] 接口已存在，跳过新增: PUT /api/part/internal-price/{id}/
2026-02-04 16:49:49 | WARNING | [30da27d40eb6467fb637e2345ea9af42] | app.api.v1.sync_tasks | [30da27d40eb6467fb637e2345ea9af42] 接口已存在，跳过新增: GET /api/build/{id}/metadata/
2026-02-04 16:49:49 | WARNING | [30da27d40eb6467fb637e2345ea9af42] | app.api.v1.sync_tasks | [30da27d40eb6467fb637e2345ea9af42] 接口已存在，跳过新增: DELETE /api/company/part/manufacturer/{id}/
2026-02-04 16:49:49 | WARNING | [30da27d40eb6467fb637e2345ea9af42] | app.api.v1.sync_tasks | [30da27d40eb6467fb637e2345ea9af42] 接口已存在，跳过新增: GET /api/stock/location-type/{id}/metadata/
2026-02-04 16:49:49 | WARNING | [30da27d40eb6467fb637e2345ea9af42] | app.api.v1.sync_tasks | [30da27d40eb6467fb637e2345ea9af42] 接口已存在，跳过新增: PATCH /api/part/parameter/template/{id}/
2026-02-04 16:49:49 | WARNING | [30da27d40eb6467fb637e2345ea9af42] | app.api.v1.sync_tasks | [30da27d40eb6467fb637e2345ea9af42] 接口已存在，跳过新增: PUT /api/label/template/{id}/
2026-02-04 16:49:49 | WARNING | [30da27d40eb6467fb637e2345ea9af42] | app.api.v1.sync_tasks | [30da27d40eb6467fb637e2345ea9af42] 接口已存在，跳过新增: DELETE /api/user/ruleset/{id}/
2026-02-04 16:49:49 | WARNING | [30da27d40eb6467fb637e2345ea9af42] | app.api.v1.sync_tasks | [30da27d40eb6467fb637e2345ea9af42] 接口已存在，跳过新增: POST /api/generate/batch-code/
2026-02-04 16:49:49 | WARNING | [30da27d40eb6467fb637e2345ea9af42] | app.api.v1.sync_tasks | [30da27d40eb6467fb637e2345ea9af42] 接口已存在，跳过新增: POST /api/stock/count/
2026-02-04 16:49:49 | WARNING | [30da27d40eb6467fb637e2345ea9af42] | app.api.v1.sync_tasks | [30da27d40eb6467fb637e2345ea9af42] 接口已存在，跳过新增: GET /api/attachment/
2026-02-04 16:49:49 | WARNING | [30da27d40eb6467fb637e2345ea9af42] | app.api.v1.sync_tasks | [30da27d40eb6467fb637e2345ea9af42] 接口已存在，跳过新增: DELETE /api/importer/session/{id}/
2026-02-04 16:49:49 | WARNING | [30da27d40eb6467fb637e2345ea9af42] | app.api.v1.sync_tasks | [30da27d40eb6467fb637e2345ea9af42] 接口已存在，跳过新增: GET /api/bom/substitute/{id}/
2026-02-04 16:49:49 | WARNING | [30da27d40eb6467fb637e2345ea9af42] | app.api.v1.sync_tasks | [30da27d40eb6467fb637e2345ea9af42] 接口已存在，跳过新增: PUT /api/plugins/{plugin}/activate/
2026-02-04 16:49:49 | WARNING | [30da27d40eb6467fb637e2345ea9af42] | app.api.v1.sync_tasks | [30da27d40eb6467fb637e2345ea9af42] 接口已存在，跳过新增: GET /api/machine/drivers/
2026-02-04 16:49:49 | WARNING | [30da27d40eb6467fb637e2345ea9af42] | app.api.v1.sync_tasks | [30da27d40eb6467fb637e2345ea9af42] 接口已存在，跳过新增: POST /api/order/so/{id}/allocate/
2026-02-04 16:49:49 | WARNING | [30da27d40eb6467fb637e2345ea9af42] | app.api.v1.sync_tasks | [30da27d40eb6467fb637e2345ea9af42] 接口已存在，跳过新增: GET /api/order/so-extra-line/{id}/metadata/
2026-02-04 16:49:49 | WARNING | [30da27d40eb6467fb637e2345ea9af42] | app.api.v1.sync_tasks | [30da27d40eb6467fb637e2345ea9af42] 接口已存在，跳过新增: PUT /api/order/ro-line/{id}/
2026-02-04 16:49:49 | WARNING | [30da27d40eb6467fb637e2345ea9af42] | app.api.v1.sync_tasks | [30da27d40eb6467fb637e2345ea9af42] 接口已存在，跳过新增: PATCH /api/part/category/
2026-02-04 16:49:49 | WARNING | [30da27d40eb6467fb637e2345ea9af42] | app.api.v1.sync_tasks | [30da27d40eb6467fb637e2345ea9af42] 接口已存在，跳过新增: GET /api/background-task/pending/
2026-02-04 16:49:49 | WARNING | [30da27d40eb6467fb637e2345ea9af42] | app.api.v1.sync_tasks | [30da27d40eb6467fb637e2345ea9af42] 接口已存在，跳过新增: GET /api/order/so-extra-line/
2026-02-04 16:49:49 | WARNING | [30da27d40eb6467fb637e2345ea9af42] | app.api.v1.sync_tasks | [30da27d40eb6467fb637e2345ea9af42] 接口已存在，跳过新增: GET /api/user/owner/{id}/
2026-02-04 16:49:49 | WARNING | [30da27d40eb6467fb637e2345ea9af42] | app.api.v1.sync_tasks | [30da27d40eb6467fb637e2345ea9af42] 接口已存在，跳过新增: GET /api/part/stocktake/{id}/
2026-02-04 16:49:49 | WARNING | [30da27d40eb6467fb637e2345ea9af42] | app.api.v1.sync_tasks | [30da27d40eb6467fb637e2345ea9af42] 接口已存在，跳过新增: GET /api/report/template/{id}/metadata/
2026-02-04 16:49:49 | WARNING | [30da27d40eb6467fb637e2345ea9af42] | app.api.v1.sync_tasks | [30da27d40eb6467fb637e2345ea9af42] 接口已存在，跳过新增: PUT /api/report/snippet/{id}/
2026-02-04 16:49:49 | WARNING | [30da27d40eb6467fb637e2345ea9af42] | app.api.v1.sync_tasks | [30da27d40eb6467fb637e2345ea9af42] 接口已存在，跳过新增: POST /api/bom/
2026-02-04 16:49:49 | WARNING | [30da27d40eb6467fb637e2345ea9af42] | app.api.v1.sync_tasks | [30da27d40eb6467fb637e2345ea9af42] 接口已存在，跳过新增: POST /api/order/po/
2026-02-04 16:49:49 | WARNING | [30da27d40eb6467fb637e2345ea9af42] | app.api.v1.sync_tasks | [30da27d40eb6467fb637e2345ea9af42] 接口已存在，跳过新增: PATCH /api/stock/location/{id}/
2026-02-04 16:49:49 | WARNING | [30da27d40eb6467fb637e2345ea9af42] | app.api.v1.sync_tasks | [30da27d40eb6467fb637e2345ea9af42] 接口已存在，跳过新增: GET /api/background-task/failed/
2026-02-04 16:49:49 | WARNING | [30da27d40eb6467fb637e2345ea9af42] | app.api.v1.sync_tasks | [30da27d40eb6467fb637e2345ea9af42] 接口已存在，跳过新增: POST /api/currency/refresh/
2026-02-04 16:49:49 | WARNING | [30da27d40eb6467fb637e2345ea9af42] | app.api.v1.sync_tasks | [30da27d40eb6467fb637e2345ea9af42] 接口已存在，跳过新增: POST /api/stock/merge/
2026-02-04 16:49:49 | WARNING | [30da27d40eb6467fb637e2345ea9af42] | app.api.v1.sync_tasks | [30da27d40eb6467fb637e2345ea9af42] 接口已存在，跳过新增: GET /api/order/ro-line/{id}/metadata/
2026-02-04 16:49:49 | WARNING | [30da27d40eb6467fb637e2345ea9af42] | app.api.v1.sync_tasks | [30da27d40eb6467fb637e2345ea9af42] 接口已存在，跳过新增: GET /api/attachment/{id}/metadata/
2026-02-04 16:49:49 | WARNING | [30da27d40eb6467fb637e2345ea9af42] | app.api.v1.sync_tasks | [30da27d40eb6467fb637e2345ea9af42] 接口已存在，跳过新增: PATCH /api/company/address/{id}/
2026-02-04 16:49:49 | WARNING | [30da27d40eb6467fb637e2345ea9af42] | app.api.v1.sync_tasks | [30da27d40eb6467fb637e2345ea9af42] 接口已存在，跳过新增: PATCH /api/part/related/{id}/metadata/
2026-02-04 16:49:49 | WARNING | [30da27d40eb6467fb637e2345ea9af42] | app.api.v1.sync_tasks | [30da27d40eb6467fb637e2345ea9af42] 接口已存在，跳过新增: PUT /api/part/{id}/metadata/
2026-02-04 16:49:49 | WARNING | [30da27d40eb6467fb637e2345ea9af42] | app.api.v1.sync_tasks | [30da27d40eb6467fb637e2345ea9af42] 接口已存在，跳过新增: GET /api/company/part/manufacturer/{id}/
2026-02-04 16:49:49 | WARNING | [30da27d40eb6467fb637e2345ea9af42] | app.api.v1.sync_tasks | [30da27d40eb6467fb637e2345ea9af42] 接口已存在，跳过新增: GET /api/part/category/parameters/
2026-02-04 16:49:49 | WARNING | [30da27d40eb6467fb637e2345ea9af42] | app.api.v1.sync_tasks | [30da27d40eb6467fb637e2345ea9af42] 接口已存在，跳过新增: DELETE /api/build/item/
2026-02-04 16:49:49 | WARNING | [30da27d40eb6467fb637e2345ea9af42] | app.api.v1.sync_tasks | [30da27d40eb6467fb637e2345ea9af42] 接口已存在，跳过新增: PUT /api/part/category/parameters/{id}/
2026-02-04 16:49:49 | WARNING | [30da27d40eb6467fb637e2345ea9af42] | app.api.v1.sync_tasks | [30da27d40eb6467fb637e2345ea9af42] 接口已存在，跳过新增: PATCH /api/part/internal-price/{id}/
2026-02-04 16:49:49 | WARNING | [30da27d40eb6467fb637e2345ea9af42] | app.api.v1.sync_tasks | [30da27d40eb6467fb637e2345ea9af42] 接口已存在，跳过新增: POST /api/stock/transfer/
2026-02-04 16:49:49 | WARNING | [30da27d40eb6467fb637e2345ea9af42] | app.api.v1.sync_tasks | [30da27d40eb6467fb637e2345ea9af42] 接口已存在，跳过新增: GET /api/report/asset/{id}/
2026-02-04 16:49:49 | WARNING | [30da27d40eb6467fb637e2345ea9af42] | app.api.v1.sync_tasks | [30da27d40eb6467fb637e2345ea9af42] 接口已存在，跳过新增: GET /api/part/{id}/requirements/
2026-02-04 16:49:49 | WARNING | [30da27d40eb6467fb637e2345ea9af42] | app.api.v1.sync_tasks | [30da27d40eb6467fb637e2345ea9af42] 接口已存在，跳过新增: DELETE /api/stock/location/{id}/
2026-02-04 16:49:49 | WARNING | [30da27d40eb6467fb637e2345ea9af42] | app.api.v1.sync_tasks | [30da27d40eb6467fb637e2345ea9af42] 接口已存在，跳过新增: GET /api/stock/test/{id}/metadata/
2026-02-04 16:49:49 | WARNING | [30da27d40eb6467fb637e2345ea9af42] | app.api.v1.sync_tasks | [30da27d40eb6467fb637e2345ea9af42] 接口已存在，跳过新增: PUT /api/stock/{id}/
2026-02-04 16:49:49 | WARNING | [30da27d40eb6467fb637e2345ea9af42] | app.api.v1.sync_tasks | [30da27d40eb6467fb637e2345ea9af42] 接口已存在，跳过新增: POST /api/order/so/{id}/cancel/
2026-02-04 16:49:49 | WARNING | [30da27d40eb6467fb637e2345ea9af42] | app.api.v1.sync_tasks | [30da27d40eb6467fb637e2345ea9af42] 接口已存在，跳过新增: GET /api/importer/session/{id}/
2026-02-04 16:49:49 | WARNING | [30da27d40eb6467fb637e2345ea9af42] | app.api.v1.sync_tasks | [30da27d40eb6467fb637e2345ea9af42] 接口已存在，跳过新增: PATCH /api/label/template/{id}/
2026-02-04 16:49:49 | WARNING | [30da27d40eb6467fb637e2345ea9af42] | app.api.v1.sync_tasks | [30da27d40eb6467fb637e2345ea9af42] 接口已存在，跳过新增: GET /api/part/sale-price/
2026-02-04 16:49:49 | WARNING | [30da27d40eb6467fb637e2345ea9af42] | app.api.v1.sync_tasks | [30da27d40eb6467fb637e2345ea9af42] 接口已存在，跳过新增: POST /api/locate/
2026-02-04 16:49:49 | WARNING | [30da27d40eb6467fb637e2345ea9af42] | app.api.v1.sync_tasks | [30da27d40eb6467fb637e2345ea9af42] 接口已存在，跳过新增: POST /api/build/
2026-02-04 16:49:49 | WARNING | [30da27d40eb6467fb637e2345ea9af42] | app.api.v1.sync_tasks | [30da27d40eb6467fb637e2345ea9af42] 接口已存在，跳过新增: DELETE /api/company/address/{id}/
2026-02-04 16:49:49 | WARNING | [30da27d40eb6467fb637e2345ea9af42] | app.api.v1.sync_tasks | [30da27d40eb6467fb637e2345ea9af42] 接口已存在，跳过新增: GET /api/contenttype/
2026-02-04 16:49:49 | WARNING | [30da27d40eb6467fb637e2345ea9af42] | app.api.v1.sync_tasks | [30da27d40eb6467fb637e2345ea9af42] 接口已存在，跳过新增: DELETE /api/part/internal-price/{id}/
2026-02-04 16:49:49 | WARNING | [30da27d40eb6467fb637e2345ea9af42] | app.api.v1.sync_tasks | [30da27d40eb6467fb637e2345ea9af42] 接口已存在，跳过新增: PUT /api/plugins/{plugin}/metadata/
2026-02-04 16:49:49 | WARNING | [30da27d40eb6467fb637e2345ea9af42] | app.api.v1.sync_tasks | [30da27d40eb6467fb637e2345ea9af42] 接口已存在，跳过新增: PATCH /api/plugins/{plugin}/activate/
2026-02-04 16:49:49 | WARNING | [30da27d40eb6467fb637e2345ea9af42] | app.api.v1.sync_tasks | [30da27d40eb6467fb637e2345ea9af42] 接口已存在，跳过新增: GET /api/units/all/
2026-02-04 16:49:49 | WARNING | [30da27d40eb6467fb637e2345ea9af42] | app.api.v1.sync_tasks | [30da27d40eb6467fb637e2345ea9af42] 接口已存在，跳过新增: PUT /api/project-code/{id}/metadata/
2026-02-04 16:49:49 | WARNING | [30da27d40eb6467fb637e2345ea9af42] | app.api.v1.sync_tasks | [30da27d40eb6467fb637e2345ea9af42] 接口已存在，跳过新增: GET /api/part/category/{id}/metadata/
2026-02-04 16:49:49 | WARNING | [30da27d40eb6467fb637e2345ea9af42] | app.api.v1.sync_tasks | [30da27d40eb6467fb637e2345ea9af42] 接口已存在，跳过新增: PATCH /api/order/ro-line/{id}/
2026-02-04 16:49:49 | WARNING | [30da27d40eb6467fb637e2345ea9af42] | app.api.v1.sync_tasks | [30da27d40eb6467fb637e2345ea9af42] 接口已存在，跳过新增: DELETE /api/data-output/
2026-02-04 16:49:49 | WARNING | [30da27d40eb6467fb637e2345ea9af42] | app.api.v1.sync_tasks | [30da27d40eb6467fb637e2345ea9af42] 接口已存在，跳过新增: GET /api/build/item/{id}/
2026-02-04 16:49:49 | WARNING | [30da27d40eb6467fb637e2345ea9af42] | app.api.v1.sync_tasks | [30da27d40eb6467fb637e2345ea9af42] 接口已存在，跳过新增: PUT /api/company/contact/{id}/
2026-02-04 16:49:49 | WARNING | [30da27d40eb6467fb637e2345ea9af42] | app.api.v1.sync_tasks | [30da27d40eb6467fb637e2345ea9af42] 接口已存在，跳过新增: POST /api/company/address/
2026-02-04 16:49:49 | WARNING | [30da27d40eb6467fb637e2345ea9af42] | app.api.v1.sync_tasks | [30da27d40eb6467fb637e2345ea9af42] 接口已存在，跳过新增: GET /api/machine/types/
2026-02-04 16:49:49 | WARNING | [30da27d40eb6467fb637e2345ea9af42] | app.api.v1.sync_tasks | [30da27d40eb6467fb637e2345ea9af42] 接口已存在，跳过新增: DELETE /api/label/template/{id}/
2026-02-04 16:49:49 | WARNING | [30da27d40eb6467fb637e2345ea9af42] | app.api.v1.sync_tasks | [30da27d40eb6467fb637e2345ea9af42] 接口已存在，跳过新增: PATCH /api/report/snippet/{id}/
2026-02-04 16:49:49 | WARNING | [30da27d40eb6467fb637e2345ea9af42] | app.api.v1.sync_tasks | [30da27d40eb6467fb637e2345ea9af42] 接口已存在，跳过新增: GET /api/order/ro-extra-line/{id}/
2026-02-04 16:49:49 | WARNING | [30da27d40eb6467fb637e2345ea9af42] | app.api.v1.sync_tasks | [30da27d40eb6467fb637e2345ea9af42] 接口已存在，跳过新增: POST /api/company/part/
2026-02-04 16:49:49 | WARNING | [30da27d40eb6467fb637e2345ea9af42] | app.api.v1.sync_tasks | [30da27d40eb6467fb637e2345ea9af42] 接口已存在，跳过新增: PUT /api/plugins/{plugin}/uninstall/
2026-02-04 16:49:49 | WARNING | [30da27d40eb6467fb637e2345ea9af42] | app.api.v1.sync_tasks | [30da27d40eb6467fb637e2345ea9af42] 接口已存在，跳过新增: POST /api/stock/{id}/serialize/
2026-02-04 16:49:49 | WARNING | [30da27d40eb6467fb637e2345ea9af42] | app.api.v1.sync_tasks | [30da27d40eb6467fb637e2345ea9af42] 接口已存在，跳过新增: GET /api/plugins/{plugin}/user-settings/{key}/
2026-02-04 16:49:49 | WARNING | [30da27d40eb6467fb637e2345ea9af42] | app.api.v1.sync_tasks | [30da27d40eb6467fb637e2345ea9af42] 接口已存在，跳过新增: GET /api/selection/{id}/entry/{entrypk}/
2026-02-04 16:49:49 | WARNING | [30da27d40eb6467fb637e2345ea9af42] | app.api.v1.sync_tasks | [30da27d40eb6467fb637e2345ea9af42] 接口已存在，跳过新增: GET /api/part/thumbs/{id}/
2026-02-04 16:49:49 | WARNING | [30da27d40eb6467fb637e2345ea9af42] | app.api.v1.sync_tasks | [30da27d40eb6467fb637e2345ea9af42] 接口已存在，跳过新增: GET /api/label/template/
2026-02-04 16:49:49 | WARNING | [30da27d40eb6467fb637e2345ea9af42] | app.api.v1.sync_tasks | [30da27d40eb6467fb637e2345ea9af42] 接口已存在，跳过新增: PUT /api/generic/status/custom/{id}/
2026-02-04 16:49:49 | WARNING | [30da27d40eb6467fb637e2345ea9af42] | app.api.v1.sync_tasks | [30da27d40eb6467fb637e2345ea9af42] 接口已存在，跳过新增: POST /api/part/parameter/template/
2026-02-04 16:49:49 | WARNING | [30da27d40eb6467fb637e2345ea9af42] | app.api.v1.sync_tasks | [30da27d40eb6467fb637e2345ea9af42] 接口已存在，跳过新增: POST /api/part/stocktake/
2026-02-04 16:49:49 | WARNING | [30da27d40eb6467fb637e2345ea9af42] | app.api.v1.sync_tasks | [30da27d40eb6467fb637e2345ea9af42] 接口已存在，跳过新增: POST /api/stock/return/
2026-02-04 16:49:49 | WARNING | [30da27d40eb6467fb637e2345ea9af42] | app.api.v1.sync_tasks | [30da27d40eb6467fb637e2345ea9af42] 接口已存在，跳过新增: PUT /api/order/ro/{id}/metadata/
2026-02-04 16:49:49 | WARNING | [30da27d40eb6467fb637e2345ea9af42] | app.api.v1.sync_tasks | [30da27d40eb6467fb637e2345ea9af42] 接口已存在，跳过新增: PUT /api/label/template/{id}/metadata/
2026-02-04 16:49:49 | WARNING | [30da27d40eb6467fb637e2345ea9af42] | app.api.v1.sync_tasks | [30da27d40eb6467fb637e2345ea9af42] 接口已存在，跳过新增: GET /api/build/item/
2026-02-04 16:49:49 | WARNING | [30da27d40eb6467fb637e2345ea9af42] | app.api.v1.sync_tasks | [30da27d40eb6467fb637e2345ea9af42] 接口已存在，跳过新增: PUT /api/units/{id}/
2026-02-04 16:49:49 | WARNING | [30da27d40eb6467fb637e2345ea9af42] | app.api.v1.sync_tasks | [30da27d40eb6467fb637e2345ea9af42] 接口已存在，跳过新增: POST /api/order/so/
2026-02-04 16:49:49 | WARNING | [30da27d40eb6467fb637e2345ea9af42] | app.api.v1.sync_tasks | [30da27d40eb6467fb637e2345ea9af42] 接口已存在，跳过新增: GET /api/machine/{id}/
2026-02-04 16:49:49 | WARNING | [30da27d40eb6467fb637e2345ea9af42] | app.api.v1.sync_tasks | [30da27d40eb6467fb637e2345ea9af42] 接口已存在，跳过新增: DELETE /api/order/ro-line/{id}/
2026-02-04 16:49:49 | WARNING | [30da27d40eb6467fb637e2345ea9af42] | app.api.v1.sync_tasks | [30da27d40eb6467fb637e2345ea9af42] 接口已存在，跳过新增: POST /api/order/ro/{id}/complete/
2026-02-04 16:49:49 | WARNING | [30da27d40eb6467fb637e2345ea9af42] | app.api.v1.sync_tasks | [30da27d40eb6467fb637e2345ea9af42] 接口已存在，跳过新增: GET /api/plugins/settings/
2026-02-04 16:49:49 | WARNING | [30da27d40eb6467fb637e2345ea9af42] | app.api.v1.sync_tasks | [30da27d40eb6467fb637e2345ea9af42] 接口已存在，跳过新增: GET /api/user/owner/
2026-02-04 16:49:49 | WARNING | [30da27d40eb6467fb637e2345ea9af42] | app.api.v1.sync_tasks | [30da27d40eb6467fb637e2345ea9af42] 接口已存在，跳过新增: POST /api/part/
2026-02-04 16:49:49 | WARNING | [30da27d40eb6467fb637e2345ea9af42] | app.api.v1.sync_tasks | [30da27d40eb6467fb637e2345ea9af42] 接口已存在，跳过新增: GET /api/order/po/{id}/
2026-02-04 16:49:49 | WARNING | [30da27d40eb6467fb637e2345ea9af42] | app.api.v1.sync_tasks | [30da27d40eb6467fb637e2345ea9af42] 接口已存在，跳过新增: PATCH /api/part/{id}/metadata/
2026-02-04 16:49:49 | WARNING | [30da27d40eb6467fb637e2345ea9af42] | app.api.v1.sync_tasks | [30da27d40eb6467fb637e2345ea9af42] 接口已存在，跳过新增: GET /api/bom/
2026-02-04 16:49:49 | WARNING | [30da27d40eb6467fb637e2345ea9af42] | app.api.v1.sync_tasks | [30da27d40eb6467fb637e2345ea9af42] 接口已存在，跳过新增: PATCH /api/part/category/parameters/{id}/
2026-02-04 16:49:49 | WARNING | [30da27d40eb6467fb637e2345ea9af42] | app.api.v1.sync_tasks | [30da27d40eb6467fb637e2345ea9af42] 接口已存在，跳过新增: PUT /api/company/price-break/{id}/
2026-02-04 16:49:49 | WARNING | [30da27d40eb6467fb637e2345ea9af42] | app.api.v1.sync_tasks | [30da27d40eb6467fb637e2345ea9af42] 接口已存在，跳过新增: PUT /api/order/ro-extra-line/{id}/metadata/
2026-02-04 16:49:49 | WARNING | [30da27d40eb6467fb637e2345ea9af42] | app.api.v1.sync_tasks | [30da27d40eb6467fb637e2345ea9af42] 接口已存在，跳过新增: DELETE /api/report/snippet/{id}/
2026-02-04 16:49:49 | WARNING | [30da27d40eb6467fb637e2345ea9af42] | app.api.v1.sync_tasks | [30da27d40eb6467fb637e2345ea9af42] 接口已存在，跳过新增: POST /api/selection/{id}/entry/
2026-02-04 16:49:49 | WARNING | [30da27d40eb6467fb637e2345ea9af42] | app.api.v1.sync_tasks | [30da27d40eb6467fb637e2345ea9af42] 接口已存在，跳过新增: POST /api/stock/remove/
2026-02-04 16:49:49 | WARNING | [30da27d40eb6467fb637e2345ea9af42] | app.api.v1.sync_tasks | [30da27d40eb6467fb637e2345ea9af42] 接口已存在，跳过新增: GET /api/flags/{key}/
2026-02-04 16:49:49 | WARNING | [30da27d40eb6467fb637e2345ea9af42] | app.api.v1.sync_tasks | [30da27d40eb6467fb637e2345ea9af42] 接口已存在，跳过新增: GET /api/contenttype/model/{model}/
2026-02-04 16:49:49 | WARNING | [30da27d40eb6467fb637e2345ea9af42] | app.api.v1.sync_tasks | [30da27d40eb6467fb637e2345ea9af42] 接口已存在，跳过新增: GET /api/license/
2026-02-04 16:49:49 | WARNING | [30da27d40eb6467fb637e2345ea9af42] | app.api.v1.sync_tasks | [30da27d40eb6467fb637e2345ea9af42] 接口已存在，跳过新增: GET /api/version-text
2026-02-04 16:49:49 | WARNING | [30da27d40eb6467fb637e2345ea9af42] | app.api.v1.sync_tasks | [30da27d40eb6467fb637e2345ea9af42] 接口已存在，跳过新增: DELETE /api/news/
2026-02-04 16:49:49 | WARNING | [30da27d40eb6467fb637e2345ea9af42] | app.api.v1.sync_tasks | [30da27d40eb6467fb637e2345ea9af42] 接口已存在，跳过新增: POST /api/importer/session/
2026-02-04 16:49:49 | WARNING | [30da27d40eb6467fb637e2345ea9af42] | app.api.v1.sync_tasks | [30da27d40eb6467fb637e2345ea9af42] 接口已存在，跳过新增: PATCH /api/stock/{id}/
2026-02-04 16:49:49 | WARNING | [30da27d40eb6467fb637e2345ea9af42] | app.api.v1.sync_tasks | [30da27d40eb6467fb637e2345ea9af42] 接口已存在，跳过新增: GET /api/notifications/{id}/
2026-02-04 16:49:49 | WARNING | [30da27d40eb6467fb637e2345ea9af42] | app.api.v1.sync_tasks | [30da27d40eb6467fb637e2345ea9af42] 接口已存在，跳过新增: GET /api/plugins/{plugin}/settings/
2026-02-04 16:49:49 | WARNING | [30da27d40eb6467fb637e2345ea9af42] | app.api.v1.sync_tasks | [30da27d40eb6467fb637e2345ea9af42] 接口已存在，跳过新增: POST /api/stock/{id}/install/
2026-02-04 16:49:49 | WARNING | [30da27d40eb6467fb637e2345ea9af42] | app.api.v1.sync_tasks | [30da27d40eb6467fb637e2345ea9af42] 接口已存在，跳过新增: PUT /api/order/so-line/{id}/
2026-02-04 16:49:49 | WARNING | [30da27d40eb6467fb637e2345ea9af42] | app.api.v1.sync_tasks | [30da27d40eb6467fb637e2345ea9af42] 接口已存在，跳过新增: POST /api/build/{id}/issue/
2026-02-04 16:49:49 | WARNING | [30da27d40eb6467fb637e2345ea9af42] | app.api.v1.sync_tasks | [30da27d40eb6467fb637e2345ea9af42] 接口已存在，跳过新增: POST /api/report/snippet/
2026-02-04 16:49:49 | WARNING | [30da27d40eb6467fb637e2345ea9af42] | app.api.v1.sync_tasks | [30da27d40eb6467fb637e2345ea9af42] 接口已存在，跳过新增: PATCH /api/plugins/{plugin}/metadata/
2026-02-04 16:49:49 | WARNING | [30da27d40eb6467fb637e2345ea9af42] | app.api.v1.sync_tasks | [30da27d40eb6467fb637e2345ea9af42] 接口已存在，跳过新增: PUT /api/bom/{id}/
2026-02-04 16:49:49 | WARNING | [30da27d40eb6467fb637e2345ea9af42] | app.api.v1.sync_tasks | [30da27d40eb6467fb637e2345ea9af42] 接口已存在，跳过新增: GET /api/part/category/{id}/
2026-02-04 16:49:49 | WARNING | [30da27d40eb6467fb637e2345ea9af42] | app.api.v1.sync_tasks | [30da27d40eb6467fb637e2345ea9af42] 接口已存在，跳过新增: POST /api/stock/{id}/convert/
2026-02-04 16:49:49 | WARNING | [30da27d40eb6467fb637e2345ea9af42] | app.api.v1.sync_tasks | [30da27d40eb6467fb637e2345ea9af42] 接口已存在，跳过新增: PATCH /api/project-code/{id}/metadata/
2026-02-04 16:49:49 | WARNING | [30da27d40eb6467fb637e2345ea9af42] | app.api.v1.sync_tasks | [30da27d40eb6467fb637e2345ea9af42] 接口已存在，跳过新增: GET /api/plugins/ui/features/{feature}/
2026-02-04 16:49:49 | WARNING | [30da27d40eb6467fb637e2345ea9af42] | app.api.v1.sync_tasks | [30da27d40eb6467fb637e2345ea9af42] 接口已存在，跳过新增: POST /api/part/related/
2026-02-04 16:49:49 | WARNING | [30da27d40eb6467fb637e2345ea9af42] | app.api.v1.sync_tasks | [30da27d40eb6467fb637e2345ea9af42] 接口已存在，跳过新增: GET /api/settings/user/{key}/
2026-02-04 16:49:49 | WARNING | [30da27d40eb6467fb637e2345ea9af42] | app.api.v1.sync_tasks | [30da27d40eb6467fb637e2345ea9af42] 接口已存在，跳过新增: GET /api/generic/status/
2026-02-04 16:49:49 | WARNING | [30da27d40eb6467fb637e2345ea9af42] | app.api.v1.sync_tasks | [30da27d40eb6467fb637e2345ea9af42] 接口已存在，跳过新增: PATCH /api/company/contact/{id}/
2026-02-04 16:49:49 | WARNING | [30da27d40eb6467fb637e2345ea9af42] | app.api.v1.sync_tasks | [30da27d40eb6467fb637e2345ea9af42] 接口已存在，跳过新增: PUT /api/company/contact/{id}/metadata/
2026-02-04 16:49:49 | WARNING | [30da27d40eb6467fb637e2345ea9af42] | app.api.v1.sync_tasks | [30da27d40eb6467fb637e2345ea9af42] 接口已存在，跳过新增: DELETE /api/importer/row/{id}/
2026-02-04 16:49:49 | WARNING | [30da27d40eb6467fb637e2345ea9af42] | app.api.v1.sync_tasks | [30da27d40eb6467fb637e2345ea9af42] 接口已存在，跳过新增: DELETE /api/stock/{id}/
2026-02-04 16:49:49 | WARNING | [30da27d40eb6467fb637e2345ea9af42] | app.api.v1.sync_tasks | [30da27d40eb6467fb637e2345ea9af42] 接口已存在，跳过新增: DELETE /api/user/group/{id}/
2026-02-04 16:49:49 | WARNING | [30da27d40eb6467fb637e2345ea9af42] | app.api.v1.sync_tasks | [30da27d40eb6467fb637e2345ea9af42] 接口已存在，跳过新增: GET /api/build/{id}/
2026-02-04 16:49:49 | WARNING | [30da27d40eb6467fb637e2345ea9af42] | app.api.v1.sync_tasks | [30da27d40eb6467fb637e2345ea9af42] 接口已存在，跳过新增: GET /api/build/
2026-02-04 16:49:49 | WARNING | [30da27d40eb6467fb637e2345ea9af42] | app.api.v1.sync_tasks | [30da27d40eb6467fb637e2345ea9af42] 接口已存在，跳过新增: PUT /api/order/so-line/{id}/metadata/
2026-02-04 16:49:49 | WARNING | [30da27d40eb6467fb637e2345ea9af42] | app.api.v1.sync_tasks | [30da27d40eb6467fb637e2345ea9af42] 接口已存在，跳过新增: PATCH /api/plugins/{plugin}/uninstall/
2026-02-04 16:49:49 | WARNING | [30da27d40eb6467fb637e2345ea9af42] | app.api.v1.sync_tasks | [30da27d40eb6467fb637e2345ea9af42] 接口已存在，跳过新增: PUT /api/order/so-allocation/
2026-02-04 16:49:49 | WARNING | [30da27d40eb6467fb637e2345ea9af42] | app.api.v1.sync_tasks | [30da27d40eb6467fb637e2345ea9af42] 接口已存在，跳过新增: PUT /api/stock/location/
2026-02-04 16:49:49 | WARNING | [30da27d40eb6467fb637e2345ea9af42] | app.api.v1.sync_tasks | [30da27d40eb6467fb637e2345ea9af42] 接口已存在，跳过新增: GET /api/order/so/shipment/{id}/metadata/
2026-02-04 16:49:49 | WARNING | [30da27d40eb6467fb637e2345ea9af42] | app.api.v1.sync_tasks | [30da27d40eb6467fb637e2345ea9af42] 接口已存在，跳过新增: PATCH /api/generic/status/custom/{id}/
2026-02-04 16:49:49 | WARNING | [30da27d40eb6467fb637e2345ea9af42] | app.api.v1.sync_tasks | [30da27d40eb6467fb637e2345ea9af42] 接口已存在，跳过新增: PUT /api/part/parameter/template/{id}/metadata/
2026-02-04 16:49:49 | WARNING | [30da27d40eb6467fb637e2345ea9af42] | app.api.v1.sync_tasks | [30da27d40eb6467fb637e2345ea9af42] 接口已存在，跳过新增: PUT /api/part/related/{id}/
2026-02-04 16:49:49 | WARNING | [30da27d40eb6467fb637e2345ea9af42] | app.api.v1.sync_tasks | [30da27d40eb6467fb637e2345ea9af42] 接口已存在，跳过新增: PATCH /api/order/ro/{id}/metadata/
2026-02-04 16:49:49 | WARNING | [30da27d40eb6467fb637e2345ea9af42] | app.api.v1.sync_tasks | [30da27d40eb6467fb637e2345ea9af42] 接口已存在，跳过新增: POST /api/selection/
2026-02-04 16:49:49 | WARNING | [30da27d40eb6467fb637e2345ea9af42] | app.api.v1.sync_tasks | [30da27d40eb6467fb637e2345ea9af42] 接口已存在，跳过新增: PATCH /api/label/template/{id}/metadata/
2026-02-04 16:49:49 | WARNING | [30da27d40eb6467fb637e2345ea9af42] | app.api.v1.sync_tasks | [30da27d40eb6467fb637e2345ea9af42] 接口已存在，跳过新增: PATCH /api/units/{id}/
2026-02-04 16:49:49 | WARNING | [30da27d40eb6467fb637e2345ea9af42] | app.api.v1.sync_tasks | [30da27d40eb6467fb637e2345ea9af42] 接口已存在，跳过新增: PUT /api/user/{id}/set-password/
2026-02-04 16:49:49 | WARNING | [30da27d40eb6467fb637e2345ea9af42] | app.api.v1.sync_tasks | [30da27d40eb6467fb637e2345ea9af42] 接口已存在，跳过新增: POST /api/order/so/{id}/hold/
2026-02-04 16:49:49 | WARNING | [30da27d40eb6467fb637e2345ea9af42] | app.api.v1.sync_tasks | [30da27d40eb6467fb637e2345ea9af42] 接口已存在，跳过新增: GET /api/stock/location/tree/
2026-02-04 16:49:49 | WARNING | [30da27d40eb6467fb637e2345ea9af42] | app.api.v1.sync_tasks | [30da27d40eb6467fb637e2345ea9af42] 接口已存在，跳过新增: GET /api/company/address/
2026-02-04 16:49:49 | WARNING | [30da27d40eb6467fb637e2345ea9af42] | app.api.v1.sync_tasks | [30da27d40eb6467fb637e2345ea9af42] 接口已存在，跳过新增: PUT /api/attachment/{id}/
2026-02-04 16:49:49 | WARNING | [30da27d40eb6467fb637e2345ea9af42] | app.api.v1.sync_tasks | [30da27d40eb6467fb637e2345ea9af42] 接口已存在，跳过新增: POST /api/stock/
2026-02-04 16:49:49 | WARNING | [30da27d40eb6467fb637e2345ea9af42] | app.api.v1.sync_tasks | [30da27d40eb6467fb637e2345ea9af42] 接口已存在，跳过新增: DELETE /api/company/contact/{id}/
2026-02-04 16:49:49 | WARNING | [30da27d40eb6467fb637e2345ea9af42] | app.api.v1.sync_tasks | [30da27d40eb6467fb637e2345ea9af42] 接口已存在，跳过新增: PATCH /api/company/price-break/{id}/
2026-02-04 16:49:49 | WARNING | [30da27d40eb6467fb637e2345ea9af42] | app.api.v1.sync_tasks | [30da27d40eb6467fb637e2345ea9af42] 接口已存在，跳过新增: GET /api/machine/{id}/settings/{config_type}/{key}/
2026-02-04 16:49:49 | WARNING | [30da27d40eb6467fb637e2345ea9af42] | app.api.v1.sync_tasks | [30da27d40eb6467fb637e2345ea9af42] 接口已存在，跳过新增: PATCH /api/order/ro-extra-line/{id}/metadata/
2026-02-04 16:49:49 | WARNING | [30da27d40eb6467fb637e2345ea9af42] | app.api.v1.sync_tasks | [30da27d40eb6467fb637e2345ea9af42] 接口已存在，跳过新增: PUT /api/part/{id}/pricing/
2026-02-04 16:49:49 | WARNING | [30da27d40eb6467fb637e2345ea9af42] | app.api.v1.sync_tasks | [30da27d40eb6467fb637e2345ea9af42] 接口已存在，跳过新增: GET /api/part/stocktake/
2026-02-04 16:49:49 | WARNING | [30da27d40eb6467fb637e2345ea9af42] | app.api.v1.sync_tasks | [30da27d40eb6467fb637e2345ea9af42] 接口已存在，跳过新增: GET /api/plugins/{plugin}/admin/
2026-02-04 16:49:49 | WARNING | [30da27d40eb6467fb637e2345ea9af42] | app.api.v1.sync_tasks | [30da27d40eb6467fb637e2345ea9af42] 接口已存在，跳过新增: PUT /api/part/parameter/{id}/
2026-02-04 16:49:49 | WARNING | [30da27d40eb6467fb637e2345ea9af42] | app.api.v1.sync_tasks | [30da27d40eb6467fb637e2345ea9af42] 接口已存在，跳过新增: GET /api/order/so/
2026-02-04 16:49:49 | WARNING | [30da27d40eb6467fb637e2345ea9af42] | app.api.v1.sync_tasks | [30da27d40eb6467fb637e2345ea9af42] 接口已存在，跳过新增: DELETE /api/generic/status/custom/{id}/
2026-02-04 16:49:49 | WARNING | [30da27d40eb6467fb637e2345ea9af42] | app.api.v1.sync_tasks | [30da27d40eb6467fb637e2345ea9af42] 接口已存在，跳过新增: PUT /api/part/category/parameters/{id}/metadata/
2026-02-04 16:49:49 | WARNING | [30da27d40eb6467fb637e2345ea9af42] | app.api.v1.sync_tasks | [30da27d40eb6467fb637e2345ea9af42] 接口已存在，跳过新增: GET /api/part/
2026-02-04 16:49:49 | WARNING | [30da27d40eb6467fb637e2345ea9af42] | app.api.v1.sync_tasks | [30da27d40eb6467fb637e2345ea9af42] 接口已存在，跳过新增: GET /api/part/{id}/
2026-02-04 16:49:49 | WARNING | [30da27d40eb6467fb637e2345ea9af42] | app.api.v1.sync_tasks | [30da27d40eb6467fb637e2345ea9af42] 接口已存在，跳过新增: PUT /api/company/{id}/
2026-02-04 16:49:49 | WARNING | [30da27d40eb6467fb637e2345ea9af42] | app.api.v1.sync_tasks | [30da27d40eb6467fb637e2345ea9af42] 接口已存在，跳过新增: GET /api/order/ro-line/status/
2026-02-04 16:49:49 | WARNING | [30da27d40eb6467fb637e2345ea9af42] | app.api.v1.sync_tasks | [30da27d40eb6467fb637e2345ea9af42] 接口已存在，跳过新增: GET /api/data-output/{id}/
2026-02-04 16:49:49 | WARNING | [30da27d40eb6467fb637e2345ea9af42] | app.api.v1.sync_tasks | [30da27d40eb6467fb637e2345ea9af42] 接口已存在，跳过新增: POST /api/build/{id}/unallocate/
2026-02-04 16:49:49 | WARNING | [30da27d40eb6467fb637e2345ea9af42] | app.api.v1.sync_tasks | [30da27d40eb6467fb637e2345ea9af42] 接口已存在，跳过新增: GET /api/importer/models/
2026-02-04 16:49:49 | WARNING | [30da27d40eb6467fb637e2345ea9af42] | app.api.v1.sync_tasks | [30da27d40eb6467fb637e2345ea9af42] 接口已存在，跳过新增: PATCH /api/order/so-line/{id}/
2026-02-04 16:49:49 | WARNING | [30da27d40eb6467fb637e2345ea9af42] | app.api.v1.sync_tasks | [30da27d40eb6467fb637e2345ea9af42] 接口已存在，跳过新增: GET /api/selection/{id}/entry/
2026-02-04 16:49:49 | WARNING | [30da27d40eb6467fb637e2345ea9af42] | app.api.v1.sync_tasks | [30da27d40eb6467fb637e2345ea9af42] 接口已存在，跳过新增: PATCH /api/company/{id}/metadata/
2026-02-04 16:49:49 | WARNING | [30da27d40eb6467fb637e2345ea9af42] | app.api.v1.sync_tasks | [30da27d40eb6467fb637e2345ea9af42] 接口已存在，跳过新增: POST /api/order/so/{id}/issue/
2026-02-04 16:49:49 | WARNING | [30da27d40eb6467fb637e2345ea9af42] | app.api.v1.sync_tasks | [30da27d40eb6467fb637e2345ea9af42] 接口已存在，跳过新增: DELETE /api/company/price-break/{id}/
2026-02-04 16:49:49 | WARNING | [30da27d40eb6467fb637e2345ea9af42] | app.api.v1.sync_tasks | [30da27d40eb6467fb637e2345ea9af42] 接口已存在，跳过新增: GET /api/generic/status/{statusmodel}/
2026-02-04 16:49:49 | WARNING | [30da27d40eb6467fb637e2345ea9af42] | app.api.v1.sync_tasks | [30da27d40eb6467fb637e2345ea9af42] 接口已存在，跳过新增: GET /api/importer/row/{id}/
2026-02-04 16:49:49 | WARNING | [30da27d40eb6467fb637e2345ea9af42] | app.api.v1.sync_tasks | [30da27d40eb6467fb637e2345ea9af42] 接口已存在，跳过新增: PUT /api/order/so-extra-line/{id}/
2026-02-04 16:49:49 | WARNING | [30da27d40eb6467fb637e2345ea9af42] | app.api.v1.sync_tasks | [30da27d40eb6467fb637e2345ea9af42] 接口已存在，跳过新增: GET /api/user/group/{id}/
2026-02-04 16:49:49 | WARNING | [30da27d40eb6467fb637e2345ea9af42] | app.api.v1.sync_tasks | [30da27d40eb6467fb637e2345ea9af42] 接口已存在，跳过新增: POST /api/search/
2026-02-04 16:49:49 | WARNING | [30da27d40eb6467fb637e2345ea9af42] | app.api.v1.sync_tasks | [30da27d40eb6467fb637e2345ea9af42] 接口已存在，跳过新增: GET /api/importer/session/
2026-02-04 16:49:49 | WARNING | [30da27d40eb6467fb637e2345ea9af42] | app.api.v1.sync_tasks | [30da27d40eb6467fb637e2345ea9af42] 接口已存在，跳过新增: GET /api/notifications/readall/
2026-02-04 16:49:49 | WARNING | [30da27d40eb6467fb637e2345ea9af42] | app.api.v1.sync_tasks | [30da27d40eb6467fb637e2345ea9af42] 接口已存在，跳过新增: PATCH /api/company/contact/{id}/metadata/
2026-02-04 16:49:49 | WARNING | [30da27d40eb6467fb637e2345ea9af42] | app.api.v1.sync_tasks | [30da27d40eb6467fb637e2345ea9af42] 接口已存在，跳过新增: GET /api/plugins/{plugin}/settings/{key}/
2026-02-04 16:49:49 | WARNING | [30da27d40eb6467fb637e2345ea9af42] | app.api.v1.sync_tasks | [30da27d40eb6467fb637e2345ea9af42] 接口已存在，跳过新增: PATCH /api/company/part/manufacturer/parameter/{id}/
2026-02-04 16:49:49 | WARNING | [30da27d40eb6467fb637e2345ea9af42] | app.api.v1.sync_tasks | [30da27d40eb6467fb637e2345ea9af42] 接口已存在，跳过新增: PATCH /api/order/so-line/{id}/metadata/
2026-02-04 16:49:49 | WARNING | [30da27d40eb6467fb637e2345ea9af42] | app.api.v1.sync_tasks | [30da27d40eb6467fb637e2345ea9af42] 接口已存在，跳过新增: DELETE /api/error-report/
2026-02-04 16:49:49 | WARNING | [30da27d40eb6467fb637e2345ea9af42] | app.api.v1.sync_tasks | [30da27d40eb6467fb637e2345ea9af42] 接口已存在，跳过新增: POST /api/barcode/po-receive/
2026-02-04 16:49:49 | WARNING | [30da27d40eb6467fb637e2345ea9af42] | app.api.v1.sync_tasks | [30da27d40eb6467fb637e2345ea9af42] 接口已存在，跳过新增: GET /api/settings/global/{key}/
2026-02-04 16:49:49 | WARNING | [30da27d40eb6467fb637e2345ea9af42] | app.api.v1.sync_tasks | [30da27d40eb6467fb637e2345ea9af42] 接口已存在，跳过新增: PATCH /api/order/so-allocation/
2026-02-04 16:49:49 | WARNING | [30da27d40eb6467fb637e2345ea9af42] | app.api.v1.sync_tasks | [30da27d40eb6467fb637e2345ea9af42] 接口已存在，跳过新增: DELETE /api/order/so-line/{id}/
2026-02-04 16:49:49 | WARNING | [30da27d40eb6467fb637e2345ea9af42] | app.api.v1.sync_tasks | [30da27d40eb6467fb637e2345ea9af42] 接口已存在，跳过新增: PUT /api/order/so/{id}/metadata/
2026-02-04 16:49:49 | WARNING | [30da27d40eb6467fb637e2345ea9af42] | app.api.v1.sync_tasks | [30da27d40eb6467fb637e2345ea9af42] 接口已存在，跳过新增: PATCH /api/stock/location/
2026-02-04 16:49:49 | WARNING | [30da27d40eb6467fb637e2345ea9af42] | app.api.v1.sync_tasks | [30da27d40eb6467fb637e2345ea9af42] 接口已存在，跳过新增: PATCH /api/part/parameter/template/{id}/metadata/
2026-02-04 16:49:49 | WARNING | [30da27d40eb6467fb637e2345ea9af42] | app.api.v1.sync_tasks | [30da27d40eb6467fb637e2345ea9af42] 接口已存在，跳过新增: PATCH /api/part/related/{id}/
2026-02-04 16:49:49 | WARNING | [30da27d40eb6467fb637e2345ea9af42] | app.api.v1.sync_tasks | [30da27d40eb6467fb637e2345ea9af42] 接口已存在，跳过新增: GET /api/part/related/
2026-02-04 16:49:49 | WARNING | [30da27d40eb6467fb637e2345ea9af42] | app.api.v1.sync_tasks | [30da27d40eb6467fb637e2345ea9af42] 接口已存在，跳过新增: PATCH /api/user/{id}/set-password/
2026-02-04 16:49:49 | WARNING | [30da27d40eb6467fb637e2345ea9af42] | app.api.v1.sync_tasks | [30da27d40eb6467fb637e2345ea9af42] 接口已存在，跳过新增: PUT /api/order/so/shipment/{id}/
2026-02-04 16:49:49 | WARNING | [30da27d40eb6467fb637e2345ea9af42] | app.api.v1.sync_tasks | [30da27d40eb6467fb637e2345ea9af42] 接口已存在，跳过新增: GET /api/settings/global/
2026-02-04 16:49:49 | WARNING | [30da27d40eb6467fb637e2345ea9af42] | app.api.v1.sync_tasks | [30da27d40eb6467fb637e2345ea9af42] 接口已存在，跳过新增: PATCH /api/attachment/{id}/
2026-02-04 16:49:49 | WARNING | [30da27d40eb6467fb637e2345ea9af42] | app.api.v1.sync_tasks | [30da27d40eb6467fb637e2345ea9af42] 接口已存在，跳过新增: PATCH /api/user/{id}/
2026-02-04 16:49:49 | WARNING | [30da27d40eb6467fb637e2345ea9af42] | app.api.v1.sync_tasks | [30da27d40eb6467fb637e2345ea9af42] 接口已存在，跳过新增: PUT /api/company/part/{id}/metadata/
2026-02-04 16:49:49 | WARNING | [30da27d40eb6467fb637e2345ea9af42] | app.api.v1.sync_tasks | [30da27d40eb6467fb637e2345ea9af42] 接口已存在，跳过新增: GET /api/order/ro/status/
2026-02-04 16:49:49 | WARNING | [30da27d40eb6467fb637e2345ea9af42] | app.api.v1.sync_tasks | [30da27d40eb6467fb637e2345ea9af42] 接口已存在，跳过新增: PUT /api/part/{id}/bom-validate/
2026-02-04 16:49:49 | WARNING | [30da27d40eb6467fb637e2345ea9af42] | app.api.v1.sync_tasks | [30da27d40eb6467fb637e2345ea9af42] 接口已存在，跳过新增: DELETE /api/company/part/manufacturer/parameter/{id}/
2026-02-04 16:49:49 | WARNING | [30da27d40eb6467fb637e2345ea9af42] | app.api.v1.sync_tasks | [30da27d40eb6467fb637e2345ea9af42] 接口已存在，跳过新增: PATCH /api/part/{id}/pricing/
2026-02-04 16:49:49 | WARNING | [30da27d40eb6467fb637e2345ea9af42] | app.api.v1.sync_tasks | [30da27d40eb6467fb637e2345ea9af42] 接口已存在，跳过新增: PUT /api/user/me/
2026-02-04 16:49:49 | WARNING | [30da27d40eb6467fb637e2345ea9af42] | app.api.v1.sync_tasks | [30da27d40eb6467fb637e2345ea9af42] 接口已存在，跳过新增: PUT /api/order/po-line/{id}/metadata/
2026-02-04 16:49:49 | WARNING | [30da27d40eb6467fb637e2345ea9af42] | app.api.v1.sync_tasks | [30da27d40eb6467fb637e2345ea9af42] 接口已存在，跳过新增: GET /api/selection/
2026-02-04 16:49:49 | WARNING | [30da27d40eb6467fb637e2345ea9af42] | app.api.v1.sync_tasks | [30da27d40eb6467fb637e2345ea9af42] 接口已存在，跳过新增: GET /api/build/item/{id}/metadata/
2026-02-04 16:49:49 | WARNING | [30da27d40eb6467fb637e2345ea9af42] | app.api.v1.sync_tasks | [30da27d40eb6467fb637e2345ea9af42] 接口已存在，跳过新增: POST /api/part/sale-price/
2026-02-04 16:49:49 | WARNING | [30da27d40eb6467fb637e2345ea9af42] | app.api.v1.sync_tasks | [30da27d40eb6467fb637e2345ea9af42] 接口已存在，跳过新增: DELETE /api/part/related/{id}/
2026-02-04 16:49:49 | WARNING | [30da27d40eb6467fb637e2345ea9af42] | app.api.v1.sync_tasks | [30da27d40eb6467fb637e2345ea9af42] 接口已存在，跳过新增: PATCH /api/part/category/parameters/{id}/metadata/
2026-02-04 16:49:49 | WARNING | [30da27d40eb6467fb637e2345ea9af42] | app.api.v1.sync_tasks | [30da27d40eb6467fb637e2345ea9af42] 接口已存在，跳过新增: PATCH /api/company/{id}/
2026-02-04 16:49:49 | WARNING | [30da27d40eb6467fb637e2345ea9af42] | app.api.v1.sync_tasks | [30da27d40eb6467fb637e2345ea9af42] 接口已存在，跳过新增: GET /api/company/part/manufacturer/{id}/metadata/
2026-02-04 16:49:49 | WARNING | [30da27d40eb6467fb637e2345ea9af42] | app.api.v1.sync_tasks | [30da27d40eb6467fb637e2345ea9af42] 接口已存在，跳过新增: GET /api/stock/
2026-02-04 16:49:49 | WARNING | [30da27d40eb6467fb637e2345ea9af42] | app.api.v1.sync_tasks | [30da27d40eb6467fb637e2345ea9af42] 接口已存在，跳过新增: GET /api/company/price-break/{id}/
2026-02-04 16:49:49 | WARNING | [30da27d40eb6467fb637e2345ea9af42] | app.api.v1.sync_tasks | [30da27d40eb6467fb637e2345ea9af42] 接口已存在，跳过新增: PUT /api/company/part/{id}/
2026-02-04 16:49:49 | WARNING | [30da27d40eb6467fb637e2345ea9af42] | app.api.v1.sync_tasks | [30da27d40eb6467fb637e2345ea9af42] 接口已存在，跳过新增: POST /api/order/ro/{id}/receive/
2026-02-04 16:49:49 | WARNING | [30da27d40eb6467fb637e2345ea9af42] | app.api.v1.sync_tasks | [30da27d40eb6467fb637e2345ea9af42] 接口已存在，跳过新增: PUT /api/order/po-line/{id}/
2026-02-04 16:49:49 | WARNING | [30da27d40eb6467fb637e2345ea9af42] | app.api.v1.sync_tasks | [30da27d40eb6467fb637e2345ea9af42] 接口已存在，跳过新增: DELETE /api/attachment/{id}/
2026-02-04 16:49:49 | WARNING | [30da27d40eb6467fb637e2345ea9af42] | app.api.v1.sync_tasks | [30da27d40eb6467fb637e2345ea9af42] 接口已存在，跳过新增: DELETE /api/user/{id}/
2026-02-04 16:49:49 | WARNING | [30da27d40eb6467fb637e2345ea9af42] | app.api.v1.sync_tasks | [30da27d40eb6467fb637e2345ea9af42] 接口已存在，跳过新增: GET /api/flags/
2026-02-04 16:49:49 | WARNING | [30da27d40eb6467fb637e2345ea9af42] | app.api.v1.sync_tasks | [30da27d40eb6467fb637e2345ea9af42] 接口已存在，跳过新增: PATCH /api/order/so-extra-line/{id}/
2026-02-04 16:49:49 | WARNING | [30da27d40eb6467fb637e2345ea9af42] | app.api.v1.sync_tasks | [30da27d40eb6467fb637e2345ea9af42] 接口已存在，跳过新增: PUT /api/order/po/{id}/metadata/
2026-02-04 16:49:49 | WARNING | [30da27d40eb6467fb637e2345ea9af42] | app.api.v1.sync_tasks | [30da27d40eb6467fb637e2345ea9af42] 接口已存在，跳过新增: POST /api/supplier/import/
2026-02-04 16:49:49 | WARNING | [30da27d40eb6467fb637e2345ea9af42] | app.api.v1.sync_tasks | [30da27d40eb6467fb637e2345ea9af42] 接口已存在，跳过新增: GET /api/error-report/
2026-02-04 16:49:49 | WARNING | [30da27d40eb6467fb637e2345ea9af42] | app.api.v1.sync_tasks | [30da27d40eb6467fb637e2345ea9af42] 接口已存在，跳过新增: PUT /api/order/ro/{id}/
2026-02-04 16:49:49 | WARNING | [30da27d40eb6467fb637e2345ea9af42] | app.api.v1.sync_tasks | [30da27d40eb6467fb637e2345ea9af42] 接口已存在，跳过新增: GET /api/project-code/{id}/
2026-02-04 16:49:49 | WARNING | [30da27d40eb6467fb637e2345ea9af42] | app.api.v1.sync_tasks | [30da27d40eb6467fb637e2345ea9af42] 接口已存在，跳过新增: GET /api/company/{id}/metadata/
2026-02-04 16:49:49 | WARNING | [30da27d40eb6467fb637e2345ea9af42] | app.api.v1.sync_tasks | [30da27d40eb6467fb637e2345ea9af42] 接口已存在，跳过新增: DELETE /api/company/{id}/
2026-02-04 16:49:49 | WARNING | [30da27d40eb6467fb637e2345ea9af42] | app.api.v1.sync_tasks | [30da27d40eb6467fb637e2345ea9af42] 接口已存在，跳过新增: GET /api/currency/exchange/
2026-02-04 16:49:49 | WARNING | [30da27d40eb6467fb637e2345ea9af42] | app.api.v1.sync_tasks | [30da27d40eb6467fb637e2345ea9af42] 接口已存在，跳过新增: DELETE /api/company/contact/
2026-02-04 16:49:49 | WARNING | [30da27d40eb6467fb637e2345ea9af42] | app.api.v1.sync_tasks | [30da27d40eb6467fb637e2345ea9af42] 接口已存在，跳过新增: POST /api/label/template/
2026-02-04 16:49:49 | WARNING | [30da27d40eb6467fb637e2345ea9af42] | app.api.v1.sync_tasks | [30da27d40eb6467fb637e2345ea9af42] 接口已存在，跳过新增: POST /api/part/category/
2026-02-04 16:49:49 | WARNING | [30da27d40eb6467fb637e2345ea9af42] | app.api.v1.sync_tasks | [30da27d40eb6467fb637e2345ea9af42] 接口已存在，跳过新增: PATCH /api/order/so/{id}/metadata/
2026-02-04 16:49:49 | WARNING | [30da27d40eb6467fb637e2345ea9af42] | app.api.v1.sync_tasks | [30da27d40eb6467fb637e2345ea9af42] 接口已存在，跳过新增: PUT /api/report/template/{id}/
2026-02-04 16:49:49 | WARNING | [30da27d40eb6467fb637e2345ea9af42] | app.api.v1.sync_tasks | [30da27d40eb6467fb637e2345ea9af42] 接口已存在，跳过新增: POST /api/build/item/
2026-02-04 16:49:49 | WARNING | [30da27d40eb6467fb637e2345ea9af42] | app.api.v1.sync_tasks | [30da27d40eb6467fb637e2345ea9af42] 接口已存在，跳过新增: POST /api/plugins/reload/
2026-02-04 16:49:49 | WARNING | [30da27d40eb6467fb637e2345ea9af42] | app.api.v1.sync_tasks | [30da27d40eb6467fb637e2345ea9af42] 接口已存在，跳过新增: DELETE /api/order/so-extra-line/{id}/
2026-02-04 16:49:49 | WARNING | [30da27d40eb6467fb637e2345ea9af42] | app.api.v1.sync_tasks | [30da27d40eb6467fb637e2345ea9af42] 接口已存在，跳过新增: DELETE /api/part/parameter/template/{id}/
2026-02-04 16:49:49 | WARNING | [30da27d40eb6467fb637e2345ea9af42] | app.api.v1.sync_tasks | [30da27d40eb6467fb637e2345ea9af42] 接口已存在，跳过新增: PUT /api/stock/location/{id}/metadata/
2026-02-04 16:49:49 | WARNING | [30da27d40eb6467fb637e2345ea9af42] | app.api.v1.sync_tasks | [30da27d40eb6467fb637e2345ea9af42] 接口已存在，跳过新增: PUT /api/build/line/{id}/
2026-02-04 16:49:49 | WARNING | [30da27d40eb6467fb637e2345ea9af42] | app.api.v1.sync_tasks | [30da27d40eb6467fb637e2345ea9af42] 接口已存在，跳过新增: GET /api/company/part/manufacturer/parameter/{id}/
2026-02-04 16:49:49 | WARNING | [30da27d40eb6467fb637e2345ea9af42] | app.api.v1.sync_tasks | [30da27d40eb6467fb637e2345ea9af42] 接口已存在，跳过新增: PATCH /api/part/test-template/{id}/metadata/
2026-02-04 16:49:49 | WARNING | [30da27d40eb6467fb637e2345ea9af42] | app.api.v1.sync_tasks | [30da27d40eb6467fb637e2345ea9af42] 接口已存在，跳过新增: DELETE /api/barcode/history/{id}/
2026-02-04 16:49:49 | WARNING | [30da27d40eb6467fb637e2345ea9af42] | app.api.v1.sync_tasks | [30da27d40eb6467fb637e2345ea9af42] 接口已存在，跳过新增: GET /api/order/so/{id}/
2026-02-04 16:49:49 | WARNING | [30da27d40eb6467fb637e2345ea9af42] | app.api.v1.sync_tasks | [30da27d40eb6467fb637e2345ea9af42] 接口已存在，跳过新增: PATCH /api/company/part/{id}/metadata/
2026-02-04 16:49:49 | WARNING | [30da27d40eb6467fb637e2345ea9af42] | app.api.v1.sync_tasks | [30da27d40eb6467fb637e2345ea9af42] 接口已存在，跳过新增: GET /api/order/so-allocation/
2026-02-04 16:49:49 | WARNING | [30da27d40eb6467fb637e2345ea9af42] | app.api.v1.sync_tasks | [30da27d40eb6467fb637e2345ea9af42] 接口已存在，跳过新增: PATCH /api/part/{id}/bom-validate/
2026-02-04 16:49:49 | WARNING | [30da27d40eb6467fb637e2345ea9af42] | app.api.v1.sync_tasks | [30da27d40eb6467fb637e2345ea9af42] 接口已存在，跳过新增: PUT /api/order/so-allocation/{id}/
2026-02-04 16:49:49 | WARNING | [30da27d40eb6467fb637e2345ea9af42] | app.api.v1.sync_tasks | [30da27d40eb6467fb637e2345ea9af42] 接口已存在，跳过新增: POST /api/units/
2026-02-04 16:49:49 | WARNING | [30da27d40eb6467fb637e2345ea9af42] | app.api.v1.sync_tasks | [30da27d40eb6467fb637e2345ea9af42] 接口已存在，跳过新增: PATCH /api/user/me/
2026-02-04 16:49:49 | WARNING | [30da27d40eb6467fb637e2345ea9af42] | app.api.v1.sync_tasks | [30da27d40eb6467fb637e2345ea9af42] 接口已存在，跳过新增: DELETE /api/company/part/manufacturer/
2026-02-04 16:49:49 | WARNING | [30da27d40eb6467fb637e2345ea9af42] | app.api.v1.sync_tasks | [30da27d40eb6467fb637e2345ea9af42] 接口已存在，跳过新增: POST /api/build/{id}/allocate/
2026-02-04 16:49:49 | WARNING | [30da27d40eb6467fb637e2345ea9af42] | app.api.v1.sync_tasks | [30da27d40eb6467fb637e2345ea9af42] 接口已存在，跳过新增: PUT /api/news/{id}/
2026-02-04 16:49:49 | WARNING | [30da27d40eb6467fb637e2345ea9af42] | app.api.v1.sync_tasks | [30da27d40eb6467fb637e2345ea9af42] 接口已存在，跳过新增: GET /api/user/{id}/
2026-02-04 16:49:49 | WARNING | [30da27d40eb6467fb637e2345ea9af42] | app.api.v1.sync_tasks | [30da27d40eb6467fb637e2345ea9af42] 接口已存在，跳过新增: PUT /api/stock/location-type/{id}/
2026-02-04 16:49:49 | WARNING | [30da27d40eb6467fb637e2345ea9af42] | app.api.v1.sync_tasks | [30da27d40eb6467fb637e2345ea9af42] 接口已存在，跳过新增: PATCH /api/order/po-line/{id}/
2026-02-04 16:49:49 | WARNING | [30da27d40eb6467fb637e2345ea9af42] | app.api.v1.sync_tasks | [30da27d40eb6467fb637e2345ea9af42] 接口已存在，跳过新增: GET /api/part/{id}/serial-numbers/
2026-02-04 16:49:49 | WARNING | [30da27d40eb6467fb637e2345ea9af42] | app.api.v1.sync_tasks | [30da27d40eb6467fb637e2345ea9af42] 接口已存在，跳过新增: POST /api/report/template/
2026-02-04 16:49:49 | WARNING | [30da27d40eb6467fb637e2345ea9af42] | app.api.v1.sync_tasks | [30da27d40eb6467fb637e2345ea9af42] 接口已存在，跳过新增: GET /api/user/ruleset/{id}/
2026-02-04 16:49:49 | WARNING | [30da27d40eb6467fb637e2345ea9af42] | app.api.v1.sync_tasks | [30da27d40eb6467fb637e2345ea9af42] 接口已存在，跳过新增: DELETE /api/barcode/history/
2026-02-04 16:49:49 | WARNING | [30da27d40eb6467fb637e2345ea9af42] | app.api.v1.sync_tasks | [30da27d40eb6467fb637e2345ea9af42] 接口已存在，跳过新增: POST /api/barcode/link/
2026-02-04 16:49:49 | WARNING | [30da27d40eb6467fb637e2345ea9af42] | app.api.v1.sync_tasks | [30da27d40eb6467fb637e2345ea9af42] 接口已存在，跳过新增: PUT /api/order/po-extra-line/{id}/
2026-02-04 16:49:49 | WARNING | [30da27d40eb6467fb637e2345ea9af42] | app.api.v1.sync_tasks | [30da27d40eb6467fb637e2345ea9af42] 接口已存在，跳过新增: PATCH /api/order/po/{id}/metadata/
2026-02-04 16:49:49 | WARNING | [30da27d40eb6467fb637e2345ea9af42] | app.api.v1.sync_tasks | [30da27d40eb6467fb637e2345ea9af42] 接口已存在，跳过新增: DELETE /api/user/me/
2026-02-04 16:49:49 | WARNING | [30da27d40eb6467fb637e2345ea9af42] | app.api.v1.sync_tasks | [30da27d40eb6467fb637e2345ea9af42] 接口已存在，跳过新增: PUT /api/bom/substitute/{id}/metadata/
2026-02-04 16:49:49 | WARNING | [30da27d40eb6467fb637e2345ea9af42] | app.api.v1.sync_tasks | [30da27d40eb6467fb637e2345ea9af42] 接口已存在，跳过新增: GET /api/company/contact/
2026-02-04 16:49:49 | WARNING | [30da27d40eb6467fb637e2345ea9af42] | app.api.v1.sync_tasks | [30da27d40eb6467fb637e2345ea9af42] 接口已存在，跳过新增: PUT /api/user/profile/
2026-02-04 16:49:49 | WARNING | [30da27d40eb6467fb637e2345ea9af42] | app.api.v1.sync_tasks | [30da27d40eb6467fb637e2345ea9af42] 接口已存在，跳过新增: GET /api/machine/status/
2026-02-04 16:49:49 | WARNING | [30da27d40eb6467fb637e2345ea9af42] | app.api.v1.sync_tasks | [30da27d40eb6467fb637e2345ea9af42] 接口已存在，跳过新增: GET /api/background-task/scheduled/
2026-02-04 16:49:49 | WARNING | [30da27d40eb6467fb637e2345ea9af42] | app.api.v1.sync_tasks | [30da27d40eb6467fb637e2345ea9af42] 接口已存在，跳过新增: DELETE /api/order/po-line/{id}/
2026-02-04 16:49:49 | WARNING | [30da27d40eb6467fb637e2345ea9af42] | app.api.v1.sync_tasks | [30da27d40eb6467fb637e2345ea9af42] 接口已存在，跳过新增: GET /api/part/parameter/template/{id}/
2026-02-04 16:49:49 | WARNING | [30da27d40eb6467fb637e2345ea9af42] | app.api.v1.sync_tasks | [30da27d40eb6467fb637e2345ea9af42] 接口已存在，跳过新增: PATCH /api/report/template/{id}/
2026-02-04 16:49:49 | INFO | [30da27d40eb6467fb637e2345ea9af42] | app.api.v1.sync_tasks | [30da27d40eb6467fb637e2345ea9af42] 变更应用完成: 0 个变更已应用
2026-02-04 16:49:49 | INFO | [30da27d40eb6467fb637e2345ea9af42] | app.api.v1.sync_tasks | [30da27d40eb6467fb637e2345ea9af42] 变更应用成功: 0 个变更
2026-02-04 16:49:49 | INFO | [1b0902400b114f94b065d76e5b2aa52f] | app.api.v1.sync_tasks | [1b0902400b114f94b065d76e5b2aa52f] 查询同步任务列表: skip=0, limit=20, user=admin, project_id=1
2026-02-04 16:49:52 | INFO | [cdd5ba85e9af4e4d9ed83595a82b39e3] | app.api.v1.api_cases | [cdd5ba85e9af4e4d9ed83595a82b39e3] 查询 API 用例列表: skip=0, limit=20, user=admin, project_id=1
2026-02-04 16:49:52 | INFO | [4b78d050264c40b489ebadf88dae809b] | app.api.v1.api_definitions | [4b78d050264c40b489ebadf88dae809b] 查询 API 定义列表: skip=0, limit=200, user=admin, project_id=1, version_id=1
2026-02-04 16:49:52 | INFO | [76983c6cb702487d8027b1ba3dea99c8] | app.api.v1.environments | [76983c6cb702487d8027b1ba3dea99c8] 用户 admin 获取环境列表: project_id=1
2026-02-04 16:49:52 | INFO | [76983c6cb702487d8027b1ba3dea99c8] | app.api.v1.environments | [76983c6cb702487d8027b1ba3dea99c8] 用户 admin 查看环境 项目 InvenTree (id=1) 的环境
2026-02-04 16:49:52 | INFO | [76983c6cb702487d8027b1ba3dea99c8] | app.api.v1.environments | [76983c6cb702487d8027b1ba3dea99c8] 获取环境列表成功: total=1
2026-02-04 16:49:52 | INFO | [0bf41e5d002549bca93715cff059f35d] | app.api.v1.api_definitions | [0bf41e5d002549bca93715cff059f35d] 查询 API 定义列表: skip=0, limit=200, user=admin, project_id=1, version_id=1
2026-02-04 16:49:52 | INFO | [a14ca1cdc5a1470f93035e70cbc54133] | app.api.v1.api_cases | [a14ca1cdc5a1470f93035e70cbc54133] 查询 API 用例列表: skip=0, limit=20, user=admin, project_id=1
2026-02-04 16:49:53 | INFO | [35ad24ae76d44a479c2b8eff19f0ae3c] | app.api.v1.environments | [35ad24ae76d44a479c2b8eff19f0ae3c] 用户 admin 获取环境列表: project_id=1
2026-02-04 16:49:53 | INFO | [35ad24ae76d44a479c2b8eff19f0ae3c] | app.api.v1.environments | [35ad24ae76d44a479c2b8eff19f0ae3c] 用户 admin 查看环境 项目 InvenTree (id=1) 的环境
2026-02-04 16:49:53 | INFO | [35ad24ae76d44a479c2b8eff19f0ae3c] | app.api.v1.environments | [35ad24ae76d44a479c2b8eff19f0ae3c] 获取环境列表成功: total=1
2026-02-04 16:49:54 | INFO | [213d7d58e244436fb8d80bff5ae4677d] | app.api.v1.api_definitions | [213d7d58e244436fb8d80bff5ae4677d] 查询 API 定义列表: skip=0, limit=20, user=admin, project_id=1, version_id=1
2026-02-04 16:49:54 | INFO | [b252e65ee8294f12866dea0c222d0e2c] | app.api.v1.api_definitions | [b252e65ee8294f12866dea0c222d0e2c] 查询 API 定义列表: skip=0, limit=20, user=admin, project_id=1, version_id=1
2026-02-04 16:49:54 | INFO | [96ee16b6027b46499c46469ff2fb6da3] | app.api.v1.api_definitions | [96ee16b6027b46499c46469ff2fb6da3] 查询 API 定义列表: skip=0, limit=20, user=admin, project_id=1, version_id=1
2026-02-04 16:49:55 | INFO | [0518c1f3d7f24b4ca956a2a179bd44a1] | app.api.v1.api_definitions | [0518c1f3d7f24b4ca956a2a179bd44a1] 查询 API 定义列表: skip=0, limit=50, user=admin, project_id=1, version_id=1
2026-02-04 16:49:55 | INFO | [1a93b604a2294c4c882f8aaa94f00209] | app.api.v1.api_definitions | [1a93b604a2294c4c882f8aaa94f00209] 查询 API 定义列表: skip=0, limit=50, user=admin, project_id=1, version_id=1
2026-02-04 16:49:56 | INFO | [40d22462048d4322ab53ea7af4dc1109] | app.api.v1.api_definitions | [40d22462048d4322ab53ea7af4dc1109] 查询 API 定义列表: skip=0, limit=20, user=admin, project_id=1, version_id=1
2026-02-04 16:49:56 | INFO | [531f40cb7b174c3dbcfa5da91d93faae] | app.api.v1.api_definitions | [531f40cb7b174c3dbcfa5da91d93faae] 查询 API 定义列表: skip=0, limit=20, user=admin, project_id=1, version_id=1
2026-02-04 16:49:56 | INFO | [7d93e92186744e378799aec988dad362] | app.api.v1.api_definitions | [7d93e92186744e378799aec988dad362] 查询 API 定义列表: skip=0, limit=20, user=admin, project_id=1, version_id=1
2026-02-04 16:49:57 | INFO | [44949caa4b2046748a2f28094f68d253] | app.api.v1.api_definitions | [44949caa4b2046748a2f28094f68d253] 查询 API 定义列表: skip=0, limit=20, user=admin, project_id=1, version_id=1
2026-02-04 16:52:52 | INFO | [93c9160686a54343b9a939a203add676] | app.api.v1.api_definitions | [93c9160686a54343b9a939a203add676] 查询 API 定义列表: skip=0, limit=20, user=admin, project_id=1, version_id=1
2026-02-04 16:55:15 | INFO | [0fca878db8404f51aad60e668387f55c] | root | 日志系统初始化完成
2026-02-04 16:55:16 | INFO | [0fca878db8404f51aad60e668387f55c] | app.main | 启动异步任务工作线程...
2026-02-04 16:55:16 | INFO | [0fca878db8404f51aad60e668387f55c] | app.main | 异步任务工作线程已启动
2026-02-04 16:55:16 | INFO | [0fca878db8404f51aad60e668387f55c] | app.core.async_task.manager | [0fca878db8404f51aad60e668387f55c] 启动异步任务工作线程
2026-02-04 16:55:59 | INFO | [52650d2388d2499fbc6d6a9633516f1d] | app.api.v1.api_definitions | [52650d2388d2499fbc6d6a9633516f1d] 查询 API 定义列表: skip=0, limit=20, user=admin, project_id=1, version_id=1
2026-02-04 16:56:06 | INFO | [76c91bf4cad24fe4a8dcb8ff29f774e6] | app.api.v1.api_cases | [76c91bf4cad24fe4a8dcb8ff29f774e6] 查询 API 用例列表: skip=0, limit=20, user=admin, project_id=1
2026-02-04 16:56:06 | INFO | [2ca1438af0124f989234eb5f46d8c515] | app.api.v1.api_definitions | [2ca1438af0124f989234eb5f46d8c515] 查询 API 定义列表: skip=0, limit=200, user=admin, project_id=1, version_id=1
2026-02-04 16:56:06 | INFO | [e8eda06f4c4c4ae59bf6a602e3d91a50] | app.api.v1.environments | [e8eda06f4c4c4ae59bf6a602e3d91a50] 用户 admin 获取环境列表: project_id=1
2026-02-04 16:56:06 | INFO | [e8eda06f4c4c4ae59bf6a602e3d91a50] | app.api.v1.environments | [e8eda06f4c4c4ae59bf6a602e3d91a50] 用户 admin 查看环境 项目 InvenTree (id=1) 的环境
2026-02-04 16:56:06 | INFO | [e8eda06f4c4c4ae59bf6a602e3d91a50] | app.api.v1.environments | [e8eda06f4c4c4ae59bf6a602e3d91a50] 获取环境列表成功: total=1
2026-02-04 16:56:06 | INFO | [596c3a463f8a48a6a0661b67d6bf9fd1] | app.api.v1.api_definitions | [596c3a463f8a48a6a0661b67d6bf9fd1] 查询 API 定义列表: skip=0, limit=200, user=admin, project_id=1, version_id=1
2026-02-04 16:56:07 | INFO | [0f90e33b80d943b8bea4b506daee7376] | app.api.v1.api_cases | [0f90e33b80d943b8bea4b506daee7376] 查询 API 用例列表: skip=0, limit=20, user=admin, project_id=1
2026-02-04 16:56:07 | INFO | [7802069764b74f66bf536260f416806c] | app.api.v1.environments | [7802069764b74f66bf536260f416806c] 用户 admin 获取环境列表: project_id=1
2026-02-04 16:56:07 | INFO | [7802069764b74f66bf536260f416806c] | app.api.v1.environments | [7802069764b74f66bf536260f416806c] 用户 admin 查看环境 项目 InvenTree (id=1) 的环境
2026-02-04 16:56:07 | INFO | [7802069764b74f66bf536260f416806c] | app.api.v1.environments | [7802069764b74f66bf536260f416806c] 获取环境列表成功: total=1
2026-02-04 16:56:08 | INFO | [f2357c38f3fe4b78ab9f058d0ca60188] | app.api.v1.api_cases | [f2357c38f3fe4b78ab9f058d0ca60188] 查询 API 用例列表: skip=0, limit=20, user=admin, project_id=1
2026-02-04 16:56:11 | INFO | [32c7af39f7b64bfe9078112c4994568f] | app.api.v1.api_definitions | [32c7af39f7b64bfe9078112c4994568f] 查询 API 定义列表: skip=0, limit=20, user=admin, project_id=1, version_id=1
2026-02-04 16:56:11 | INFO | [a56ab1f9fd3043f29d5482b72014e92e] | app.api.v1.api_definitions | [a56ab1f9fd3043f29d5482b72014e92e] 查询 API 定义列表: skip=0, limit=20, user=admin, project_id=1, version_id=1
2026-02-04 16:56:11 | INFO | [9d04234795714743909bb5b526c5c343] | app.api.v1.api_definitions | [9d04234795714743909bb5b526c5c343] 查询 API 定义列表: skip=0, limit=20, user=admin, project_id=1, version_id=1
2026-02-04 16:56:31 | INFO | [3574a8043c3e4da3ab3f81ad842916dc] | app.api.v1.projects | [3574a8043c3e4da3ab3f81ad842916dc] 用户 admin 获取项目列表: page=1, page_size=100
2026-02-04 16:56:31 | INFO | [3574a8043c3e4da3ab3f81ad842916dc] | app.api.v1.projects | [3574a8043c3e4da3ab3f81ad842916dc] 获取项目列表成功: total=2
2026-02-04 16:56:31 | INFO | [dfbb81637d574b1c8bbd4255d10e4e3b] | app.api.v1.versions | [dfbb81637d574b1c8bbd4255d10e4e3b] 用户 admin 获取版本列表: project_id=1, page=1, page_size=100
2026-02-04 16:56:31 | INFO | [dfbb81637d574b1c8bbd4255d10e4e3b] | app.api.v1.versions | [dfbb81637d574b1c8bbd4255d10e4e3b] 用户 admin 查看版本列表 项目 InvenTree (id=1) 的版本
2026-02-04 16:56:31 | INFO | [dfbb81637d574b1c8bbd4255d10e4e3b] | app.api.v1.versions | [dfbb81637d574b1c8bbd4255d10e4e3b] 获取版本列表成功: total=2
2026-02-04 16:56:31 | INFO | [7e857a62605746699da614804df20a40] | app.api.v1.projects | [7e857a62605746699da614804df20a40] 用户 admin 获取项目列表: page=1, page_size=100
2026-02-04 16:56:31 | INFO | [7e857a62605746699da614804df20a40] | app.api.v1.projects | [7e857a62605746699da614804df20a40] 获取项目列表成功: total=2
2026-02-04 16:56:31 | INFO | [3270e7e2f1b544b08a630abd0c1cd863] | app.api.v1.versions | [3270e7e2f1b544b08a630abd0c1cd863] 用户 admin 获取版本列表: project_id=1, page=1, page_size=100
2026-02-04 16:56:31 | INFO | [3270e7e2f1b544b08a630abd0c1cd863] | app.api.v1.versions | [3270e7e2f1b544b08a630abd0c1cd863] 用户 admin 查看版本列表 项目 InvenTree (id=1) 的版本
2026-02-04 16:56:31 | INFO | [3270e7e2f1b544b08a630abd0c1cd863] | app.api.v1.versions | [3270e7e2f1b544b08a630abd0c1cd863] 获取版本列表成功: total=2
2026-02-04 16:56:31 | INFO | [f6e7bc7892924f4e884f97f06233aadf] | app.api.v1.projects | [f6e7bc7892924f4e884f97f06233aadf] 用户 admin 获取项目列表: page=1, page_size=100
2026-02-04 16:56:31 | INFO | [f6e7bc7892924f4e884f97f06233aadf] | app.api.v1.projects | [f6e7bc7892924f4e884f97f06233aadf] 获取项目列表成功: total=2
2026-02-04 16:56:31 | INFO | [d8eab5f760614b11a00c8a4b78f03e06] | app.api.v1.projects | [d8eab5f760614b11a00c8a4b78f03e06] 用户 admin 获取项目列表: page=1, page_size=100
2026-02-04 16:56:31 | INFO | [d8eab5f760614b11a00c8a4b78f03e06] | app.api.v1.projects | [d8eab5f760614b11a00c8a4b78f03e06] 获取项目列表成功: total=2
2026-02-04 16:56:34 | INFO | [ff82f101685b4ba3a9bb4e958a2fb44b] | app.api.v1.api_definitions | [ff82f101685b4ba3a9bb4e958a2fb44b] 查询 API 定义列表: skip=0, limit=20, user=admin, project_id=1, version_id=1
2026-02-04 16:56:34 | INFO | [bed99eebc1e8418bb31c2b93d1e834b1] | app.api.v1.api_definitions | [bed99eebc1e8418bb31c2b93d1e834b1] 查询 API 定义列表: skip=0, limit=20, user=admin, project_id=1, version_id=1
2026-02-04 16:56:34 | INFO | [0441f423d25e4f8bad0b11162bff5273] | app.api.v1.api_definitions | [0441f423d25e4f8bad0b11162bff5273] 查询 API 定义列表: skip=0, limit=20, user=admin, project_id=1, version_id=1
2026-02-04 16:56:56 | INFO | [8ab18c5a0160492290eea50253c1266e] | app.api.v1.api_definitions | [8ab18c5a0160492290eea50253c1266e] 查询 API 定义列表: skip=0, limit=20, user=admin, project_id=1, version_id=1
2026-02-04 16:56:59 | INFO | [89341e072cf8428b88d4593b7ac1dc53] | app.api.v1.api_definitions | [89341e072cf8428b88d4593b7ac1dc53] 查询 API 定义列表: skip=0, limit=20, user=admin, project_id=1, version_id=1
2026-02-04 16:57:07 | INFO | [5648bcc666f141e6966c305c11ba34bd] | app.api.v1.projects | [5648bcc666f141e6966c305c11ba34bd] 用户 admin 获取项目列表: page=1, page_size=100
2026-02-04 16:57:07 | INFO | [5648bcc666f141e6966c305c11ba34bd] | app.api.v1.projects | [5648bcc666f141e6966c305c11ba34bd] 获取项目列表成功: total=2
2026-02-04 16:57:07 | INFO | [56bbe18ce369406eac0c7c91d0055f39] | app.api.v1.versions | [56bbe18ce369406eac0c7c91d0055f39] 用户 admin 获取版本列表: project_id=1, page=1, page_size=100
2026-02-04 16:57:07 | INFO | [56bbe18ce369406eac0c7c91d0055f39] | app.api.v1.versions | [56bbe18ce369406eac0c7c91d0055f39] 用户 admin 查看版本列表 项目 InvenTree (id=1) 的版本
2026-02-04 16:57:07 | INFO | [56bbe18ce369406eac0c7c91d0055f39] | app.api.v1.versions | [56bbe18ce369406eac0c7c91d0055f39] 获取版本列表成功: total=2
2026-02-04 16:57:07 | INFO | [09d4c76301da470bba5f13da3f2ed2ef] | app.api.v1.projects | [09d4c76301da470bba5f13da3f2ed2ef] 用户 admin 获取项目列表: page=1, page_size=100
2026-02-04 16:57:07 | INFO | [09d4c76301da470bba5f13da3f2ed2ef] | app.api.v1.projects | [09d4c76301da470bba5f13da3f2ed2ef] 获取项目列表成功: total=2
2026-02-04 16:57:07 | INFO | [ffa38a4ffd294d85bf739a6f6e9c0998] | app.api.v1.versions | [ffa38a4ffd294d85bf739a6f6e9c0998] 用户 admin 获取版本列表: project_id=1, page=1, page_size=100
2026-02-04 16:57:07 | INFO | [ffa38a4ffd294d85bf739a6f6e9c0998] | app.api.v1.versions | [ffa38a4ffd294d85bf739a6f6e9c0998] 用户 admin 查看版本列表 项目 InvenTree (id=1) 的版本
2026-02-04 16:57:07 | INFO | [ffa38a4ffd294d85bf739a6f6e9c0998] | app.api.v1.versions | [ffa38a4ffd294d85bf739a6f6e9c0998] 获取版本列表成功: total=2
2026-02-04 16:57:07 | INFO | [44ebf8d4a3a244ea92743dea67752226] | app.api.v1.projects | [44ebf8d4a3a244ea92743dea67752226] 用户 admin 获取项目列表: page=1, page_size=100
2026-02-04 16:57:07 | INFO | [44ebf8d4a3a244ea92743dea67752226] | app.api.v1.projects | [44ebf8d4a3a244ea92743dea67752226] 获取项目列表成功: total=2
2026-02-04 16:57:07 | INFO | [b2a60b0ccd87429d9f0679693af553d6] | app.api.v1.projects | [b2a60b0ccd87429d9f0679693af553d6] 用户 admin 获取项目列表: page=1, page_size=100
2026-02-04 16:57:07 | INFO | [b2a60b0ccd87429d9f0679693af553d6] | app.api.v1.projects | [b2a60b0ccd87429d9f0679693af553d6] 获取项目列表成功: total=2
2026-02-04 16:57:10 | INFO | [f8f72c74af8f4053ae4d14c14c629cf4] | app.api.v1.api_definitions | [f8f72c74af8f4053ae4d14c14c629cf4] 查询 API 定义列表: skip=0, limit=20, user=admin, project_id=1, version_id=1
2026-02-04 16:57:10 | INFO | [2ac831cdde6d4e6c9769d5bb8a0106fd] | app.api.v1.api_definitions | [2ac831cdde6d4e6c9769d5bb8a0106fd] 查询 API 定义列表: skip=0, limit=20, user=admin, project_id=1, version_id=1
2026-02-04 16:57:10 | INFO | [750bcdefc6f844b798eb621209568cd0] | app.api.v1.api_definitions | [750bcdefc6f844b798eb621209568cd0] 查询 API 定义列表: skip=0, limit=20, user=admin, project_id=1, version_id=1
2026-02-04 16:57:13 | INFO | [ad1eb210cc4741f79298eb7c0edf51b9] | app.api.v1.api_cases | [ad1eb210cc4741f79298eb7c0edf51b9] 查询 API 用例列表: skip=0, limit=20, user=admin, project_id=1
2026-02-04 16:57:13 | INFO | [cb9da735020e43628b24ae71975df486] | app.api.v1.api_cases | [cb9da735020e43628b24ae71975df486] 查询 API 用例列表: skip=0, limit=20, user=admin, project_id=1
2026-02-04 16:57:13 | INFO | [8d4c0c12fa3b4a5f853d5b95dd66a67d] | app.api.v1.environments | [8d4c0c12fa3b4a5f853d5b95dd66a67d] 用户 admin 获取环境列表: project_id=1
2026-02-04 16:57:13 | INFO | [8d4c0c12fa3b4a5f853d5b95dd66a67d] | app.api.v1.environments | [8d4c0c12fa3b4a5f853d5b95dd66a67d] 用户 admin 查看环境 项目 InvenTree (id=1) 的环境
2026-02-04 16:57:13 | INFO | [8d4c0c12fa3b4a5f853d5b95dd66a67d] | app.api.v1.environments | [8d4c0c12fa3b4a5f853d5b95dd66a67d] 获取环境列表成功: total=1
2026-02-04 16:57:13 | INFO | [dded1d6b33cf4208b5bfaf0dd601e001] | app.api.v1.api_definitions | [dded1d6b33cf4208b5bfaf0dd601e001] 查询 API 定义列表: skip=0, limit=200, user=admin, project_id=1, version_id=1
2026-02-04 16:57:14 | INFO | [d3592ae70e5840e998c1138d709fc162] | app.api.v1.api_definitions | [d3592ae70e5840e998c1138d709fc162] 查询 API 定义列表: skip=0, limit=200, user=admin, project_id=1, version_id=1
2026-02-04 16:57:14 | INFO | [0e4025b72b9e48ebac82fec6dcf85b3f] | app.api.v1.environments | [0e4025b72b9e48ebac82fec6dcf85b3f] 用户 admin 获取环境列表: project_id=1
2026-02-04 16:57:14 | INFO | [0e4025b72b9e48ebac82fec6dcf85b3f] | app.api.v1.environments | [0e4025b72b9e48ebac82fec6dcf85b3f] 用户 admin 查看环境 项目 InvenTree (id=1) 的环境
2026-02-04 16:57:14 | INFO | [0e4025b72b9e48ebac82fec6dcf85b3f] | app.api.v1.environments | [0e4025b72b9e48ebac82fec6dcf85b3f] 获取环境列表成功: total=1
2026-02-04 16:57:58 | INFO | [98a95b6bea7d4ef1a8446ce830df3019] | app.api.v1.api_cases | [98a95b6bea7d4ef1a8446ce830df3019] 查询 API 用例列表: skip=0, limit=20, user=admin, project_id=1
2026-02-04 16:58:02 | INFO | [3cdd78c527ef46a19d47ea7238b07d41] | app.api.v1.api_definitions | [3cdd78c527ef46a19d47ea7238b07d41] 查询 API 定义列表: skip=0, limit=20, user=admin, project_id=1, version_id=1
2026-02-04 16:58:02 | INFO | [1d646cacd892437cbec4d91c5148e7cc] | app.api.v1.api_definitions | [1d646cacd892437cbec4d91c5148e7cc] 查询 API 定义列表: skip=0, limit=20, user=admin, project_id=1, version_id=1
2026-02-04 16:58:02 | INFO | [74e845153d674190a25edfd69a20688a] | app.api.v1.api_definitions | [74e845153d674190a25edfd69a20688a] 查询 API 定义列表: skip=0, limit=20, user=admin, project_id=1, version_id=1
2026-02-04 16:58:06 | INFO | [587763e157c44b4298d5290f63d981d5] | app.api.v1.api_cases | [587763e157c44b4298d5290f63d981d5] 查询 API 用例列表: skip=0, limit=20, user=admin, project_id=1
2026-02-04 16:58:06 | INFO | [155e875b9c4d41a4aaf61aba6283136c] | app.api.v1.environments | [155e875b9c4d41a4aaf61aba6283136c] 用户 admin 获取环境列表: project_id=1
2026-02-04 16:58:06 | INFO | [155e875b9c4d41a4aaf61aba6283136c] | app.api.v1.environments | [155e875b9c4d41a4aaf61aba6283136c] 用户 admin 查看环境 项目 InvenTree (id=1) 的环境
2026-02-04 16:58:06 | INFO | [155e875b9c4d41a4aaf61aba6283136c] | app.api.v1.environments | [155e875b9c4d41a4aaf61aba6283136c] 获取环境列表成功: total=1
2026-02-04 16:58:06 | INFO | [6db232c05d8145fd8cea7ea61403d335] | app.api.v1.api_definitions | [6db232c05d8145fd8cea7ea61403d335] 查询 API 定义列表: skip=0, limit=200, user=admin, project_id=1, version_id=1
2026-02-04 16:58:06 | INFO | [576a12eab0f0471ca9122e92973252dc] | app.api.v1.api_cases | [576a12eab0f0471ca9122e92973252dc] 查询 API 用例列表: skip=0, limit=20, user=admin, project_id=1
2026-02-04 16:58:06 | INFO | [9ed697202ad141529eac3d39cac0ca42] | app.api.v1.api_definitions | [9ed697202ad141529eac3d39cac0ca42] 查询 API 定义列表: skip=0, limit=200, user=admin, project_id=1, version_id=1
2026-02-04 16:58:06 | INFO | [a1fbec024f474c779888dbbe90fda626] | app.api.v1.environments | [a1fbec024f474c779888dbbe90fda626] 用户 admin 获取环境列表: project_id=1
2026-02-04 16:58:06 | INFO | [a1fbec024f474c779888dbbe90fda626] | app.api.v1.environments | [a1fbec024f474c779888dbbe90fda626] 用户 admin 查看环境 项目 InvenTree (id=1) 的环境
2026-02-04 16:58:06 | INFO | [a1fbec024f474c779888dbbe90fda626] | app.api.v1.environments | [a1fbec024f474c779888dbbe90fda626] 获取环境列表成功: total=1
2026-02-04 17:00:53 | INFO | [a652f039a73c46529b546df7839158db] | app.api.v1.api_definitions | [a652f039a73c46529b546df7839158db] 查询 API 定义列表: skip=0, limit=20, user=admin, project_id=1, version_id=1
2026-02-04 17:00:53 | INFO | [553e8b65e5ac48ddb175766cbc4e8b5e] | app.api.v1.api_definitions | [553e8b65e5ac48ddb175766cbc4e8b5e] 查询 API 定义列表: skip=0, limit=20, user=admin, project_id=1, version_id=1
2026-02-04 17:00:53 | INFO | [1f3d43913bf442198802e39f027def4f] | app.api.v1.api_definitions | [1f3d43913bf442198802e39f027def4f] 查询 API 定义列表: skip=0, limit=20, user=admin, project_id=1, version_id=1
2026-02-04 17:00:58 | INFO | [8bbcc811f8e743cf80c21ebcabf25872] | app.api.v1.api_cases | [8bbcc811f8e743cf80c21ebcabf25872] 查询 API 用例列表: skip=0, limit=20, user=admin, project_id=1
2026-02-04 17:00:58 | INFO | [07870b1fab5647589da3afd327385a1c] | app.api.v1.environments | [07870b1fab5647589da3afd327385a1c] 用户 admin 获取环境列表: project_id=1
2026-02-04 17:00:58 | INFO | [07870b1fab5647589da3afd327385a1c] | app.api.v1.environments | [07870b1fab5647589da3afd327385a1c] 用户 admin 查看环境 项目 InvenTree (id=1) 的环境
2026-02-04 17:00:58 | INFO | [07870b1fab5647589da3afd327385a1c] | app.api.v1.environments | [07870b1fab5647589da3afd327385a1c] 获取环境列表成功: total=1
2026-02-04 17:00:58 | INFO | [5b21d73f16964a689be7ef97b757712f] | app.api.v1.api_definitions | [5b21d73f16964a689be7ef97b757712f] 查询 API 定义列表: skip=0, limit=200, user=admin, project_id=1, version_id=1
2026-02-04 17:00:59 | INFO | [4c80695c1cc844efb8d1ad52e4dcfc92] | app.api.v1.environments | [4c80695c1cc844efb8d1ad52e4dcfc92] 用户 admin 获取环境列表: project_id=1
2026-02-04 17:00:59 | INFO | [4c80695c1cc844efb8d1ad52e4dcfc92] | app.api.v1.environments | [4c80695c1cc844efb8d1ad52e4dcfc92] 用户 admin 查看环境 项目 InvenTree (id=1) 的环境
2026-02-04 17:00:59 | INFO | [4c80695c1cc844efb8d1ad52e4dcfc92] | app.api.v1.environments | [4c80695c1cc844efb8d1ad52e4dcfc92] 获取环境列表成功: total=1
2026-02-04 17:00:59 | INFO | [3bbdd7f2e54c4089934e9b14e738b9a5] | app.api.v1.api_cases | [3bbdd7f2e54c4089934e9b14e738b9a5] 查询 API 用例列表: skip=0, limit=20, user=admin, project_id=1
2026-02-04 17:00:59 | INFO | [4849c0d60d194651b361d6fd985c02d2] | app.api.v1.api_definitions | [4849c0d60d194651b361d6fd985c02d2] 查询 API 定义列表: skip=0, limit=200, user=admin, project_id=1, version_id=1
2026-02-04 17:01:08 | INFO | [79b8a5bde4f249d3b1a5c2244863be99] | app.api.v1.api_definitions | [79b8a5bde4f249d3b1a5c2244863be99] 查询 API 定义列表: skip=0, limit=20, user=admin, project_id=1, version_id=1
2026-02-04 17:01:08 | INFO | [bd869438df5745d09fc6ba1d7f2a95eb] | app.api.v1.api_definitions | [bd869438df5745d09fc6ba1d7f2a95eb] 查询 API 定义列表: skip=0, limit=20, user=admin, project_id=1, version_id=1
2026-02-04 17:01:08 | INFO | [5558fef3dc2d47de8accd31bc19f4f25] | app.api.v1.api_definitions | [5558fef3dc2d47de8accd31bc19f4f25] 查询 API 定义列表: skip=0, limit=20, user=admin, project_id=1, version_id=1
2026-02-04 17:01:10 | INFO | [d0cdddc78dd74edc9749c43f8a573b85] | app.api.v1.api_cases | [d0cdddc78dd74edc9749c43f8a573b85] 查询 API 用例列表: skip=0, limit=20, user=admin, project_id=1
2026-02-04 17:01:10 | INFO | [4d69d04b809f460085f0b082a9fe8844] | app.api.v1.api_cases | [4d69d04b809f460085f0b082a9fe8844] 查询 API 用例列表: skip=0, limit=20, user=admin, project_id=1
2026-02-04 17:01:10 | INFO | [41e3d39b3820462195ded9271e5a0fff] | app.api.v1.api_definitions | [41e3d39b3820462195ded9271e5a0fff] 查询 API 定义列表: skip=0, limit=200, user=admin, project_id=1, version_id=1
2026-02-04 17:01:10 | INFO | [279fb52df0154589af568bfd82d14468] | app.api.v1.environments | [279fb52df0154589af568bfd82d14468] 用户 admin 获取环境列表: project_id=1
2026-02-04 17:01:10 | INFO | [279fb52df0154589af568bfd82d14468] | app.api.v1.environments | [279fb52df0154589af568bfd82d14468] 用户 admin 查看环境 项目 InvenTree (id=1) 的环境
2026-02-04 17:01:10 | INFO | [279fb52df0154589af568bfd82d14468] | app.api.v1.environments | [279fb52df0154589af568bfd82d14468] 获取环境列表成功: total=1
2026-02-04 17:01:10 | INFO | [c57e4c6285fc42d983c42c0d96f31ba3] | app.api.v1.api_definitions | [c57e4c6285fc42d983c42c0d96f31ba3] 查询 API 定义列表: skip=0, limit=200, user=admin, project_id=1, version_id=1
2026-02-04 17:01:10 | INFO | [62348fac791a46ff97090ac7e56c6121] | app.api.v1.environments | [62348fac791a46ff97090ac7e56c6121] 用户 admin 获取环境列表: project_id=1
2026-02-04 17:01:10 | INFO | [62348fac791a46ff97090ac7e56c6121] | app.api.v1.environments | [62348fac791a46ff97090ac7e56c6121] 用户 admin 查看环境 项目 InvenTree (id=1) 的环境
2026-02-04 17:01:10 | INFO | [62348fac791a46ff97090ac7e56c6121] | app.api.v1.environments | [62348fac791a46ff97090ac7e56c6121] 获取环境列表成功: total=1
2026-02-04 17:01:11 | INFO | [511e6416ca644a9da5e644f62b7094e1] | app.api.v1.api_cases | [511e6416ca644a9da5e644f62b7094e1] 查询 API 用例列表: skip=0, limit=20, user=admin, project_id=1
2026-02-04 17:01:14 | INFO | [25aca7b0808148e89cce9feaeb17b91d] | app.api.v1.api_cases | [25aca7b0808148e89cce9feaeb17b91d] AI 生成基准用例: definition_id=647, user=admin
2026-02-04 17:01:14 | ERROR | [25aca7b0808148e89cce9feaeb17b91d] | app.ai.service | AI 生成基准用例失败: asyncio.run() cannot be called from a running event loop
2026-02-04 17:01:14 | ERROR | [25aca7b0808148e89cce9feaeb17b91d] | app.api.v1.api_cases | [25aca7b0808148e89cce9feaeb17b91d] AI 生成基准用例失败: asyncio.run() cannot be called from a running event loop
2026-02-04 17:01:14 | ERROR | [25aca7b0808148e89cce9feaeb17b91d] | app.dependencies | 数据库会话异常: 500: AI 生成失败：asyncio.run() cannot be called from a running event loop
Traceback (most recent call last):
  File "D:\code\BugSeek\backend\app\api\v1\api_cases.py", line 582, in ai_generate_base_case
    result = ai_service.generate_base_case(
  File "D:\code\BugSeek\backend\app\ai\service.py", line 141, in generate_base_case
    result = asyncio.run(self.execute(
  File "C:\Users\81026\AppData\Local\Programs\Python\Python310\lib\asyncio\runners.py", line 33, in run
    raise RuntimeError(
RuntimeError: asyncio.run() cannot be called from a running event loop

During handling of the above exception, another exception occurred:

Traceback (most recent call last):
  File "D:\code\BugSeek\backend\app\dependencies.py", line 19, in get_db
    yield db
  File "C:\Users\81026\AppData\Local\Programs\Python\Python310\lib\site-packages\fastapi\concurrency.py", line 29, in contextmanager_in_threadpool
    yield await run_in_threadpool(cm.__enter__)
  File "C:\Users\81026\AppData\Local\Programs\Python\Python310\lib\site-packages\fastapi\routing.py", line 101, in app
    response = await f(request)
  File "C:\Users\81026\AppData\Local\Programs\Python\Python310\lib\site-packages\fastapi\routing.py", line 355, in app
    raw_response = await run_endpoint_function(
  File "C:\Users\81026\AppData\Local\Programs\Python\Python310\lib\site-packages\fastapi\routing.py", line 243, in run_endpoint_function
    return await dependant.call(**values)
  File "D:\code\BugSeek\backend\app\api\v1\api_cases.py", line 601, in ai_generate_base_case
    raise HTTPException(
fastapi.exceptions.HTTPException: 500: AI 生成失败：asyncio.run() cannot be called from a running event loop
2026-02-04 17:01:30 | INFO | [dd6f511a02754adea458ee93cc9ddb70] | app.api.v1.api_cases | [dd6f511a02754adea458ee93cc9ddb70] 创建 API 用例: definition_id=647, name=V1, user=admin
2026-02-04 17:01:30 | INFO | [dd6f511a02754adea458ee93cc9ddb70] | app.api.v1.api_cases | [dd6f511a02754adea458ee93cc9ddb70] API 用例创建成功: id=1
2026-02-04 17:01:30 | INFO | [0a7bf8bd92e6491a9df689998da64662] | app.api.v1.api_cases | [0a7bf8bd92e6491a9df689998da64662] 查询 API 用例列表: skip=0, limit=20, user=admin, project_id=1
2026-02-04 17:01:41 | INFO | [bf8b4efae42146a588b2faa78ba8921e] | app.api.v1.api_cases | [bf8b4efae42146a588b2faa78ba8921e] AI 生成断言: user=admin
2026-02-04 17:01:41 | ERROR | [bf8b4efae42146a588b2faa78ba8921e] | app.ai.service | AI 生成断言失败: asyncio.run() cannot be called from a running event loop
2026-02-04 17:01:41 | ERROR | [bf8b4efae42146a588b2faa78ba8921e] | app.api.v1.api_cases | [bf8b4efae42146a588b2faa78ba8921e] AI 生成断言失败: asyncio.run() cannot be called from a running event loop
2026-02-04 17:01:41 | ERROR | [bf8b4efae42146a588b2faa78ba8921e] | app.dependencies | 数据库会话异常: 500: AI 生成失败：asyncio.run() cannot be called from a running event loop
Traceback (most recent call last):
  File "D:\code\BugSeek\backend\app\api\v1\api_cases.py", line 628, in ai_generate_assertions
    result = ai_service.generate_assertions(
  File "D:\code\BugSeek\backend\app\ai\service.py", line 183, in generate_assertions
    result = asyncio.run(self.execute(
  File "C:\Users\81026\AppData\Local\Programs\Python\Python310\lib\asyncio\runners.py", line 33, in run
    raise RuntimeError(
RuntimeError: asyncio.run() cannot be called from a running event loop

During handling of the above exception, another exception occurred:

Traceback (most recent call last):
  File "D:\code\BugSeek\backend\app\dependencies.py", line 19, in get_db
    yield db
  File "C:\Users\81026\AppData\Local\Programs\Python\Python310\lib\site-packages\fastapi\concurrency.py", line 29, in contextmanager_in_threadpool
    yield await run_in_threadpool(cm.__enter__)
  File "C:\Users\81026\AppData\Local\Programs\Python\Python310\lib\site-packages\fastapi\routing.py", line 101, in app
    response = await f(request)
  File "C:\Users\81026\AppData\Local\Programs\Python\Python310\lib\site-packages\fastapi\routing.py", line 355, in app
    raw_response = await run_endpoint_function(
  File "C:\Users\81026\AppData\Local\Programs\Python\Python310\lib\site-packages\fastapi\routing.py", line 243, in run_endpoint_function
    return await dependant.call(**values)
  File "D:\code\BugSeek\backend\app\api\v1\api_cases.py", line 643, in ai_generate_assertions
    raise HTTPException(
fastapi.exceptions.HTTPException: 500: AI 生成失败：asyncio.run() cannot be called from a running event loop
2026-02-04 17:02:31 | INFO | [bc563db3bb8a4ae7bdbeff170a07d0f3] | app.api.v1.api_definitions | [bc563db3bb8a4ae7bdbeff170a07d0f3] 查询 API 定义列表: skip=0, limit=20, user=admin, project_id=1, version_id=1
2026-02-04 17:02:31 | INFO | [6ae85d274925425b9498c04bebb1c68d] | app.api.v1.api_definitions | [6ae85d274925425b9498c04bebb1c68d] 查询 API 定义列表: skip=0, limit=20, user=admin, project_id=1, version_id=1
2026-02-04 17:02:31 | INFO | [73775550ad2449e483e677a9b2d4c546] | app.api.v1.api_definitions | [73775550ad2449e483e677a9b2d4c546] 查询 API 定义列表: skip=0, limit=20, user=admin, project_id=1, version_id=1
2026-02-04 17:02:37 | INFO | [19d88aa4b48e430da6646a18b7608705] | app.api.v1.api_cases | [19d88aa4b48e430da6646a18b7608705] 查询 API 用例列表: skip=0, limit=20, user=admin, project_id=1
2026-02-04 17:02:37 | INFO | [077e67608a594806a5770ac8ba0774cb] | app.api.v1.api_definitions | [077e67608a594806a5770ac8ba0774cb] 查询 API 定义列表: skip=0, limit=200, user=admin, project_id=1, version_id=1
2026-02-04 17:02:37 | INFO | [be3b41a1576d4c078f891096b4e98cb3] | app.api.v1.environments | [be3b41a1576d4c078f891096b4e98cb3] 用户 admin 获取环境列表: project_id=1
2026-02-04 17:02:37 | INFO | [be3b41a1576d4c078f891096b4e98cb3] | app.api.v1.environments | [be3b41a1576d4c078f891096b4e98cb3] 用户 admin 查看环境 项目 InvenTree (id=1) 的环境
2026-02-04 17:02:37 | INFO | [be3b41a1576d4c078f891096b4e98cb3] | app.api.v1.environments | [be3b41a1576d4c078f891096b4e98cb3] 获取环境列表成功: total=1
2026-02-04 17:02:37 | INFO | [243fa556ee174cefa44acd53f165d0f8] | app.api.v1.environments | [243fa556ee174cefa44acd53f165d0f8] 用户 admin 获取环境列表: project_id=1
2026-02-04 17:02:37 | INFO | [243fa556ee174cefa44acd53f165d0f8] | app.api.v1.environments | [243fa556ee174cefa44acd53f165d0f8] 用户 admin 查看环境 项目 InvenTree (id=1) 的环境
2026-02-04 17:02:37 | INFO | [243fa556ee174cefa44acd53f165d0f8] | app.api.v1.environments | [243fa556ee174cefa44acd53f165d0f8] 获取环境列表成功: total=1
2026-02-04 17:02:37 | INFO | [762d8111d62f4aa18a2e41796f376679] | app.api.v1.api_cases | [762d8111d62f4aa18a2e41796f376679] 查询 API 用例列表: skip=0, limit=20, user=admin, project_id=1
2026-02-04 17:02:37 | INFO | [e55b8490ba314b638e225256530c5072] | app.api.v1.api_definitions | [e55b8490ba314b638e225256530c5072] 查询 API 定义列表: skip=0, limit=200, user=admin, project_id=1, version_id=1
2026-02-04 17:02:55 | INFO | [a72e3b4a85c743e189f90bcd128b7fe8] | app.api.v1.api_definitions | [a72e3b4a85c743e189f90bcd128b7fe8] 查询 API 定义列表: skip=0, limit=20, user=admin, project_id=1, version_id=1
2026-02-04 17:02:55 | INFO | [ffe84ad38b964fc0acba043bbcc813fd] | app.api.v1.api_definitions | [ffe84ad38b964fc0acba043bbcc813fd] 查询 API 定义列表: skip=0, limit=20, user=admin, project_id=1, version_id=1
2026-02-04 17:02:55 | INFO | [64148486b50f4779a594472d5e7b90c7] | app.api.v1.api_definitions | [64148486b50f4779a594472d5e7b90c7] 查询 API 定义列表: skip=0, limit=20, user=admin, project_id=1, version_id=1
2026-02-04 17:03:04 | INFO | [7757d5bc07a548f1b154d33077eb895c] | app.api.v1.api_definitions | [7757d5bc07a548f1b154d33077eb895c] 查询 API 定义列表: skip=80, limit=20, user=admin, project_id=1, version_id=1
2026-02-04 17:03:11 | INFO | [1ccb1fe433334fbfae23ecfd995ac8d5] | app.api.v1.api_cases | [1ccb1fe433334fbfae23ecfd995ac8d5] 查询 API 用例列表: skip=0, limit=20, user=admin, project_id=1
2026-02-04 17:03:11 | INFO | [89c600454ede4d64b6132ec057b86176] | app.api.v1.api_definitions | [89c600454ede4d64b6132ec057b86176] 查询 API 定义列表: skip=0, limit=200, user=admin, project_id=1, version_id=1
2026-02-04 17:03:11 | INFO | [4b91eca4451d4fc989fa458da56c2419] | app.api.v1.api_cases | [4b91eca4451d4fc989fa458da56c2419] 查询 API 用例列表: skip=0, limit=20, user=admin, project_id=1
2026-02-04 17:03:11 | INFO | [9d5920531bea4c7a8a5fdf141b2f0b31] | app.api.v1.environments | [9d5920531bea4c7a8a5fdf141b2f0b31] 用户 admin 获取环境列表: project_id=1
2026-02-04 17:03:11 | INFO | [9d5920531bea4c7a8a5fdf141b2f0b31] | app.api.v1.environments | [9d5920531bea4c7a8a5fdf141b2f0b31] 用户 admin 查看环境 项目 InvenTree (id=1) 的环境
2026-02-04 17:03:11 | INFO | [9d5920531bea4c7a8a5fdf141b2f0b31] | app.api.v1.environments | [9d5920531bea4c7a8a5fdf141b2f0b31] 获取环境列表成功: total=1
2026-02-04 17:03:11 | INFO | [39c50d2f51fa4929a691a7d8afbfad14] | app.api.v1.api_definitions | [39c50d2f51fa4929a691a7d8afbfad14] 查询 API 定义列表: skip=0, limit=200, user=admin, project_id=1, version_id=1
2026-02-04 17:03:11 | INFO | [4732b47aaf114561b33ad49209d4c976] | app.api.v1.environments | [4732b47aaf114561b33ad49209d4c976] 用户 admin 获取环境列表: project_id=1
2026-02-04 17:03:11 | INFO | [4732b47aaf114561b33ad49209d4c976] | app.api.v1.environments | [4732b47aaf114561b33ad49209d4c976] 用户 admin 查看环境 项目 InvenTree (id=1) 的环境
2026-02-04 17:03:11 | INFO | [4732b47aaf114561b33ad49209d4c976] | app.api.v1.environments | [4732b47aaf114561b33ad49209d4c976] 获取环境列表成功: total=1
2026-02-04 17:24:50 | INFO | [9064f1ea856044b7a6f108e4768ba399] | app.api.v1.projects | [9064f1ea856044b7a6f108e4768ba399] 用户 admin 获取项目列表: page=1, page_size=100
2026-02-04 17:24:50 | INFO | [9064f1ea856044b7a6f108e4768ba399] | app.api.v1.projects | [9064f1ea856044b7a6f108e4768ba399] 获取项目列表成功: total=2
2026-02-04 17:24:50 | INFO | [1166de749e244b69b3530fb82429dea8] | app.api.v1.versions | [1166de749e244b69b3530fb82429dea8] 用户 admin 获取版本列表: project_id=1, page=1, page_size=100
2026-02-04 17:24:50 | INFO | [1166de749e244b69b3530fb82429dea8] | app.api.v1.versions | [1166de749e244b69b3530fb82429dea8] 用户 admin 查看版本列表 项目 InvenTree (id=1) 的版本
2026-02-04 17:24:50 | INFO | [1166de749e244b69b3530fb82429dea8] | app.api.v1.versions | [1166de749e244b69b3530fb82429dea8] 获取版本列表成功: total=2
2026-02-04 17:25:01 | INFO | [d79a9555d80a432695566ecbc97877fc] | app.api.v1.versions | [d79a9555d80a432695566ecbc97877fc] 用户 admin 获取版本列表: project_id=1, page=1, page_size=100
2026-02-04 17:25:01 | INFO | [d79a9555d80a432695566ecbc97877fc] | app.api.v1.versions | [d79a9555d80a432695566ecbc97877fc] 用户 admin 查看版本列表 项目 InvenTree (id=1) 的版本
2026-02-04 17:25:01 | INFO | [d79a9555d80a432695566ecbc97877fc] | app.api.v1.versions | [d79a9555d80a432695566ecbc97877fc] 获取版本列表成功: total=2
2026-02-04 17:25:01 | INFO | [75e2e59e1fd54d1299991b962217efff] | app.api.v1.projects | [75e2e59e1fd54d1299991b962217efff] 用户 admin 获取项目列表: page=1, page_size=100
2026-02-04 17:25:01 | INFO | [75e2e59e1fd54d1299991b962217efff] | app.api.v1.projects | [75e2e59e1fd54d1299991b962217efff] 获取项目列表成功: total=2
2026-02-04 17:32:31 | INFO | [2d9fd46972e84a8c91d0962f8ab5fbf7] | app.api.v1.api_cases | [2d9fd46972e84a8c91d0962f8ab5fbf7] 查询 API 用例列表: skip=0, limit=20, user=admin, project_id=1
2026-02-04 17:36:49 | INFO | [e23afb05d05f48a9a67a47ae735a4a2a] | root | 日志系统初始化完成
2026-02-04 17:36:49 | INFO | [e23afb05d05f48a9a67a47ae735a4a2a] | app.main | 启动异步任务工作线程...
2026-02-04 17:36:49 | INFO | [e23afb05d05f48a9a67a47ae735a4a2a] | app.main | 异步任务工作线程已启动
2026-02-04 17:36:49 | INFO | [e23afb05d05f48a9a67a47ae735a4a2a] | app.core.async_task.manager | [e23afb05d05f48a9a67a47ae735a4a2a] 启动异步任务工作线程
2026-02-04 17:37:18 | INFO | [fa23f3d645674fcfa808a7bbccd111b8] | root | 日志系统初始化完成
2026-02-04 17:37:18 | INFO | [fa23f3d645674fcfa808a7bbccd111b8] | app.main | 启动异步任务工作线程...
2026-02-04 17:37:18 | INFO | [fa23f3d645674fcfa808a7bbccd111b8] | app.main | 异步任务工作线程已启动
2026-02-04 17:37:18 | INFO | [fa23f3d645674fcfa808a7bbccd111b8] | app.core.async_task.manager | [fa23f3d645674fcfa808a7bbccd111b8] 启动异步任务工作线程
2026-02-04 17:37:40 | INFO | [a0764bf0252841b19ed6934bc123a1cc] | root | 日志系统初始化完成
2026-02-04 17:37:40 | INFO | [a0764bf0252841b19ed6934bc123a1cc] | app.main | 启动异步任务工作线程...
2026-02-04 17:37:40 | INFO | [a0764bf0252841b19ed6934bc123a1cc] | app.main | 异步任务工作线程已启动
2026-02-04 17:37:40 | INFO | [a0764bf0252841b19ed6934bc123a1cc] | app.core.async_task.manager | [a0764bf0252841b19ed6934bc123a1cc] 启动异步任务工作线程
2026-02-04 17:37:57 | INFO | [f0e5d6162350495f91a33f7b132c733b] | root | 日志系统初始化完成
2026-02-04 17:37:57 | INFO | [f0e5d6162350495f91a33f7b132c733b] | app.main | 启动异步任务工作线程...
2026-02-04 17:37:57 | INFO | [f0e5d6162350495f91a33f7b132c733b] | app.main | 异步任务工作线程已启动
2026-02-04 17:37:57 | INFO | [f0e5d6162350495f91a33f7b132c733b] | app.core.async_task.manager | [f0e5d6162350495f91a33f7b132c733b] 启动异步任务工作线程
2026-02-04 17:38:39 | INFO | [2a0211410a8d4509ab8b092d6169cfc6] | root | 日志系统初始化完成
2026-02-04 17:38:39 | INFO | [2a0211410a8d4509ab8b092d6169cfc6] | app.main | 启动异步任务工作线程...
2026-02-04 17:38:39 | INFO | [2a0211410a8d4509ab8b092d6169cfc6] | app.main | 异步任务工作线程已启动
2026-02-04 17:38:39 | INFO | [2a0211410a8d4509ab8b092d6169cfc6] | app.core.async_task.manager | [2a0211410a8d4509ab8b092d6169cfc6] 启动异步任务工作线程
2026-02-04 17:51:35 | INFO | [1442314b9c4848d08b8b6aabc6bdb7de] | root | 日志系统初始化完成
2026-02-04 17:51:35 | INFO | [1442314b9c4848d08b8b6aabc6bdb7de] | app.main | 启动异步任务工作线程...
2026-02-04 17:51:35 | INFO | [1442314b9c4848d08b8b6aabc6bdb7de] | app.main | 异步任务工作线程已启动
2026-02-04 17:51:35 | INFO | [1442314b9c4848d08b8b6aabc6bdb7de] | app.core.async_task.manager | [1442314b9c4848d08b8b6aabc6bdb7de] 启动异步任务工作线程
2026-02-04 17:53:10 | INFO | [329b14a2dca5475fa4fa798c5b2e344c] | root | 日志系统初始化完成
2026-02-04 17:53:10 | INFO | [329b14a2dca5475fa4fa798c5b2e344c] | app.main | 启动异步任务工作线程...
2026-02-04 17:53:10 | INFO | [329b14a2dca5475fa4fa798c5b2e344c] | app.main | 异步任务工作线程已启动
2026-02-04 17:53:10 | INFO | [329b14a2dca5475fa4fa798c5b2e344c] | app.core.async_task.manager | [329b14a2dca5475fa4fa798c5b2e344c] 启动异步任务工作线程
2026-02-04 17:53:41 | INFO | [b25182ac628b44c3bf23063c9fb57a7e] | root | 日志系统初始化完成
2026-02-04 17:53:41 | INFO | [b25182ac628b44c3bf23063c9fb57a7e] | app.main | 启动异步任务工作线程...
2026-02-04 17:53:41 | INFO | [b25182ac628b44c3bf23063c9fb57a7e] | app.main | 异步任务工作线程已启动
2026-02-04 17:53:41 | INFO | [b25182ac628b44c3bf23063c9fb57a7e] | app.core.async_task.manager | [b25182ac628b44c3bf23063c9fb57a7e] 启动异步任务工作线程
2026-02-04 17:53:52 | INFO | [b3f3f2a6f8d6435cb917ab2f62546d43] | root | 日志系统初始化完成
2026-02-04 17:53:52 | INFO | [b3f3f2a6f8d6435cb917ab2f62546d43] | app.main | 启动异步任务工作线程...
2026-02-04 17:53:52 | INFO | [b3f3f2a6f8d6435cb917ab2f62546d43] | app.main | 异步任务工作线程已启动
2026-02-04 17:53:52 | INFO | [b3f3f2a6f8d6435cb917ab2f62546d43] | app.core.async_task.manager | [b3f3f2a6f8d6435cb917ab2f62546d43] 启动异步任务工作线程
2026-02-04 17:53:57 | INFO | [1d793778d45447b085cb0a9cba7a5b35] | root | 日志系统初始化完成
2026-02-04 17:53:57 | INFO | [1d793778d45447b085cb0a9cba7a5b35] | app.main | 启动异步任务工作线程...
2026-02-04 17:53:57 | INFO | [1d793778d45447b085cb0a9cba7a5b35] | app.main | 异步任务工作线程已启动
2026-02-04 17:53:57 | INFO | [1d793778d45447b085cb0a9cba7a5b35] | app.core.async_task.manager | [1d793778d45447b085cb0a9cba7a5b35] 启动异步任务工作线程
2026-02-04 17:54:01 | INFO | [39327070b36b49ada7244ad951e1e760] | root | 日志系统初始化完成
2026-02-04 17:54:02 | INFO | [39327070b36b49ada7244ad951e1e760] | app.main | 启动异步任务工作线程...
2026-02-04 17:54:02 | INFO | [39327070b36b49ada7244ad951e1e760] | app.main | 异步任务工作线程已启动
2026-02-04 17:54:02 | INFO | [39327070b36b49ada7244ad951e1e760] | app.core.async_task.manager | [39327070b36b49ada7244ad951e1e760] 启动异步任务工作线程
2026-02-04 17:54:08 | INFO | [e90c523e357e40aaa4fcd71041988c29] | app.api.v1.projects | [e90c523e357e40aaa4fcd71041988c29] 用户 admin 获取项目列表: page=1, page_size=10
2026-02-04 17:54:08 | INFO | [e90c523e357e40aaa4fcd71041988c29] | app.api.v1.projects | [e90c523e357e40aaa4fcd71041988c29] 获取项目列表成功: total=2
2026-02-04 17:54:11 | INFO | [bfac056943bc4c679bc3dcb44b23b3ea] | app.api.v1.environments | [bfac056943bc4c679bc3dcb44b23b3ea] 用户 admin 获取环境列表: project_id=2, page=1, page_size=100
2026-02-04 17:54:11 | INFO | [bfac056943bc4c679bc3dcb44b23b3ea] | app.api.v1.environments | [bfac056943bc4c679bc3dcb44b23b3ea] 用户 admin 查看环境 项目 TEST (id=2) 的环境
2026-02-04 17:54:11 | INFO | [bfac056943bc4c679bc3dcb44b23b3ea] | app.api.v1.environments | [bfac056943bc4c679bc3dcb44b23b3ea] 获取环境列表成功: total=1
2026-02-04 17:54:11 | INFO | [96fb4c17a90b4cc8a3a23a11b56c60de] | app.api.v1.project_auth_config | [96fb4c17a90b4cc8a3a23a11b56c60de] 项目尚未配置鉴权: project_id=2
2026-02-04 17:54:24 | INFO | [6c17c35b480342618aa35e9b836b67b6] | app.api.v1.environments | [6c17c35b480342618aa35e9b836b67b6] 用户 admin 获取环境列表: project_id=2, page=1, page_size=100
2026-02-04 17:54:24 | INFO | [6c17c35b480342618aa35e9b836b67b6] | app.api.v1.environments | [6c17c35b480342618aa35e9b836b67b6] 用户 admin 查看环境 项目 TEST (id=2) 的环境
2026-02-04 17:54:24 | INFO | [6c17c35b480342618aa35e9b836b67b6] | app.api.v1.environments | [6c17c35b480342618aa35e9b836b67b6] 获取环境列表成功: total=1
2026-02-04 17:54:24 | INFO | [1dca5c67a7664df0a8c45d1ff2a197e8] | app.api.v1.project_auth_config | [1dca5c67a7664df0a8c45d1ff2a197e8] 项目尚未配置鉴权: project_id=2
2026-02-04 17:54:32 | INFO | [c9bbd1c5db9346138a021bd68081ba48] | app.api.v1.environments | [c9bbd1c5db9346138a021bd68081ba48] 用户 admin 获取环境列表: project_id=2, page=1, page_size=100
2026-02-04 17:54:32 | INFO | [c9bbd1c5db9346138a021bd68081ba48] | app.api.v1.environments | [c9bbd1c5db9346138a021bd68081ba48] 用户 admin 查看环境 项目 TEST (id=2) 的环境
2026-02-04 17:54:32 | INFO | [c9bbd1c5db9346138a021bd68081ba48] | app.api.v1.environments | [c9bbd1c5db9346138a021bd68081ba48] 获取环境列表成功: total=1
2026-02-04 17:54:32 | INFO | [9fa1a6d4ae434b71a3d6cdc7eca79ee6] | app.api.v1.project_auth_config | [9fa1a6d4ae434b71a3d6cdc7eca79ee6] 项目尚未配置鉴权: project_id=2
2026-02-04 17:54:45 | INFO | [6cf98213911945e18116627fa5b42fb2] | app.api.v1.environments | [6cf98213911945e18116627fa5b42fb2] 用户 admin 获取环境列表: project_id=2, page=1, page_size=100
2026-02-04 17:54:45 | INFO | [6cf98213911945e18116627fa5b42fb2] | app.api.v1.environments | [6cf98213911945e18116627fa5b42fb2] 用户 admin 查看环境 项目 TEST (id=2) 的环境
2026-02-04 17:54:45 | INFO | [6cf98213911945e18116627fa5b42fb2] | app.api.v1.environments | [6cf98213911945e18116627fa5b42fb2] 获取环境列表成功: total=1
2026-02-04 17:54:45 | INFO | [f7db39cf578743c5b768b195f8ee6a6a] | app.api.v1.project_auth_config | [f7db39cf578743c5b768b195f8ee6a6a] 项目尚未配置鉴权: project_id=2
2026-02-04 17:54:57 | INFO | [b9292b6d38cf4b898edd4dee431b4cc2] | app.api.v1.environments | [b9292b6d38cf4b898edd4dee431b4cc2] 用户 admin 获取环境列表: project_id=1, page=1, page_size=100
2026-02-04 17:54:57 | INFO | [b9292b6d38cf4b898edd4dee431b4cc2] | app.api.v1.environments | [b9292b6d38cf4b898edd4dee431b4cc2] 用户 admin 查看环境 项目 InvenTree (id=1) 的环境
2026-02-04 17:54:57 | INFO | [b9292b6d38cf4b898edd4dee431b4cc2] | app.api.v1.environments | [b9292b6d38cf4b898edd4dee431b4cc2] 获取环境列表成功: total=1
2026-02-04 17:54:57 | INFO | [73d0339e5260445d97f9dda37b0520ac] | app.api.v1.project_auth_config | [73d0339e5260445d97f9dda37b0520ac] 项目尚未配置鉴权: project_id=1
2026-02-04 17:55:29 | INFO | [65bffb91332a48da94344046f25e32d8] | app.api.v1.environments | [65bffb91332a48da94344046f25e32d8] 用户 admin 获取环境列表: project_id=2, page=1, page_size=100
2026-02-04 17:55:29 | INFO | [65bffb91332a48da94344046f25e32d8] | app.api.v1.environments | [65bffb91332a48da94344046f25e32d8] 用户 admin 查看环境 项目 TEST (id=2) 的环境
2026-02-04 17:55:29 | INFO | [65bffb91332a48da94344046f25e32d8] | app.api.v1.environments | [65bffb91332a48da94344046f25e32d8] 获取环境列表成功: total=1
2026-02-04 17:55:29 | INFO | [179dec07981d4fdf97b60de12823606f] | app.api.v1.project_auth_config | [179dec07981d4fdf97b60de12823606f] 项目尚未配置鉴权: project_id=2
2026-02-04 17:56:25 | INFO | [e53aeeee56be4b67b72e13dbf5f231ae] | app.api.v1.projects | [e53aeeee56be4b67b72e13dbf5f231ae] 用户 admin 获取项目列表: page=1, page_size=10
2026-02-04 17:56:25 | INFO | [e53aeeee56be4b67b72e13dbf5f231ae] | app.api.v1.projects | [e53aeeee56be4b67b72e13dbf5f231ae] 获取项目列表成功: total=2
2026-02-04 17:58:42 | INFO | [96c020b36f1e4ef88693d0c8a29fd259] | app.api.v1.environments | [96c020b36f1e4ef88693d0c8a29fd259] 用户 admin 获取环境列表: project_id=2, page=1, page_size=100
2026-02-04 17:58:42 | INFO | [96c020b36f1e4ef88693d0c8a29fd259] | app.api.v1.environments | [96c020b36f1e4ef88693d0c8a29fd259] 用户 admin 查看环境 项目 TEST (id=2) 的环境
2026-02-04 17:58:42 | INFO | [96c020b36f1e4ef88693d0c8a29fd259] | app.api.v1.environments | [96c020b36f1e4ef88693d0c8a29fd259] 获取环境列表成功: total=1
2026-02-04 17:58:42 | INFO | [e417d2d7d3e34d67852b8554444cc169] | app.api.v1.project_auth_config | [e417d2d7d3e34d67852b8554444cc169] 项目尚未配置鉴权: project_id=2
2026-02-04 17:58:48 | INFO | [e26ec1373c6c465bb77ee62a3e29121a] | app.api.v1.environments | [e26ec1373c6c465bb77ee62a3e29121a] 用户 admin 获取环境列表: project_id=1, page=1, page_size=100
2026-02-04 17:58:48 | INFO | [e26ec1373c6c465bb77ee62a3e29121a] | app.api.v1.environments | [e26ec1373c6c465bb77ee62a3e29121a] 用户 admin 查看环境 项目 InvenTree (id=1) 的环境
2026-02-04 17:58:48 | INFO | [e26ec1373c6c465bb77ee62a3e29121a] | app.api.v1.environments | [e26ec1373c6c465bb77ee62a3e29121a] 获取环境列表成功: total=1
2026-02-04 17:58:48 | INFO | [10f7e8062fc7444fb035ad38a0e13006] | app.api.v1.project_auth_config | [10f7e8062fc7444fb035ad38a0e13006] 项目尚未配置鉴权: project_id=1
2026-02-04 17:58:52 | INFO | [550d3fd4ef2d4573bad0a928916b645f] | app.api.v1.api_definitions | [550d3fd4ef2d4573bad0a928916b645f] 查询 API 定义列表: skip=0, limit=20, user=admin, project_id=1, version_id=1
2026-02-04 17:58:52 | INFO | [ae52884f2f2b4b0085b32f7374741caa] | app.api.v1.api_definitions | [ae52884f2f2b4b0085b32f7374741caa] 查询 API 定义列表: skip=0, limit=20, user=admin, project_id=1, version_id=1
2026-02-04 17:58:52 | INFO | [27f9976fd5564ae3b7b54390463e3733] | app.api.v1.api_definitions | [27f9976fd5564ae3b7b54390463e3733] 查询 API 定义列表: skip=0, limit=20, user=admin, project_id=1, version_id=1
2026-02-04 17:58:56 | INFO | [2bb9328757e64fd7a9b600bf241eda80] | app.api.v1.api_cases | [2bb9328757e64fd7a9b600bf241eda80] 查询 API 用例列表: skip=0, limit=20, user=admin, project_id=1
2026-02-04 17:58:56 | INFO | [49736e0913b04a4396a6f2a52377b231] | app.api.v1.api_definitions | [49736e0913b04a4396a6f2a52377b231] 查询 API 定义列表: skip=0, limit=200, user=admin, project_id=1, version_id=1
2026-02-04 17:58:57 | INFO | [bc427c0512d24a2c84aef272cfbc31f1] | app.api.v1.api_cases | [bc427c0512d24a2c84aef272cfbc31f1] 查询 API 用例列表: skip=0, limit=20, user=admin, project_id=1
2026-02-04 17:58:57 | INFO | [6ae742fe2cd54ab08c77c5d837da3fdb] | app.api.v1.api_definitions | [6ae742fe2cd54ab08c77c5d837da3fdb] 查询 API 定义列表: skip=0, limit=200, user=admin, project_id=1, version_id=1
2026-02-04 17:58:57 | INFO | [1ae56ab8caef4efdb502bcb83b2530da] | app.api.v1.environments | [1ae56ab8caef4efdb502bcb83b2530da] 用户 admin 获取环境列表: project_id=1
2026-02-04 17:58:57 | INFO | [1ae56ab8caef4efdb502bcb83b2530da] | app.api.v1.environments | [1ae56ab8caef4efdb502bcb83b2530da] 用户 admin 查看环境 项目 InvenTree (id=1) 的环境
2026-02-04 17:58:57 | INFO | [1ae56ab8caef4efdb502bcb83b2530da] | app.api.v1.environments | [1ae56ab8caef4efdb502bcb83b2530da] 获取环境列表成功: total=1
2026-02-04 17:58:57 | INFO | [82f2c24702c044f18ffb426b6f3709d2] | app.api.v1.environments | [82f2c24702c044f18ffb426b6f3709d2] 用户 admin 获取环境列表: project_id=1
2026-02-04 17:58:57 | INFO | [82f2c24702c044f18ffb426b6f3709d2] | app.api.v1.environments | [82f2c24702c044f18ffb426b6f3709d2] 用户 admin 查看环境 项目 InvenTree (id=1) 的环境
2026-02-04 17:58:57 | INFO | [82f2c24702c044f18ffb426b6f3709d2] | app.api.v1.environments | [82f2c24702c044f18ffb426b6f3709d2] 获取环境列表成功: total=1
2026-02-04 17:59:10 | INFO | [3c6e738643dd4f3582e8a821329780e2] | app.api.v1.api_cases | [3c6e738643dd4f3582e8a821329780e2] 批量执行用例: count=1, user=admin
2026-02-04 17:59:11 | INFO | [3c6e738643dd4f3582e8a821329780e2] | httpx | HTTP Request: PATCH http://localhost:1337/api/report/template/%7Bid%7D/ "HTTP/1.1 404 Not Found"
2026-02-04 17:59:11 | INFO | [3c6e738643dd4f3582e8a821329780e2] | app.api.v1.api_cases | [3c6e738643dd4f3582e8a821329780e2] 批量执行完成: success=1, failed=0, time=1006ms
2026-02-04 18:00:07 | INFO | [8bae3978c239470789b835b1e5e798d4] | app.api.v1.api_cases | [8bae3978c239470789b835b1e5e798d4] 创建 API 用例: definition_id=642, name=V1, user=admin
2026-02-04 18:00:07 | INFO | [8bae3978c239470789b835b1e5e798d4] | app.api.v1.api_cases | [8bae3978c239470789b835b1e5e798d4] API 用例创建成功: id=2
2026-02-04 18:00:07 | INFO | [7ad3fafdd7ac4305b44289dcf158714c] | app.api.v1.api_cases | [7ad3fafdd7ac4305b44289dcf158714c] 查询 API 用例列表: skip=0, limit=20, user=admin, project_id=1
2026-02-04 18:00:20 | INFO | [b590718bb3df4fc69c9a475c83431e17] | app.api.v1.api_cases | [b590718bb3df4fc69c9a475c83431e17] 查询 API 用例列表: skip=0, limit=20, user=admin, project_id=1
2026-02-04 18:00:29 | INFO | [66cea8a6a0cf4392b8a118633256a47d] | app.api.v1.api_cases | [66cea8a6a0cf4392b8a118633256a47d] 批量执行用例: count=1, user=admin
2026-02-04 18:00:29 | INFO | [66cea8a6a0cf4392b8a118633256a47d] | app.api.v1.api_cases | [66cea8a6a0cf4392b8a118633256a47d] 批量执行完成: success=0, failed=0, time=0ms
2026-02-04 18:01:42 | INFO | [67c67e3976f740beb21d97fd8a82dfcc] | app.api.v1.api_cases | [67c67e3976f740beb21d97fd8a82dfcc] 查询 API 用例列表: skip=0, limit=20, user=admin, project_id=1
2026-02-04 18:01:42 | INFO | [6209cb5eafc042bd88d6bdd0128f0770] | app.api.v1.environments | [6209cb5eafc042bd88d6bdd0128f0770] 用户 admin 获取环境列表: project_id=1
2026-02-04 18:01:42 | INFO | [6209cb5eafc042bd88d6bdd0128f0770] | app.api.v1.environments | [6209cb5eafc042bd88d6bdd0128f0770] 用户 admin 查看环境 项目 InvenTree (id=1) 的环境
2026-02-04 18:01:42 | INFO | [6209cb5eafc042bd88d6bdd0128f0770] | app.api.v1.environments | [6209cb5eafc042bd88d6bdd0128f0770] 获取环境列表成功: total=1
2026-02-04 18:01:42 | INFO | [4602d9c002aa4d7c8b3f0f066249ba51] | app.api.v1.api_definitions | [4602d9c002aa4d7c8b3f0f066249ba51] 查询 API 定义列表: skip=0, limit=200, user=admin, project_id=1, version_id=1
2026-02-04 18:01:57 | INFO | [d45bb8ce7fb3417e98ae4fb1c445ffaf] | app.api.v1.api_cases | [d45bb8ce7fb3417e98ae4fb1c445ffaf] 查询 API 用例列表: skip=0, limit=20, user=admin, project_id=1
2026-02-04 18:02:06 | INFO | [7e570780ace24e5f8fa56f1f996b32aa] | app.api.v1.projects | [7e570780ace24e5f8fa56f1f996b32aa] 用户 admin 获取项目列表: page=1, page_size=100
2026-02-04 18:02:06 | INFO | [7e570780ace24e5f8fa56f1f996b32aa] | app.api.v1.projects | [7e570780ace24e5f8fa56f1f996b32aa] 获取项目列表成功: total=2
2026-02-04 18:02:06 | INFO | [4816a34ebff74de9bb9350748105bc3b] | app.api.v1.api_cases | [4816a34ebff74de9bb9350748105bc3b] 查询 API 用例列表: skip=0, limit=20, user=admin, project_id=1
2026-02-04 18:02:06 | INFO | [5ca866e9492c43558ba8ea71133e0704] | app.api.v1.environments | [5ca866e9492c43558ba8ea71133e0704] 用户 admin 获取环境列表: project_id=1
2026-02-04 18:02:06 | INFO | [5ca866e9492c43558ba8ea71133e0704] | app.api.v1.environments | [5ca866e9492c43558ba8ea71133e0704] 用户 admin 查看环境 项目 InvenTree (id=1) 的环境
2026-02-04 18:02:06 | INFO | [5ca866e9492c43558ba8ea71133e0704] | app.api.v1.environments | [5ca866e9492c43558ba8ea71133e0704] 获取环境列表成功: total=1
2026-02-04 18:02:06 | INFO | [bd4ab1e4fa74448790bd66badc035c95] | app.api.v1.api_definitions | [bd4ab1e4fa74448790bd66badc035c95] 查询 API 定义列表: skip=0, limit=200, user=admin, project_id=1, version_id=1
2026-02-04 18:02:06 | INFO | [3a09ea4abeff4fc59bb76c1a004d51e0] | app.api.v1.projects | [3a09ea4abeff4fc59bb76c1a004d51e0] 用户 admin 获取项目列表: page=1, page_size=100
2026-02-04 18:02:06 | INFO | [3a09ea4abeff4fc59bb76c1a004d51e0] | app.api.v1.projects | [3a09ea4abeff4fc59bb76c1a004d51e0] 获取项目列表成功: total=2
2026-02-04 18:02:06 | INFO | [933d228856af4dec80c299f898592d4c] | app.api.v1.versions | [933d228856af4dec80c299f898592d4c] 用户 admin 获取版本列表: project_id=1, page=1, page_size=100
2026-02-04 18:02:06 | INFO | [933d228856af4dec80c299f898592d4c] | app.api.v1.versions | [933d228856af4dec80c299f898592d4c] 用户 admin 查看版本列表 项目 InvenTree (id=1) 的版本
2026-02-04 18:02:06 | INFO | [933d228856af4dec80c299f898592d4c] | app.api.v1.versions | [933d228856af4dec80c299f898592d4c] 获取版本列表成功: total=2
2026-02-04 18:02:06 | INFO | [1a548259e7be4131ba879fcf7966afe9] | app.api.v1.api_cases | [1a548259e7be4131ba879fcf7966afe9] 查询 API 用例列表: skip=0, limit=20, user=admin, project_id=1
2026-02-04 18:02:06 | INFO | [622791b649c14e209f2a4c94ffd128e9] | app.api.v1.projects | [622791b649c14e209f2a4c94ffd128e9] 用户 admin 获取项目列表: page=1, page_size=100
2026-02-04 18:02:06 | INFO | [622791b649c14e209f2a4c94ffd128e9] | app.api.v1.projects | [622791b649c14e209f2a4c94ffd128e9] 获取项目列表成功: total=2
2026-02-04 18:02:06 | INFO | [e48af49bbda14fc1826a3062936c637d] | app.api.v1.api_definitions | [e48af49bbda14fc1826a3062936c637d] 查询 API 定义列表: skip=0, limit=200, user=admin, project_id=1, version_id=1
2026-02-04 18:02:06 | INFO | [4875400b517a4fc89a85ad38a7238298] | app.api.v1.versions | [4875400b517a4fc89a85ad38a7238298] 用户 admin 获取版本列表: project_id=1, page=1, page_size=100
2026-02-04 18:02:06 | INFO | [4875400b517a4fc89a85ad38a7238298] | app.api.v1.versions | [4875400b517a4fc89a85ad38a7238298] 用户 admin 查看版本列表 项目 InvenTree (id=1) 的版本
2026-02-04 18:02:06 | INFO | [4875400b517a4fc89a85ad38a7238298] | app.api.v1.versions | [4875400b517a4fc89a85ad38a7238298] 获取版本列表成功: total=2
2026-02-04 18:02:06 | INFO | [4d46c24d318a4c109ad47d30fa1f3a10] | app.api.v1.environments | [4d46c24d318a4c109ad47d30fa1f3a10] 用户 admin 获取环境列表: project_id=1
2026-02-04 18:02:06 | INFO | [4d46c24d318a4c109ad47d30fa1f3a10] | app.api.v1.environments | [4d46c24d318a4c109ad47d30fa1f3a10] 用户 admin 查看环境 项目 InvenTree (id=1) 的环境
2026-02-04 18:02:06 | INFO | [4d46c24d318a4c109ad47d30fa1f3a10] | app.api.v1.environments | [4d46c24d318a4c109ad47d30fa1f3a10] 获取环境列表成功: total=1
2026-02-04 18:02:06 | INFO | [d65b059a733e4924a350c2b40cf54221] | app.api.v1.projects | [d65b059a733e4924a350c2b40cf54221] 用户 admin 获取项目列表: page=1, page_size=100
2026-02-04 18:02:06 | INFO | [d65b059a733e4924a350c2b40cf54221] | app.api.v1.projects | [d65b059a733e4924a350c2b40cf54221] 获取项目列表成功: total=2
2026-02-04 18:02:10 | INFO | [4d8880eec7fb414f86d427f2910c3476] | app.api.v1.api_cases | [4d8880eec7fb414f86d427f2910c3476] 更新 API 用例: id=2, user=admin
2026-02-04 18:02:10 | INFO | [4d8880eec7fb414f86d427f2910c3476] | app.api.v1.api_cases | [4d8880eec7fb414f86d427f2910c3476] API 用例更新成功: id=2
2026-02-04 18:02:10 | INFO | [bf7dcee119f24e929f1739d0436275fd] | app.api.v1.api_cases | [bf7dcee119f24e929f1739d0436275fd] 查询 API 用例列表: skip=0, limit=20, user=admin, project_id=1
2026-02-04 18:02:14 | INFO | [4eb194608e2945628aaaaf59d4734db7] | app.api.v1.api_cases | [4eb194608e2945628aaaaf59d4734db7] 更新 API 用例: id=2, user=admin
2026-02-04 18:02:14 | INFO | [4eb194608e2945628aaaaf59d4734db7] | app.api.v1.api_cases | [4eb194608e2945628aaaaf59d4734db7] API 用例更新成功: id=2
2026-02-04 18:02:14 | INFO | [7adeb0b6a1834058b8232525e4be0c7c] | app.api.v1.api_cases | [7adeb0b6a1834058b8232525e4be0c7c] 查询 API 用例列表: skip=0, limit=20, user=admin, project_id=1
2026-02-04 18:02:50 | INFO | [6937c1e8469743359ed474b29c99e41f] | app.api.v1.api_cases | [6937c1e8469743359ed474b29c99e41f] 批量执行用例: count=1, user=admin
2026-02-04 18:02:51 | INFO | [6937c1e8469743359ed474b29c99e41f] | httpx | HTTP Request: PUT http://localhost:1337/api/user/profile/ "HTTP/1.1 401 Unauthorized"
2026-02-04 18:02:51 | INFO | [6937c1e8469743359ed474b29c99e41f] | app.api.v1.api_cases | [6937c1e8469743359ed474b29c99e41f] 批量执行完成: success=1, failed=0, time=433ms
2026-02-04 18:03:16 | INFO | [37d858554e1e43b0b07da728b6a7a3d8] | app.api.v1.api_definitions | [37d858554e1e43b0b07da728b6a7a3d8] 查询 API 定义列表: skip=0, limit=20, user=admin, project_id=1, version_id=1
2026-02-04 18:03:16 | INFO | [abdafae8daca4042a67479f89daf1de5] | app.api.v1.api_definitions | [abdafae8daca4042a67479f89daf1de5] 查询 API 定义列表: skip=0, limit=20, user=admin, project_id=1, version_id=1
2026-02-04 18:03:16 | INFO | [9b9da61820f14390adede12ca583b89f] | app.api.v1.api_definitions | [9b9da61820f14390adede12ca583b89f] 查询 API 定义列表: skip=0, limit=20, user=admin, project_id=1, version_id=1
2026-02-04 18:03:24 | INFO | [237845af1b804041935c820e8e8f4742] | app.api.v1.projects | [237845af1b804041935c820e8e8f4742] 用户 admin 获取项目列表: page=1, page_size=100
2026-02-04 18:03:24 | INFO | [237845af1b804041935c820e8e8f4742] | app.api.v1.projects | [237845af1b804041935c820e8e8f4742] 获取项目列表成功: total=2
2026-02-04 18:03:24 | INFO | [8a3210ba5c8c428c8a165b16d791ec3f] | app.api.v1.api_cases | [8a3210ba5c8c428c8a165b16d791ec3f] 查询 API 用例列表: skip=0, limit=20, user=admin, project_id=1
2026-02-04 18:03:24 | INFO | [33e60f63e08a49ed8063926e5e00a318] | app.api.v1.environments | [33e60f63e08a49ed8063926e5e00a318] 用户 admin 获取环境列表: project_id=1
2026-02-04 18:03:24 | INFO | [33e60f63e08a49ed8063926e5e00a318] | app.api.v1.environments | [33e60f63e08a49ed8063926e5e00a318] 用户 admin 查看环境 项目 InvenTree (id=1) 的环境
2026-02-04 18:03:24 | INFO | [33e60f63e08a49ed8063926e5e00a318] | app.api.v1.environments | [33e60f63e08a49ed8063926e5e00a318] 获取环境列表成功: total=1
2026-02-04 18:03:24 | INFO | [91f32f84bc8249e8aa1246cc51e16287] | app.api.v1.api_definitions | [91f32f84bc8249e8aa1246cc51e16287] 查询 API 定义列表: skip=0, limit=200, user=admin, project_id=1, version_id=1
2026-02-04 18:03:24 | INFO | [da4a327c47f14a759115eb53e3056ea6] | app.api.v1.projects | [da4a327c47f14a759115eb53e3056ea6] 用户 admin 获取项目列表: page=1, page_size=100
2026-02-04 18:03:24 | INFO | [da4a327c47f14a759115eb53e3056ea6] | app.api.v1.projects | [da4a327c47f14a759115eb53e3056ea6] 获取项目列表成功: total=2
2026-02-04 18:03:24 | INFO | [b0cef662e00541439f515a2dc759a951] | app.api.v1.versions | [b0cef662e00541439f515a2dc759a951] 用户 admin 获取版本列表: project_id=1, page=1, page_size=100
2026-02-04 18:03:24 | INFO | [b0cef662e00541439f515a2dc759a951] | app.api.v1.versions | [b0cef662e00541439f515a2dc759a951] 用户 admin 查看版本列表 项目 InvenTree (id=1) 的版本
2026-02-04 18:03:24 | INFO | [b0cef662e00541439f515a2dc759a951] | app.api.v1.versions | [b0cef662e00541439f515a2dc759a951] 获取版本列表成功: total=2
2026-02-04 18:03:24 | INFO | [91159f8e65274e4f943c593495451350] | app.api.v1.api_cases | [91159f8e65274e4f943c593495451350] 查询 API 用例列表: skip=0, limit=20, user=admin, project_id=1
2026-02-04 18:03:24 | INFO | [b9e75c2816424e098011f124956d8cf0] | app.api.v1.api_definitions | [b9e75c2816424e098011f124956d8cf0] 查询 API 定义列表: skip=0, limit=200, user=admin, project_id=1, version_id=1
2026-02-04 18:03:24 | INFO | [9f26833f17204784b38d6535bd52b325] | app.api.v1.environments | [9f26833f17204784b38d6535bd52b325] 用户 admin 获取环境列表: project_id=1
2026-02-04 18:03:24 | INFO | [9f26833f17204784b38d6535bd52b325] | app.api.v1.environments | [9f26833f17204784b38d6535bd52b325] 用户 admin 查看环境 项目 InvenTree (id=1) 的环境
2026-02-04 18:03:24 | INFO | [9f26833f17204784b38d6535bd52b325] | app.api.v1.environments | [9f26833f17204784b38d6535bd52b325] 获取环境列表成功: total=1
2026-02-04 18:03:24 | INFO | [84faef2a700e47ad80b08ad0870f59bf] | app.api.v1.projects | [84faef2a700e47ad80b08ad0870f59bf] 用户 admin 获取项目列表: page=1, page_size=100
2026-02-04 18:03:25 | INFO | [84faef2a700e47ad80b08ad0870f59bf] | app.api.v1.projects | [84faef2a700e47ad80b08ad0870f59bf] 获取项目列表成功: total=2
2026-02-04 18:03:25 | INFO | [503c47ee670d4255ad42b154959f0efd] | app.api.v1.versions | [503c47ee670d4255ad42b154959f0efd] 用户 admin 获取版本列表: project_id=1, page=1, page_size=100
2026-02-04 18:03:25 | INFO | [503c47ee670d4255ad42b154959f0efd] | app.api.v1.versions | [503c47ee670d4255ad42b154959f0efd] 用户 admin 查看版本列表 项目 InvenTree (id=1) 的版本
2026-02-04 18:03:25 | INFO | [503c47ee670d4255ad42b154959f0efd] | app.api.v1.versions | [503c47ee670d4255ad42b154959f0efd] 获取版本列表成功: total=2
2026-02-04 18:03:25 | INFO | [52c80cad48824724ac797f66be15cc37] | app.api.v1.projects | [52c80cad48824724ac797f66be15cc37] 用户 admin 获取项目列表: page=1, page_size=100
2026-02-04 18:03:25 | INFO | [52c80cad48824724ac797f66be15cc37] | app.api.v1.projects | [52c80cad48824724ac797f66be15cc37] 获取项目列表成功: total=2
2026-02-04 18:03:28 | INFO | [9bae7bfecde74d79a9f68dc4929ef7a8] | app.api.v1.api_definitions | [9bae7bfecde74d79a9f68dc4929ef7a8] 查询 API 定义列表: skip=0, limit=20, user=admin, project_id=1, version_id=1
2026-02-04 18:03:28 | INFO | [ced17d0b0d93465e8f572e0568e4510b] | app.api.v1.api_definitions | [ced17d0b0d93465e8f572e0568e4510b] 查询 API 定义列表: skip=0, limit=20, user=admin, project_id=1, version_id=1
2026-02-04 18:03:28 | INFO | [060509deee174d18a3c6433f36a9eafa] | app.api.v1.api_definitions | [060509deee174d18a3c6433f36a9eafa] 查询 API 定义列表: skip=0, limit=20, user=admin, project_id=1, version_id=1
2026-02-04 18:03:41 | INFO | [a0100416a07b466698b615b6f2fccb2e] | app.api.v1.api_cases | [a0100416a07b466698b615b6f2fccb2e] 查询 API 用例列表: skip=0, limit=20, user=admin, project_id=1
2026-02-04 18:03:41 | INFO | [1dc2f59eaf004d60aa1cc1ff1e9aee14] | app.api.v1.api_definitions | [1dc2f59eaf004d60aa1cc1ff1e9aee14] 查询 API 定义列表: skip=0, limit=200, user=admin, project_id=1, version_id=1
2026-02-04 18:03:41 | INFO | [b12f874d13684f67baecfe393f05d3c8] | app.api.v1.environments | [b12f874d13684f67baecfe393f05d3c8] 用户 admin 获取环境列表: project_id=1
2026-02-04 18:03:41 | INFO | [b12f874d13684f67baecfe393f05d3c8] | app.api.v1.environments | [b12f874d13684f67baecfe393f05d3c8] 用户 admin 查看环境 项目 InvenTree (id=1) 的环境
2026-02-04 18:03:41 | INFO | [b12f874d13684f67baecfe393f05d3c8] | app.api.v1.environments | [b12f874d13684f67baecfe393f05d3c8] 获取环境列表成功: total=1
2026-02-04 18:03:41 | INFO | [6c37f11fbbc04a8893053da80c024e92] | app.api.v1.api_cases | [6c37f11fbbc04a8893053da80c024e92] 查询 API 用例列表: skip=0, limit=20, user=admin, project_id=1
2026-02-04 18:03:41 | INFO | [0054a3224439441292e430a41c9ee31d] | app.api.v1.api_definitions | [0054a3224439441292e430a41c9ee31d] 查询 API 定义列表: skip=0, limit=200, user=admin, project_id=1, version_id=1
2026-02-04 18:03:41 | INFO | [ff0c3aa96cef4404b0aa2b95191ace94] | app.api.v1.environments | [ff0c3aa96cef4404b0aa2b95191ace94] 用户 admin 获取环境列表: project_id=1
2026-02-04 18:03:41 | INFO | [ff0c3aa96cef4404b0aa2b95191ace94] | app.api.v1.environments | [ff0c3aa96cef4404b0aa2b95191ace94] 用户 admin 查看环境 项目 InvenTree (id=1) 的环境
2026-02-04 18:03:41 | INFO | [ff0c3aa96cef4404b0aa2b95191ace94] | app.api.v1.environments | [ff0c3aa96cef4404b0aa2b95191ace94] 获取环境列表成功: total=1
2026-02-04 18:03:46 | INFO | [b699a9b99dbc4a8d9e7521261794da28] | app.api.v1.api_definitions | [b699a9b99dbc4a8d9e7521261794da28] 查询 API 定义列表: skip=0, limit=20, user=admin, project_id=1, version_id=1
2026-02-04 18:03:46 | INFO | [f2cac1c6eca94da7ae51b4993a1efbd8] | app.api.v1.api_definitions | [f2cac1c6eca94da7ae51b4993a1efbd8] 查询 API 定义列表: skip=0, limit=20, user=admin, project_id=1, version_id=1
2026-02-04 18:03:46 | INFO | [e6a1fd1029344618af923d1777f73130] | app.api.v1.api_definitions | [e6a1fd1029344618af923d1777f73130] 查询 API 定义列表: skip=0, limit=20, user=admin, project_id=1, version_id=1
2026-02-04 18:05:59 | INFO | [3c0d5be3ed584f5c8e3ab1765b7bdcc3] | app.api.v1.projects | [3c0d5be3ed584f5c8e3ab1765b7bdcc3] 用户 admin 获取项目列表: page=1, page_size=100
2026-02-04 18:05:59 | INFO | [3c0d5be3ed584f5c8e3ab1765b7bdcc3] | app.api.v1.projects | [3c0d5be3ed584f5c8e3ab1765b7bdcc3] 获取项目列表成功: total=2
2026-02-04 18:05:59 | INFO | [db0df05358b544b69b9f685209864583] | app.api.v1.projects | [db0df05358b544b69b9f685209864583] 用户 admin 获取项目列表: page=1, page_size=100
2026-02-04 18:05:59 | INFO | [db0df05358b544b69b9f685209864583] | app.api.v1.projects | [db0df05358b544b69b9f685209864583] 获取项目列表成功: total=2
2026-02-04 18:05:59 | INFO | [04f246136650456eb72060817f4f739c] | app.api.v1.api_cases | [04f246136650456eb72060817f4f739c] 查询 API 用例列表: skip=0, limit=20, user=admin, project_id=1
2026-02-04 18:05:59 | INFO | [102096d903704844901fd592b4765edc] | app.api.v1.environments | [102096d903704844901fd592b4765edc] 用户 admin 获取环境列表: project_id=1
2026-02-04 18:05:59 | INFO | [102096d903704844901fd592b4765edc] | app.api.v1.environments | [102096d903704844901fd592b4765edc] 用户 admin 查看环境 项目 InvenTree (id=1) 的环境
2026-02-04 18:05:59 | INFO | [102096d903704844901fd592b4765edc] | app.api.v1.environments | [102096d903704844901fd592b4765edc] 获取环境列表成功: total=1
2026-02-04 18:05:59 | INFO | [1fffbd2b8577408c860ad8cef3a51ea0] | app.api.v1.api_definitions | [1fffbd2b8577408c860ad8cef3a51ea0] 查询 API 定义列表: skip=0, limit=200, user=admin, project_id=1, version_id=1
2026-02-04 18:05:59 | INFO | [31b9f3aa15244bea846c5d635f15a11b] | app.api.v1.versions | [31b9f3aa15244bea846c5d635f15a11b] 用户 admin 获取版本列表: project_id=1, page=1, page_size=100
2026-02-04 18:05:59 | INFO | [31b9f3aa15244bea846c5d635f15a11b] | app.api.v1.versions | [31b9f3aa15244bea846c5d635f15a11b] 用户 admin 查看版本列表 项目 InvenTree (id=1) 的版本
2026-02-04 18:05:59 | INFO | [31b9f3aa15244bea846c5d635f15a11b] | app.api.v1.versions | [31b9f3aa15244bea846c5d635f15a11b] 获取版本列表成功: total=2
2026-02-04 18:05:59 | INFO | [c71b61bc389d4a81811ac342b8911719] | app.api.v1.projects | [c71b61bc389d4a81811ac342b8911719] 用户 admin 获取项目列表: page=1, page_size=100
2026-02-04 18:05:59 | INFO | [c71b61bc389d4a81811ac342b8911719] | app.api.v1.projects | [c71b61bc389d4a81811ac342b8911719] 获取项目列表成功: total=2
2026-02-04 18:05:59 | INFO | [38562114bf4f4aa39f768fceb0dcb7f2] | app.api.v1.api_definitions | [38562114bf4f4aa39f768fceb0dcb7f2] 查询 API 定义列表: skip=0, limit=200, user=admin, project_id=1, version_id=1
2026-02-04 18:05:59 | INFO | [035bd3082030406584de04363942a64c] | app.api.v1.api_cases | [035bd3082030406584de04363942a64c] 查询 API 用例列表: skip=0, limit=20, user=admin, project_id=1
2026-02-04 18:05:59 | INFO | [422109532a784cd1967d1543ade8dc3a] | app.api.v1.environments | [422109532a784cd1967d1543ade8dc3a] 用户 admin 获取环境列表: project_id=1
2026-02-04 18:05:59 | INFO | [422109532a784cd1967d1543ade8dc3a] | app.api.v1.environments | [422109532a784cd1967d1543ade8dc3a] 用户 admin 查看环境 项目 InvenTree (id=1) 的环境
2026-02-04 18:05:59 | INFO | [422109532a784cd1967d1543ade8dc3a] | app.api.v1.environments | [422109532a784cd1967d1543ade8dc3a] 获取环境列表成功: total=1
2026-02-04 18:05:59 | INFO | [b5b0102da0cd421fab358e33a0065f79] | app.api.v1.versions | [b5b0102da0cd421fab358e33a0065f79] 用户 admin 获取版本列表: project_id=1, page=1, page_size=100
2026-02-04 18:05:59 | INFO | [b5b0102da0cd421fab358e33a0065f79] | app.api.v1.versions | [b5b0102da0cd421fab358e33a0065f79] 用户 admin 查看版本列表 项目 InvenTree (id=1) 的版本
2026-02-04 18:05:59 | INFO | [b5b0102da0cd421fab358e33a0065f79] | app.api.v1.versions | [b5b0102da0cd421fab358e33a0065f79] 获取版本列表成功: total=2
2026-02-04 18:05:59 | INFO | [236538b7a6dc4228ac3b4caa75d9fd28] | app.api.v1.projects | [236538b7a6dc4228ac3b4caa75d9fd28] 用户 admin 获取项目列表: page=1, page_size=100
2026-02-04 18:05:59 | INFO | [236538b7a6dc4228ac3b4caa75d9fd28] | app.api.v1.projects | [236538b7a6dc4228ac3b4caa75d9fd28] 获取项目列表成功: total=2
2026-02-04 18:06:02 | INFO | [77907525bbdf453693c5d6ee7c327f6f] | app.api.v1.api_definitions | [77907525bbdf453693c5d6ee7c327f6f] 查询 API 定义列表: skip=0, limit=20, user=admin, project_id=1, version_id=1
2026-02-04 18:06:02 | INFO | [12fb0bfd274844428cd4f9692781d6f4] | app.api.v1.api_definitions | [12fb0bfd274844428cd4f9692781d6f4] 查询 API 定义列表: skip=0, limit=20, user=admin, project_id=1, version_id=1
2026-02-04 18:06:02 | INFO | [3bfa0a8603d84a87a9d2266155e3e15b] | app.api.v1.api_definitions | [3bfa0a8603d84a87a9d2266155e3e15b] 查询 API 定义列表: skip=0, limit=20, user=admin, project_id=1, version_id=1
2026-02-04 18:06:11 | INFO | [747713571af34d35acf684d841917c2c] | app.api.v1.api_definitions | [747713571af34d35acf684d841917c2c] 查询 API 定义列表: skip=0, limit=20, user=admin, project_id=1, version_id=1
2026-02-04 18:06:44 | INFO | [b0e6704cb01f458499c59ad7c01909a6] | app.api.v1.api_definitions | [b0e6704cb01f458499c59ad7c01909a6] 查询 API 定义列表: skip=0, limit=20, user=admin, project_id=1, version_id=1
2026-02-04 18:07:11 | INFO | [5de1e9f3a56d4bb9b13755469c427354] | app.api.v1.api_definitions | [5de1e9f3a56d4bb9b13755469c427354] 查询 API 定义列表: skip=0, limit=20, user=admin, project_id=1, version_id=1
2026-02-04 18:07:29 | INFO | [ee3036370b354c7da8131195bba53b5f] | app.api.v1.environments | [ee3036370b354c7da8131195bba53b5f] 用户 admin 获取环境列表: project_id=1
2026-02-04 18:07:29 | INFO | [ee3036370b354c7da8131195bba53b5f] | app.api.v1.environments | [ee3036370b354c7da8131195bba53b5f] 用户 admin 查看环境 项目 InvenTree (id=1) 的环境
2026-02-04 18:07:29 | INFO | [ee3036370b354c7da8131195bba53b5f] | app.api.v1.environments | [ee3036370b354c7da8131195bba53b5f] 获取环境列表成功: total=1
2026-02-04 18:07:29 | INFO | [e752779e51c84f00996440fe3a94c238] | app.api.v1.environments | [e752779e51c84f00996440fe3a94c238] 用户 admin 获取环境列表: project_id=1
2026-02-04 18:07:29 | INFO | [e752779e51c84f00996440fe3a94c238] | app.api.v1.environments | [e752779e51c84f00996440fe3a94c238] 用户 admin 查看环境 项目 InvenTree (id=1) 的环境
2026-02-04 18:07:29 | INFO | [e752779e51c84f00996440fe3a94c238] | app.api.v1.environments | [e752779e51c84f00996440fe3a94c238] 获取环境列表成功: total=1
2026-02-04 18:07:36 | INFO | [f623862743e042959331c8a2b445867b] | app.api.v1.api_definitions | [f623862743e042959331c8a2b445867b] 获取 Mock 地址: definition_id=647, user=admin
2026-02-04 18:07:36 | INFO | [ff8e9db401a446e9ad9224f6488007b2] | app.api.v1.api_definitions | [ff8e9db401a446e9ad9224f6488007b2] 获取 Mock 地址: definition_id=647, user=admin
2026-02-04 18:07:57 | INFO | [d40ded11a6b6403b870a9577bb45b335] | app.api.v1.api_definitions | [d40ded11a6b6403b870a9577bb45b335] 获取 Mock 地址: definition_id=629, user=admin
2026-02-04 18:08:10 | INFO | [61dbe80a28884b2c908a99169a045696] | app.api.v1.api_definitions | [61dbe80a28884b2c908a99169a045696] 查询 API 定义列表: skip=80, limit=20, user=admin, project_id=1, version_id=1
2026-02-04 18:08:17 | INFO | [ac6c63a4cc0a4101abc7e8834fa5c1bf] | app.api.v1.api_definitions | [ac6c63a4cc0a4101abc7e8834fa5c1bf] 获取 Mock 地址: definition_id=552, user=admin
2026-02-04 18:08:21 | INFO | [2eaf102970b642299f8dde0bb85cac6b] | app.api.v1.api_definitions | [2eaf102970b642299f8dde0bb85cac6b] 获取 Mock 地址: definition_id=551, user=admin
2026-02-04 18:08:28 | INFO | [3d506773f238485482bd36d6cc8357dd] | app.api.v1.api_definitions | [3d506773f238485482bd36d6cc8357dd] 获取 Mock 地址: definition_id=550, user=admin
2026-02-04 18:08:37 | INFO | [d737e65de95c43bc87cdcc3b65659381] | app.api.v1.api_definitions | [d737e65de95c43bc87cdcc3b65659381] 查询 API 定义列表: skip=640, limit=20, user=admin, project_id=1, version_id=1
2026-02-04 18:08:41 | INFO | [f2960eca4d6a4e178b445e039a191314] | app.api.v1.api_definitions | [f2960eca4d6a4e178b445e039a191314] 获取 Mock 地址: definition_id=5, user=admin
